region,anio,semana,precipitacion_promedio_diario_mm
Antofagasta,2014,1,0.0
Antofagasta,2014,2,0.0
Antofagasta,2014,3,0.0
Antofagasta,2014,4,0.01
Antofagasta,2014,5,0.0
Antofagasta,2014,6,0.0
Antofagasta,2014,7,0.0
Antofagasta,2014,8,0.03
Antofagasta,2014,9,0.0
Antofagasta,2014,10,0.0
Antofagasta,2014,11,0.06
Antofagasta,2014,12,0.0
Antofagasta,2014,13,0.03
Antofagasta,2014,14,0.0
Antofagasta,2014,15,0.01
Antofagasta,2014,16,0.03
Antofagasta,2014,17,0.11
Antofagasta,2014,18,0.27
Antofagasta,2014,19,0.03
Antofagasta,2014,20,0.1
Antofagasta,2014,21,0.46
Antofagasta,2014,22,0.04
Antofagasta,2014,23,0.06
Antofagasta,2014,24,0.0
Antofagasta,2014,25,0.07
Antofagasta,2014,26,0.33
Antofagasta,2014,27,0.24
Antofagasta,2014,28,0.03
Antofagasta,2014,29,0.0
Antofagasta,2014,30,0.04
Antofagasta,2014,31,0.0
Antofagasta,2014,32,0.0
Antofagasta,2014,33,0.0
Antofagasta,2014,34,0.06
Antofagasta,2014,35,0.0
Antofagasta,2014,36,0.01
Antofagasta,2014,37,0.2
Antofagasta,2014,38,0.0
Antofagasta,2014,39,0.06
Antofagasta,2014,40,0.0
Antofagasta,2014,41,0.0
Antofagasta,2014,42,0.0
Antofagasta,2014,43,0.0
Antofagasta,2014,44,0.01
Antofagasta,2014,45,0.0
Antofagasta,2014,46,0.01
Antofagasta,2014,47,0.03
Antofagasta,2014,48,0.0
Antofagasta,2014,49,0.0
Antofagasta,2014,50,0.0
Antofagasta,2014,51,0.03
Antofagasta,2014,52,0.0
Antofagasta,2015,1,0.01
Antofagasta,2015,2,0.0
Antofagasta,2015,3,0.0
Antofagasta,2015,4,0.0
Antofagasta,2015,5,0.0
Antofagasta,2015,6,0.0
Antofagasta,2015,7,0.0
Antofagasta,2015,8,0.03
Antofagasta,2015,9,0.01
Antofagasta,2015,10,0.0
Antofagasta,2015,11,0.0
Antofagasta,2015,12,0.04
Antofagasta,2015,13,1.9
Antofagasta,2015,14,0.1
Antofagasta,2015,15,0.0
Antofagasta,2015,16,0.09
Antofagasta,2015,17,0.1
Antofagasta,2015,18,0.1
Antofagasta,2015,19,0.0
Antofagasta,2015,20,0.01
Antofagasta,2015,21,0.1
Antofagasta,2015,22,0.06
Antofagasta,2015,23,0.0
Antofagasta,2015,24,0.0
Antofagasta,2015,25,0.01
Antofagasta,2015,26,0.01
Antofagasta,2015,27,0.0
Antofagasta,2015,28,0.03
Antofagasta,2015,29,0.19
Antofagasta,2015,30,0.06
Antofagasta,2015,31,0.03
Antofagasta,2015,32,1.23
Antofagasta,2015,33,0.39
Antofagasta,2015,34,0.0
Antofagasta,2015,35,0.0
Antofagasta,2015,36,0.0
Antofagasta,2015,37,0.0
Antofagasta,2015,38,0.01
Antofagasta,2015,39,0.06
Antofagasta,2015,40,0.0
Antofagasta,2015,41,0.0
Antofagasta,2015,42,0.03
Antofagasta,2015,43,0.0
Antofagasta,2015,44,0.01
Antofagasta,2015,45,0.01
Antofagasta,2015,46,0.06
Antofagasta,2015,47,0.0
Antofagasta,2015,48,0.0
Antofagasta,2015,49,0.0
Antofagasta,2015,50,0.01
Antofagasta,2015,51,0.1
Antofagasta,2015,52,0.0
Antofagasta,2015,53,0.01
Antofagasta,2016,1,0.0
Antofagasta,2016,2,0.0
Antofagasta,2016,3,0.03
Antofagasta,2016,4,0.0
Antofagasta,2016,5,0.0
Antofagasta,2016,6,0.0
Antofagasta,2016,7,0.0
Antofagasta,2016,8,0.0
Antofagasta,2016,9,0.01
Antofagasta,2016,10,0.0
Antofagasta,2016,11,0.01
Antofagasta,2016,12,0.04
Antofagasta,2016,13,0.03
Antofagasta,2016,14,0.01
Antofagasta,2016,15,0.0
Antofagasta,2016,16,0.27
Antofagasta,2016,17,0.0
Antofagasta,2016,18,0.06
Antofagasta,2016,19,0.06
Antofagasta,2016,20,0.01
Antofagasta,2016,21,0.0
Antofagasta,2016,22,0.0
Antofagasta,2016,23,0.0
Antofagasta,2016,24,0.0
Antofagasta,2016,25,0.49
Antofagasta,2016,26,0.03
Antofagasta,2016,27,0.0
Antofagasta,2016,28,0.11
Antofagasta,2016,29,0.04
Antofagasta,2016,30,0.04
Antofagasta,2016,31,0.03
Antofagasta,2016,32,0.06
Antofagasta,2016,33,0.0
Antofagasta,2016,34,0.04
Antofagasta,2016,35,0.0
Antofagasta,2016,36,0.0
Antofagasta,2016,37,0.09
Antofagasta,2016,38,0.0
Antofagasta,2016,39,0.0
Antofagasta,2016,40,0.0
Antofagasta,2016,41,0.0
Antofagasta,2016,42,0.06
Antofagasta,2016,43,0.0
Antofagasta,2016,44,0.0
Antofagasta,2016,45,0.0
Antofagasta,2016,46,0.0
Antofagasta,2016,47,0.0
Antofagasta,2016,48,0.06
Antofagasta,2016,49,0.0
Antofagasta,2016,50,0.03
Antofagasta,2016,51,0.0
Antofagasta,2016,52,0.0
Antofagasta,2017,1,0.0
Antofagasta,2017,2,0.0
Antofagasta,2017,3,0.0
Antofagasta,2017,4,0.0
Antofagasta,2017,5,0.03
Antofagasta,2017,6,0.0
Antofagasta,2017,7,0.0
Antofagasta,2017,8,0.09
Antofagasta,2017,9,0.0
Antofagasta,2017,10,0.0
Antofagasta,2017,11,0.04
Antofagasta,2017,12,0.0
Antofagasta,2017,13,0.0
Antofagasta,2017,14,0.01
Antofagasta,2017,15,0.01
Antofagasta,2017,16,0.0
Antofagasta,2017,17,0.0
Antofagasta,2017,18,0.0
Antofagasta,2017,19,0.01
Antofagasta,2017,20,0.0
Antofagasta,2017,21,0.07
Antofagasta,2017,22,0.01
Antofagasta,2017,23,1.91
Antofagasta,2017,24,0.03
Antofagasta,2017,25,0.03
Antofagasta,2017,26,0.04
Antofagasta,2017,27,0.0
Antofagasta,2017,28,0.0
Antofagasta,2017,29,0.0
Antofagasta,2017,30,0.04
Antofagasta,2017,31,0.0
Antofagasta,2017,32,0.1
Antofagasta,2017,33,0.0
Antofagasta,2017,34,0.0
Antofagasta,2017,35,0.06
Antofagasta,2017,36,0.03
Antofagasta,2017,37,0.03
Antofagasta,2017,38,0.0
Antofagasta,2017,39,0.03
Antofagasta,2017,40,0.03
Antofagasta,2017,41,0.03
Antofagasta,2017,42,0.01
Antofagasta,2017,43,0.0
Antofagasta,2017,44,0.0
Antofagasta,2017,45,0.0
Antofagasta,2017,46,0.0
Antofagasta,2017,47,0.01
Antofagasta,2017,48,0.0
Antofagasta,2017,49,0.0
Antofagasta,2017,50,0.0
Antofagasta,2017,51,0.0
Antofagasta,2017,52,0.0
Antofagasta,2018,1,0.0
Antofagasta,2018,2,0.0
Antofagasta,2018,3,0.0
Antofagasta,2018,4,0.0
Antofagasta,2018,5,0.03
Antofagasta,2018,6,0.0
Antofagasta,2018,7,0.0
Antofagasta,2018,8,0.0
Antofagasta,2018,9,0.0
Antofagasta,2018,10,0.0
Antofagasta,2018,11,0.0
Antofagasta,2018,12,0.0
Antofagasta,2018,13,0.07
Antofagasta,2018,14,0.0
Antofagasta,2018,15,0.0
Antofagasta,2018,16,0.0
Antofagasta,2018,17,0.01
Antofagasta,2018,18,0.01
Antofagasta,2018,19,0.01
Antofagasta,2018,20,0.0
Antofagasta,2018,21,0.0
Antofagasta,2018,22,0.03
Antofagasta,2018,23,0.0
Antofagasta,2018,24,0.0
Antofagasta,2018,25,0.03
Antofagasta,2018,26,0.04
Antofagasta,2018,27,0.0
Antofagasta,2018,28,0.0
Antofagasta,2018,29,0.17
Antofagasta,2018,30,0.09
Antofagasta,2018,31,0.01
Antofagasta,2018,32,0.04
Antofagasta,2018,33,0.09
Antofagasta,2018,34,0.1
Antofagasta,2018,35,0.04
Antofagasta,2018,36,0.01
Antofagasta,2018,37,0.0
Antofagasta,2018,38,0.03
Antofagasta,2018,39,0.04
Antofagasta,2018,40,0.01
Antofagasta,2018,41,0.14
Antofagasta,2018,42,0.07
Antofagasta,2018,43,0.04
Antofagasta,2018,44,0.03
Antofagasta,2018,45,0.0
Antofagasta,2018,46,0.01
Antofagasta,2018,47,0.0
Antofagasta,2018,48,0.0
Antofagasta,2018,49,0.01
Antofagasta,2018,50,0.1
Antofagasta,2018,51,0.04
Antofagasta,2018,52,0.0
Antofagasta,2019,1,0.04
Antofagasta,2019,2,0.0
Antofagasta,2019,3,0.01
Antofagasta,2019,4,0.0
Antofagasta,2019,5,0.03
Antofagasta,2019,6,0.21
Antofagasta,2019,7,0.0
Antofagasta,2019,8,0.0
Antofagasta,2019,9,0.0
Antofagasta,2019,10,0.0
Antofagasta,2019,11,0.0
Antofagasta,2019,12,0.0
Antofagasta,2019,13,0.03
Antofagasta,2019,14,0.0
Antofagasta,2019,15,0.0
Antofagasta,2019,16,0.0
Antofagasta,2019,17,0.01
Antofagasta,2019,18,0.01
Antofagasta,2019,19,0.03
Antofagasta,2019,20,0.0
Antofagasta,2019,21,0.07
Antofagasta,2019,22,0.0
Antofagasta,2019,23,0.0
Antofagasta,2019,24,0.0
Antofagasta,2019,25,0.07
Antofagasta,2019,26,0.01
Antofagasta,2019,27,0.07
Antofagasta,2019,28,0.16
Antofagasta,2019,29,0.01
Antofagasta,2019,30,0.1
Antofagasta,2019,31,0.0
Antofagasta,2019,32,0.0
Antofagasta,2019,33,0.03
Antofagasta,2019,34,0.03
Antofagasta,2019,35,0.0
Antofagasta,2019,36,0.06
Antofagasta,2019,37,0.04
Antofagasta,2019,38,0.01
Antofagasta,2019,39,0.0
Antofagasta,2019,40,0.03
Antofagasta,2019,41,0.11
Antofagasta,2019,42,0.03
Antofagasta,2019,43,0.1
Antofagasta,2019,44,0.04
Antofagasta,2019,45,0.11
Antofagasta,2019,46,0.01
Antofagasta,2019,47,0.19
Antofagasta,2019,48,0.04
Antofagasta,2019,49,0.01
Antofagasta,2019,50,0.0
Antofagasta,2019,51,0.03
Antofagasta,2019,52,0.0
Antofagasta,2020,1,0.0
Antofagasta,2020,2,0.0
Antofagasta,2020,3,0.01
Antofagasta,2020,4,0.01
Antofagasta,2020,5,0.06
Antofagasta,2020,6,0.0
Antofagasta,2020,7,0.0
Antofagasta,2020,8,0.0
Antofagasta,2020,9,0.0
Antofagasta,2020,10,0.0
Antofagasta,2020,11,0.0
Antofagasta,2020,12,0.0
Antofagasta,2020,13,0.0
Antofagasta,2020,14,0.06
Antofagasta,2020,15,0.0
Antofagasta,2020,16,0.03
Antofagasta,2020,17,0.06
Antofagasta,2020,18,0.06
Antofagasta,2020,19,0.03
Antofagasta,2020,20,0.0
Antofagasta,2020,21,0.0
Antofagasta,2020,22,0.01
Antofagasta,2020,23,0.01
Antofagasta,2020,24,0.17
Antofagasta,2020,25,0.0
Antofagasta,2020,26,0.03
Antofagasta,2020,27,0.03
Antofagasta,2020,28,0.26
Antofagasta,2020,29,0.04
Antofagasta,2020,30,0.03
Antofagasta,2020,31,0.0
Antofagasta,2020,32,0.0
Antofagasta,2020,33,0.0
Antofagasta,2020,34,0.03
Antofagasta,2020,35,0.13
Antofagasta,2020,36,0.0
Antofagasta,2020,37,0.11
Antofagasta,2020,38,0.0
Antofagasta,2020,39,0.07
Antofagasta,2020,40,0.01
Antofagasta,2020,41,0.0
Antofagasta,2020,42,0.0
Antofagasta,2020,43,0.03
Antofagasta,2020,44,0.01
Antofagasta,2020,45,0.04
Antofagasta,2020,46,0.1
Antofagasta,2020,47,0.0
Antofagasta,2020,48,0.0
Antofagasta,2020,49,0.01
Antofagasta,2020,50,0.0
Antofagasta,2020,51,0.0
Antofagasta,2020,52,0.01
Antofagasta,2020,53,0.0
Antofagasta,2021,1,0.0
Antofagasta,2021,2,0.03
Antofagasta,2021,3,0.0
Antofagasta,2021,4,0.0
Antofagasta,2021,5,0.0
Antofagasta,2021,6,0.0
Antofagasta,2021,7,0.0
Antofagasta,2021,8,0.0
Antofagasta,2021,9,0.0
Antofagasta,2021,10,0.0
Antofagasta,2021,11,0.0
Antofagasta,2021,12,0.0
Antofagasta,2021,13,0.0
Antofagasta,2021,14,0.06
Antofagasta,2021,15,0.0
Antofagasta,2021,16,0.04
Antofagasta,2021,17,0.0
Antofagasta,2021,18,0.0
Antofagasta,2021,19,0.01
Antofagasta,2021,20,0.06
Antofagasta,2021,21,0.0
Antofagasta,2021,22,0.0
Antofagasta,2021,23,0.0
Antofagasta,2021,24,0.1
Antofagasta,2021,25,0.2
Antofagasta,2021,26,0.01
Antofagasta,2021,27,0.01
Antofagasta,2021,28,0.0
Antofagasta,2021,29,0.01
Antofagasta,2021,30,0.06
Antofagasta,2021,31,0.0
Antofagasta,2021,32,0.03
Antofagasta,2021,33,0.06
Antofagasta,2021,34,0.01
Antofagasta,2021,35,0.11
Antofagasta,2021,36,0.03
Antofagasta,2021,37,0.11
Antofagasta,2021,38,0.01
Antofagasta,2021,39,0.03
Antofagasta,2021,40,0.06
Antofagasta,2021,41,0.1
Antofagasta,2021,42,0.09
Antofagasta,2021,43,0.03
Antofagasta,2021,44,0.34
Antofagasta,2021,45,0.11
Antofagasta,2021,46,0.09
Antofagasta,2021,47,0.03
Antofagasta,2021,48,0.01
Antofagasta,2021,49,0.0
Antofagasta,2021,50,0.0
Antofagasta,2021,51,0.16
Antofagasta,2021,52,0.0
Antofagasta,2022,1,0.0
Antofagasta,2022,2,0.01
Antofagasta,2022,3,0.03
Antofagasta,2022,4,0.01
Antofagasta,2022,5,0.0
Antofagasta,2022,6,0.06
Antofagasta,2022,7,0.0
Antofagasta,2022,8,0.0
Antofagasta,2022,9,0.0
Antofagasta,2022,10,0.0
Antofagasta,2022,11,0.36
Antofagasta,2022,12,0.0
Antofagasta,2022,13,0.01
Antofagasta,2022,14,0.0
Antofagasta,2022,15,0.0
Antofagasta,2022,16,0.0
Antofagasta,2022,17,0.06
Antofagasta,2022,18,0.16
Antofagasta,2022,19,0.07
Antofagasta,2022,20,0.0
Antofagasta,2022,21,0.01
Antofagasta,2022,22,0.34
Antofagasta,2022,23,0.0
Antofagasta,2022,24,0.03
Antofagasta,2022,25,0.0
Antofagasta,2022,26,0.17
Antofagasta,2022,27,0.03
Antofagasta,2022,28,0.09
Antofagasta,2022,29,0.0
Antofagasta,2022,30,0.01
Antofagasta,2022,31,0.06
Antofagasta,2022,32,0.01
Antofagasta,2022,33,0.04
Antofagasta,2022,34,0.0
Antofagasta,2022,35,0.06
Antofagasta,2022,36,0.14
Antofagasta,2022,37,0.0
Antofagasta,2022,38,0.03
Antofagasta,2022,39,0.0
Antofagasta,2022,40,0.1
Antofagasta,2022,41,0.01
Antofagasta,2022,42,0.09
Antofagasta,2022,43,0.0
Antofagasta,2022,44,0.0
Antofagasta,2022,45,0.0
Antofagasta,2022,46,0.11
Antofagasta,2022,47,0.0
Antofagasta,2022,48,0.04
Antofagasta,2022,49,0.0
Antofagasta,2022,50,0.0
Antofagasta,2022,51,0.06
Antofagasta,2022,52,0.0
Antofagasta,2023,1,0.0
Antofagasta,2023,2,0.03
Antofagasta,2023,3,0.0
Antofagasta,2023,4,0.0
Antofagasta,2023,5,0.0
Antofagasta,2023,6,0.0
Antofagasta,2023,7,0.0
Antofagasta,2023,8,0.0
Antofagasta,2023,9,0.01
Antofagasta,2023,10,0.0
Antofagasta,2023,11,0.0
Antofagasta,2023,12,0.0
Antofagasta,2023,13,0.0
Antofagasta,2023,14,0.03
Antofagasta,2023,15,0.06
Antofagasta,2023,16,0.0
Antofagasta,2023,17,0.01
Antofagasta,2023,18,0.06
Antofagasta,2023,19,0.0
Antofagasta,2023,20,0.04
Antofagasta,2023,21,0.09
Antofagasta,2023,22,0.04
Antofagasta,2023,23,0.04
Antofagasta,2023,24,0.04
Antofagasta,2023,25,0.04
Antofagasta,2023,26,0.0
Antofagasta,2023,27,0.0
Antofagasta,2023,28,0.0
Antofagasta,2023,29,0.0
Antofagasta,2023,30,0.09
Antofagasta,2023,31,0.04
Antofagasta,2023,32,0.0
Antofagasta,2023,33,0.0
Antofagasta,2023,34,0.0
Antofagasta,2023,35,0.0
Antofagasta,2023,36,0.0
Antofagasta,2023,37,0.09
Antofagasta,2023,38,0.01
Antofagasta,2023,39,0.0
Antofagasta,2023,40,0.0
Antofagasta,2023,41,0.0
Antofagasta,2023,42,0.0
Antofagasta,2023,43,0.0
Antofagasta,2023,44,0.0
Antofagasta,2023,45,0.01
Antofagasta,2023,46,0.0
Antofagasta,2023,47,0.01
Antofagasta,2023,48,0.0
Antofagasta,2023,49,0.0
Antofagasta,2023,50,0.0
Antofagasta,2023,51,0.0
Antofagasta,2023,52,0.0
Antofagasta,2024,1,0.01
Antofagasta,2024,2,0.03
Antofagasta,2024,3,0.0
Antofagasta,2024,4,0.0
Antofagasta,2024,5,0.0
Antofagasta,2024,6,0.0
Antofagasta,2024,7,0.0
Antofagasta,2024,8,0.01
Antofagasta,2024,9,0.0
Antofagasta,2024,10,0.0
Antofagasta,2024,11,0.0
Antofagasta,2024,12,0.0
Antofagasta,2024,13,0.0
Antofagasta,2024,14,0.01
Antofagasta,2024,15,0.16
Antofagasta,2024,16,0.1
Antofagasta,2024,17,0.0
Antofagasta,2024,18,0.0
Antofagasta,2024,19,0.0
Antofagasta,2024,20,0.0
Antofagasta,2024,21,0.0
Antofagasta,2024,22,0.0
Antofagasta,2024,23,0.01
Antofagasta,2024,24,0.0
Antofagasta,2024,25,0.01
Antofagasta,2024,26,0.0
Antofagasta,2024,27,0.0
Antofagasta,2024,28,0.0
Antofagasta,2024,29,0.0
Antofagasta,2024,30,0.0
Antofagasta,2024,31,0.03
Antofagasta,2024,32,0.0
Antofagasta,2024,33,0.0
Antofagasta,2024,34,0.0
Antofagasta,2024,35,0.0
Antofagasta,2024,36,0.0
Antofagasta,2024,37,0.01
Antofagasta,2024,38,0.06
Antofagasta,2024,39,0.0
Antofagasta,2024,40,0.0
Antofagasta,2024,41,0.0
Antofagasta,2024,42,0.0
Antofagasta,2024,43,0.0
Antofagasta,2024,44,0.01
Antofagasta,2024,45,0.01
Antofagasta,2024,46,0.0
Antofagasta,2024,47,0.01
Antofagasta,2024,48,0.0
Antofagasta,2024,49,0.0
Antofagasta,2024,50,0.0
Antofagasta,2024,51,0.0
Antofagasta,2024,52,0.0
Antofagasta,2025,1,0.0
Antofagasta,2025,2,0.09
Antofagasta,2025,3,0.0
Antofagasta,2025,4,0.0
Antofagasta,2025,5,0.0
Antofagasta,2025,6,0.0
Antofagasta,2025,7,0.0
Antofagasta,2025,8,0.0
Antofagasta,2025,9,0.0
Antofagasta,2025,10,0.0
Antofagasta,2025,11,0.0
Antofagasta,2025,12,0.0
Antofagasta,2025,13,0.0
Antofagasta,2025,14,0.0
Antofagasta,2025,15,0.0
Antofagasta,2025,16,0.0
Antofagasta,2025,17,0.27
Antofagasta,2025,18,0.0
Antofagasta,2025,19,0.0
Antofagasta,2025,20,0.0
Antofagasta,2025,21,0.0
Antofagasta,2025,22,0.0
Antofagasta,2025,23,0.04
Antofagasta,2025,24,0.03
Antofagasta,2025,25,0.0
Antofagasta,2025,26,0.09
Antofagasta,2025,27,0.0
Antofagasta,2025,28,0.0
Antofagasta,2025,29,0.0
Antofagasta,2025,30,0.09
Antofagasta,2025,31,0.0
Antofagasta,2025,32,0.0
Antofagasta,2025,33,0.0
Antofagasta,2025,34,0.03
Antofagasta,2025,35,0.0
Antofagasta,2025,36,0.71
Antofagasta,2025,37,0.0
Antofagasta,2025,38,0.0
Antofagasta,2025,39,0.0
Antofagasta,2025,40,0.0
Antofagasta,2025,41,0.01
Antofagasta,2025,42,0.0
Antofagasta,2025,43,0.03
Antofagasta,2025,44,0.0
Antofagasta,2025,45,0.03
Antofagasta,2025,46,0.01
Antofagasta,2025,47,0.04
Antofagasta,2025,48,0.01
Antofagasta,2025,49,0.01
Antofagasta,2025,50,0.01
Antofagasta,2025,51,0.0
Antofagasta,2025,52,0.0
Antofagasta,2026,1,0.0
Antofagasta,2026,2,0.0
Antofagasta,2026,3,0.0
Antofagasta,2026,4,0.0
Antofagasta,2026,5,0.0
Antofagasta,2026,6,0.0
Antofagasta,2026,7,0.0
Antofagasta,2026,8,0.0
Antofagasta,2026,9,0.0
Antofagasta,2026,10,0.0
Antofagasta,2026,11,0.0
Antofagasta,2026,12,0.0
Antofagasta,2026,13,0.0
Antofagasta,2026,14,0.0
Antofagasta,2026,15,0.0
Antofagasta,2026,16,0.0
Antofagasta,2026,17,0.0
Antofagasta,2026,18,0.0
Antofagasta,2026,19,0.0
Antofagasta,2026,20,0.07
Antofagasta,2026,21,0.04
Antofagasta,2026,22,0.07
Antofagasta,2026,23,0.06
Antofagasta,2026,24,0.2
Antofagasta,2026,25,0.3
Arica y Parinacota,2014,1,0.58
Arica y Parinacota,2014,2,0.09
Arica y Parinacota,2014,3,0.03
Arica y Parinacota,2014,4,0.01
Arica y Parinacota,2014,5,0.0
Arica y Parinacota,2014,6,0.0
Arica y Parinacota,2014,7,0.0
Arica y Parinacota,2014,8,0.0
Arica y Parinacota,2014,9,0.0
Arica y Parinacota,2014,10,0.0
Arica y Parinacota,2014,11,0.0
Arica y Parinacota,2014,12,0.01
Arica y Parinacota,2014,13,0.11
Arica y Parinacota,2014,14,0.11
Arica y Parinacota,2014,15,0.16
Arica y Parinacota,2014,16,0.04
Arica y Parinacota,2014,17,0.61
Arica y Parinacota,2014,18,0.5
Arica y Parinacota,2014,19,1.01
Arica y Parinacota,2014,20,1.34
Arica y Parinacota,2014,21,1.91
Arica y Parinacota,2014,22,0.86
Arica y Parinacota,2014,23,2.09
Arica y Parinacota,2014,24,1.06
Arica y Parinacota,2014,25,0.56
Arica y Parinacota,2014,26,2.4
Arica y Parinacota,2014,27,1.8
Arica y Parinacota,2014,28,0.64
Arica y Parinacota,2014,29,0.33
Arica y Parinacota,2014,30,1.26
Arica y Parinacota,2014,31,0.33
Arica y Parinacota,2014,32,0.46
Arica y Parinacota,2014,33,0.47
Arica y Parinacota,2014,34,0.56
Arica y Parinacota,2014,35,0.27
Arica y Parinacota,2014,36,0.29
Arica y Parinacota,2014,37,0.67
Arica y Parinacota,2014,38,0.51
Arica y Parinacota,2014,39,0.8
Arica y Parinacota,2014,40,0.67
Arica y Parinacota,2014,41,0.47
Arica y Parinacota,2014,42,0.14
Arica y Parinacota,2014,43,0.11
Arica y Parinacota,2014,44,0.11
Arica y Parinacota,2014,45,0.07
Arica y Parinacota,2014,46,0.06
Arica y Parinacota,2014,47,0.11
Arica y Parinacota,2014,48,0.33
Arica y Parinacota,2014,49,0.19
Arica y Parinacota,2014,50,0.03
Arica y Parinacota,2014,51,0.09
Arica y Parinacota,2014,52,0.09
Arica y Parinacota,2015,1,0.07
Arica y Parinacota,2015,2,0.1
Arica y Parinacota,2015,3,0.31
Arica y Parinacota,2015,4,0.03
Arica y Parinacota,2015,5,0.4
Arica y Parinacota,2015,6,0.64
Arica y Parinacota,2015,7,0.43
Arica y Parinacota,2015,8,0.21
Arica y Parinacota,2015,9,0.06
Arica y Parinacota,2015,10,0.11
Arica y Parinacota,2015,11,0.0
Arica y Parinacota,2015,12,1.77
Arica y Parinacota,2015,13,0.77
Arica y Parinacota,2015,14,0.03
Arica y Parinacota,2015,15,0.0
Arica y Parinacota,2015,16,0.06
Arica y Parinacota,2015,17,0.26
Arica y Parinacota,2015,18,0.07
Arica y Parinacota,2015,19,0.89
Arica y Parinacota,2015,20,1.54
Arica y Parinacota,2015,21,1.21
Arica y Parinacota,2015,22,1.36
Arica y Parinacota,2015,23,0.86
Arica y Parinacota,2015,24,0.5
Arica y Parinacota,2015,25,0.93
Arica y Parinacota,2015,26,0.44
Arica y Parinacota,2015,27,0.96
Arica y Parinacota,2015,28,1.46
Arica y Parinacota,2015,29,1.87
Arica y Parinacota,2015,30,0.54
Arica y Parinacota,2015,31,0.53
Arica y Parinacota,2015,32,0.63
Arica y Parinacota,2015,33,1.5
Arica y Parinacota,2015,34,0.4
Arica y Parinacota,2015,35,0.26
Arica y Parinacota,2015,36,0.3
Arica y Parinacota,2015,37,0.71
Arica y Parinacota,2015,38,0.16
Arica y Parinacota,2015,39,0.49
Arica y Parinacota,2015,40,0.1
Arica y Parinacota,2015,41,1.13
Arica y Parinacota,2015,42,0.27
Arica y Parinacota,2015,43,0.33
Arica y Parinacota,2015,44,0.39
Arica y Parinacota,2015,45,0.24
Arica y Parinacota,2015,46,0.39
Arica y Parinacota,2015,47,0.19
Arica y Parinacota,2015,48,0.33
Arica y Parinacota,2015,49,0.47
Arica y Parinacota,2015,50,0.36
Arica y Parinacota,2015,51,0.34
Arica y Parinacota,2015,52,0.13
Arica y Parinacota,2015,53,0.26
Arica y Parinacota,2016,1,0.01
Arica y Parinacota,2016,2,0.11
Arica y Parinacota,2016,3,0.13
Arica y Parinacota,2016,4,0.11
Arica y Parinacota,2016,5,0.49
Arica y Parinacota,2016,6,0.06
Arica y Parinacota,2016,7,0.01
Arica y Parinacota,2016,8,1.54
Arica y Parinacota,2016,9,0.06
Arica y Parinacota,2016,10,0.0
Arica y Parinacota,2016,11,0.01
Arica y Parinacota,2016,12,0.0
Arica y Parinacota,2016,13,0.01
Arica y Parinacota,2016,14,0.07
Arica y Parinacota,2016,15,0.2
Arica y Parinacota,2016,16,1.14
Arica y Parinacota,2016,17,0.41
Arica y Parinacota,2016,18,0.29
Arica y Parinacota,2016,19,0.6
Arica y Parinacota,2016,20,1.09
Arica y Parinacota,2016,21,0.93
Arica y Parinacota,2016,22,0.63
Arica y Parinacota,2016,23,0.71
Arica y Parinacota,2016,24,0.81
Arica y Parinacota,2016,25,1.73
Arica y Parinacota,2016,26,1.06
Arica y Parinacota,2016,27,1.56
Arica y Parinacota,2016,28,1.19
Arica y Parinacota,2016,29,0.36
Arica y Parinacota,2016,30,0.36
Arica y Parinacota,2016,31,0.77
Arica y Parinacota,2016,32,0.4
Arica y Parinacota,2016,33,0.27
Arica y Parinacota,2016,34,0.41
Arica y Parinacota,2016,35,0.57
Arica y Parinacota,2016,36,0.33
Arica y Parinacota,2016,37,0.14
Arica y Parinacota,2016,38,0.4
Arica y Parinacota,2016,39,0.31
Arica y Parinacota,2016,40,0.07
Arica y Parinacota,2016,41,0.17
Arica y Parinacota,2016,42,0.71
Arica y Parinacota,2016,43,0.06
Arica y Parinacota,2016,44,0.2
Arica y Parinacota,2016,45,0.04
Arica y Parinacota,2016,46,0.09
Arica y Parinacota,2016,47,0.1
Arica y Parinacota,2016,48,0.14
Arica y Parinacota,2016,49,0.09
Arica y Parinacota,2016,50,0.04
Arica y Parinacota,2016,51,0.09
Arica y Parinacota,2016,52,0.37
Arica y Parinacota,2017,1,0.09
Arica y Parinacota,2017,2,0.7
Arica y Parinacota,2017,3,0.09
Arica y Parinacota,2017,4,0.19
Arica y Parinacota,2017,5,0.0
Arica y Parinacota,2017,6,0.0
Arica y Parinacota,2017,7,0.0
Arica y Parinacota,2017,8,0.26
Arica y Parinacota,2017,9,0.0
Arica y Parinacota,2017,10,0.14
Arica y Parinacota,2017,11,0.0
Arica y Parinacota,2017,12,0.0
Arica y Parinacota,2017,13,0.34
Arica y Parinacota,2017,14,0.0
Arica y Parinacota,2017,15,0.0
Arica y Parinacota,2017,16,0.0
Arica y Parinacota,2017,17,0.0
Arica y Parinacota,2017,18,0.0
Arica y Parinacota,2017,19,0.0
Arica y Parinacota,2017,20,0.0
Arica y Parinacota,2017,21,0.16
Arica y Parinacota,2017,22,0.0
Arica y Parinacota,2017,23,0.29
Arica y Parinacota,2017,24,0.03
Arica y Parinacota,2017,25,0.0
Arica y Parinacota,2017,26,0.03
Arica y Parinacota,2017,27,0.0
Arica y Parinacota,2017,28,0.01
Arica y Parinacota,2017,29,0.03
Arica y Parinacota,2017,30,0.0
Arica y Parinacota,2017,31,0.0
Arica y Parinacota,2017,32,0.0
Arica y Parinacota,2017,33,0.0
Arica y Parinacota,2017,34,0.04
Arica y Parinacota,2017,35,0.01
Arica y Parinacota,2017,36,0.0
Arica y Parinacota,2017,37,0.03
Arica y Parinacota,2017,38,0.0
Arica y Parinacota,2017,39,0.0
Arica y Parinacota,2017,40,0.0
Arica y Parinacota,2017,41,0.03
Arica y Parinacota,2017,42,0.0
Arica y Parinacota,2017,43,0.0
Arica y Parinacota,2017,44,0.0
Arica y Parinacota,2017,45,0.0
Arica y Parinacota,2017,46,0.0
Arica y Parinacota,2017,47,0.0
Arica y Parinacota,2017,48,0.0
Arica y Parinacota,2017,49,0.0
Arica y Parinacota,2017,50,0.0
Arica y Parinacota,2017,51,0.0
Arica y Parinacota,2017,52,0.11
Arica y Parinacota,2018,1,0.0
Arica y Parinacota,2018,2,0.41
Arica y Parinacota,2018,3,0.0
Arica y Parinacota,2018,4,0.0
Arica y Parinacota,2018,5,0.0
Arica y Parinacota,2018,6,0.01
Arica y Parinacota,2018,7,1.17
Arica y Parinacota,2018,8,0.01
Arica y Parinacota,2018,9,0.0
Arica y Parinacota,2018,10,0.0
Arica y Parinacota,2018,11,0.01
Arica y Parinacota,2018,12,0.07
Arica y Parinacota,2018,13,0.0
Arica y Parinacota,2018,14,0.0
Arica y Parinacota,2018,15,0.0
Arica y Parinacota,2018,16,0.0
Arica y Parinacota,2018,17,0.1
Arica y Parinacota,2018,18,0.0
Arica y Parinacota,2018,19,0.0
Arica y Parinacota,2018,20,0.01
Arica y Parinacota,2018,21,0.0
Arica y Parinacota,2018,22,0.0
Arica y Parinacota,2018,23,0.11
Arica y Parinacota,2018,24,0.0
Arica y Parinacota,2018,25,0.03
Arica y Parinacota,2018,26,0.0
Arica y Parinacota,2018,27,0.0
Arica y Parinacota,2018,28,0.0
Arica y Parinacota,2018,29,0.97
Arica y Parinacota,2018,30,0.01
Arica y Parinacota,2018,31,0.23
Arica y Parinacota,2018,32,0.0
Arica y Parinacota,2018,33,0.0
Arica y Parinacota,2018,34,0.0
Arica y Parinacota,2018,35,0.0
Arica y Parinacota,2018,36,0.0
Arica y Parinacota,2018,37,0.0
Arica y Parinacota,2018,38,0.0
Arica y Parinacota,2018,39,0.0
Arica y Parinacota,2018,40,0.0
Arica y Parinacota,2018,41,0.11
Arica y Parinacota,2018,42,0.0
Arica y Parinacota,2018,43,0.0
Arica y Parinacota,2018,44,0.0
Arica y Parinacota,2018,45,0.0
Arica y Parinacota,2018,46,0.0
Arica y Parinacota,2018,47,0.0
Arica y Parinacota,2018,48,0.0
Arica y Parinacota,2018,49,0.0
Arica y Parinacota,2018,50,0.06
Arica y Parinacota,2018,51,0.0
Arica y Parinacota,2018,52,0.0
Arica y Parinacota,2019,1,0.17
Arica y Parinacota,2019,2,0.03
Arica y Parinacota,2019,3,0.2
Arica y Parinacota,2019,4,0.11
Arica y Parinacota,2019,5,0.13
Arica y Parinacota,2019,6,2.57
Arica y Parinacota,2019,7,0.09
Arica y Parinacota,2019,8,0.0
Arica y Parinacota,2019,9,0.0
Arica y Parinacota,2019,10,0.0
Arica y Parinacota,2019,11,0.0
Arica y Parinacota,2019,12,0.0
Arica y Parinacota,2019,13,0.0
Arica y Parinacota,2019,14,0.06
Arica y Parinacota,2019,15,0.0
Arica y Parinacota,2019,16,0.0
Arica y Parinacota,2019,17,0.0
Arica y Parinacota,2019,18,0.0
Arica y Parinacota,2019,19,0.0
Arica y Parinacota,2019,20,0.0
Arica y Parinacota,2019,21,0.0
Arica y Parinacota,2019,22,0.0
Arica y Parinacota,2019,23,0.0
Arica y Parinacota,2019,24,0.0
Arica y Parinacota,2019,25,0.03
Arica y Parinacota,2019,26,0.0
Arica y Parinacota,2019,27,0.19
Arica y Parinacota,2019,28,0.04
Arica y Parinacota,2019,29,0.0
Arica y Parinacota,2019,30,1.14
Arica y Parinacota,2019,31,0.07
Arica y Parinacota,2019,32,0.21
Arica y Parinacota,2019,33,0.01
Arica y Parinacota,2019,34,0.0
Arica y Parinacota,2019,35,0.0
Arica y Parinacota,2019,36,0.1
Arica y Parinacota,2019,37,0.3
Arica y Parinacota,2019,38,0.03
Arica y Parinacota,2019,39,0.0
Arica y Parinacota,2019,40,0.13
Arica y Parinacota,2019,41,0.0
Arica y Parinacota,2019,42,0.03
Arica y Parinacota,2019,43,0.04
Arica y Parinacota,2019,44,0.0
Arica y Parinacota,2019,45,0.0
Arica y Parinacota,2019,46,0.13
Arica y Parinacota,2019,47,0.14
Arica y Parinacota,2019,48,0.0
Arica y Parinacota,2019,49,0.0
Arica y Parinacota,2019,50,0.0
Arica y Parinacota,2019,51,0.0
Arica y Parinacota,2019,52,0.0
Arica y Parinacota,2020,1,0.44
Arica y Parinacota,2020,2,0.03
Arica y Parinacota,2020,3,0.24
Arica y Parinacota,2020,4,0.91
Arica y Parinacota,2020,5,0.21
Arica y Parinacota,2020,6,0.01
Arica y Parinacota,2020,7,0.5
Arica y Parinacota,2020,8,0.59
Arica y Parinacota,2020,9,0.0
Arica y Parinacota,2020,10,0.0
Arica y Parinacota,2020,11,0.16
Arica y Parinacota,2020,12,0.01
Arica y Parinacota,2020,13,0.13
Arica y Parinacota,2020,14,0.03
Arica y Parinacota,2020,15,0.0
Arica y Parinacota,2020,16,0.0
Arica y Parinacota,2020,17,0.0
Arica y Parinacota,2020,18,0.0
Arica y Parinacota,2020,19,0.0
Arica y Parinacota,2020,20,0.0
Arica y Parinacota,2020,21,0.0
Arica y Parinacota,2020,22,0.0
Arica y Parinacota,2020,23,0.13
Arica y Parinacota,2020,24,0.03
Arica y Parinacota,2020,25,0.0
Arica y Parinacota,2020,26,0.0
Arica y Parinacota,2020,27,0.01
Arica y Parinacota,2020,28,0.0
Arica y Parinacota,2020,29,0.0
Arica y Parinacota,2020,30,0.0
Arica y Parinacota,2020,31,0.0
Arica y Parinacota,2020,32,0.03
Arica y Parinacota,2020,33,0.06
Arica y Parinacota,2020,34,0.01
Arica y Parinacota,2020,35,0.03
Arica y Parinacota,2020,36,0.0
Arica y Parinacota,2020,37,0.0
Arica y Parinacota,2020,38,0.06
Arica y Parinacota,2020,39,0.03
Arica y Parinacota,2020,40,0.04
Arica y Parinacota,2020,41,0.0
Arica y Parinacota,2020,42,0.0
Arica y Parinacota,2020,43,0.0
Arica y Parinacota,2020,44,0.01
Arica y Parinacota,2020,45,0.0
Arica y Parinacota,2020,46,0.0
Arica y Parinacota,2020,47,0.0
Arica y Parinacota,2020,48,0.0
Arica y Parinacota,2020,49,0.0
Arica y Parinacota,2020,50,0.0
Arica y Parinacota,2020,51,0.0
Arica y Parinacota,2020,52,0.09
Arica y Parinacota,2020,53,0.7
Arica y Parinacota,2021,1,0.0
Arica y Parinacota,2021,2,0.06
Arica y Parinacota,2021,3,0.01
Arica y Parinacota,2021,4,0.0
Arica y Parinacota,2021,5,0.03
Arica y Parinacota,2021,6,0.0
Arica y Parinacota,2021,7,0.0
Arica y Parinacota,2021,8,0.0
Arica y Parinacota,2021,9,0.0
Arica y Parinacota,2021,10,0.0
Arica y Parinacota,2021,11,0.0
Arica y Parinacota,2021,12,0.06
Arica y Parinacota,2021,13,0.0
Arica y Parinacota,2021,14,0.0
Arica y Parinacota,2021,15,0.0
Arica y Parinacota,2021,16,0.0
Arica y Parinacota,2021,17,0.04
Arica y Parinacota,2021,18,0.0
Arica y Parinacota,2021,19,0.0
Arica y Parinacota,2021,20,0.0
Arica y Parinacota,2021,21,0.0
Arica y Parinacota,2021,22,0.0
Arica y Parinacota,2021,23,0.0
Arica y Parinacota,2021,24,0.04
Arica y Parinacota,2021,25,0.01
Arica y Parinacota,2021,26,0.03
Arica y Parinacota,2021,27,0.0
Arica y Parinacota,2021,28,0.03
Arica y Parinacota,2021,29,0.03
Arica y Parinacota,2021,30,0.0
Arica y Parinacota,2021,31,0.23
Arica y Parinacota,2021,32,0.04
Arica y Parinacota,2021,33,0.04
Arica y Parinacota,2021,34,0.01
Arica y Parinacota,2021,35,0.0
Arica y Parinacota,2021,36,0.01
Arica y Parinacota,2021,37,0.0
Arica y Parinacota,2021,38,0.0
Arica y Parinacota,2021,39,0.0
Arica y Parinacota,2021,40,0.0
Arica y Parinacota,2021,41,0.0
Arica y Parinacota,2021,42,0.09
Arica y Parinacota,2021,43,0.03
Arica y Parinacota,2021,44,0.03
Arica y Parinacota,2021,45,0.0
Arica y Parinacota,2021,46,0.0
Arica y Parinacota,2021,47,0.0
Arica y Parinacota,2021,48,0.0
Arica y Parinacota,2021,49,0.0
Arica y Parinacota,2021,50,0.0
Arica y Parinacota,2021,51,0.11
Arica y Parinacota,2021,52,0.0
Arica y Parinacota,2022,1,0.0
Arica y Parinacota,2022,2,0.19
Arica y Parinacota,2022,3,0.36
Arica y Parinacota,2022,4,0.07
Arica y Parinacota,2022,5,0.0
Arica y Parinacota,2022,6,0.0
Arica y Parinacota,2022,7,0.11
Arica y Parinacota,2022,8,0.0
Arica y Parinacota,2022,9,0.16
Arica y Parinacota,2022,10,0.0
Arica y Parinacota,2022,11,0.0
Arica y Parinacota,2022,12,0.0
Arica y Parinacota,2022,13,0.0
Arica y Parinacota,2022,14,0.0
Arica y Parinacota,2022,15,0.0
Arica y Parinacota,2022,16,0.0
Arica y Parinacota,2022,17,0.0
Arica y Parinacota,2022,18,0.03
Arica y Parinacota,2022,19,0.04
Arica y Parinacota,2022,20,0.03
Arica y Parinacota,2022,21,0.0
Arica y Parinacota,2022,22,0.0
Arica y Parinacota,2022,23,0.2
Arica y Parinacota,2022,24,0.24
Arica y Parinacota,2022,25,0.0
Arica y Parinacota,2022,26,0.01
Arica y Parinacota,2022,27,0.0
Arica y Parinacota,2022,28,0.1
Arica y Parinacota,2022,29,0.07
Arica y Parinacota,2022,30,0.1
Arica y Parinacota,2022,31,0.09
Arica y Parinacota,2022,32,0.03
Arica y Parinacota,2022,33,0.09
Arica y Parinacota,2022,34,0.19
Arica y Parinacota,2022,35,0.09
Arica y Parinacota,2022,36,0.0
Arica y Parinacota,2022,37,0.04
Arica y Parinacota,2022,38,0.0
Arica y Parinacota,2022,39,0.0
Arica y Parinacota,2022,40,0.04
Arica y Parinacota,2022,41,0.0
Arica y Parinacota,2022,42,0.04
Arica y Parinacota,2022,43,0.03
Arica y Parinacota,2022,44,0.01
Arica y Parinacota,2022,45,0.0
Arica y Parinacota,2022,46,0.0
Arica y Parinacota,2022,47,0.01
Arica y Parinacota,2022,48,0.0
Arica y Parinacota,2022,49,0.33
Arica y Parinacota,2022,50,0.01
Arica y Parinacota,2022,51,0.0
Arica y Parinacota,2022,52,0.0
Arica y Parinacota,2023,1,0.0
Arica y Parinacota,2023,2,0.0
Arica y Parinacota,2023,3,0.0
Arica y Parinacota,2023,4,0.01
Arica y Parinacota,2023,5,0.04
Arica y Parinacota,2023,6,0.01
Arica y Parinacota,2023,7,0.0
Arica y Parinacota,2023,8,0.0
Arica y Parinacota,2023,9,0.0
Arica y Parinacota,2023,10,0.0
Arica y Parinacota,2023,11,0.0
Arica y Parinacota,2023,12,0.0
Arica y Parinacota,2023,13,0.01
Arica y Parinacota,2023,14,0.0
Arica y Parinacota,2023,15,0.0
Arica y Parinacota,2023,16,0.0
Arica y Parinacota,2023,17,0.0
Arica y Parinacota,2023,18,0.03
Arica y Parinacota,2023,19,0.23
Arica y Parinacota,2023,20,0.3
Arica y Parinacota,2023,21,0.03
Arica y Parinacota,2023,22,0.06
Arica y Parinacota,2023,23,0.0
Arica y Parinacota,2023,24,0.1
Arica y Parinacota,2023,25,0.03
Arica y Parinacota,2023,26,0.0
Arica y Parinacota,2023,27,0.03
Arica y Parinacota,2023,28,0.1
Arica y Parinacota,2023,29,0.07
Arica y Parinacota,2023,30,0.06
Arica y Parinacota,2023,31,0.06
Arica y Parinacota,2023,32,0.04
Arica y Parinacota,2023,33,0.07
Arica y Parinacota,2023,34,0.0
Arica y Parinacota,2023,35,0.0
Arica y Parinacota,2023,36,0.0
Arica y Parinacota,2023,37,0.01
Arica y Parinacota,2023,38,0.0
Arica y Parinacota,2023,39,0.03
Arica y Parinacota,2023,40,0.01
Arica y Parinacota,2023,41,0.03
Arica y Parinacota,2023,42,0.0
Arica y Parinacota,2023,43,0.0
Arica y Parinacota,2023,44,0.01
Arica y Parinacota,2023,45,0.34
Arica y Parinacota,2023,46,0.01
Arica y Parinacota,2023,47,0.0
Arica y Parinacota,2023,48,0.0
Arica y Parinacota,2023,49,0.0
Arica y Parinacota,2023,50,0.01
Arica y Parinacota,2023,51,0.0
Arica y Parinacota,2023,52,0.03
Arica y Parinacota,2024,1,0.16
Arica y Parinacota,2024,2,0.0
Arica y Parinacota,2024,3,0.07
Arica y Parinacota,2024,4,0.0
Arica y Parinacota,2024,5,0.0
Arica y Parinacota,2024,6,0.0
Arica y Parinacota,2024,7,1.11
Arica y Parinacota,2024,8,0.1
Arica y Parinacota,2024,9,0.4
Arica y Parinacota,2024,10,0.0
Arica y Parinacota,2024,11,0.0
Arica y Parinacota,2024,12,0.0
Arica y Parinacota,2024,13,0.0
Arica y Parinacota,2024,14,0.0
Arica y Parinacota,2024,15,0.0
Arica y Parinacota,2024,16,0.03
Arica y Parinacota,2024,17,0.0
Arica y Parinacota,2024,18,0.16
Arica y Parinacota,2024,19,0.13
Arica y Parinacota,2024,20,0.0
Arica y Parinacota,2024,21,0.07
Arica y Parinacota,2024,22,0.17
Arica y Parinacota,2024,23,0.03
Arica y Parinacota,2024,24,0.09
Arica y Parinacota,2024,25,0.09
Arica y Parinacota,2024,26,0.04
Arica y Parinacota,2024,27,0.03
Arica y Parinacota,2024,28,0.24
Arica y Parinacota,2024,29,0.0
Arica y Parinacota,2024,30,0.26
Arica y Parinacota,2024,31,0.03
Arica y Parinacota,2024,32,0.3
Arica y Parinacota,2024,33,0.04
Arica y Parinacota,2024,34,0.26
Arica y Parinacota,2024,35,0.09
Arica y Parinacota,2024,36,0.01
Arica y Parinacota,2024,37,0.01
Arica y Parinacota,2024,38,0.0
Arica y Parinacota,2024,39,0.0
Arica y Parinacota,2024,40,0.04
Arica y Parinacota,2024,41,0.13
Arica y Parinacota,2024,42,0.0
Arica y Parinacota,2024,43,0.0
Arica y Parinacota,2024,44,0.0
Arica y Parinacota,2024,45,0.01
Arica y Parinacota,2024,46,0.0
Arica y Parinacota,2024,47,0.06
Arica y Parinacota,2024,48,0.0
Arica y Parinacota,2024,49,0.0
Arica y Parinacota,2024,50,0.0
Arica y Parinacota,2024,51,0.0
Arica y Parinacota,2024,52,0.0
Arica y Parinacota,2025,1,0.0
Arica y Parinacota,2025,2,0.0
Arica y Parinacota,2025,3,0.0
Arica y Parinacota,2025,4,0.1
Arica y Parinacota,2025,5,0.0
Arica y Parinacota,2025,6,0.0
Arica y Parinacota,2025,7,0.01
Arica y Parinacota,2025,8,0.14
Arica y Parinacota,2025,9,0.0
Arica y Parinacota,2025,10,0.0
Arica y Parinacota,2025,11,0.0
Arica y Parinacota,2025,12,0.0
Arica y Parinacota,2025,13,0.0
Arica y Parinacota,2025,14,0.0
Arica y Parinacota,2025,15,0.0
Arica y Parinacota,2025,16,0.0
Arica y Parinacota,2025,17,0.0
Arica y Parinacota,2025,18,0.0
Arica y Parinacota,2025,19,0.0
Arica y Parinacota,2025,20,0.03
Arica y Parinacota,2025,21,0.0
Arica y Parinacota,2025,22,0.01
Arica y Parinacota,2025,23,0.24
Arica y Parinacota,2025,24,0.03
Arica y Parinacota,2025,25,0.2
Arica y Parinacota,2025,26,0.4
Arica y Parinacota,2025,27,0.01
Arica y Parinacota,2025,28,0.01
Arica y Parinacota,2025,29,0.09
Arica y Parinacota,2025,30,0.07
Arica y Parinacota,2025,31,0.0
Arica y Parinacota,2025,32,0.0
Arica y Parinacota,2025,33,0.0
Arica y Parinacota,2025,34,0.09
Arica y Parinacota,2025,35,0.07
Arica y Parinacota,2025,36,0.0
Arica y Parinacota,2025,37,0.0
Arica y Parinacota,2025,38,0.01
Arica y Parinacota,2025,39,0.03
Arica y Parinacota,2025,40,0.03
Arica y Parinacota,2025,41,0.0
Arica y Parinacota,2025,42,0.01
Arica y Parinacota,2025,43,0.0
Arica y Parinacota,2025,44,0.0
Arica y Parinacota,2025,45,0.0
Arica y Parinacota,2025,46,0.0
Arica y Parinacota,2025,47,0.0
Arica y Parinacota,2025,48,0.01
Arica y Parinacota,2025,49,0.0
Arica y Parinacota,2025,50,0.0
Arica y Parinacota,2025,51,0.0
Arica y Parinacota,2025,52,0.0
Arica y Parinacota,2026,1,0.0
Arica y Parinacota,2026,2,0.0
Arica y Parinacota,2026,3,0.71
Arica y Parinacota,2026,4,1.71
Arica y Parinacota,2026,5,0.94
Arica y Parinacota,2026,6,0.14
Arica y Parinacota,2026,7,0.0
Arica y Parinacota,2026,8,2.11
Arica y Parinacota,2026,9,0.0
Arica y Parinacota,2026,10,0.0
Arica y Parinacota,2026,11,0.0
Arica y Parinacota,2026,12,0.0
Arica y Parinacota,2026,13,0.09
Arica y Parinacota,2026,14,0.0
Arica y Parinacota,2026,15,0.0
Arica y Parinacota,2026,16,0.0
Arica y Parinacota,2026,17,0.0
Arica y Parinacota,2026,18,0.0
Arica y Parinacota,2026,19,0.0
Arica y Parinacota,2026,20,0.03
Arica y Parinacota,2026,21,0.1
Arica y Parinacota,2026,22,0.03
Arica y Parinacota,2026,23,0.13
Arica y Parinacota,2026,24,0.23
Arica y Parinacota,2026,25,0.0
Atacama,2014,1,0.0
Atacama,2014,2,0.0
Atacama,2014,3,0.0
Atacama,2014,4,0.0
Atacama,2014,5,0.0
Atacama,2014,6,0.0
Atacama,2014,7,0.0
Atacama,2014,8,0.0
Atacama,2014,9,0.0
Atacama,2014,10,0.0
Atacama,2014,11,0.0
Atacama,2014,12,0.0
Atacama,2014,13,0.0
Atacama,2014,14,0.0
Atacama,2014,15,0.0
Atacama,2014,16,0.0
Atacama,2014,17,0.0
Atacama,2014,18,0.0
Atacama,2014,19,0.0
Atacama,2014,20,0.0
Atacama,2014,21,7.57
Atacama,2014,22,0.01
Atacama,2014,23,0.0
Atacama,2014,24,0.0
Atacama,2014,25,0.0
Atacama,2014,26,0.03
Atacama,2014,27,0.14
Atacama,2014,28,0.0
Atacama,2014,29,0.0
Atacama,2014,30,0.03
Atacama,2014,31,0.0
Atacama,2014,32,0.0
Atacama,2014,33,0.0
Atacama,2014,34,0.0
Atacama,2014,35,0.0
Atacama,2014,36,0.0
Atacama,2014,37,1.57
Atacama,2014,38,0.29
Atacama,2014,39,0.0
Atacama,2014,40,0.1
Atacama,2014,41,0.0
Atacama,2014,42,0.0
Atacama,2014,43,0.0
Atacama,2014,44,0.0
Atacama,2014,45,0.0
Atacama,2014,46,0.0
Atacama,2014,47,0.0
Atacama,2014,48,0.0
Atacama,2014,49,0.0
Atacama,2014,50,0.0
Atacama,2014,51,0.0
Atacama,2014,52,0.0
Atacama,2015,1,0.0
Atacama,2015,2,0.0
Atacama,2015,3,0.0
Atacama,2015,4,0.0
Atacama,2015,5,0.0
Atacama,2015,6,0.0
Atacama,2015,7,0.0
Atacama,2015,8,0.07
Atacama,2015,9,0.0
Atacama,2015,10,0.0
Atacama,2015,11,0.0
Atacama,2015,12,0.0
Atacama,2015,13,15.74
Atacama,2015,14,0.0
Atacama,2015,15,0.0
Atacama,2015,16,0.0
Atacama,2015,17,0.0
Atacama,2015,18,0.0
Atacama,2015,19,0.0
Atacama,2015,20,0.0
Atacama,2015,21,0.0
Atacama,2015,22,0.0
Atacama,2015,23,0.0
Atacama,2015,24,0.0
Atacama,2015,25,0.0
Atacama,2015,26,0.0
Atacama,2015,27,0.0
Atacama,2015,28,0.03
Atacama,2015,29,2.81
Atacama,2015,30,0.0
Atacama,2015,31,0.0
Atacama,2015,32,1.36
Atacama,2015,33,0.13
Atacama,2015,34,0.26
Atacama,2015,35,0.0
Atacama,2015,36,0.1
Atacama,2015,37,0.0
Atacama,2015,38,0.0
Atacama,2015,39,0.0
Atacama,2015,40,0.0
Atacama,2015,41,0.0
Atacama,2015,42,0.0
Atacama,2015,43,0.44
Atacama,2015,44,0.0
Atacama,2015,45,0.03
Atacama,2015,46,0.0
Atacama,2015,47,0.0
Atacama,2015,48,0.0
Atacama,2015,49,0.0
Atacama,2015,50,0.0
Atacama,2015,51,0.0
Atacama,2015,52,0.0
Atacama,2015,53,0.0
Atacama,2016,1,0.0
Atacama,2016,2,0.0
Atacama,2016,3,0.0
Atacama,2016,4,0.0
Atacama,2016,5,0.0
Atacama,2016,6,0.0
Atacama,2016,7,0.0
Atacama,2016,8,0.0
Atacama,2016,9,0.0
Atacama,2016,10,0.06
Atacama,2016,11,0.0
Atacama,2016,12,0.0
Atacama,2016,13,0.0
Atacama,2016,14,0.0
Atacama,2016,15,0.0
Atacama,2016,16,0.29
Atacama,2016,17,0.0
Atacama,2016,18,0.0
Atacama,2016,19,0.27
Atacama,2016,20,0.0
Atacama,2016,21,0.3
Atacama,2016,22,0.0
Atacama,2016,23,0.0
Atacama,2016,24,0.0
Atacama,2016,25,1.61
Atacama,2016,26,0.0
Atacama,2016,27,0.0
Atacama,2016,28,0.0
Atacama,2016,29,0.0
Atacama,2016,30,0.0
Atacama,2016,31,0.0
Atacama,2016,32,0.0
Atacama,2016,33,0.0
Atacama,2016,34,0.0
Atacama,2016,35,0.0
Atacama,2016,36,0.0
Atacama,2016,37,0.0
Atacama,2016,38,0.0
Atacama,2016,39,0.0
Atacama,2016,40,0.0
Atacama,2016,41,0.0
Atacama,2016,42,0.0
Atacama,2016,43,0.0
Atacama,2016,44,0.0
Atacama,2016,45,0.0
Atacama,2016,46,0.0
Atacama,2016,47,0.0
Atacama,2016,48,0.0
Atacama,2016,49,0.14
Atacama,2016,50,0.0
Atacama,2016,51,0.0
Atacama,2016,52,0.0
Atacama,2017,1,0.0
Atacama,2017,2,0.0
Atacama,2017,3,0.0
Atacama,2017,4,0.0
Atacama,2017,5,0.0
Atacama,2017,6,0.0
Atacama,2017,7,0.0
Atacama,2017,8,0.0
Atacama,2017,9,0.0
Atacama,2017,10,0.0
Atacama,2017,11,0.07
Atacama,2017,12,0.0
Atacama,2017,13,0.0
Atacama,2017,14,0.0
Atacama,2017,15,0.0
Atacama,2017,16,0.03
Atacama,2017,17,0.0
Atacama,2017,18,0.0
Atacama,2017,19,5.7
Atacama,2017,20,0.09
Atacama,2017,21,0.0
Atacama,2017,22,0.0
Atacama,2017,23,0.39
Atacama,2017,24,0.0
Atacama,2017,25,0.06
Atacama,2017,26,2.1
Atacama,2017,27,0.03
Atacama,2017,28,0.0
Atacama,2017,29,0.09
Atacama,2017,30,0.0
Atacama,2017,31,0.0
Atacama,2017,32,0.6
Atacama,2017,33,0.0
Atacama,2017,34,0.0
Atacama,2017,35,0.0
Atacama,2017,36,0.04
Atacama,2017,37,0.0
Atacama,2017,38,0.0
Atacama,2017,39,0.01
Atacama,2017,40,0.0
Atacama,2017,41,0.0
Atacama,2017,42,0.16
Atacama,2017,43,0.0
Atacama,2017,44,0.0
Atacama,2017,45,0.0
Atacama,2017,46,0.0
Atacama,2017,47,0.0
Atacama,2017,48,0.0
Atacama,2017,49,0.0
Atacama,2017,50,0.0
Atacama,2017,51,0.0
Atacama,2017,52,0.0
Atacama,2018,1,0.0
Atacama,2018,2,0.0
Atacama,2018,3,0.0
Atacama,2018,4,0.0
Atacama,2018,5,0.0
Atacama,2018,6,0.0
Atacama,2018,7,0.0
Atacama,2018,8,0.0
Atacama,2018,9,0.0
Atacama,2018,10,0.0
Atacama,2018,11,0.0
Atacama,2018,12,0.0
Atacama,2018,13,0.0
Atacama,2018,14,0.0
Atacama,2018,15,0.01
Atacama,2018,16,0.0
Atacama,2018,17,0.0
Atacama,2018,18,0.0
Atacama,2018,19,0.01
Atacama,2018,20,0.0
Atacama,2018,21,0.01
Atacama,2018,22,0.0
Atacama,2018,23,0.0
Atacama,2018,24,0.24
Atacama,2018,25,0.0
Atacama,2018,26,0.0
Atacama,2018,27,0.19
Atacama,2018,28,0.0
Atacama,2018,29,0.0
Atacama,2018,30,0.59
Atacama,2018,31,0.0
Atacama,2018,32,0.0
Atacama,2018,33,0.0
Atacama,2018,34,0.0
Atacama,2018,35,0.0
Atacama,2018,36,0.0
Atacama,2018,37,0.0
Atacama,2018,38,0.0
Atacama,2018,39,0.0
Atacama,2018,40,0.0
Atacama,2018,41,0.0
Atacama,2018,42,0.0
Atacama,2018,43,0.0
Atacama,2018,44,0.0
Atacama,2018,45,0.0
Atacama,2018,46,0.0
Atacama,2018,47,0.0
Atacama,2018,48,0.0
Atacama,2018,49,0.0
Atacama,2018,50,0.0
Atacama,2018,51,0.0
Atacama,2018,52,0.0
Atacama,2019,1,0.0
Atacama,2019,2,0.0
Atacama,2019,3,0.0
Atacama,2019,4,0.0
Atacama,2019,5,0.0
Atacama,2019,6,0.0
Atacama,2019,7,0.0
Atacama,2019,8,0.0
Atacama,2019,9,0.0
Atacama,2019,10,0.0
Atacama,2019,11,0.0
Atacama,2019,12,0.0
Atacama,2019,13,0.0
Atacama,2019,14,0.0
Atacama,2019,15,0.0
Atacama,2019,16,0.0
Atacama,2019,17,0.01
Atacama,2019,18,0.0
Atacama,2019,19,0.01
Atacama,2019,20,0.0
Atacama,2019,21,0.0
Atacama,2019,22,0.0
Atacama,2019,23,0.0
Atacama,2019,24,0.0
Atacama,2019,25,0.0
Atacama,2019,26,0.0
Atacama,2019,27,0.0
Atacama,2019,28,0.0
Atacama,2019,29,0.0
Atacama,2019,30,0.0
Atacama,2019,31,0.0
Atacama,2019,32,0.0
Atacama,2019,33,0.0
Atacama,2019,34,0.0
Atacama,2019,35,0.0
Atacama,2019,36,0.11
Atacama,2019,37,0.0
Atacama,2019,38,0.0
Atacama,2019,39,0.0
Atacama,2019,40,0.0
Atacama,2019,41,0.0
Atacama,2019,42,0.0
Atacama,2019,43,0.0
Atacama,2019,44,0.0
Atacama,2019,45,0.0
Atacama,2019,46,0.0
Atacama,2019,47,0.0
Atacama,2019,48,0.0
Atacama,2019,49,0.0
Atacama,2019,50,0.0
Atacama,2019,51,0.0
Atacama,2019,52,0.0
Atacama,2020,1,0.0
Atacama,2020,2,0.0
Atacama,2020,3,0.01
Atacama,2020,4,0.0
Atacama,2020,5,0.0
Atacama,2020,6,0.0
Atacama,2020,7,0.0
Atacama,2020,8,0.0
Atacama,2020,9,0.0
Atacama,2020,10,0.0
Atacama,2020,11,0.0
Atacama,2020,12,0.0
Atacama,2020,13,0.0
Atacama,2020,14,0.23
Atacama,2020,15,0.0
Atacama,2020,16,0.0
Atacama,2020,17,0.0
Atacama,2020,18,0.0
Atacama,2020,19,0.0
Atacama,2020,20,0.0
Atacama,2020,21,0.0
Atacama,2020,22,0.37
Atacama,2020,23,0.21
Atacama,2020,24,0.0
Atacama,2020,25,0.01
Atacama,2020,26,0.01
Atacama,2020,27,0.07
Atacama,2020,28,0.1
Atacama,2020,29,0.0
Atacama,2020,30,0.0
Atacama,2020,31,0.0
Atacama,2020,32,0.0
Atacama,2020,33,0.0
Atacama,2020,34,0.0
Atacama,2020,35,0.03
Atacama,2020,36,0.03
Atacama,2020,37,0.0
Atacama,2020,38,0.0
Atacama,2020,39,0.0
Atacama,2020,40,0.0
Atacama,2020,41,0.0
Atacama,2020,42,0.0
Atacama,2020,43,0.0
Atacama,2020,44,0.0
Atacama,2020,45,0.0
Atacama,2020,46,0.0
Atacama,2020,47,0.01
Atacama,2020,48,0.0
Atacama,2020,49,0.0
Atacama,2020,50,0.0
Atacama,2020,51,0.0
Atacama,2020,52,0.0
Atacama,2020,53,0.0
Atacama,2021,1,0.0
Atacama,2021,2,0.0
Atacama,2021,3,0.0
Atacama,2021,4,0.0
Atacama,2021,5,0.0
Atacama,2021,6,0.0
Atacama,2021,7,0.0
Atacama,2021,8,0.0
Atacama,2021,9,0.0
Atacama,2021,10,0.0
Atacama,2021,11,0.0
Atacama,2021,12,0.0
Atacama,2021,13,0.0
Atacama,2021,14,0.0
Atacama,2021,15,0.0
Atacama,2021,16,0.0
Atacama,2021,17,0.0
Atacama,2021,18,0.0
Atacama,2021,19,0.0
Atacama,2021,20,0.03
Atacama,2021,21,0.0
Atacama,2021,22,0.0
Atacama,2021,23,0.0
Atacama,2021,24,0.49
Atacama,2021,25,0.2
Atacama,2021,26,0.0
Atacama,2021,27,0.0
Atacama,2021,28,1.07
Atacama,2021,29,0.01
Atacama,2021,30,0.0
Atacama,2021,31,0.0
Atacama,2021,32,0.0
Atacama,2021,33,0.0
Atacama,2021,34,0.51
Atacama,2021,35,0.0
Atacama,2021,36,0.0
Atacama,2021,37,0.0
Atacama,2021,38,0.01
Atacama,2021,39,0.0
Atacama,2021,40,0.0
Atacama,2021,41,0.0
Atacama,2021,42,0.0
Atacama,2021,43,0.0
Atacama,2021,44,0.0
Atacama,2021,45,0.0
Atacama,2021,46,0.0
Atacama,2021,47,0.0
Atacama,2021,48,0.0
Atacama,2021,49,0.0
Atacama,2021,50,0.0
Atacama,2021,51,0.03
Atacama,2021,52,0.0
Atacama,2022,1,0.0
Atacama,2022,2,2.2
Atacama,2022,3,0.03
Atacama,2022,4,0.0
Atacama,2022,5,0.0
Atacama,2022,6,0.0
Atacama,2022,7,0.0
Atacama,2022,8,0.0
Atacama,2022,9,0.0
Atacama,2022,10,0.0
Atacama,2022,11,0.0
Atacama,2022,12,0.01
Atacama,2022,13,0.0
Atacama,2022,14,0.0
Atacama,2022,15,0.0
Atacama,2022,16,0.0
Atacama,2022,17,0.0
Atacama,2022,18,0.01
Atacama,2022,19,0.0
Atacama,2022,20,0.03
Atacama,2022,21,0.0
Atacama,2022,22,0.0
Atacama,2022,23,0.0
Atacama,2022,24,0.0
Atacama,2022,25,0.21
Atacama,2022,26,0.17
Atacama,2022,27,0.04
Atacama,2022,28,7.11
Atacama,2022,29,0.13
Atacama,2022,30,0.0
Atacama,2022,31,0.04
Atacama,2022,32,0.0
Atacama,2022,33,0.0
Atacama,2022,34,0.0
Atacama,2022,35,0.0
Atacama,2022,36,0.0
Atacama,2022,37,0.0
Atacama,2022,38,0.0
Atacama,2022,39,0.0
Atacama,2022,40,0.0
Atacama,2022,41,0.0
Atacama,2022,42,0.0
Atacama,2022,43,0.0
Atacama,2022,44,0.0
Atacama,2022,45,0.0
Atacama,2022,46,0.0
Atacama,2022,47,0.0
Atacama,2022,48,0.0
Atacama,2022,49,0.0
Atacama,2022,50,0.0
Atacama,2022,51,0.0
Atacama,2022,52,0.0
Atacama,2023,1,0.0
Atacama,2023,2,0.0
Atacama,2023,3,0.0
Atacama,2023,4,0.0
Atacama,2023,5,0.09
Atacama,2023,6,0.0
Atacama,2023,7,0.0
Atacama,2023,8,0.0
Atacama,2023,9,0.0
Atacama,2023,10,0.0
Atacama,2023,11,0.0
Atacama,2023,12,0.0
Atacama,2023,13,0.0
Atacama,2023,14,0.0
Atacama,2023,15,0.0
Atacama,2023,16,0.0
Atacama,2023,17,0.0
Atacama,2023,18,0.0
Atacama,2023,19,0.0
Atacama,2023,20,0.59
Atacama,2023,21,0.0
Atacama,2023,22,0.0
Atacama,2023,23,0.0
Atacama,2023,24,0.0
Atacama,2023,25,0.0
Atacama,2023,26,0.0
Atacama,2023,27,0.0
Atacama,2023,28,0.06
Atacama,2023,29,0.0
Atacama,2023,30,0.0
Atacama,2023,31,0.0
Atacama,2023,32,0.0
Atacama,2023,33,0.0
Atacama,2023,34,0.0
Atacama,2023,35,0.01
Atacama,2023,36,0.0
Atacama,2023,37,0.0
Atacama,2023,38,0.0
Atacama,2023,39,0.0
Atacama,2023,40,0.0
Atacama,2023,41,0.0
Atacama,2023,42,0.0
Atacama,2023,43,0.01
Atacama,2023,44,0.0
Atacama,2023,45,0.0
Atacama,2023,46,0.0
Atacama,2023,47,0.0
Atacama,2023,48,0.0
Atacama,2023,49,0.0
Atacama,2023,50,0.0
Atacama,2023,51,0.0
Atacama,2023,52,0.0
Atacama,2024,1,0.0
Atacama,2024,2,0.0
Atacama,2024,3,0.0
Atacama,2024,4,0.0
Atacama,2024,5,0.0
Atacama,2024,6,0.01
Atacama,2024,7,0.0
Atacama,2024,8,0.0
Atacama,2024,9,0.0
Atacama,2024,10,0.0
Atacama,2024,11,0.0
Atacama,2024,12,0.0
Atacama,2024,13,0.0
Atacama,2024,14,0.0
Atacama,2024,15,6.13
Atacama,2024,16,1.33
Atacama,2024,17,0.0
Atacama,2024,18,0.34
Atacama,2024,19,0.0
Atacama,2024,20,0.64
Atacama,2024,21,0.34
Atacama,2024,22,0.0
Atacama,2024,23,0.0
Atacama,2024,24,0.0
Atacama,2024,25,0.0
Atacama,2024,26,0.0
Atacama,2024,27,0.0
Atacama,2024,28,0.0
Atacama,2024,29,0.0
Atacama,2024,30,0.0
Atacama,2024,31,0.0
Atacama,2024,32,0.0
Atacama,2024,33,0.37
Atacama,2024,34,0.0
Atacama,2024,35,0.0
Atacama,2024,36,0.0
Atacama,2024,37,0.0
Atacama,2024,38,0.0
Atacama,2024,39,0.0
Atacama,2024,40,0.0
Atacama,2024,41,0.71
Atacama,2024,42,0.03
Atacama,2024,43,0.0
Atacama,2024,44,0.0
Atacama,2024,45,0.0
Atacama,2024,46,0.0
Atacama,2024,47,0.0
Atacama,2024,48,0.0
Atacama,2024,49,0.0
Atacama,2024,50,0.0
Atacama,2024,51,0.0
Atacama,2024,52,0.0
Atacama,2025,1,0.0
Atacama,2025,2,0.0
Atacama,2025,3,0.0
Atacama,2025,4,0.0
Atacama,2025,5,0.0
Atacama,2025,6,0.0
Atacama,2025,7,0.0
Atacama,2025,8,0.0
Atacama,2025,9,0.0
Atacama,2025,10,0.0
Atacama,2025,11,0.0
Atacama,2025,12,0.0
Atacama,2025,13,0.0
Atacama,2025,14,0.0
Atacama,2025,15,0.0
Atacama,2025,16,0.0
Atacama,2025,17,0.0
Atacama,2025,18,0.0
Atacama,2025,19,0.0
Atacama,2025,20,0.23
Atacama,2025,21,0.0
Atacama,2025,22,0.0
Atacama,2025,23,0.0
Atacama,2025,24,0.33
Atacama,2025,25,0.0
Atacama,2025,26,0.17
Atacama,2025,27,0.0
Atacama,2025,28,0.0
Atacama,2025,29,0.0
Atacama,2025,30,0.0
Atacama,2025,31,0.03
Atacama,2025,32,0.0
Atacama,2025,33,0.07
Atacama,2025,34,1.77
Atacama,2025,35,0.17
Atacama,2025,36,0.0
Atacama,2025,37,0.0
Atacama,2025,38,0.0
Atacama,2025,39,0.06
Atacama,2025,40,0.0
Atacama,2025,41,0.0
Atacama,2025,42,0.0
Atacama,2025,43,0.0
Atacama,2025,44,0.0
Atacama,2025,45,0.0
Atacama,2025,46,0.0
Atacama,2025,47,0.0
Atacama,2025,48,0.0
Atacama,2025,49,0.0
Atacama,2025,50,0.04
Atacama,2025,51,0.0
Atacama,2025,52,0.0
Atacama,2026,1,0.0
Atacama,2026,2,0.0
Atacama,2026,3,0.0
Atacama,2026,4,0.0
Atacama,2026,5,0.0
Atacama,2026,6,0.0
Atacama,2026,7,0.0
Atacama,2026,8,0.0
Atacama,2026,9,0.0
Atacama,2026,10,0.0
Atacama,2026,11,0.0
Atacama,2026,12,0.0
Atacama,2026,13,0.0
Atacama,2026,14,0.0
Atacama,2026,15,0.0
Atacama,2026,16,0.23
Atacama,2026,17,0.0
Atacama,2026,18,0.0
Atacama,2026,19,0.0
Atacama,2026,20,0.0
Atacama,2026,21,0.0
Atacama,2026,22,0.0
Atacama,2026,23,0.0
Atacama,2026,24,0.0
Atacama,2026,25,0.07
Aysén,2014,1,1.58
Aysén,2014,2,3.77
Aysén,2014,3,0.97
Aysén,2014,4,3.4
Aysén,2014,5,7.47
Aysén,2014,6,6.59
Aysén,2014,7,0.03
Aysén,2014,8,0.2
Aysén,2014,9,0.01
Aysén,2014,10,1.83
Aysén,2014,11,2.47
Aysén,2014,12,0.61
Aysén,2014,13,1.91
Aysén,2014,14,0.0
Aysén,2014,15,4.34
Aysén,2014,16,10.0
Aysén,2014,17,3.21
Aysén,2014,18,8.77
Aysén,2014,19,2.76
Aysén,2014,20,3.54
Aysén,2014,21,4.56
Aysén,2014,22,22.0
Aysén,2014,23,1.96
Aysén,2014,24,8.19
Aysén,2014,25,2.07
Aysén,2014,26,2.06
Aysén,2014,27,7.47
Aysén,2014,28,0.19
Aysén,2014,29,5.87
Aysén,2014,30,2.57
Aysén,2014,31,7.47
Aysén,2014,32,7.66
Aysén,2014,33,9.9
Aysén,2014,34,4.34
Aysén,2014,35,0.8
Aysén,2014,36,1.51
Aysén,2014,37,2.57
Aysén,2014,38,7.17
Aysén,2014,39,3.84
Aysén,2014,40,0.41
Aysén,2014,41,3.76
Aysén,2014,42,4.31
Aysén,2014,43,6.33
Aysén,2014,44,4.87
Aysén,2014,45,11.09
Aysén,2014,46,1.81
Aysén,2014,47,5.66
Aysén,2014,48,1.29
Aysén,2014,49,1.6
Aysén,2014,50,0.64
Aysén,2014,51,8.19
Aysén,2014,52,4.17
Aysén,2015,1,3.37
Aysén,2015,2,4.21
Aysén,2015,3,1.33
Aysén,2015,4,0.11
Aysén,2015,5,1.57
Aysén,2015,6,0.67
Aysén,2015,7,1.07
Aysén,2015,8,0.91
Aysén,2015,9,0.36
Aysén,2015,10,6.39
Aysén,2015,11,4.56
Aysén,2015,12,8.94
Aysén,2015,13,0.99
Aysén,2015,14,8.76
Aysén,2015,15,2.13
Aysén,2015,16,5.87
Aysén,2015,17,1.01
Aysén,2015,18,2.91
Aysén,2015,19,2.6
Aysén,2015,20,21.06
Aysén,2015,21,12.7
Aysén,2015,22,4.43
Aysén,2015,23,9.9
Aysén,2015,24,3.16
Aysén,2015,25,7.64
Aysén,2015,26,2.6
Aysén,2015,27,1.76
Aysén,2015,28,4.56
Aysén,2015,29,10.96
Aysén,2015,30,10.8
Aysén,2015,31,3.59
Aysén,2015,32,3.33
Aysén,2015,33,5.2
Aysén,2015,34,7.5
Aysén,2015,35,7.4
Aysén,2015,36,0.04
Aysén,2015,37,1.24
Aysén,2015,38,1.16
Aysén,2015,39,1.83
Aysén,2015,40,1.16
Aysén,2015,41,1.06
Aysén,2015,42,0.69
Aysén,2015,43,1.29
Aysén,2015,44,1.27
Aysén,2015,45,1.03
Aysén,2015,46,2.63
Aysén,2015,47,6.8
Aysén,2015,48,0.6
Aysén,2015,49,0.7
Aysén,2015,50,4.1
Aysén,2015,51,2.44
Aysén,2015,52,8.19
Aysén,2015,53,1.79
Aysén,2016,1,0.17
Aysén,2016,2,2.56
Aysén,2016,3,0.47
Aysén,2016,4,0.76
Aysén,2016,5,1.6
Aysén,2016,6,2.53
Aysén,2016,7,3.16
Aysén,2016,8,1.79
Aysén,2016,9,0.11
Aysén,2016,10,0.13
Aysén,2016,11,1.51
Aysén,2016,12,2.84
Aysén,2016,13,2.21
Aysén,2016,14,2.54
Aysén,2016,15,4.37
Aysén,2016,16,4.51
Aysén,2016,17,0.0
Aysén,2016,18,0.14
Aysén,2016,19,0.86
Aysén,2016,20,0.0
Aysén,2016,21,0.64
Aysén,2016,22,0.21
Aysén,2016,23,1.3
Aysén,2016,24,0.81
Aysén,2016,25,1.39
Aysén,2016,26,0.66
Aysén,2016,27,3.0
Aysén,2016,28,2.96
Aysén,2016,29,1.93
Aysén,2016,30,1.64
Aysén,2016,31,6.64
Aysén,2016,32,5.89
Aysén,2016,33,6.84
Aysén,2016,34,4.51
Aysén,2016,35,7.19
Aysén,2016,36,3.6
Aysén,2016,37,1.24
Aysén,2016,38,0.91
Aysén,2016,39,3.24
Aysén,2016,40,1.31
Aysén,2016,41,9.86
Aysén,2016,42,0.37
Aysén,2016,43,2.04
Aysén,2016,44,19.56
Aysén,2016,45,4.66
Aysén,2016,46,5.34
Aysén,2016,47,0.24
Aysén,2016,48,1.59
Aysén,2016,49,4.39
Aysén,2016,50,6.93
Aysén,2016,51,7.26
Aysén,2016,52,3.07
Aysén,2017,1,12.99
Aysén,2017,2,3.21
Aysén,2017,3,3.8
Aysén,2017,4,6.4
Aysén,2017,5,1.83
Aysén,2017,6,0.26
Aysén,2017,7,12.97
Aysén,2017,8,1.19
Aysén,2017,9,5.61
Aysén,2017,10,4.24
Aysén,2017,11,0.13
Aysén,2017,12,0.24
Aysén,2017,13,6.71
Aysén,2017,14,10.81
Aysén,2017,15,0.01
Aysén,2017,16,3.29
Aysén,2017,17,6.1
Aysén,2017,18,14.57
Aysén,2017,19,4.69
Aysén,2017,20,16.37
Aysén,2017,21,0.3
Aysén,2017,22,3.24
Aysén,2017,23,10.17
Aysén,2017,24,8.29
Aysén,2017,25,4.59
Aysén,2017,26,5.39
Aysén,2017,27,4.2
Aysén,2017,28,3.29
Aysén,2017,29,16.07
Aysén,2017,30,12.3
Aysén,2017,31,1.76
Aysén,2017,32,3.96
Aysén,2017,33,8.46
Aysén,2017,34,16.43
Aysén,2017,35,2.04
Aysén,2017,36,0.97
Aysén,2017,37,6.2
Aysén,2017,38,3.67
Aysén,2017,39,0.99
Aysén,2017,40,11.77
Aysén,2017,41,1.13
Aysén,2017,42,4.0
Aysén,2017,43,4.03
Aysén,2017,44,0.73
Aysén,2017,45,4.26
Aysén,2017,46,3.43
Aysén,2017,47,0.43
Aysén,2017,48,0.07
Aysén,2017,49,0.63
Aysén,2017,50,4.79
Aysén,2017,51,9.6
Aysén,2017,52,4.6
Aysén,2018,1,7.26
Aysén,2018,2,1.01
Aysén,2018,3,0.89
Aysén,2018,4,0.2
Aysén,2018,5,1.79
Aysén,2018,6,1.63
Aysén,2018,7,2.81
Aysén,2018,8,0.37
Aysén,2018,9,1.77
Aysén,2018,10,6.01
Aysén,2018,11,11.66
Aysén,2018,12,5.74
Aysén,2018,13,1.47
Aysén,2018,14,6.04
Aysén,2018,15,3.07
Aysén,2018,16,13.83
Aysén,2018,17,5.76
Aysén,2018,18,1.06
Aysén,2018,19,3.63
Aysén,2018,20,3.99
Aysén,2018,21,5.26
Aysén,2018,22,1.77
Aysén,2018,23,3.66
Aysén,2018,24,5.89
Aysén,2018,25,6.89
Aysén,2018,26,14.59
Aysén,2018,27,0.0
Aysén,2018,28,5.11
Aysén,2018,29,1.23
Aysén,2018,30,1.46
Aysén,2018,31,7.1
Aysén,2018,32,0.4
Aysén,2018,33,3.69
Aysén,2018,34,6.29
Aysén,2018,35,8.97
Aysén,2018,36,8.94
Aysén,2018,37,3.37
Aysén,2018,38,6.73
Aysén,2018,39,2.63
Aysén,2018,40,1.74
Aysén,2018,41,6.51
Aysén,2018,42,5.97
Aysén,2018,43,0.76
Aysén,2018,44,4.94
Aysén,2018,45,3.79
Aysén,2018,46,1.93
Aysén,2018,47,17.09
Aysén,2018,48,0.39
Aysén,2018,49,0.23
Aysén,2018,50,2.37
Aysén,2018,51,1.31
Aysén,2018,52,4.73
Aysén,2019,1,3.33
Aysén,2019,2,4.14
Aysén,2019,3,0.6
Aysén,2019,4,5.34
Aysén,2019,5,1.19
Aysén,2019,6,0.51
Aysén,2019,7,0.01
Aysén,2019,8,4.94
Aysén,2019,9,1.19
Aysén,2019,10,11.74
Aysén,2019,11,0.89
Aysén,2019,12,2.7
Aysén,2019,13,1.56
Aysén,2019,14,3.54
Aysén,2019,15,7.11
Aysén,2019,16,3.93
Aysén,2019,17,3.79
Aysén,2019,18,2.59
Aysén,2019,19,5.16
Aysén,2019,20,4.74
Aysén,2019,21,1.09
Aysén,2019,22,2.41
Aysén,2019,23,14.77
Aysén,2019,24,1.4
Aysén,2019,25,4.21
Aysén,2019,26,3.99
Aysén,2019,27,4.07
Aysén,2019,28,2.53
Aysén,2019,29,7.93
Aysén,2019,30,0.63
Aysén,2019,31,8.63
Aysén,2019,32,4.54
Aysén,2019,33,0.11
Aysén,2019,34,2.61
Aysén,2019,35,4.81
Aysén,2019,36,0.79
Aysén,2019,37,2.61
Aysén,2019,38,3.6
Aysén,2019,39,3.29
Aysén,2019,40,1.83
Aysén,2019,41,1.8
Aysén,2019,42,1.74
Aysén,2019,43,1.9
Aysén,2019,44,10.04
Aysén,2019,45,4.17
Aysén,2019,46,7.34
Aysén,2019,47,5.14
Aysén,2019,48,6.69
Aysén,2019,49,0.5
Aysén,2019,50,4.36
Aysén,2019,51,6.61
Aysén,2019,52,3.87
Aysén,2020,1,1.61
Aysén,2020,2,5.79
Aysén,2020,3,1.63
Aysén,2020,4,1.21
Aysén,2020,5,4.21
Aysén,2020,6,5.01
Aysén,2020,7,6.96
Aysén,2020,8,2.0
Aysén,2020,9,0.01
Aysén,2020,10,2.01
Aysén,2020,11,2.73
Aysén,2020,12,3.79
Aysén,2020,13,2.44
Aysén,2020,14,3.59
Aysén,2020,15,0.73
Aysén,2020,16,5.37
Aysén,2020,17,2.4
Aysén,2020,18,4.73
Aysén,2020,19,5.79
Aysén,2020,20,13.31
Aysén,2020,21,10.19
Aysén,2020,22,1.77
Aysén,2020,23,29.86
Aysén,2020,24,12.83
Aysén,2020,25,3.84
Aysén,2020,26,1.73
Aysén,2020,27,1.81
Aysén,2020,28,2.57
Aysén,2020,29,5.73
Aysén,2020,30,2.23
Aysén,2020,31,3.13
Aysén,2020,32,7.16
Aysén,2020,33,4.64
Aysén,2020,34,2.41
Aysén,2020,35,2.6
Aysén,2020,36,0.1
Aysén,2020,37,6.47
Aysén,2020,38,4.96
Aysén,2020,39,0.29
Aysén,2020,40,2.49
Aysén,2020,41,3.29
Aysén,2020,42,4.59
Aysén,2020,43,1.3
Aysén,2020,44,3.27
Aysén,2020,45,0.94
Aysén,2020,46,0.76
Aysén,2020,47,1.06
Aysén,2020,48,7.39
Aysén,2020,49,1.16
Aysén,2020,50,7.21
Aysén,2020,51,0.54
Aysén,2020,52,1.31
Aysén,2020,53,4.43
Aysén,2021,1,5.2
Aysén,2021,2,1.11
Aysén,2021,3,1.47
Aysén,2021,4,1.7
Aysén,2021,5,0.0
Aysén,2021,6,0.03
Aysén,2021,7,3.94
Aysén,2021,8,0.89
Aysén,2021,9,2.21
Aysén,2021,10,5.33
Aysén,2021,11,0.09
Aysén,2021,12,1.29
Aysén,2021,13,0.47
Aysén,2021,14,3.6
Aysén,2021,15,2.94
Aysén,2021,16,3.8
Aysén,2021,17,7.39
Aysén,2021,18,0.43
Aysén,2021,19,1.8
Aysén,2021,20,2.5
Aysén,2021,21,8.11
Aysén,2021,22,3.39
Aysén,2021,23,18.63
Aysén,2021,24,0.01
Aysén,2021,25,2.59
Aysén,2021,26,9.84
Aysén,2021,27,10.86
Aysén,2021,28,3.49
Aysén,2021,29,4.63
Aysén,2021,30,2.9
Aysén,2021,31,4.86
Aysén,2021,32,0.37
Aysén,2021,33,5.5
Aysén,2021,34,6.7
Aysén,2021,35,0.87
Aysén,2021,36,5.1
Aysén,2021,37,3.93
Aysén,2021,38,1.76
Aysén,2021,39,2.71
Aysén,2021,40,0.57
Aysén,2021,41,4.14
Aysén,2021,42,9.47
Aysén,2021,43,12.04
Aysén,2021,44,1.99
Aysén,2021,45,2.56
Aysén,2021,46,4.01
Aysén,2021,47,2.54
Aysén,2021,48,0.44
Aysén,2021,49,1.1
Aysén,2021,50,0.36
Aysén,2021,51,0.14
Aysén,2021,52,10.73
Aysén,2022,1,1.91
Aysén,2022,2,3.49
Aysén,2022,3,3.37
Aysén,2022,4,1.17
Aysén,2022,5,0.34
Aysén,2022,6,0.34
Aysén,2022,7,4.33
Aysén,2022,8,4.46
Aysén,2022,9,5.71
Aysén,2022,10,3.77
Aysén,2022,11,1.5
Aysén,2022,12,6.59
Aysén,2022,13,5.67
Aysén,2022,14,6.84
Aysén,2022,15,0.39
Aysén,2022,16,14.46
Aysén,2022,17,3.57
Aysén,2022,18,18.73
Aysén,2022,19,1.64
Aysén,2022,20,2.6
Aysén,2022,21,0.31
Aysén,2022,22,2.39
Aysén,2022,23,5.34
Aysén,2022,24,2.26
Aysén,2022,25,0.03
Aysén,2022,26,7.61
Aysén,2022,27,5.19
Aysén,2022,28,1.36
Aysén,2022,29,9.9
Aysén,2022,30,1.66
Aysén,2022,31,0.94
Aysén,2022,32,6.71
Aysén,2022,33,4.16
Aysén,2022,34,7.46
Aysén,2022,35,1.13
Aysén,2022,36,9.16
Aysén,2022,37,16.43
Aysén,2022,38,1.7
Aysén,2022,39,0.54
Aysén,2022,40,3.14
Aysén,2022,41,2.37
Aysén,2022,42,1.17
Aysén,2022,43,8.8
Aysén,2022,44,0.0
Aysén,2022,45,1.64
Aysén,2022,46,4.71
Aysén,2022,47,2.54
Aysén,2022,48,5.37
Aysén,2022,49,14.71
Aysén,2022,50,1.16
Aysén,2022,51,2.17
Aysén,2022,52,2.44
Aysén,2023,1,1.99
Aysén,2023,2,4.04
Aysén,2023,3,0.23
Aysén,2023,4,2.93
Aysén,2023,5,0.16
Aysén,2023,6,4.79
Aysén,2023,7,2.26
Aysén,2023,8,2.46
Aysén,2023,9,8.17
Aysén,2023,10,13.76
Aysén,2023,11,1.67
Aysén,2023,12,0.11
Aysén,2023,13,10.23
Aysén,2023,14,2.5
Aysén,2023,15,0.01
Aysén,2023,16,0.57
Aysén,2023,17,4.47
Aysén,2023,18,0.86
Aysén,2023,19,4.76
Aysén,2023,20,8.13
Aysén,2023,21,6.03
Aysén,2023,22,4.41
Aysén,2023,23,16.7
Aysén,2023,24,0.16
Aysén,2023,25,4.13
Aysén,2023,26,5.69
Aysén,2023,27,7.64
Aysén,2023,28,1.54
Aysén,2023,29,2.49
Aysén,2023,30,13.11
Aysén,2023,31,6.97
Aysén,2023,32,7.16
Aysén,2023,33,7.19
Aysén,2023,34,1.29
Aysén,2023,35,7.51
Aysén,2023,36,2.37
Aysén,2023,37,7.33
Aysén,2023,38,0.09
Aysén,2023,39,3.2
Aysén,2023,40,4.9
Aysén,2023,41,0.83
Aysén,2023,42,0.21
Aysén,2023,43,9.04
Aysén,2023,44,4.47
Aysén,2023,45,2.03
Aysén,2023,46,8.8
Aysén,2023,47,2.86
Aysén,2023,48,10.11
Aysén,2023,49,0.54
Aysén,2023,50,8.56
Aysén,2023,51,0.13
Aysén,2023,52,0.01
Aysén,2024,1,2.86
Aysén,2024,2,0.17
Aysén,2024,3,0.53
Aysén,2024,4,1.03
Aysén,2024,5,1.36
Aysén,2024,6,3.09
Aysén,2024,7,0.73
Aysén,2024,8,2.46
Aysén,2024,9,1.27
Aysén,2024,10,4.9
Aysén,2024,11,13.4
Aysén,2024,12,3.63
Aysén,2024,13,2.93
Aysén,2024,14,6.09
Aysén,2024,15,0.17
Aysén,2024,16,5.47
Aysén,2024,17,4.09
Aysén,2024,18,2.41
Aysén,2024,19,3.59
Aysén,2024,20,0.09
Aysén,2024,21,0.06
Aysén,2024,22,2.8
Aysén,2024,23,5.99
Aysén,2024,24,5.06
Aysén,2024,25,6.36
Aysén,2024,26,3.74
Aysén,2024,27,2.33
Aysén,2024,28,0.0
Aysén,2024,29,1.73
Aysén,2024,30,5.96
Aysén,2024,31,2.6
Aysén,2024,32,4.23
Aysén,2024,33,1.69
Aysén,2024,34,0.5
Aysén,2024,35,5.87
Aysén,2024,36,4.73
Aysén,2024,37,5.53
Aysén,2024,38,5.01
Aysén,2024,39,10.7
Aysén,2024,40,0.64
Aysén,2024,41,1.53
Aysén,2024,42,0.1
Aysén,2024,43,0.61
Aysén,2024,44,2.31
Aysén,2024,45,7.97
Aysén,2024,46,7.01
Aysén,2024,47,1.33
Aysén,2024,48,3.91
Aysén,2024,49,1.44
Aysén,2024,50,0.11
Aysén,2024,51,2.23
Aysén,2024,52,0.0
Aysén,2025,1,3.09
Aysén,2025,2,0.9
Aysén,2025,3,1.01
Aysén,2025,4,3.26
Aysén,2025,5,2.37
Aysén,2025,6,5.39
Aysén,2025,7,0.59
Aysén,2025,8,3.6
Aysén,2025,9,5.29
Aysén,2025,10,10.13
Aysén,2025,11,1.44
Aysén,2025,12,1.7
Aysén,2025,13,4.51
Aysén,2025,14,3.43
Aysén,2025,15,4.67
Aysén,2025,16,4.27
Aysén,2025,17,2.66
Aysén,2025,18,1.8
Aysén,2025,19,4.74
Aysén,2025,20,9.14
Aysén,2025,21,1.8
Aysén,2025,22,7.64
Aysén,2025,23,0.1
Aysén,2025,24,2.71
Aysén,2025,25,7.93
Aysén,2025,26,2.91
Aysén,2025,27,2.04
Aysén,2025,28,23.09
Aysén,2025,29,17.49
Aysén,2025,30,2.34
Aysén,2025,31,6.79
Aysén,2025,32,0.41
Aysén,2025,33,1.19
Aysén,2025,34,7.14
Aysén,2025,35,2.56
Aysén,2025,36,0.23
Aysén,2025,37,3.14
Aysén,2025,38,3.79
Aysén,2025,39,9.46
Aysén,2025,40,15.9
Aysén,2025,41,12.64
Aysén,2025,42,5.2
Aysén,2025,43,3.57
Aysén,2025,44,1.26
Aysén,2025,45,0.63
Aysén,2025,46,2.83
Aysén,2025,47,4.1
Aysén,2025,48,0.54
Aysén,2025,49,1.9
Aysén,2025,50,3.3
Aysén,2025,51,1.21
Aysén,2025,52,1.41
Aysén,2026,1,0.29
Aysén,2026,2,0.01
Aysén,2026,3,7.8
Aysén,2026,4,1.6
Aysén,2026,5,1.96
Aysén,2026,6,0.83
Aysén,2026,7,4.99
Aysén,2026,8,2.46
Aysén,2026,9,4.73
Aysén,2026,10,3.5
Aysén,2026,11,4.09
Aysén,2026,12,7.4
Aysén,2026,13,8.5
Aysén,2026,14,4.57
Aysén,2026,15,3.44
Aysén,2026,16,5.7
Aysén,2026,17,8.51
Aysén,2026,18,9.97
Aysén,2026,19,1.43
Aysén,2026,20,0.29
Aysén,2026,21,0.01
Aysén,2026,22,2.21
Aysén,2026,23,1.61
Aysén,2026,24,5.93
Aysén,2026,25,0.33
Bío Bío,2014,1,0.0
Bío Bío,2014,2,0.01
Bío Bío,2014,3,0.0
Bío Bío,2014,4,1.27
Bío Bío,2014,5,0.0
Bío Bío,2014,6,0.97
Bío Bío,2014,7,0.0
Bío Bío,2014,8,0.0
Bío Bío,2014,9,0.0
Bío Bío,2014,10,0.0
Bío Bío,2014,11,0.69
Bío Bío,2014,12,0.0
Bío Bío,2014,13,4.83
Bío Bío,2014,14,0.0
Bío Bío,2014,15,1.7
Bío Bío,2014,16,0.0
Bío Bío,2014,17,0.27
Bío Bío,2014,18,7.9
Bío Bío,2014,19,0.24
Bío Bío,2014,20,3.01
Bío Bío,2014,21,2.9
Bío Bío,2014,22,5.04
Bío Bío,2014,23,19.0
Bío Bío,2014,24,12.73
Bío Bío,2014,25,3.59
Bío Bío,2014,26,0.0
Bío Bío,2014,27,6.21
Bío Bío,2014,28,1.2
Bío Bío,2014,29,6.43
Bío Bío,2014,30,6.87
Bío Bío,2014,31,13.33
Bío Bío,2014,32,3.16
Bío Bío,2014,33,0.4
Bío Bío,2014,34,4.34
Bío Bío,2014,35,4.24
Bío Bío,2014,36,9.51
Bío Bío,2014,37,0.67
Bío Bío,2014,38,0.47
Bío Bío,2014,39,5.96
Bío Bío,2014,40,0.14
Bío Bío,2014,41,0.13
Bío Bío,2014,42,1.11
Bío Bío,2014,43,0.0
Bío Bío,2014,44,1.23
Bío Bío,2014,45,0.06
Bío Bío,2014,46,0.0
Bío Bío,2014,47,0.19
Bío Bío,2014,48,0.0
Bío Bío,2014,49,0.86
Bío Bío,2014,50,0.0
Bío Bío,2014,51,0.03
Bío Bío,2014,52,0.0
Bío Bío,2015,1,1.37
Bío Bío,2015,2,0.0
Bío Bío,2015,3,0.0
Bío Bío,2015,4,0.0
Bío Bío,2015,5,0.0
Bío Bío,2015,6,0.0
Bío Bío,2015,7,0.0
Bío Bío,2015,8,0.0
Bío Bío,2015,9,0.2
Bío Bío,2015,10,0.03
Bío Bío,2015,11,0.0
Bío Bío,2015,12,0.0
Bío Bío,2015,13,0.37
Bío Bío,2015,14,0.0
Bío Bío,2015,15,0.26
Bío Bío,2015,16,2.69
Bío Bío,2015,17,0.0
Bío Bío,2015,18,1.4
Bío Bío,2015,19,1.94
Bío Bío,2015,20,0.04
Bío Bío,2015,21,2.99
Bío Bío,2015,22,3.4
Bío Bío,2015,23,8.51
Bío Bío,2015,24,4.14
Bío Bío,2015,25,0.0
Bío Bío,2015,26,0.89
Bío Bío,2015,27,1.79
Bío Bío,2015,28,14.64
Bío Bío,2015,29,7.27
Bío Bío,2015,30,2.76
Bío Bío,2015,31,9.03
Bío Bío,2015,32,12.41
Bío Bío,2015,33,1.91
Bío Bío,2015,34,2.63
Bío Bío,2015,35,10.21
Bío Bío,2015,36,3.49
Bío Bío,2015,37,3.33
Bío Bío,2015,38,0.01
Bío Bío,2015,39,7.37
Bío Bío,2015,40,4.67
Bío Bío,2015,41,0.3
Bío Bío,2015,42,6.04
Bío Bío,2015,43,2.57
Bío Bío,2015,44,0.0
Bío Bío,2015,45,0.29
Bío Bío,2015,46,0.11
Bío Bío,2015,47,0.46
Bío Bío,2015,48,0.47
Bío Bío,2015,49,0.66
Bío Bío,2015,50,0.21
Bío Bío,2015,51,0.09
Bío Bío,2015,52,0.71
Bío Bío,2015,53,0.0
Bío Bío,2016,1,0.04
Bío Bío,2016,2,0.14
Bío Bío,2016,3,0.06
Bío Bío,2016,4,1.47
Bío Bío,2016,5,0.0
Bío Bío,2016,6,0.0
Bío Bío,2016,7,0.0
Bío Bío,2016,8,0.0
Bío Bío,2016,9,0.0
Bío Bío,2016,10,0.09
Bío Bío,2016,11,0.0
Bío Bío,2016,12,0.0
Bío Bío,2016,13,1.33
Bío Bío,2016,14,0.9
Bío Bío,2016,15,3.9
Bío Bío,2016,16,5.07
Bío Bío,2016,17,0.81
Bío Bío,2016,18,0.29
Bío Bío,2016,19,3.24
Bío Bío,2016,20,3.06
Bío Bío,2016,21,3.7
Bío Bío,2016,22,1.21
Bío Bío,2016,23,0.0
Bío Bío,2016,24,0.0
Bío Bío,2016,25,0.0
Bío Bío,2016,26,0.17
Bío Bío,2016,27,5.09
Bío Bío,2016,28,10.23
Bío Bío,2016,29,10.07
Bío Bío,2016,30,2.03
Bío Bío,2016,31,0.81
Bío Bío,2016,32,1.51
Bío Bío,2016,33,3.81
Bío Bío,2016,34,0.6
Bío Bío,2016,35,0.7
Bío Bío,2016,36,0.4
Bío Bío,2016,37,1.44
Bío Bío,2016,38,0.0
Bío Bío,2016,39,1.0
Bío Bío,2016,40,0.44
Bío Bío,2016,41,5.33
Bío Bío,2016,42,1.81
Bío Bío,2016,43,0.66
Bío Bío,2016,44,1.91
Bío Bío,2016,45,0.0
Bío Bío,2016,46,0.31
Bío Bío,2016,47,1.63
Bío Bío,2016,48,1.13
Bío Bío,2016,49,0.0
Bío Bío,2016,50,0.07
Bío Bío,2016,51,3.57
Bío Bío,2016,52,0.03
Bío Bío,2017,1,0.8
Bío Bío,2017,2,0.16
Bío Bío,2017,3,0.0
Bío Bío,2017,4,0.0
Bío Bío,2017,5,0.03
Bío Bío,2017,6,0.0
Bío Bío,2017,7,0.64
Bío Bío,2017,8,0.0
Bío Bío,2017,9,0.49
Bío Bío,2017,10,3.41
Bío Bío,2017,11,0.0
Bío Bío,2017,12,0.47
Bío Bío,2017,13,0.29
Bío Bío,2017,14,1.93
Bío Bío,2017,15,0.03
Bío Bío,2017,16,1.8
Bío Bío,2017,17,0.51
Bío Bío,2017,18,7.34
Bío Bío,2017,19,5.41
Bío Bío,2017,20,4.44
Bío Bío,2017,21,0.0
Bío Bío,2017,22,3.0
Bío Bío,2017,23,1.56
Bío Bío,2017,24,13.73
Bío Bío,2017,25,12.93
Bío Bío,2017,26,2.54
Bío Bío,2017,27,6.31
Bío Bío,2017,28,7.41
Bío Bío,2017,29,1.4
Bío Bío,2017,30,0.17
Bío Bío,2017,31,3.4
Bío Bío,2017,32,14.01
Bío Bío,2017,33,2.91
Bío Bío,2017,34,8.89
Bío Bío,2017,35,2.91
Bío Bío,2017,36,0.91
Bío Bío,2017,37,0.73
Bío Bío,2017,38,0.26
Bío Bío,2017,39,8.3
Bío Bío,2017,40,8.19
Bío Bío,2017,41,0.11
Bío Bío,2017,42,0.67
Bío Bío,2017,43,1.3
Bío Bío,2017,44,8.67
Bío Bío,2017,45,0.04
Bío Bío,2017,46,0.04
Bío Bío,2017,47,0.0
Bío Bío,2017,48,0.0
Bío Bío,2017,49,0.0
Bío Bío,2017,50,0.27
Bío Bío,2017,51,0.0
Bío Bío,2017,52,0.06
Bío Bío,2018,1,0.49
Bío Bío,2018,2,0.0
Bío Bío,2018,3,0.24
Bío Bío,2018,4,0.0
Bío Bío,2018,5,0.0
Bío Bío,2018,6,0.0
Bío Bío,2018,7,0.0
Bío Bío,2018,8,2.53
Bío Bío,2018,9,0.0
Bío Bío,2018,10,0.53
Bío Bío,2018,11,5.24
Bío Bío,2018,12,1.39
Bío Bío,2018,13,0.0
Bío Bío,2018,14,0.94
Bío Bío,2018,15,7.86
Bío Bío,2018,16,0.01
Bío Bío,2018,17,2.29
Bío Bío,2018,18,2.81
Bío Bío,2018,19,2.37
Bío Bío,2018,20,1.84
Bío Bío,2018,21,2.53
Bío Bío,2018,22,10.83
Bío Bío,2018,23,9.37
Bío Bío,2018,24,0.33
Bío Bío,2018,25,0.27
Bío Bío,2018,26,9.16
Bío Bío,2018,27,17.5
Bío Bío,2018,28,1.31
Bío Bío,2018,29,0.64
Bío Bío,2018,30,0.11
Bío Bío,2018,31,4.37
Bío Bío,2018,32,2.14
Bío Bío,2018,33,2.03
Bío Bío,2018,34,4.01
Bío Bío,2018,35,0.61
Bío Bío,2018,36,0.4
Bío Bío,2018,37,2.04
Bío Bío,2018,38,12.2
Bío Bío,2018,39,8.31
Bío Bío,2018,40,1.5
Bío Bío,2018,41,0.87
Bío Bío,2018,42,5.13
Bío Bío,2018,43,1.67
Bío Bío,2018,44,3.27
Bío Bío,2018,45,4.94
Bío Bío,2018,46,0.99
Bío Bío,2018,47,0.61
Bío Bío,2018,48,0.0
Bío Bío,2018,49,0.54
Bío Bío,2018,50,1.41
Bío Bío,2018,51,0.01
Bío Bío,2018,52,0.67
Bío Bío,2019,1,0.0
Bío Bío,2019,2,2.23
Bío Bío,2019,3,0.0
Bío Bío,2019,4,0.0
Bío Bío,2019,5,0.0
Bío Bío,2019,6,0.23
Bío Bío,2019,7,0.44
Bío Bío,2019,8,0.06
Bío Bío,2019,9,0.01
Bío Bío,2019,10,1.44
Bío Bío,2019,11,0.0
Bío Bío,2019,12,0.0
Bío Bío,2019,13,0.59
Bío Bío,2019,14,0.39
Bío Bío,2019,15,0.31
Bío Bío,2019,16,0.04
Bío Bío,2019,17,0.16
Bío Bío,2019,18,13.71
Bío Bío,2019,19,0.64
Bío Bío,2019,20,3.76
Bío Bío,2019,21,0.86
Bío Bío,2019,22,19.04
Bío Bío,2019,23,6.96
Bío Bío,2019,24,8.99
Bío Bío,2019,25,0.87
Bío Bío,2019,26,22.91
Bío Bío,2019,27,0.97
Bío Bío,2019,28,5.74
Bío Bío,2019,29,9.99
Bío Bío,2019,30,2.61
Bío Bío,2019,31,2.13
Bío Bío,2019,32,4.49
Bío Bío,2019,33,3.77
Bío Bío,2019,34,0.36
Bío Bío,2019,35,2.54
Bío Bío,2019,36,4.27
Bío Bío,2019,37,7.4
Bío Bío,2019,38,0.13
Bío Bío,2019,39,0.8
Bío Bío,2019,40,4.21
Bío Bío,2019,41,0.0
Bío Bío,2019,42,1.91
Bío Bío,2019,43,0.56
Bío Bío,2019,44,3.7
Bío Bío,2019,45,0.14
Bío Bío,2019,46,0.13
Bío Bío,2019,47,0.7
Bío Bío,2019,48,0.51
Bío Bío,2019,49,0.0
Bío Bío,2019,50,0.01
Bío Bío,2019,51,0.1
Bío Bío,2019,52,0.06
Bío Bío,2020,1,0.0
Bío Bío,2020,2,1.79
Bío Bío,2020,3,0.0
Bío Bío,2020,4,0.0
Bío Bío,2020,5,0.0
Bío Bío,2020,6,0.23
Bío Bío,2020,7,0.0
Bío Bío,2020,8,0.29
Bío Bío,2020,9,0.0
Bío Bío,2020,10,0.0
Bío Bío,2020,11,0.11
Bío Bío,2020,12,0.01
Bío Bío,2020,13,1.69
Bío Bío,2020,14,0.0
Bío Bío,2020,15,0.0
Bío Bío,2020,16,0.31
Bío Bío,2020,17,6.01
Bío Bío,2020,18,1.99
Bío Bío,2020,19,2.5
Bío Bío,2020,20,0.34
Bío Bío,2020,21,2.79
Bío Bío,2020,22,0.0
Bío Bío,2020,23,3.39
Bío Bío,2020,24,9.97
Bío Bío,2020,25,15.57
Bío Bío,2020,26,12.11
Bío Bío,2020,27,9.46
Bío Bío,2020,28,8.31
Bío Bío,2020,29,10.79
Bío Bío,2020,30,8.84
Bío Bío,2020,31,2.94
Bío Bío,2020,32,1.29
Bío Bío,2020,33,1.54
Bío Bío,2020,34,0.9
Bío Bío,2020,35,9.73
Bío Bío,2020,36,0.23
Bío Bío,2020,37,5.27
Bío Bío,2020,38,0.17
Bío Bío,2020,39,0.06
Bío Bío,2020,40,1.3
Bío Bío,2020,41,0.0
Bío Bío,2020,42,0.0
Bío Bío,2020,43,0.79
Bío Bío,2020,44,1.17
Bío Bío,2020,45,0.07
Bío Bío,2020,46,0.03
Bío Bío,2020,47,0.04
Bío Bío,2020,48,0.14
Bío Bío,2020,49,0.0
Bío Bío,2020,50,1.19
Bío Bío,2020,51,0.09
Bío Bío,2020,52,0.0
Bío Bío,2020,53,0.14
Bío Bío,2021,1,1.19
Bío Bío,2021,2,0.0
Bío Bío,2021,3,0.0
Bío Bío,2021,4,4.36
Bío Bío,2021,5,0.0
Bío Bío,2021,6,0.0
Bío Bío,2021,7,0.09
Bío Bío,2021,8,0.0
Bío Bío,2021,9,0.0
Bío Bío,2021,10,1.16
Bío Bío,2021,11,0.06
Bío Bío,2021,12,0.0
Bío Bío,2021,13,0.0
Bío Bío,2021,14,0.99
Bío Bío,2021,15,0.0
Bío Bío,2021,16,3.23
Bío Bío,2021,17,6.19
Bío Bío,2021,18,0.04
Bío Bío,2021,19,0.0
Bío Bío,2021,20,5.04
Bío Bío,2021,21,2.14
Bío Bío,2021,22,13.0
Bío Bío,2021,23,5.26
Bío Bío,2021,24,0.1
Bío Bío,2021,25,8.33
Bío Bío,2021,26,0.21
Bío Bío,2021,27,4.1
Bío Bío,2021,28,0.17
Bío Bío,2021,29,3.94
Bío Bío,2021,30,0.0
Bío Bío,2021,31,0.19
Bío Bío,2021,32,1.43
Bío Bío,2021,33,17.81
Bío Bío,2021,34,5.11
Bío Bío,2021,35,0.79
Bío Bío,2021,36,9.53
Bío Bío,2021,37,1.94
Bío Bío,2021,38,1.06
Bío Bío,2021,39,1.79
Bío Bío,2021,40,0.0
Bío Bío,2021,41,2.44
Bío Bío,2021,42,0.37
Bío Bío,2021,43,0.01
Bío Bío,2021,44,1.33
Bío Bío,2021,45,0.33
Bío Bío,2021,46,0.21
Bío Bío,2021,47,0.09
Bío Bío,2021,48,0.01
Bío Bío,2021,49,0.4
Bío Bío,2021,50,0.11
Bío Bío,2021,51,0.0
Bío Bío,2021,52,1.99
Bío Bío,2022,1,0.31
Bío Bío,2022,2,0.0
Bío Bío,2022,3,0.54
Bío Bío,2022,4,0.2
Bío Bío,2022,5,0.0
Bío Bío,2022,6,0.01
Bío Bío,2022,7,0.0
Bío Bío,2022,8,1.94
Bío Bío,2022,9,0.26
Bío Bío,2022,10,0.41
Bío Bío,2022,11,0.21
Bío Bío,2022,12,0.74
Bío Bío,2022,13,0.43
Bío Bío,2022,14,0.77
Bío Bío,2022,15,0.13
Bío Bío,2022,16,14.61
Bío Bío,2022,17,6.49
Bío Bío,2022,18,0.14
Bío Bío,2022,19,3.87
Bío Bío,2022,20,8.74
Bío Bío,2022,21,0.17
Bío Bío,2022,22,16.34
Bío Bío,2022,23,1.34
Bío Bío,2022,24,4.71
Bío Bío,2022,25,5.01
Bío Bío,2022,26,13.16
Bío Bío,2022,27,13.14
Bío Bío,2022,28,12.43
Bío Bío,2022,29,3.01
Bío Bío,2022,30,5.84
Bío Bío,2022,31,5.67
Bío Bío,2022,32,5.71
Bío Bío,2022,33,6.73
Bío Bío,2022,34,0.1
Bío Bío,2022,35,0.07
Bío Bío,2022,36,0.97
Bío Bío,2022,37,2.87
Bío Bío,2022,38,1.0
Bío Bío,2022,39,0.3
Bío Bío,2022,40,4.2
Bío Bío,2022,41,0.01
Bío Bío,2022,42,3.11
Bío Bío,2022,43,3.79
Bío Bío,2022,44,0.04
Bío Bío,2022,45,3.2
Bío Bío,2022,46,0.06
Bío Bío,2022,47,0.0
Bío Bío,2022,48,0.0
Bío Bío,2022,49,0.84
Bío Bío,2022,50,0.0
Bío Bío,2022,51,1.73
Bío Bío,2022,52,0.19
Bío Bío,2023,1,0.01
Bío Bío,2023,2,0.0
Bío Bío,2023,3,0.01
Bío Bío,2023,4,1.19
Bío Bío,2023,5,0.0
Bío Bío,2023,6,0.09
Bío Bío,2023,7,0.0
Bío Bío,2023,8,0.0
Bío Bío,2023,9,0.0
Bío Bío,2023,10,0.09
Bío Bío,2023,11,0.09
Bío Bío,2023,12,0.0
Bío Bío,2023,13,0.44
Bío Bío,2023,14,0.16
Bío Bío,2023,15,0.79
Bío Bío,2023,16,0.2
Bío Bío,2023,17,11.13
Bío Bío,2023,18,0.0
Bío Bío,2023,19,0.0
Bío Bío,2023,20,9.31
Bío Bío,2023,21,10.83
Bío Bío,2023,22,8.21
Bío Bío,2023,23,7.64
Bío Bío,2023,24,0.0
Bío Bío,2023,25,26.13
Bío Bío,2023,26,6.0
Bío Bío,2023,27,6.33
Bío Bío,2023,28,1.54
Bío Bío,2023,29,10.47
Bío Bío,2023,30,0.63
Bío Bío,2023,31,0.31
Bío Bío,2023,32,8.07
Bío Bío,2023,33,20.17
Bío Bío,2023,34,7.29
Bío Bío,2023,35,7.39
Bío Bío,2023,36,16.59
Bío Bío,2023,37,8.06
Bío Bío,2023,38,2.43
Bío Bío,2023,39,0.41
Bío Bío,2023,40,0.14
Bío Bío,2023,41,0.0
Bío Bío,2023,42,0.03
Bío Bío,2023,43,8.1
Bío Bío,2023,44,0.3
Bío Bío,2023,45,3.03
Bío Bío,2023,46,3.26
Bío Bío,2023,47,0.4
Bío Bío,2023,48,0.87
Bío Bío,2023,49,0.04
Bío Bío,2023,50,1.41
Bío Bío,2023,51,0.01
Bío Bío,2023,52,0.16
Bío Bío,2024,1,0.06
Bío Bío,2024,2,0.0
Bío Bío,2024,3,0.0
Bío Bío,2024,4,0.0
Bío Bío,2024,5,0.0
Bío Bío,2024,6,0.03
Bío Bío,2024,7,0.0
Bío Bío,2024,8,0.23
Bío Bío,2024,9,0.0
Bío Bío,2024,10,0.86
Bío Bío,2024,11,0.34
Bío Bío,2024,12,6.06
Bío Bío,2024,13,0.0
Bío Bío,2024,14,0.9
Bío Bío,2024,15,0.13
Bío Bío,2024,16,2.43
Bío Bío,2024,17,7.79
Bío Bío,2024,18,13.0
Bío Bío,2024,19,5.77
Bío Bío,2024,20,1.07
Bío Bío,2024,21,1.5
Bío Bío,2024,22,2.41
Bío Bío,2024,23,19.04
Bío Bío,2024,24,39.29
Bío Bío,2024,25,21.94
Bío Bío,2024,26,2.24
Bío Bío,2024,27,0.96
Bío Bío,2024,28,0.0
Bío Bío,2024,29,0.03
Bío Bío,2024,30,0.5
Bío Bío,2024,31,29.34
Bío Bío,2024,32,1.99
Bío Bío,2024,33,0.1
Bío Bío,2024,34,4.41
Bío Bío,2024,35,1.01
Bío Bío,2024,36,1.37
Bío Bío,2024,37,1.41
Bío Bío,2024,38,7.36
Bío Bío,2024,39,1.11
Bío Bío,2024,40,6.19
Bío Bío,2024,41,1.5
Bío Bío,2024,42,2.43
Bío Bío,2024,43,2.06
Bío Bío,2024,44,2.51
Bío Bío,2024,45,0.61
Bío Bío,2024,46,0.06
Bío Bío,2024,47,0.09
Bío Bío,2024,48,0.21
Bío Bío,2024,49,0.63
Bío Bío,2024,50,0.0
Bío Bío,2024,51,0.0
Bío Bío,2024,52,0.0
Bío Bío,2025,1,0.0
Bío Bío,2025,2,0.0
Bío Bío,2025,3,0.3
Bío Bío,2025,4,0.0
Bío Bío,2025,5,0.0
Bío Bío,2025,6,0.0
Bío Bío,2025,7,0.0
Bío Bío,2025,8,0.03
Bío Bío,2025,9,0.31
Bío Bío,2025,10,3.89
Bío Bío,2025,11,0.0
Bío Bío,2025,12,0.0
Bío Bío,2025,13,2.84
Bío Bío,2025,14,0.2
Bío Bío,2025,15,4.44
Bío Bío,2025,16,2.06
Bío Bío,2025,17,7.64
Bío Bío,2025,18,1.84
Bío Bío,2025,19,5.51
Bío Bío,2025,20,4.73
Bío Bío,2025,21,5.71
Bío Bío,2025,22,0.69
Bío Bío,2025,23,1.49
Bío Bío,2025,24,17.4
Bío Bío,2025,25,9.24
Bío Bío,2025,26,0.23
Bío Bío,2025,27,7.89
Bío Bío,2025,28,0.01
Bío Bío,2025,29,0.69
Bío Bío,2025,30,7.86
Bío Bío,2025,31,17.46
Bío Bío,2025,32,0.13
Bío Bío,2025,33,0.47
Bío Bío,2025,34,5.56
Bío Bío,2025,35,0.21
Bío Bío,2025,36,0.76
Bío Bío,2025,37,6.7
Bío Bío,2025,38,8.77
Bío Bío,2025,39,1.44
Bío Bío,2025,40,5.39
Bío Bío,2025,41,1.37
Bío Bío,2025,42,0.57
Bío Bío,2025,43,0.0
Bío Bío,2025,44,0.03
Bío Bío,2025,45,0.2
Bío Bío,2025,46,0.5
Bío Bío,2025,47,0.01
Bío Bío,2025,48,0.71
Bío Bío,2025,49,0.0
Bío Bío,2025,50,0.94
Bío Bío,2025,51,1.99
Bío Bío,2025,52,0.0
Bío Bío,2026,1,0.0
Bío Bío,2026,2,0.01
Bío Bío,2026,3,0.0
Bío Bío,2026,4,0.0
Bío Bío,2026,5,0.3
Bío Bío,2026,6,1.7
Bío Bío,2026,7,0.63
Bío Bío,2026,8,0.8
Bío Bío,2026,9,1.53
Bío Bío,2026,10,1.14
Bío Bío,2026,11,9.66
Bío Bío,2026,12,8.06
Bío Bío,2026,13,0.0
Bío Bío,2026,14,0.03
Bío Bío,2026,15,0.06
Bío Bío,2026,16,1.4
Bío Bío,2026,17,0.0
Bío Bío,2026,18,2.1
Bío Bío,2026,19,5.99
Bío Bío,2026,20,0.0
Bío Bío,2026,21,0.14
Bío Bío,2026,22,0.61
Bío Bío,2026,23,2.57
Bío Bío,2026,24,8.24
Bío Bío,2026,25,0.1
Coquimbo,2014,1,0.0
Coquimbo,2014,2,0.0
Coquimbo,2014,3,0.0
Coquimbo,2014,4,0.0
Coquimbo,2014,5,0.0
Coquimbo,2014,6,0.0
Coquimbo,2014,7,0.0
Coquimbo,2014,8,0.01
Coquimbo,2014,9,0.0
Coquimbo,2014,10,0.0
Coquimbo,2014,11,0.0
Coquimbo,2014,12,0.0
Coquimbo,2014,13,0.01
Coquimbo,2014,14,0.01
Coquimbo,2014,15,0.0
Coquimbo,2014,16,0.0
Coquimbo,2014,17,0.0
Coquimbo,2014,18,0.0
Coquimbo,2014,19,0.0
Coquimbo,2014,20,0.0
Coquimbo,2014,21,0.0
Coquimbo,2014,22,0.09
Coquimbo,2014,23,0.84
Coquimbo,2014,24,2.93
Coquimbo,2014,25,0.0
Coquimbo,2014,26,0.0
Coquimbo,2014,27,0.63
Coquimbo,2014,28,0.0
Coquimbo,2014,29,0.04
Coquimbo,2014,30,0.19
Coquimbo,2014,31,0.0
Coquimbo,2014,32,0.0
Coquimbo,2014,33,0.0
Coquimbo,2014,34,0.11
Coquimbo,2014,35,0.01
Coquimbo,2014,36,0.0
Coquimbo,2014,37,2.14
Coquimbo,2014,38,0.01
Coquimbo,2014,39,0.0
Coquimbo,2014,40,0.01
Coquimbo,2014,41,0.0
Coquimbo,2014,42,0.0
Coquimbo,2014,43,0.0
Coquimbo,2014,44,0.0
Coquimbo,2014,45,0.0
Coquimbo,2014,46,0.0
Coquimbo,2014,47,0.0
Coquimbo,2014,48,0.0
Coquimbo,2014,49,0.01
Coquimbo,2014,50,0.0
Coquimbo,2014,51,0.0
Coquimbo,2014,52,0.0
Coquimbo,2015,1,0.0
Coquimbo,2015,2,0.03
Coquimbo,2015,3,0.0
Coquimbo,2015,4,0.0
Coquimbo,2015,5,0.0
Coquimbo,2015,6,0.0
Coquimbo,2015,7,0.0
Coquimbo,2015,8,0.0
Coquimbo,2015,9,0.0
Coquimbo,2015,10,0.01
Coquimbo,2015,11,0.0
Coquimbo,2015,12,0.0
Coquimbo,2015,13,7.89
Coquimbo,2015,14,0.0
Coquimbo,2015,15,0.0
Coquimbo,2015,16,0.03
Coquimbo,2015,17,0.07
Coquimbo,2015,18,0.0
Coquimbo,2015,19,0.0
Coquimbo,2015,20,0.03
Coquimbo,2015,21,0.1
Coquimbo,2015,22,0.03
Coquimbo,2015,23,0.0
Coquimbo,2015,24,0.0
Coquimbo,2015,25,0.0
Coquimbo,2015,26,0.09
Coquimbo,2015,27,0.0
Coquimbo,2015,28,2.39
Coquimbo,2015,29,0.44
Coquimbo,2015,30,0.0
Coquimbo,2015,31,0.0
Coquimbo,2015,32,6.64
Coquimbo,2015,33,1.11
Coquimbo,2015,34,0.0
Coquimbo,2015,35,0.0
Coquimbo,2015,36,0.09
Coquimbo,2015,37,0.0
Coquimbo,2015,38,0.0
Coquimbo,2015,39,0.04
Coquimbo,2015,40,0.33
Coquimbo,2015,41,0.0
Coquimbo,2015,42,4.79
Coquimbo,2015,43,1.01
Coquimbo,2015,44,0.0
Coquimbo,2015,45,0.0
Coquimbo,2015,46,0.0
Coquimbo,2015,47,0.0
Coquimbo,2015,48,0.0
Coquimbo,2015,49,0.0
Coquimbo,2015,50,0.0
Coquimbo,2015,51,0.0
Coquimbo,2015,52,0.0
Coquimbo,2015,53,0.0
Coquimbo,2016,1,0.01
Coquimbo,2016,2,0.0
Coquimbo,2016,3,0.0
Coquimbo,2016,4,0.0
Coquimbo,2016,5,0.0
Coquimbo,2016,6,0.0
Coquimbo,2016,7,0.0
Coquimbo,2016,8,0.0
Coquimbo,2016,9,0.01
Coquimbo,2016,10,0.03
Coquimbo,2016,11,0.01
Coquimbo,2016,12,0.0
Coquimbo,2016,13,0.0
Coquimbo,2016,14,0.11
Coquimbo,2016,15,0.06
Coquimbo,2016,16,0.01
Coquimbo,2016,17,0.0
Coquimbo,2016,18,0.27
Coquimbo,2016,19,0.43
Coquimbo,2016,20,0.04
Coquimbo,2016,21,2.51
Coquimbo,2016,22,2.86
Coquimbo,2016,23,0.07
Coquimbo,2016,24,0.03
Coquimbo,2016,25,0.61
Coquimbo,2016,26,2.14
Coquimbo,2016,27,0.0
Coquimbo,2016,28,0.03
Coquimbo,2016,29,0.07
Coquimbo,2016,30,1.81
Coquimbo,2016,31,0.0
Coquimbo,2016,32,0.0
Coquimbo,2016,33,0.0
Coquimbo,2016,34,0.0
Coquimbo,2016,35,0.0
Coquimbo,2016,36,0.0
Coquimbo,2016,37,0.0
Coquimbo,2016,38,0.0
Coquimbo,2016,39,0.01
Coquimbo,2016,40,0.04
Coquimbo,2016,41,0.01
Coquimbo,2016,42,0.07
Coquimbo,2016,43,0.0
Coquimbo,2016,44,0.0
Coquimbo,2016,45,0.01
Coquimbo,2016,46,0.0
Coquimbo,2016,47,0.0
Coquimbo,2016,48,0.01
Coquimbo,2016,49,0.09
Coquimbo,2016,50,0.0
Coquimbo,2016,51,0.0
Coquimbo,2016,52,0.0
Coquimbo,2017,1,0.0
Coquimbo,2017,2,0.0
Coquimbo,2017,3,0.0
Coquimbo,2017,4,0.01
Coquimbo,2017,5,0.06
Coquimbo,2017,6,0.0
Coquimbo,2017,7,0.0
Coquimbo,2017,8,0.0
Coquimbo,2017,9,0.0
Coquimbo,2017,10,0.0
Coquimbo,2017,11,0.06
Coquimbo,2017,12,0.0
Coquimbo,2017,13,0.0
Coquimbo,2017,14,0.0
Coquimbo,2017,15,0.0
Coquimbo,2017,16,0.0
Coquimbo,2017,17,0.0
Coquimbo,2017,18,0.0
Coquimbo,2017,19,15.8
Coquimbo,2017,20,1.91
Coquimbo,2017,21,0.31
Coquimbo,2017,22,0.0
Coquimbo,2017,23,0.2
Coquimbo,2017,24,4.01
Coquimbo,2017,25,0.17
Coquimbo,2017,26,4.54
Coquimbo,2017,27,0.19
Coquimbo,2017,28,0.0
Coquimbo,2017,29,0.0
Coquimbo,2017,30,0.0
Coquimbo,2017,31,0.0
Coquimbo,2017,32,1.91
Coquimbo,2017,33,0.0
Coquimbo,2017,34,0.0
Coquimbo,2017,35,0.0
Coquimbo,2017,36,0.2
Coquimbo,2017,37,0.0
Coquimbo,2017,38,0.0
Coquimbo,2017,39,0.03
Coquimbo,2017,40,0.0
Coquimbo,2017,41,0.0
Coquimbo,2017,42,0.0
Coquimbo,2017,43,0.0
Coquimbo,2017,44,0.04
Coquimbo,2017,45,0.0
Coquimbo,2017,46,0.0
Coquimbo,2017,47,0.0
Coquimbo,2017,48,0.0
Coquimbo,2017,49,0.0
Coquimbo,2017,50,0.0
Coquimbo,2017,51,0.0
Coquimbo,2017,52,0.0
Coquimbo,2018,1,0.01
Coquimbo,2018,2,0.0
Coquimbo,2018,3,0.0
Coquimbo,2018,4,0.0
Coquimbo,2018,5,0.0
Coquimbo,2018,6,0.0
Coquimbo,2018,7,0.0
Coquimbo,2018,8,0.01
Coquimbo,2018,9,0.0
Coquimbo,2018,10,0.0
Coquimbo,2018,11,0.0
Coquimbo,2018,12,0.0
Coquimbo,2018,13,0.0
Coquimbo,2018,14,0.0
Coquimbo,2018,15,0.14
Coquimbo,2018,16,0.0
Coquimbo,2018,17,0.0
Coquimbo,2018,18,0.0
Coquimbo,2018,19,0.0
Coquimbo,2018,20,0.0
Coquimbo,2018,21,0.0
Coquimbo,2018,22,0.8
Coquimbo,2018,23,2.57
Coquimbo,2018,24,2.59
Coquimbo,2018,25,0.01
Coquimbo,2018,26,0.03
Coquimbo,2018,27,0.57
Coquimbo,2018,28,0.0
Coquimbo,2018,29,0.01
Coquimbo,2018,30,1.0
Coquimbo,2018,31,0.0
Coquimbo,2018,32,0.0
Coquimbo,2018,33,0.0
Coquimbo,2018,34,0.0
Coquimbo,2018,35,0.0
Coquimbo,2018,36,0.0
Coquimbo,2018,37,0.03
Coquimbo,2018,38,0.0
Coquimbo,2018,39,0.0
Coquimbo,2018,40,0.0
Coquimbo,2018,41,1.06
Coquimbo,2018,42,0.0
Coquimbo,2018,43,0.0
Coquimbo,2018,44,0.0
Coquimbo,2018,45,0.0
Coquimbo,2018,46,0.0
Coquimbo,2018,47,0.0
Coquimbo,2018,48,0.0
Coquimbo,2018,49,0.0
Coquimbo,2018,50,0.01
Coquimbo,2018,51,0.01
Coquimbo,2018,52,0.0
Coquimbo,2019,1,0.13
Coquimbo,2019,2,0.0
Coquimbo,2019,3,0.01
Coquimbo,2019,4,0.01
Coquimbo,2019,5,0.0
Coquimbo,2019,6,0.07
Coquimbo,2019,7,0.0
Coquimbo,2019,8,0.0
Coquimbo,2019,9,0.0
Coquimbo,2019,10,0.0
Coquimbo,2019,11,0.0
Coquimbo,2019,12,0.0
Coquimbo,2019,13,0.04
Coquimbo,2019,14,0.0
Coquimbo,2019,15,0.01
Coquimbo,2019,16,0.0
Coquimbo,2019,17,1.5
Coquimbo,2019,18,0.0
Coquimbo,2019,19,0.09
Coquimbo,2019,20,0.0
Coquimbo,2019,21,0.06
Coquimbo,2019,22,1.27
Coquimbo,2019,23,0.0
Coquimbo,2019,24,0.39
Coquimbo,2019,25,0.91
Coquimbo,2019,26,0.04
Coquimbo,2019,27,0.06
Coquimbo,2019,28,0.0
Coquimbo,2019,29,0.0
Coquimbo,2019,30,0.0
Coquimbo,2019,31,0.0
Coquimbo,2019,32,0.0
Coquimbo,2019,33,0.0
Coquimbo,2019,34,0.01
Coquimbo,2019,35,0.0
Coquimbo,2019,36,0.26
Coquimbo,2019,37,0.07
Coquimbo,2019,38,0.09
Coquimbo,2019,39,0.0
Coquimbo,2019,40,0.06
Coquimbo,2019,41,0.0
Coquimbo,2019,42,0.11
Coquimbo,2019,43,0.0
Coquimbo,2019,44,0.01
Coquimbo,2019,45,0.03
Coquimbo,2019,46,0.0
Coquimbo,2019,47,0.04
Coquimbo,2019,48,0.0
Coquimbo,2019,49,0.0
Coquimbo,2019,50,0.0
Coquimbo,2019,51,0.0
Coquimbo,2019,52,0.0
Coquimbo,2020,1,0.03
Coquimbo,2020,2,0.01
Coquimbo,2020,3,0.0
Coquimbo,2020,4,0.0
Coquimbo,2020,5,0.0
Coquimbo,2020,6,0.01
Coquimbo,2020,7,0.0
Coquimbo,2020,8,0.0
Coquimbo,2020,9,0.0
Coquimbo,2020,10,0.0
Coquimbo,2020,11,0.0
Coquimbo,2020,12,0.0
Coquimbo,2020,13,0.01
Coquimbo,2020,14,0.0
Coquimbo,2020,15,0.0
Coquimbo,2020,16,0.0
Coquimbo,2020,17,0.0
Coquimbo,2020,18,0.0
Coquimbo,2020,19,0.0
Coquimbo,2020,20,0.0
Coquimbo,2020,21,0.0
Coquimbo,2020,22,1.87
Coquimbo,2020,23,1.19
Coquimbo,2020,24,0.0
Coquimbo,2020,25,4.06
Coquimbo,2020,26,2.03
Coquimbo,2020,27,4.53
Coquimbo,2020,28,0.0
Coquimbo,2020,29,0.0
Coquimbo,2020,30,0.04
Coquimbo,2020,31,0.0
Coquimbo,2020,32,0.0
Coquimbo,2020,33,0.0
Coquimbo,2020,34,0.26
Coquimbo,2020,35,0.97
Coquimbo,2020,36,0.0
Coquimbo,2020,37,0.0
Coquimbo,2020,38,0.0
Coquimbo,2020,39,0.06
Coquimbo,2020,40,0.0
Coquimbo,2020,41,0.0
Coquimbo,2020,42,0.07
Coquimbo,2020,43,0.0
Coquimbo,2020,44,0.0
Coquimbo,2020,45,0.09
Coquimbo,2020,46,0.0
Coquimbo,2020,47,0.0
Coquimbo,2020,48,0.0
Coquimbo,2020,49,0.0
Coquimbo,2020,50,0.0
Coquimbo,2020,51,0.0
Coquimbo,2020,52,0.01
Coquimbo,2020,53,0.0
Coquimbo,2021,1,0.0
Coquimbo,2021,2,0.0
Coquimbo,2021,3,0.0
Coquimbo,2021,4,0.0
Coquimbo,2021,5,0.0
Coquimbo,2021,6,0.0
Coquimbo,2021,7,0.0
Coquimbo,2021,8,0.0
Coquimbo,2021,9,0.03
Coquimbo,2021,10,0.0
Coquimbo,2021,11,0.0
Coquimbo,2021,12,0.0
Coquimbo,2021,13,0.0
Coquimbo,2021,14,0.0
Coquimbo,2021,15,0.0
Coquimbo,2021,16,0.0
Coquimbo,2021,17,0.0
Coquimbo,2021,18,0.0
Coquimbo,2021,19,0.0
Coquimbo,2021,20,0.26
Coquimbo,2021,21,0.13
Coquimbo,2021,22,0.01
Coquimbo,2021,23,0.0
Coquimbo,2021,24,0.53
Coquimbo,2021,25,1.37
Coquimbo,2021,26,0.0
Coquimbo,2021,27,0.07
Coquimbo,2021,28,0.0
Coquimbo,2021,29,0.03
Coquimbo,2021,30,0.0
Coquimbo,2021,31,0.1
Coquimbo,2021,32,0.0
Coquimbo,2021,33,0.0
Coquimbo,2021,34,0.3
Coquimbo,2021,35,0.13
Coquimbo,2021,36,0.19
Coquimbo,2021,37,0.0
Coquimbo,2021,38,0.04
Coquimbo,2021,39,0.0
Coquimbo,2021,40,0.03
Coquimbo,2021,41,0.0
Coquimbo,2021,42,0.03
Coquimbo,2021,43,0.14
Coquimbo,2021,44,0.0
Coquimbo,2021,45,0.0
Coquimbo,2021,46,0.01
Coquimbo,2021,47,0.1
Coquimbo,2021,48,0.0
Coquimbo,2021,49,0.13
Coquimbo,2021,50,0.06
Coquimbo,2021,51,0.17
Coquimbo,2021,52,0.07
Coquimbo,2022,1,0.03
Coquimbo,2022,2,0.04
Coquimbo,2022,3,0.0
Coquimbo,2022,4,0.0
Coquimbo,2022,5,0.2
Coquimbo,2022,6,0.09
Coquimbo,2022,7,0.11
Coquimbo,2022,8,0.0
Coquimbo,2022,9,0.0
Coquimbo,2022,10,0.04
Coquimbo,2022,11,0.06
Coquimbo,2022,12,0.0
Coquimbo,2022,13,0.0
Coquimbo,2022,14,0.03
Coquimbo,2022,15,0.0
Coquimbo,2022,16,0.03
Coquimbo,2022,17,0.0
Coquimbo,2022,18,0.04
Coquimbo,2022,19,0.0
Coquimbo,2022,20,0.17
Coquimbo,2022,21,0.0
Coquimbo,2022,22,2.01
Coquimbo,2022,23,0.03
Coquimbo,2022,24,0.0
Coquimbo,2022,25,1.1
Coquimbo,2022,26,1.84
Coquimbo,2022,27,5.81
Coquimbo,2022,28,11.27
Coquimbo,2022,29,0.0
Coquimbo,2022,30,0.0
Coquimbo,2022,31,2.26
Coquimbo,2022,32,0.0
Coquimbo,2022,33,0.07
Coquimbo,2022,34,0.0
Coquimbo,2022,35,0.0
Coquimbo,2022,36,0.2
Coquimbo,2022,37,0.06
Coquimbo,2022,38,0.01
Coquimbo,2022,39,0.0
Coquimbo,2022,40,0.07
Coquimbo,2022,41,0.03
Coquimbo,2022,42,0.0
Coquimbo,2022,43,0.1
Coquimbo,2022,44,0.0
Coquimbo,2022,45,0.13
Coquimbo,2022,46,0.03
Coquimbo,2022,47,0.0
Coquimbo,2022,48,0.07
Coquimbo,2022,49,0.0
Coquimbo,2022,50,0.19
Coquimbo,2022,51,0.03
Coquimbo,2022,52,0.03
Coquimbo,2023,1,0.07
Coquimbo,2023,2,0.0
Coquimbo,2023,3,0.01
Coquimbo,2023,4,0.0
Coquimbo,2023,5,0.0
Coquimbo,2023,6,0.09
Coquimbo,2023,7,0.0
Coquimbo,2023,8,0.0
Coquimbo,2023,9,0.09
Coquimbo,2023,10,0.0
Coquimbo,2023,11,0.0
Coquimbo,2023,12,0.04
Coquimbo,2023,13,0.0
Coquimbo,2023,14,0.07
Coquimbo,2023,15,0.0
Coquimbo,2023,16,0.0
Coquimbo,2023,17,0.0
Coquimbo,2023,18,0.0
Coquimbo,2023,19,0.0
Coquimbo,2023,20,0.1
Coquimbo,2023,21,0.0
Coquimbo,2023,22,0.0
Coquimbo,2023,23,0.0
Coquimbo,2023,24,0.03
Coquimbo,2023,25,0.03
Coquimbo,2023,26,0.0
Coquimbo,2023,27,0.0
Coquimbo,2023,28,0.9
Coquimbo,2023,29,0.0
Coquimbo,2023,30,0.0
Coquimbo,2023,31,0.04
Coquimbo,2023,32,0.0
Coquimbo,2023,33,0.17
Coquimbo,2023,34,0.0
Coquimbo,2023,35,0.06
Coquimbo,2023,36,0.0
Coquimbo,2023,37,0.0
Coquimbo,2023,38,0.0
Coquimbo,2023,39,0.0
Coquimbo,2023,40,0.0
Coquimbo,2023,41,0.0
Coquimbo,2023,42,0.0
Coquimbo,2023,43,0.01
Coquimbo,2023,44,0.06
Coquimbo,2023,45,0.57
Coquimbo,2023,46,0.0
Coquimbo,2023,47,0.0
Coquimbo,2023,48,0.04
Coquimbo,2023,49,0.07
Coquimbo,2023,50,0.06
Coquimbo,2023,51,0.04
Coquimbo,2023,52,0.11
Coquimbo,2024,1,0.01
Coquimbo,2024,2,0.0
Coquimbo,2024,3,0.0
Coquimbo,2024,4,0.06
Coquimbo,2024,5,0.16
Coquimbo,2024,6,0.0
Coquimbo,2024,7,0.07
Coquimbo,2024,8,0.06
Coquimbo,2024,9,0.07
Coquimbo,2024,10,0.06
Coquimbo,2024,11,0.0
Coquimbo,2024,12,0.0
Coquimbo,2024,13,0.06
Coquimbo,2024,14,0.0
Coquimbo,2024,15,0.43
Coquimbo,2024,16,0.04
Coquimbo,2024,17,0.0
Coquimbo,2024,18,0.0
Coquimbo,2024,19,2.4
Coquimbo,2024,20,0.0
Coquimbo,2024,21,1.56
Coquimbo,2024,22,0.0
Coquimbo,2024,23,0.77
Coquimbo,2024,24,8.76
Coquimbo,2024,25,1.31
Coquimbo,2024,26,0.0
Coquimbo,2024,27,0.0
Coquimbo,2024,28,0.0
Coquimbo,2024,29,0.14
Coquimbo,2024,30,0.0
Coquimbo,2024,31,7.1
Coquimbo,2024,32,0.0
Coquimbo,2024,33,0.01
Coquimbo,2024,34,0.0
Coquimbo,2024,35,0.0
Coquimbo,2024,36,0.0
Coquimbo,2024,37,0.0
Coquimbo,2024,38,0.01
Coquimbo,2024,39,0.0
Coquimbo,2024,40,0.01
Coquimbo,2024,41,0.16
Coquimbo,2024,42,0.14
Coquimbo,2024,43,0.04
Coquimbo,2024,44,0.03
Coquimbo,2024,45,0.01
Coquimbo,2024,46,0.06
Coquimbo,2024,47,0.0
Coquimbo,2024,48,0.0
Coquimbo,2024,49,0.0
Coquimbo,2024,50,0.0
Coquimbo,2024,51,0.0
Coquimbo,2024,52,0.0
Coquimbo,2025,1,0.03
Coquimbo,2025,2,0.01
Coquimbo,2025,3,0.0
Coquimbo,2025,4,0.06
Coquimbo,2025,5,0.06
Coquimbo,2025,6,0.04
Coquimbo,2025,7,0.0
Coquimbo,2025,8,0.07
Coquimbo,2025,9,0.0
Coquimbo,2025,10,0.0
Coquimbo,2025,11,0.01
Coquimbo,2025,12,0.04
Coquimbo,2025,13,0.0
Coquimbo,2025,14,0.0
Coquimbo,2025,15,0.0
Coquimbo,2025,16,0.0
Coquimbo,2025,17,0.0
Coquimbo,2025,18,0.0
Coquimbo,2025,19,0.0
Coquimbo,2025,20,0.0
Coquimbo,2025,21,0.0
Coquimbo,2025,22,0.0
Coquimbo,2025,23,0.0
Coquimbo,2025,24,2.01
Coquimbo,2025,25,2.13
Coquimbo,2025,26,0.44
Coquimbo,2025,27,0.0
Coquimbo,2025,28,0.0
Coquimbo,2025,29,0.0
Coquimbo,2025,30,0.04
Coquimbo,2025,31,7.04
Coquimbo,2025,32,0.03
Coquimbo,2025,33,0.79
Coquimbo,2025,34,2.34
Coquimbo,2025,35,0.57
Coquimbo,2025,36,0.0
Coquimbo,2025,37,0.01
Coquimbo,2025,38,0.0
Coquimbo,2025,39,0.03
Coquimbo,2025,40,0.14
Coquimbo,2025,41,0.0
Coquimbo,2025,42,0.03
Coquimbo,2025,43,0.0
Coquimbo,2025,44,0.0
Coquimbo,2025,45,0.01
Coquimbo,2025,46,0.0
Coquimbo,2025,47,0.07
Coquimbo,2025,48,0.01
Coquimbo,2025,49,0.16
Coquimbo,2025,50,0.01
Coquimbo,2025,51,0.03
Coquimbo,2025,52,0.0
Coquimbo,2026,1,0.13
Coquimbo,2026,2,0.06
Coquimbo,2026,3,0.06
Coquimbo,2026,4,0.14
Coquimbo,2026,5,0.13
Coquimbo,2026,6,0.04
Coquimbo,2026,7,0.0
Coquimbo,2026,8,0.0
Coquimbo,2026,9,0.0
Coquimbo,2026,10,0.0
Coquimbo,2026,11,0.0
Coquimbo,2026,12,0.0
Coquimbo,2026,13,0.0
Coquimbo,2026,14,0.0
Coquimbo,2026,15,0.0
Coquimbo,2026,16,0.0
Coquimbo,2026,17,0.0
Coquimbo,2026,18,0.03
Coquimbo,2026,19,0.0
Coquimbo,2026,20,0.0
Coquimbo,2026,21,0.07
Coquimbo,2026,22,0.0
Coquimbo,2026,23,0.0
Coquimbo,2026,24,0.07
Coquimbo,2026,25,0.27
La Araucanía,2014,1,0.2
La Araucanía,2014,2,0.63
La Araucanía,2014,3,0.0
La Araucanía,2014,4,9.27
La Araucanía,2014,5,1.2
La Araucanía,2014,6,2.77
La Araucanía,2014,7,0.0
La Araucanía,2014,8,0.0
La Araucanía,2014,9,0.0
La Araucanía,2014,10,0.9
La Araucanía,2014,11,2.87
La Araucanía,2014,12,0.27
La Araucanía,2014,13,8.34
La Araucanía,2014,14,5.9
La Araucanía,2014,15,2.91
La Araucanía,2014,16,0.26
La Araucanía,2014,17,1.27
La Araucanía,2014,18,10.83
La Araucanía,2014,19,3.51
La Araucanía,2014,20,12.01
La Araucanía,2014,21,1.5
La Araucanía,2014,22,9.46
La Araucanía,2014,23,24.43
La Araucanía,2014,24,15.67
La Araucanía,2014,25,3.67
La Araucanía,2014,26,0.01
La Araucanía,2014,27,8.66
La Araucanía,2014,28,1.0
La Araucanía,2014,29,9.23
La Araucanía,2014,30,8.89
La Araucanía,2014,31,20.37
La Araucanía,2014,32,5.9
La Araucanía,2014,33,1.54
La Araucanía,2014,34,2.67
La Araucanía,2014,35,2.26
La Araucanía,2014,36,8.84
La Araucanía,2014,37,3.11
La Araucanía,2014,38,1.84
La Araucanía,2014,39,12.19
La Araucanía,2014,40,0.13
La Araucanía,2014,41,0.76
La Araucanía,2014,42,3.03
La Araucanía,2014,43,1.8
La Araucanía,2014,44,4.49
La Araucanía,2014,45,0.71
La Araucanía,2014,46,0.03
La Araucanía,2014,47,2.46
La Araucanía,2014,48,0.34
La Araucanía,2014,49,0.37
La Araucanía,2014,50,0.03
La Araucanía,2014,51,0.93
La Araucanía,2014,52,0.0
La Araucanía,2015,1,1.66
La Araucanía,2015,2,0.0
La Araucanía,2015,3,0.0
La Araucanía,2015,4,0.03
La Araucanía,2015,5,0.03
La Araucanía,2015,6,0.0
La Araucanía,2015,7,0.0
La Araucanía,2015,8,0.01
La Araucanía,2015,9,0.01
La Araucanía,2015,10,0.24
La Araucanía,2015,11,0.0
La Araucanía,2015,12,0.19
La Araucanía,2015,13,0.57
La Araucanía,2015,14,2.97
La Araucanía,2015,15,0.69
La Araucanía,2015,16,6.06
La Araucanía,2015,17,0.0
La Araucanía,2015,18,2.63
La Araucanía,2015,19,1.61
La Araucanía,2015,20,7.21
La Araucanía,2015,21,7.99
La Araucanía,2015,22,17.14
La Araucanía,2015,23,26.61
La Araucanía,2015,24,6.97
La Araucanía,2015,25,2.93
La Araucanía,2015,26,1.0
La Araucanía,2015,27,6.07
La Araucanía,2015,28,10.0
La Araucanía,2015,29,13.67
La Araucanía,2015,30,7.24
La Araucanía,2015,31,13.8
La Araucanía,2015,32,12.11
La Araucanía,2015,33,3.04
La Araucanía,2015,34,4.1
La Araucanía,2015,35,17.0
La Araucanía,2015,36,1.93
La Araucanía,2015,37,5.61
La Araucanía,2015,38,0.36
La Araucanía,2015,39,9.46
La Araucanía,2015,40,6.33
La Araucanía,2015,41,2.69
La Araucanía,2015,42,6.07
La Araucanía,2015,43,3.06
La Araucanía,2015,44,0.4
La Araucanía,2015,45,0.97
La Araucanía,2015,46,0.76
La Araucanía,2015,47,3.11
La Araucanía,2015,48,1.23
La Araucanía,2015,49,0.77
La Araucanía,2015,50,6.63
La Araucanía,2015,51,1.43
La Araucanía,2015,52,2.51
La Araucanía,2015,53,0.0
La Araucanía,2016,1,1.5
La Araucanía,2016,2,0.09
La Araucanía,2016,3,0.06
La Araucanía,2016,4,2.27
La Araucanía,2016,5,0.0
La Araucanía,2016,6,0.16
La Araucanía,2016,7,0.34
La Araucanía,2016,8,0.06
La Araucanía,2016,9,0.0
La Araucanía,2016,10,0.0
La Araucanía,2016,11,1.03
La Araucanía,2016,12,0.01
La Araucanía,2016,13,3.3
La Araucanía,2016,14,0.84
La Araucanía,2016,15,5.71
La Araucanía,2016,16,10.37
La Araucanía,2016,17,0.26
La Araucanía,2016,18,1.49
La Araucanía,2016,19,2.41
La Araucanía,2016,20,5.51
La Araucanía,2016,21,5.27
La Araucanía,2016,22,0.63
La Araucanía,2016,23,1.31
La Araucanía,2016,24,0.0
La Araucanía,2016,25,0.44
La Araucanía,2016,26,1.16
La Araucanía,2016,27,4.2
La Araucanía,2016,28,14.36
La Araucanía,2016,29,15.23
La Araucanía,2016,30,4.31
La Araucanía,2016,31,4.29
La Araucanía,2016,32,7.36
La Araucanía,2016,33,15.2
La Araucanía,2016,34,1.84
La Araucanía,2016,35,1.49
La Araucanía,2016,36,3.4
La Araucanía,2016,37,3.16
La Araucanía,2016,38,0.0
La Araucanía,2016,39,1.8
La Araucanía,2016,40,2.06
La Araucanía,2016,41,12.8
La Araucanía,2016,42,0.57
La Araucanía,2016,43,0.33
La Araucanía,2016,44,5.0
La Araucanía,2016,45,0.07
La Araucanía,2016,46,2.27
La Araucanía,2016,47,3.44
La Araucanía,2016,48,2.51
La Araucanía,2016,49,3.01
La Araucanía,2016,50,0.37
La Araucanía,2016,51,6.94
La Araucanía,2016,52,0.96
La Araucanía,2017,1,1.76
La Araucanía,2017,2,0.6
La Araucanía,2017,3,0.01
La Araucanía,2017,4,0.0
La Araucanía,2017,5,2.73
La Araucanía,2017,6,0.0
La Araucanía,2017,7,2.4
La Araucanía,2017,8,0.04
La Araucanía,2017,9,4.07
La Araucanía,2017,10,5.4
La Araucanía,2017,11,0.04
La Araucanía,2017,12,0.59
La Araucanía,2017,13,0.87
La Araucanía,2017,14,9.56
La Araucanía,2017,15,0.06
La Araucanía,2017,16,1.37
La Araucanía,2017,17,2.73
La Araucanía,2017,18,11.23
La Araucanía,2017,19,2.51
La Araucanía,2017,20,5.01
La Araucanía,2017,21,0.19
La Araucanía,2017,22,3.59
La Araucanía,2017,23,4.2
La Araucanía,2017,24,12.67
La Araucanía,2017,25,6.71
La Araucanía,2017,26,3.26
La Araucanía,2017,27,4.16
La Araucanía,2017,28,7.04
La Araucanía,2017,29,2.33
La Araucanía,2017,30,2.19
La Araucanía,2017,31,1.97
La Araucanía,2017,32,11.66
La Araucanía,2017,33,5.54
La Araucanía,2017,34,10.19
La Araucanía,2017,35,7.1
La Araucanía,2017,36,2.43
La Araucanía,2017,37,1.66
La Araucanía,2017,38,1.01
La Araucanía,2017,39,7.64
La Araucanía,2017,40,10.83
La Araucanía,2017,41,1.14
La Araucanía,2017,42,3.2
La Araucanía,2017,43,3.4
La Araucanía,2017,44,5.34
La Araucanía,2017,45,0.21
La Araucanía,2017,46,1.16
La Araucanía,2017,47,0.0
La Araucanía,2017,48,0.06
La Araucanía,2017,49,0.0
La Araucanía,2017,50,1.8
La Araucanía,2017,51,0.47
La Araucanía,2017,52,1.9
La Araucanía,2018,1,2.41
La Araucanía,2018,2,0.03
La Araucanía,2018,3,0.46
La Araucanía,2018,4,0.04
La Araucanía,2018,5,0.11
La Araucanía,2018,6,0.36
La Araucanía,2018,7,0.2
La Araucanía,2018,8,2.41
La Araucanía,2018,9,0.1
La Araucanía,2018,10,2.81
La Araucanía,2018,11,13.59
La Araucanía,2018,12,2.61
La Araucanía,2018,13,0.36
La Araucanía,2018,14,4.24
La Araucanía,2018,15,9.73
La Araucanía,2018,16,1.13
La Araucanía,2018,17,2.84
La Araucanía,2018,18,2.43
La Araucanía,2018,19,4.03
La Araucanía,2018,20,6.47
La Araucanía,2018,21,3.93
La Araucanía,2018,22,7.54
La Araucanía,2018,23,10.0
La Araucanía,2018,24,1.19
La Araucanía,2018,25,1.33
La Araucanía,2018,26,14.34
La Araucanía,2018,27,4.84
La Araucanía,2018,28,4.57
La Araucanía,2018,29,1.93
La Araucanía,2018,30,0.06
La Araucanía,2018,31,6.51
La Araucanía,2018,32,3.74
La Araucanía,2018,33,3.17
La Araucanía,2018,34,4.1
La Araucanía,2018,35,2.51
La Araucanía,2018,36,0.94
La Araucanía,2018,37,1.99
La Araucanía,2018,38,10.01
La Araucanía,2018,39,5.93
La Araucanía,2018,40,1.83
La Araucanía,2018,41,1.79
La Araucanía,2018,42,10.07
La Araucanía,2018,43,5.59
La Araucanía,2018,44,4.86
La Araucanía,2018,45,7.6
La Araucanía,2018,46,1.5
La Araucanía,2018,47,1.14
La Araucanía,2018,48,0.23
La Araucanía,2018,49,0.51
La Araucanía,2018,50,3.44
La Araucanía,2018,51,0.06
La Araucanía,2018,52,1.77
La Araucanía,2019,1,0.0
La Araucanía,2019,2,2.29
La Araucanía,2019,3,0.31
La Araucanía,2019,4,0.0
La Araucanía,2019,5,0.0
La Araucanía,2019,6,0.69
La Araucanía,2019,7,0.0
La Araucanía,2019,8,1.17
La Araucanía,2019,9,0.11
La Araucanía,2019,10,3.07
La Araucanía,2019,11,0.16
La Araucanía,2019,12,0.17
La Araucanía,2019,13,0.0
La Araucanía,2019,14,1.16
La Araucanía,2019,15,1.74
La Araucanía,2019,16,0.0
La Araucanía,2019,17,1.8
La Araucanía,2019,18,13.46
La Araucanía,2019,19,0.86
La Araucanía,2019,20,2.9
La Araucanía,2019,21,0.13
La Araucanía,2019,22,6.97
La Araucanía,2019,23,7.63
La Araucanía,2019,24,5.44
La Araucanía,2019,25,2.86
La Araucanía,2019,26,17.36
La Araucanía,2019,27,2.74
La Araucanía,2019,28,4.61
La Araucanía,2019,29,15.43
La Araucanía,2019,30,1.27
La Araucanía,2019,31,6.64
La Araucanía,2019,32,4.5
La Araucanía,2019,33,3.69
La Araucanía,2019,34,2.2
La Araucanía,2019,35,4.76
La Araucanía,2019,36,1.11
La Araucanía,2019,37,3.23
La Araucanía,2019,38,1.39
La Araucanía,2019,39,1.2
La Araucanía,2019,40,4.37
La Araucanía,2019,41,0.37
La Araucanía,2019,42,0.87
La Araucanía,2019,43,3.2
La Araucanía,2019,44,4.67
La Araucanía,2019,45,0.56
La Araucanía,2019,46,0.63
La Araucanía,2019,47,0.5
La Araucanía,2019,48,3.27
La Araucanía,2019,49,0.01
La Araucanía,2019,50,0.29
La Araucanía,2019,51,1.81
La Araucanía,2019,52,1.13
La Araucanía,2020,1,0.09
La Araucanía,2020,2,2.44
La Araucanía,2020,3,0.13
La Araucanía,2020,4,0.0
La Araucanía,2020,5,0.41
La Araucanía,2020,6,2.89
La Araucanía,2020,7,0.36
La Araucanía,2020,8,0.74
La Araucanía,2020,9,0.0
La Araucanía,2020,10,0.27
La Araucanía,2020,11,0.21
La Araucanía,2020,12,0.0
La Araucanía,2020,13,2.19
La Araucanía,2020,14,0.17
La Araucanía,2020,15,0.19
La Araucanía,2020,16,3.33
La Araucanía,2020,17,1.51
La Araucanía,2020,18,1.79
La Araucanía,2020,19,4.31
La Araucanía,2020,20,1.13
La Araucanía,2020,21,8.24
La Araucanía,2020,22,0.03
La Araucanía,2020,23,1.73
La Araucanía,2020,24,9.41
La Araucanía,2020,25,11.19
La Araucanía,2020,26,9.21
La Araucanía,2020,27,8.64
La Araucanía,2020,28,17.54
La Araucanía,2020,29,7.47
La Araucanía,2020,30,8.77
La Araucanía,2020,31,3.77
La Araucanía,2020,32,3.77
La Araucanía,2020,33,4.39
La Araucanía,2020,34,0.59
La Araucanía,2020,35,3.24
La Araucanía,2020,36,0.57
La Araucanía,2020,37,5.66
La Araucanía,2020,38,1.49
La Araucanía,2020,39,0.73
La Araucanía,2020,40,1.7
La Araucanía,2020,41,0.7
La Araucanía,2020,42,0.09
La Araucanía,2020,43,2.01
La Araucanía,2020,44,2.61
La Araucanía,2020,45,0.3
La Araucanía,2020,46,0.59
La Araucanía,2020,47,0.31
La Araucanía,2020,48,2.33
La Araucanía,2020,49,0.06
La Araucanía,2020,50,4.61
La Araucanía,2020,51,2.11
La Araucanía,2020,52,0.0
La Araucanía,2020,53,1.34
La Araucanía,2021,1,0.83
La Araucanía,2021,2,0.41
La Araucanía,2021,3,0.0
La Araucanía,2021,4,6.94
La Araucanía,2021,5,0.11
La Araucanía,2021,6,0.0
La Araucanía,2021,7,1.53
La Araucanía,2021,8,0.0
La Araucanía,2021,9,0.24
La Araucanía,2021,10,1.69
La Araucanía,2021,11,0.44
La Araucanía,2021,12,0.0
La Araucanía,2021,13,0.0
La Araucanía,2021,14,3.34
La Araucanía,2021,15,0.1
La Araucanía,2021,16,0.29
La Araucanía,2021,17,4.43
La Araucanía,2021,18,0.73
La Araucanía,2021,19,0.04
La Araucanía,2021,20,2.63
La Araucanía,2021,21,4.43
La Araucanía,2021,22,18.07
La Araucanía,2021,23,7.91
La Araucanía,2021,24,0.0
La Araucanía,2021,25,7.51
La Araucanía,2021,26,2.2
La Araucanía,2021,27,3.73
La Araucanía,2021,28,0.94
La Araucanía,2021,29,2.24
La Araucanía,2021,30,0.76
La Araucanía,2021,31,1.84
La Araucanía,2021,32,0.73
La Araucanía,2021,33,11.64
La Araucanía,2021,34,5.61
La Araucanía,2021,35,2.17
La Araucanía,2021,36,3.9
La Araucanía,2021,37,0.66
La Araucanía,2021,38,1.29
La Araucanía,2021,39,2.8
La Araucanía,2021,40,0.04
La Araucanía,2021,41,3.99
La Araucanía,2021,42,0.83
La Araucanía,2021,43,0.03
La Araucanía,2021,44,1.51
La Araucanía,2021,45,0.4
La Araucanía,2021,46,0.99
La Araucanía,2021,47,0.23
La Araucanía,2021,48,0.04
La Araucanía,2021,49,2.09
La Araucanía,2021,50,0.04
La Araucanía,2021,51,0.0
La Araucanía,2021,52,4.09
La Araucanía,2022,1,1.54
La Araucanía,2022,2,0.2
La Araucanía,2022,3,1.87
La Araucanía,2022,4,0.5
La Araucanía,2022,5,0.1
La Araucanía,2022,6,0.0
La Araucanía,2022,7,0.26
La Araucanía,2022,8,4.34
La Araucanía,2022,9,4.01
La Araucanía,2022,10,2.7
La Araucanía,2022,11,2.81
La Araucanía,2022,12,3.16
La Araucanía,2022,13,2.7
La Araucanía,2022,14,3.39
La Araucanía,2022,15,0.4
La Araucanía,2022,16,13.67
La Araucanía,2022,17,8.24
La Araucanía,2022,18,0.71
La Araucanía,2022,19,1.71
La Araucanía,2022,20,5.49
La Araucanía,2022,21,2.51
La Araucanía,2022,22,7.89
La Araucanía,2022,23,3.03
La Araucanía,2022,24,8.3
La Araucanía,2022,25,5.09
La Araucanía,2022,26,14.74
La Araucanía,2022,27,8.99
La Araucanía,2022,28,9.84
La Araucanía,2022,29,11.36
La Araucanía,2022,30,1.64
La Araucanía,2022,31,5.94
La Araucanía,2022,32,5.16
La Araucanía,2022,33,9.27
La Araucanía,2022,34,1.36
La Araucanía,2022,35,0.11
La Araucanía,2022,36,1.06
La Araucanía,2022,37,8.2
La Araucanía,2022,38,2.57
La Araucanía,2022,39,1.91
La Araucanía,2022,40,6.57
La Araucanía,2022,41,0.69
La Araucanía,2022,42,0.54
La Araucanía,2022,43,8.77
La Araucanía,2022,44,0.04
La Araucanía,2022,45,4.69
La Araucanía,2022,46,1.23
La Araucanía,2022,47,0.19
La Araucanía,2022,48,0.11
La Araucanía,2022,49,4.01
La Araucanía,2022,50,0.27
La Araucanía,2022,51,1.39
La Araucanía,2022,52,0.19
La Araucanía,2023,1,0.01
La Araucanía,2023,2,0.0
La Araucanía,2023,3,0.01
La Araucanía,2023,4,3.77
La Araucanía,2023,5,0.06
La Araucanía,2023,6,0.69
La Araucanía,2023,7,0.13
La Araucanía,2023,8,0.39
La Araucanía,2023,9,0.03
La Araucanía,2023,10,5.31
La Araucanía,2023,11,3.6
La Araucanía,2023,12,0.0
La Araucanía,2023,13,2.9
La Araucanía,2023,14,0.61
La Araucanía,2023,15,2.13
La Araucanía,2023,16,1.56
La Araucanía,2023,17,9.71
La Araucanía,2023,18,0.47
La Araucanía,2023,19,0.06
La Araucanía,2023,20,8.4
La Araucanía,2023,21,7.64
La Araucanía,2023,22,10.94
La Araucanía,2023,23,9.51
La Araucanía,2023,24,0.09
La Araucanía,2023,25,13.01
La Araucanía,2023,26,5.97
La Araucanía,2023,27,4.57
La Araucanía,2023,28,3.03
La Araucanía,2023,29,15.23
La Araucanía,2023,30,4.53
La Araucanía,2023,31,1.59
La Araucanía,2023,32,2.84
La Araucanía,2023,33,18.2
La Araucanía,2023,34,7.24
La Araucanía,2023,35,7.26
La Araucanía,2023,36,13.31
La Araucanía,2023,37,12.74
La Araucanía,2023,38,4.34
La Araucanía,2023,39,1.14
La Araucanía,2023,40,1.36
La Araucanía,2023,41,0.21
La Araucanía,2023,42,0.0
La Araucanía,2023,43,7.16
La Araucanía,2023,44,1.21
La Araucanía,2023,45,6.64
La Araucanía,2023,46,3.76
La Araucanía,2023,47,0.93
La Araucanía,2023,48,1.0
La Araucanía,2023,49,0.01
La Araucanía,2023,50,3.61
La Araucanía,2023,51,0.64
La Araucanía,2023,52,0.23
La Araucanía,2024,1,0.73
La Araucanía,2024,2,0.06
La Araucanía,2024,3,0.09
La Araucanía,2024,4,0.0
La Araucanía,2024,5,0.14
La Araucanía,2024,6,0.74
La Araucanía,2024,7,0.01
La Araucanía,2024,8,0.11
La Araucanía,2024,9,0.01
La Araucanía,2024,10,1.47
La Araucanía,2024,11,2.04
La Araucanía,2024,12,15.39
La Araucanía,2024,13,0.14
La Araucanía,2024,14,2.71
La Araucanía,2024,15,1.09
La Araucanía,2024,16,3.73
La Araucanía,2024,17,7.8
La Araucanía,2024,18,14.76
La Araucanía,2024,19,7.91
La Araucanía,2024,20,1.87
La Araucanía,2024,21,1.66
La Araucanía,2024,22,2.77
La Araucanía,2024,23,10.59
La Araucanía,2024,24,18.7
La Araucanía,2024,25,11.3
La Araucanía,2024,26,12.57
La Araucanía,2024,27,2.87
La Araucanía,2024,28,0.0
La Araucanía,2024,29,0.87
La Araucanía,2024,30,1.24
La Araucanía,2024,31,15.01
La Araucanía,2024,32,2.74
La Araucanía,2024,33,1.11
La Araucanía,2024,34,1.69
La Araucanía,2024,35,2.67
La Araucanía,2024,36,3.0
La Araucanía,2024,37,2.13
La Araucanía,2024,38,7.4
La Araucanía,2024,39,6.0
La Araucanía,2024,40,3.47
La Araucanía,2024,41,1.93
La Araucanía,2024,42,3.93
La Araucanía,2024,43,1.51
La Araucanía,2024,44,3.07
La Araucanía,2024,45,4.86
La Araucanía,2024,46,1.14
La Araucanía,2024,47,0.56
La Araucanía,2024,48,2.03
La Araucanía,2024,49,1.64
La Araucanía,2024,50,0.03
La Araucanía,2024,51,0.34
La Araucanía,2024,52,0.07
La Araucanía,2025,1,0.03
La Araucanía,2025,2,0.0
La Araucanía,2025,3,1.67
La Araucanía,2025,4,1.16
La Araucanía,2025,5,0.3
La Araucanía,2025,6,0.0
La Araucanía,2025,7,0.06
La Araucanía,2025,8,0.24
La Araucanía,2025,9,1.8
La Araucanía,2025,10,5.43
La Araucanía,2025,11,0.34
La Araucanía,2025,12,0.09
La Araucanía,2025,13,3.31
La Araucanía,2025,14,0.34
La Araucanía,2025,15,5.66
La Araucanía,2025,16,6.07
La Araucanía,2025,17,15.24
La Araucanía,2025,18,3.39
La Araucanía,2025,19,2.36
La Araucanía,2025,20,7.97
La Araucanía,2025,21,2.43
La Araucanía,2025,22,2.99
La Araucanía,2025,23,2.96
La Araucanía,2025,24,13.27
La Araucanía,2025,25,5.1
La Araucanía,2025,26,1.97
La Araucanía,2025,27,3.31
La Araucanía,2025,28,0.0
La Araucanía,2025,29,0.91
La Araucanía,2025,30,8.16
La Araucanía,2025,31,12.41
La Araucanía,2025,32,2.13
La Araucanía,2025,33,2.29
La Araucanía,2025,34,8.37
La Araucanía,2025,35,1.03
La Araucanía,2025,36,1.34
La Araucanía,2025,37,9.23
La Araucanía,2025,38,7.0
La Araucanía,2025,39,2.2
La Araucanía,2025,40,4.94
La Araucanía,2025,41,2.73
La Araucanía,2025,42,2.6
La Araucanía,2025,43,1.81
La Araucanía,2025,44,0.61
La Araucanía,2025,45,1.36
La Araucanía,2025,46,1.94
La Araucanía,2025,47,0.44
La Araucanía,2025,48,1.13
La Araucanía,2025,49,0.21
La Araucanía,2025,50,1.11
La Araucanía,2025,51,4.23
La Araucanía,2025,52,0.7
La Araucanía,2026,1,0.0
La Araucanía,2026,2,0.3
La Araucanía,2026,3,0.26
La Araucanía,2026,4,0.0
La Araucanía,2026,5,5.79
La Araucanía,2026,6,1.69
La Araucanía,2026,7,2.99
La Araucanía,2026,8,4.77
La Araucanía,2026,9,4.07
La Araucanía,2026,10,0.77
La Araucanía,2026,11,6.07
La Araucanía,2026,12,11.63
La Araucanía,2026,13,0.63
La Araucanía,2026,14,0.86
La Araucanía,2026,15,0.8
La Araucanía,2026,16,9.46
La Araucanía,2026,17,1.27
La Araucanía,2026,18,4.8
La Araucanía,2026,19,8.71
La Araucanía,2026,20,0.0
La Araucanía,2026,21,0.0
La Araucanía,2026,22,0.47
La Araucanía,2026,23,2.2
La Araucanía,2026,24,8.96
La Araucanía,2026,25,0.0
Los Lagos,2014,1,3.7
Los Lagos,2014,2,2.53
Los Lagos,2014,3,0.0
Los Lagos,2014,4,9.37
Los Lagos,2014,5,5.49
Los Lagos,2014,6,10.2
Los Lagos,2014,7,0.03
Los Lagos,2014,8,0.39
Los Lagos,2014,9,0.17
Los Lagos,2014,10,3.54
Los Lagos,2014,11,8.17
Los Lagos,2014,12,0.64
Los Lagos,2014,13,11.06
Los Lagos,2014,14,1.56
Los Lagos,2014,15,9.0
Los Lagos,2014,16,4.29
Los Lagos,2014,17,3.04
Los Lagos,2014,18,10.83
Los Lagos,2014,19,10.96
Los Lagos,2014,20,9.14
Los Lagos,2014,21,4.43
Los Lagos,2014,22,22.03
Los Lagos,2014,23,20.84
Los Lagos,2014,24,14.64
Los Lagos,2014,25,7.3
Los Lagos,2014,26,1.1
Los Lagos,2014,27,11.23
Los Lagos,2014,28,2.07
Los Lagos,2014,29,11.13
Los Lagos,2014,30,13.96
Los Lagos,2014,31,24.87
Los Lagos,2014,32,10.06
Los Lagos,2014,33,5.27
Los Lagos,2014,34,3.61
Los Lagos,2014,35,2.93
Los Lagos,2014,36,8.66
Los Lagos,2014,37,6.01
Los Lagos,2014,38,9.81
Los Lagos,2014,39,12.66
Los Lagos,2014,40,3.21
Los Lagos,2014,41,1.6
Los Lagos,2014,42,12.16
Los Lagos,2014,43,3.71
Los Lagos,2014,44,9.79
Los Lagos,2014,45,3.4
Los Lagos,2014,46,0.24
Los Lagos,2014,47,7.41
Los Lagos,2014,48,2.7
Los Lagos,2014,49,1.14
Los Lagos,2014,50,0.1
Los Lagos,2014,51,5.03
Los Lagos,2014,52,1.57
Los Lagos,2015,1,3.61
Los Lagos,2015,2,0.47
Los Lagos,2015,3,0.74
Los Lagos,2015,4,0.0
Los Lagos,2015,5,1.0
Los Lagos,2015,6,1.74
Los Lagos,2015,7,0.31
Los Lagos,2015,8,0.24
Los Lagos,2015,9,0.1
Los Lagos,2015,10,5.26
Los Lagos,2015,11,0.43
Los Lagos,2015,12,3.17
Los Lagos,2015,13,2.1
Los Lagos,2015,14,8.9
Los Lagos,2015,15,5.44
Los Lagos,2015,16,12.5
Los Lagos,2015,17,0.06
Los Lagos,2015,18,3.96
Los Lagos,2015,19,5.24
Los Lagos,2015,20,16.33
Los Lagos,2015,21,11.69
Los Lagos,2015,22,10.96
Los Lagos,2015,23,26.19
Los Lagos,2015,24,6.79
Los Lagos,2015,25,6.11
Los Lagos,2015,26,3.09
Los Lagos,2015,27,4.03
Los Lagos,2015,28,14.06
Los Lagos,2015,29,19.23
Los Lagos,2015,30,17.96
Los Lagos,2015,31,15.2
Los Lagos,2015,32,11.4
Los Lagos,2015,33,4.3
Los Lagos,2015,34,8.56
Los Lagos,2015,35,28.37
Los Lagos,2015,36,1.67
Los Lagos,2015,37,6.74
Los Lagos,2015,38,0.8
Los Lagos,2015,39,8.83
Los Lagos,2015,40,3.51
Los Lagos,2015,41,4.74
Los Lagos,2015,42,5.1
Los Lagos,2015,43,4.24
Los Lagos,2015,44,1.73
Los Lagos,2015,45,1.81
Los Lagos,2015,46,4.11
Los Lagos,2015,47,10.97
Los Lagos,2015,48,4.09
Los Lagos,2015,49,0.84
Los Lagos,2015,50,5.53
Los Lagos,2015,51,1.0
Los Lagos,2015,52,6.4
Los Lagos,2015,53,0.46
Los Lagos,2016,1,0.01
Los Lagos,2016,2,2.61
Los Lagos,2016,3,0.33
Los Lagos,2016,4,3.36
Los Lagos,2016,5,0.07
Los Lagos,2016,6,3.76
Los Lagos,2016,7,1.24
Los Lagos,2016,8,2.89
Los Lagos,2016,9,0.0
Los Lagos,2016,10,0.33
Los Lagos,2016,11,2.64
Los Lagos,2016,12,0.39
Los Lagos,2016,13,4.14
Los Lagos,2016,14,1.59
Los Lagos,2016,15,7.57
Los Lagos,2016,16,14.61
Los Lagos,2016,17,0.39
Los Lagos,2016,18,2.63
Los Lagos,2016,19,1.16
Los Lagos,2016,20,0.0
Los Lagos,2016,21,3.96
Los Lagos,2016,22,1.67
Los Lagos,2016,23,3.31
Los Lagos,2016,24,0.26
Los Lagos,2016,25,2.26
Los Lagos,2016,26,2.33
Los Lagos,2016,27,8.83
Los Lagos,2016,28,6.17
Los Lagos,2016,29,4.03
Los Lagos,2016,30,6.71
Los Lagos,2016,31,12.21
Los Lagos,2016,32,10.3
Los Lagos,2016,33,14.1
Los Lagos,2016,34,3.69
Los Lagos,2016,35,4.83
Los Lagos,2016,36,6.67
Los Lagos,2016,37,9.53
Los Lagos,2016,38,0.9
Los Lagos,2016,39,3.0
Los Lagos,2016,40,5.33
Los Lagos,2016,41,10.44
Los Lagos,2016,42,1.6
Los Lagos,2016,43,1.66
Los Lagos,2016,44,11.46
Los Lagos,2016,45,3.73
Los Lagos,2016,46,3.4
Los Lagos,2016,47,4.21
Los Lagos,2016,48,2.94
Los Lagos,2016,49,5.86
Los Lagos,2016,50,3.17
Los Lagos,2016,51,9.51
Los Lagos,2016,52,2.19
Los Lagos,2017,1,13.3
Los Lagos,2017,2,1.13
Los Lagos,2017,3,0.79
Los Lagos,2017,4,0.46
Los Lagos,2017,5,2.93
Los Lagos,2017,6,0.3
Los Lagos,2017,7,14.81
Los Lagos,2017,8,0.97
Los Lagos,2017,9,6.51
Los Lagos,2017,10,7.91
Los Lagos,2017,11,0.33
Los Lagos,2017,12,0.26
Los Lagos,2017,13,2.14
Los Lagos,2017,14,10.2
Los Lagos,2017,15,0.17
Los Lagos,2017,16,4.43
Los Lagos,2017,17,11.53
Los Lagos,2017,18,15.44
Los Lagos,2017,19,7.2
Los Lagos,2017,20,12.44
Los Lagos,2017,21,1.03
Los Lagos,2017,22,6.73
Los Lagos,2017,23,8.19
Los Lagos,2017,24,16.43
Los Lagos,2017,25,8.6
Los Lagos,2017,26,4.14
Los Lagos,2017,27,5.83
Los Lagos,2017,28,5.63
Los Lagos,2017,29,5.4
Los Lagos,2017,30,5.67
Los Lagos,2017,31,2.23
Los Lagos,2017,32,15.59
Los Lagos,2017,33,11.84
Los Lagos,2017,34,18.06
Los Lagos,2017,35,11.96
Los Lagos,2017,36,5.54
Los Lagos,2017,37,2.87
Los Lagos,2017,38,3.54
Los Lagos,2017,39,8.41
Los Lagos,2017,40,15.16
Los Lagos,2017,41,1.91
Los Lagos,2017,42,6.77
Los Lagos,2017,43,9.03
Los Lagos,2017,44,6.54
Los Lagos,2017,45,1.63
Los Lagos,2017,46,5.33
Los Lagos,2017,47,0.37
Los Lagos,2017,48,0.06
Los Lagos,2017,49,0.49
Los Lagos,2017,50,6.74
Los Lagos,2017,51,2.39
Los Lagos,2017,52,6.41
Los Lagos,2018,1,8.29
Los Lagos,2018,2,0.97
Los Lagos,2018,3,0.13
Los Lagos,2018,4,0.57
Los Lagos,2018,5,0.53
Los Lagos,2018,6,2.81
Los Lagos,2018,7,0.87
Los Lagos,2018,8,0.97
Los Lagos,2018,9,4.2
Los Lagos,2018,10,8.0
Los Lagos,2018,11,12.96
Los Lagos,2018,12,6.9
Los Lagos,2018,13,1.59
Los Lagos,2018,14,4.39
Los Lagos,2018,15,5.59
Los Lagos,2018,16,5.47
Los Lagos,2018,17,6.04
Los Lagos,2018,18,5.46
Los Lagos,2018,19,5.43
Los Lagos,2018,20,8.01
Los Lagos,2018,21,9.6
Los Lagos,2018,22,3.47
Los Lagos,2018,23,6.87
Los Lagos,2018,24,2.64
Los Lagos,2018,25,11.84
Los Lagos,2018,26,12.0
Los Lagos,2018,27,1.33
Los Lagos,2018,28,9.16
Los Lagos,2018,29,3.29
Los Lagos,2018,30,0.81
Los Lagos,2018,31,8.34
Los Lagos,2018,32,12.54
Los Lagos,2018,33,5.24
Los Lagos,2018,34,6.41
Los Lagos,2018,35,9.76
Los Lagos,2018,36,2.59
Los Lagos,2018,37,4.06
Los Lagos,2018,38,15.26
Los Lagos,2018,39,8.66
Los Lagos,2018,40,6.83
Los Lagos,2018,41,4.09
Los Lagos,2018,42,9.24
Los Lagos,2018,43,4.61
Los Lagos,2018,44,6.49
Los Lagos,2018,45,5.94
Los Lagos,2018,46,2.61
Los Lagos,2018,47,9.97
Los Lagos,2018,48,1.39
Los Lagos,2018,49,0.94
Los Lagos,2018,50,7.31
Los Lagos,2018,51,0.93
Los Lagos,2018,52,4.91
Los Lagos,2019,1,2.13
Los Lagos,2019,2,5.09
Los Lagos,2019,3,2.44
Los Lagos,2019,4,1.2
Los Lagos,2019,5,0.41
Los Lagos,2019,6,2.09
Los Lagos,2019,7,0.03
Los Lagos,2019,8,3.16
Los Lagos,2019,9,1.47
Los Lagos,2019,10,7.51
Los Lagos,2019,11,1.23
Los Lagos,2019,12,5.23
Los Lagos,2019,13,0.14
Los Lagos,2019,14,3.63
Los Lagos,2019,15,4.36
Los Lagos,2019,16,3.76
Los Lagos,2019,17,4.33
Los Lagos,2019,18,15.79
Los Lagos,2019,19,2.71
Los Lagos,2019,20,4.96
Los Lagos,2019,21,2.87
Los Lagos,2019,22,7.5
Los Lagos,2019,23,14.39
Los Lagos,2019,24,3.43
Los Lagos,2019,25,6.61
Los Lagos,2019,26,10.47
Los Lagos,2019,27,4.71
Los Lagos,2019,28,7.69
Los Lagos,2019,29,15.13
Los Lagos,2019,30,4.13
Los Lagos,2019,31,8.31
Los Lagos,2019,32,8.6
Los Lagos,2019,33,3.2
Los Lagos,2019,34,4.91
Los Lagos,2019,35,7.24
Los Lagos,2019,36,1.99
Los Lagos,2019,37,5.69
Los Lagos,2019,38,3.81
Los Lagos,2019,39,1.94
Los Lagos,2019,40,5.21
Los Lagos,2019,41,3.04
Los Lagos,2019,42,2.24
Los Lagos,2019,43,3.67
Los Lagos,2019,44,13.53
Los Lagos,2019,45,1.36
Los Lagos,2019,46,3.29
Los Lagos,2019,47,2.3
Los Lagos,2019,48,7.81
Los Lagos,2019,49,1.06
Los Lagos,2019,50,3.16
Los Lagos,2019,51,4.07
Los Lagos,2019,52,5.29
Los Lagos,2020,1,1.99
Los Lagos,2020,2,6.54
Los Lagos,2020,3,1.81
Los Lagos,2020,4,1.53
Los Lagos,2020,5,4.93
Los Lagos,2020,6,4.81
Los Lagos,2020,7,3.84
Los Lagos,2020,8,1.64
Los Lagos,2020,9,1.04
Los Lagos,2020,10,1.16
Los Lagos,2020,11,5.57
Los Lagos,2020,12,1.34
Los Lagos,2020,13,6.81
Los Lagos,2020,14,2.17
Los Lagos,2020,15,1.73
Los Lagos,2020,16,11.37
Los Lagos,2020,17,1.9
Los Lagos,2020,18,6.64
Los Lagos,2020,19,13.01
Los Lagos,2020,20,8.2
Los Lagos,2020,21,8.37
Los Lagos,2020,22,1.41
Los Lagos,2020,23,6.1
Los Lagos,2020,24,13.13
Los Lagos,2020,25,12.96
Los Lagos,2020,26,6.9
Los Lagos,2020,27,8.2
Los Lagos,2020,28,11.53
Los Lagos,2020,29,12.79
Los Lagos,2020,30,6.37
Los Lagos,2020,31,4.54
Los Lagos,2020,32,13.26
Los Lagos,2020,33,7.8
Los Lagos,2020,34,1.37
Los Lagos,2020,35,7.43
Los Lagos,2020,36,1.57
Los Lagos,2020,37,8.29
Los Lagos,2020,38,2.39
Los Lagos,2020,39,0.73
Los Lagos,2020,40,5.43
Los Lagos,2020,41,3.21
Los Lagos,2020,42,1.86
Los Lagos,2020,43,2.59
Los Lagos,2020,44,4.76
Los Lagos,2020,45,2.74
Los Lagos,2020,46,2.49
Los Lagos,2020,47,1.67
Los Lagos,2020,48,6.47
Los Lagos,2020,49,0.6
Los Lagos,2020,50,9.69
Los Lagos,2020,51,3.8
Los Lagos,2020,52,1.27
Los Lagos,2020,53,2.57
Los Lagos,2021,1,3.36
Los Lagos,2021,2,3.43
Los Lagos,2021,3,0.14
Los Lagos,2021,4,2.74
Los Lagos,2021,5,0.0
Los Lagos,2021,6,0.04
Los Lagos,2021,7,3.34
Los Lagos,2021,8,0.24
Los Lagos,2021,9,2.46
Los Lagos,2021,10,2.43
Los Lagos,2021,11,0.71
Los Lagos,2021,12,1.01
Los Lagos,2021,13,1.46
Los Lagos,2021,14,6.39
Los Lagos,2021,15,2.23
Los Lagos,2021,16,8.66
Los Lagos,2021,17,12.23
Los Lagos,2021,18,1.47
Los Lagos,2021,19,0.89
Los Lagos,2021,20,4.01
Los Lagos,2021,21,12.81
Los Lagos,2021,22,11.57
Los Lagos,2021,23,14.54
Los Lagos,2021,24,0.03
Los Lagos,2021,25,13.89
Los Lagos,2021,26,2.97
Los Lagos,2021,27,10.53
Los Lagos,2021,28,3.21
Los Lagos,2021,29,2.87
Los Lagos,2021,30,2.43
Los Lagos,2021,31,2.24
Los Lagos,2021,32,1.4
Los Lagos,2021,33,13.91
Los Lagos,2021,34,10.14
Los Lagos,2021,35,4.06
Los Lagos,2021,36,7.14
Los Lagos,2021,37,3.31
Los Lagos,2021,38,3.1
Los Lagos,2021,39,4.86
Los Lagos,2021,40,0.56
Los Lagos,2021,41,4.8
Los Lagos,2021,42,2.53
Los Lagos,2021,43,2.01
Los Lagos,2021,44,5.3
Los Lagos,2021,45,6.24
Los Lagos,2021,46,1.26
Los Lagos,2021,47,1.36
Los Lagos,2021,48,1.13
Los Lagos,2021,49,5.73
Los Lagos,2021,50,1.04
Los Lagos,2021,51,0.23
Los Lagos,2021,52,9.07
Los Lagos,2022,1,4.56
Los Lagos,2022,2,3.17
Los Lagos,2022,3,7.17
Los Lagos,2022,4,0.79
Los Lagos,2022,5,1.44
Los Lagos,2022,6,0.44
Los Lagos,2022,7,1.97
Los Lagos,2022,8,7.6
Los Lagos,2022,9,7.3
Los Lagos,2022,10,3.04
Los Lagos,2022,11,2.91
Los Lagos,2022,12,8.23
Los Lagos,2022,13,4.96
Los Lagos,2022,14,6.49
Los Lagos,2022,15,0.81
Los Lagos,2022,16,14.59
Los Lagos,2022,17,11.97
Los Lagos,2022,18,1.43
Los Lagos,2022,19,3.1
Los Lagos,2022,20,13.3
Los Lagos,2022,21,6.79
Los Lagos,2022,22,2.94
Los Lagos,2022,23,14.3
Los Lagos,2022,24,12.59
Los Lagos,2022,25,0.01
Los Lagos,2022,26,19.86
Los Lagos,2022,27,15.86
Los Lagos,2022,28,6.84
Los Lagos,2022,29,19.56
Los Lagos,2022,30,1.21
Los Lagos,2022,31,1.81
Los Lagos,2022,32,10.36
Los Lagos,2022,33,5.61
Los Lagos,2022,34,4.39
Los Lagos,2022,35,0.61
Los Lagos,2022,36,4.13
Los Lagos,2022,37,8.09
Los Lagos,2022,38,6.91
Los Lagos,2022,39,2.03
Los Lagos,2022,40,9.47
Los Lagos,2022,41,2.34
Los Lagos,2022,42,2.87
Los Lagos,2022,43,9.61
Los Lagos,2022,44,0.13
Los Lagos,2022,45,6.57
Los Lagos,2022,46,6.13
Los Lagos,2022,47,0.67
Los Lagos,2022,48,4.46
Los Lagos,2022,49,6.83
Los Lagos,2022,50,1.77
Los Lagos,2022,51,3.23
Los Lagos,2022,52,1.16
Los Lagos,2023,1,0.9
Los Lagos,2023,2,3.97
Los Lagos,2023,3,0.77
Los Lagos,2023,4,4.69
Los Lagos,2023,5,1.43
Los Lagos,2023,6,4.34
Los Lagos,2023,7,2.29
Los Lagos,2023,8,3.21
Los Lagos,2023,9,1.06
Los Lagos,2023,10,9.84
Los Lagos,2023,11,5.06
Los Lagos,2023,12,0.1
Los Lagos,2023,13,5.19
Los Lagos,2023,14,6.29
Los Lagos,2023,15,9.16
Los Lagos,2023,16,2.16
Los Lagos,2023,17,12.43
Los Lagos,2023,18,1.27
Los Lagos,2023,19,2.13
Los Lagos,2023,20,13.54
Los Lagos,2023,21,9.27
Los Lagos,2023,22,12.26
Los Lagos,2023,23,15.23
Los Lagos,2023,24,0.61
Los Lagos,2023,25,11.41
Los Lagos,2023,26,11.61
Los Lagos,2023,27,13.16
Los Lagos,2023,28,4.64
Los Lagos,2023,29,8.44
Los Lagos,2023,30,5.19
Los Lagos,2023,31,3.14
Los Lagos,2023,32,15.77
Los Lagos,2023,33,12.63
Los Lagos,2023,34,5.56
Los Lagos,2023,35,11.34
Los Lagos,2023,36,7.16
Los Lagos,2023,37,17.14
Los Lagos,2023,38,3.07
Los Lagos,2023,39,2.91
Los Lagos,2023,40,1.97
Los Lagos,2023,41,2.89
Los Lagos,2023,42,1.04
Los Lagos,2023,43,7.91
Los Lagos,2023,44,6.56
Los Lagos,2023,45,10.94
Los Lagos,2023,46,9.71
Los Lagos,2023,47,2.2
Los Lagos,2023,48,2.49
Los Lagos,2023,49,0.39
Los Lagos,2023,50,8.43
Los Lagos,2023,51,1.2
Los Lagos,2023,52,0.36
Los Lagos,2024,1,5.26
Los Lagos,2024,2,1.29
Los Lagos,2024,3,1.67
Los Lagos,2024,4,0.37
Los Lagos,2024,5,1.74
Los Lagos,2024,6,2.36
Los Lagos,2024,7,0.96
Los Lagos,2024,8,3.23
Los Lagos,2024,9,1.9
Los Lagos,2024,10,2.7
Los Lagos,2024,11,6.3
Los Lagos,2024,12,11.49
Los Lagos,2024,13,3.57
Los Lagos,2024,14,7.87
Los Lagos,2024,15,1.96
Los Lagos,2024,16,3.57
Los Lagos,2024,17,10.61
Los Lagos,2024,18,13.23
Los Lagos,2024,19,9.61
Los Lagos,2024,20,1.74
Los Lagos,2024,21,3.97
Los Lagos,2024,22,5.39
Los Lagos,2024,23,11.91
Los Lagos,2024,24,10.51
Los Lagos,2024,25,11.46
Los Lagos,2024,26,12.04
Los Lagos,2024,27,4.64
Los Lagos,2024,28,0.4
Los Lagos,2024,29,5.6
Los Lagos,2024,30,5.67
Los Lagos,2024,31,12.57
Los Lagos,2024,32,5.87
Los Lagos,2024,33,5.34
Los Lagos,2024,34,2.36
Los Lagos,2024,35,4.01
Los Lagos,2024,36,6.01
Los Lagos,2024,37,5.29
Los Lagos,2024,38,8.54
Los Lagos,2024,39,11.76
Los Lagos,2024,40,2.36
Los Lagos,2024,41,3.77
Los Lagos,2024,42,2.76
Los Lagos,2024,43,2.69
Los Lagos,2024,44,4.94
Los Lagos,2024,45,10.77
Los Lagos,2024,46,3.37
Los Lagos,2024,47,3.56
Los Lagos,2024,48,9.64
Los Lagos,2024,49,3.73
Los Lagos,2024,50,0.97
Los Lagos,2024,51,2.56
Los Lagos,2024,52,0.37
Los Lagos,2025,1,1.71
Los Lagos,2025,2,0.83
Los Lagos,2025,3,2.09
Los Lagos,2025,4,5.37
Los Lagos,2025,5,1.81
Los Lagos,2025,6,1.13
Los Lagos,2025,7,1.4
Los Lagos,2025,8,2.69
Los Lagos,2025,9,4.79
Los Lagos,2025,10,10.47
Los Lagos,2025,11,0.63
Los Lagos,2025,12,1.33
Los Lagos,2025,13,3.56
Los Lagos,2025,14,2.54
Los Lagos,2025,15,3.7
Los Lagos,2025,16,7.21
Los Lagos,2025,17,12.03
Los Lagos,2025,18,6.56
Los Lagos,2025,19,12.0
Los Lagos,2025,20,16.19
Los Lagos,2025,21,5.33
Los Lagos,2025,22,6.63
Los Lagos,2025,23,5.1
Los Lagos,2025,24,13.74
Los Lagos,2025,25,7.41
Los Lagos,2025,26,4.1
Los Lagos,2025,27,1.29
Los Lagos,2025,28,0.34
Los Lagos,2025,29,1.86
Los Lagos,2025,30,6.73
Los Lagos,2025,31,21.19
Los Lagos,2025,32,7.07
Los Lagos,2025,33,7.29
Los Lagos,2025,34,13.07
Los Lagos,2025,35,0.66
Los Lagos,2025,36,3.39
Los Lagos,2025,37,8.13
Los Lagos,2025,38,7.17
Los Lagos,2025,39,4.03
Los Lagos,2025,40,8.04
Los Lagos,2025,41,6.81
Los Lagos,2025,42,6.2
Los Lagos,2025,43,6.24
Los Lagos,2025,44,0.77
Los Lagos,2025,45,0.26
Los Lagos,2025,46,3.83
Los Lagos,2025,47,2.77
Los Lagos,2025,48,5.17
Los Lagos,2025,49,3.13
Los Lagos,2025,50,4.04
Los Lagos,2025,51,7.09
Los Lagos,2025,52,3.0
Los Lagos,2026,1,0.34
Los Lagos,2026,2,1.5
Los Lagos,2026,3,2.29
Los Lagos,2026,4,0.17
Los Lagos,2026,5,2.57
Los Lagos,2026,6,5.3
Los Lagos,2026,7,6.84
Los Lagos,2026,8,1.66
Los Lagos,2026,9,5.81
Los Lagos,2026,10,2.67
Los Lagos,2026,11,8.01
Los Lagos,2026,12,17.16
Los Lagos,2026,13,7.61
Los Lagos,2026,14,4.86
Los Lagos,2026,15,2.1
Los Lagos,2026,16,8.1
Los Lagos,2026,17,3.74
Los Lagos,2026,18,6.31
Los Lagos,2026,19,10.84
Los Lagos,2026,20,0.5
Los Lagos,2026,21,0.01
Los Lagos,2026,22,1.33
Los Lagos,2026,23,2.57
Los Lagos,2026,24,9.0
Los Lagos,2026,25,0.0
Los Ríos,2014,1,0.16
Los Ríos,2014,2,1.4
Los Ríos,2014,3,0.0
Los Ríos,2014,4,5.44
Los Ríos,2014,5,1.19
Los Ríos,2014,6,2.94
Los Ríos,2014,7,0.0
Los Ríos,2014,8,0.01
Los Ríos,2014,9,0.06
Los Ríos,2014,10,0.97
Los Ríos,2014,11,2.31
Los Ríos,2014,12,0.19
Los Ríos,2014,13,9.3
Los Ríos,2014,14,3.96
Los Ríos,2014,15,2.76
Los Ríos,2014,16,0.83
Los Ríos,2014,17,1.49
Los Ríos,2014,18,12.74
Los Ríos,2014,19,7.26
Los Ríos,2014,20,12.84
Los Ríos,2014,21,3.07
Los Ríos,2014,22,19.84
Los Ríos,2014,23,28.47
Los Ríos,2014,24,22.21
Los Ríos,2014,25,6.57
Los Ríos,2014,26,0.23
Los Ríos,2014,27,10.6
Los Ríos,2014,28,5.44
Los Ríos,2014,29,11.71
Los Ríos,2014,30,17.0
Los Ríos,2014,31,26.5
Los Ríos,2014,32,7.61
Los Ríos,2014,33,3.3
Los Ríos,2014,34,3.01
Los Ríos,2014,35,5.43
Los Ríos,2014,36,14.26
Los Ríos,2014,37,6.96
Los Ríos,2014,38,4.27
Los Ríos,2014,39,10.94
Los Ríos,2014,40,0.84
Los Ríos,2014,41,0.66
Los Ríos,2014,42,10.49
Los Ríos,2014,43,2.59
Los Ríos,2014,44,5.39
Los Ríos,2014,45,1.97
Los Ríos,2014,46,0.0
Los Ríos,2014,47,2.4
Los Ríos,2014,48,0.36
Los Ríos,2014,49,0.49
Los Ríos,2014,50,0.01
Los Ríos,2014,51,0.84
Los Ríos,2014,52,0.3
Los Ríos,2015,1,1.73
Los Ríos,2015,2,0.0
Los Ríos,2015,3,0.0
Los Ríos,2015,4,0.0
Los Ríos,2015,5,0.04
Los Ríos,2015,6,0.0
Los Ríos,2015,7,0.03
Los Ríos,2015,8,0.0
Los Ríos,2015,9,0.0
Los Ríos,2015,10,1.49
Los Ríos,2015,11,0.0
Los Ríos,2015,12,0.87
Los Ríos,2015,13,0.31
Los Ríos,2015,14,6.56
Los Ríos,2015,15,3.34
Los Ríos,2015,16,4.76
Los Ríos,2015,17,0.0
Los Ríos,2015,18,1.39
Los Ríos,2015,19,6.8
Los Ríos,2015,20,11.97
Los Ríos,2015,21,9.96
Los Ríos,2015,22,12.39
Los Ríos,2015,23,34.77
Los Ríos,2015,24,6.56
Los Ríos,2015,25,2.47
Los Ríos,2015,26,3.54
Los Ríos,2015,27,7.64
Los Ríos,2015,28,14.89
Los Ríos,2015,29,17.93
Los Ríos,2015,30,16.9
Los Ríos,2015,31,20.3
Los Ríos,2015,32,8.04
Los Ríos,2015,33,3.73
Los Ríos,2015,34,7.9
Los Ríos,2015,35,29.31
Los Ríos,2015,36,1.54
Los Ríos,2015,37,3.36
Los Ríos,2015,38,0.11
Los Ríos,2015,39,7.54
Los Ríos,2015,40,7.24
Los Ríos,2015,41,3.04
Los Ríos,2015,42,4.63
Los Ríos,2015,43,2.16
Los Ríos,2015,44,0.41
Los Ríos,2015,45,1.69
Los Ríos,2015,46,1.77
Los Ríos,2015,47,4.64
Los Ríos,2015,48,2.29
Los Ríos,2015,49,0.13
Los Ríos,2015,50,5.26
Los Ríos,2015,51,0.03
Los Ríos,2015,52,1.73
Los Ríos,2015,53,0.0
Los Ríos,2016,1,0.04
Los Ríos,2016,2,0.77
Los Ríos,2016,3,0.03
Los Ríos,2016,4,5.01
Los Ríos,2016,5,0.0
Los Ríos,2016,6,0.7
Los Ríos,2016,7,1.47
Los Ríos,2016,8,0.14
Los Ríos,2016,9,0.03
Los Ríos,2016,10,0.04
Los Ríos,2016,11,1.31
Los Ríos,2016,12,0.01
Los Ríos,2016,13,3.91
Los Ríos,2016,14,1.86
Los Ríos,2016,15,8.44
Los Ríos,2016,16,10.76
Los Ríos,2016,17,0.9
Los Ríos,2016,18,1.76
Los Ríos,2016,19,1.24
Los Ríos,2016,20,0.86
Los Ríos,2016,21,6.63
Los Ríos,2016,22,0.17
Los Ríos,2016,23,0.81
Los Ríos,2016,24,0.19
Los Ríos,2016,25,1.23
Los Ríos,2016,26,1.4
Los Ríos,2016,27,11.39
Los Ríos,2016,28,11.51
Los Ríos,2016,29,8.09
Los Ríos,2016,30,10.19
Los Ríos,2016,31,9.61
Los Ríos,2016,32,8.13
Los Ríos,2016,33,15.4
Los Ríos,2016,34,3.94
Los Ríos,2016,35,2.43
Los Ríos,2016,36,7.31
Los Ríos,2016,37,4.6
Los Ríos,2016,38,0.1
Los Ríos,2016,39,3.16
Los Ríos,2016,40,2.71
Los Ríos,2016,41,14.54
Los Ríos,2016,42,0.13
Los Ríos,2016,43,0.31
Los Ríos,2016,44,5.9
Los Ríos,2016,45,1.64
Los Ríos,2016,46,2.0
Los Ríos,2016,47,1.63
Los Ríos,2016,48,3.56
Los Ríos,2016,49,1.74
Los Ríos,2016,50,1.14
Los Ríos,2016,51,7.14
Los Ríos,2016,52,0.74
Los Ríos,2017,1,2.7
Los Ríos,2017,2,0.2
Los Ríos,2017,3,0.0
Los Ríos,2017,4,0.0
Los Ríos,2017,5,2.39
Los Ríos,2017,6,0.0
Los Ríos,2017,7,7.04
Los Ríos,2017,8,0.1
Los Ríos,2017,9,2.06
Los Ríos,2017,10,7.67
Los Ríos,2017,11,0.07
Los Ríos,2017,12,0.36
Los Ríos,2017,13,1.31
Los Ríos,2017,14,6.93
Los Ríos,2017,15,0.11
Los Ríos,2017,16,2.46
Los Ríos,2017,17,4.29
Los Ríos,2017,18,14.29
Los Ríos,2017,19,7.83
Los Ríos,2017,20,8.96
Los Ríos,2017,21,0.1
Los Ríos,2017,22,5.36
Los Ríos,2017,23,5.14
Los Ríos,2017,24,10.4
Los Ríos,2017,25,14.94
Los Ríos,2017,26,3.26
Los Ríos,2017,27,4.33
Los Ríos,2017,28,8.3
Los Ríos,2017,29,5.04
Los Ríos,2017,30,6.63
Los Ríos,2017,31,4.9
Los Ríos,2017,32,19.7
Los Ríos,2017,33,9.33
Los Ríos,2017,34,15.57
Los Ríos,2017,35,15.39
Los Ríos,2017,36,4.07
Los Ríos,2017,37,1.53
Los Ríos,2017,38,0.89
Los Ríos,2017,39,11.34
Los Ríos,2017,40,13.96
Los Ríos,2017,41,1.47
Los Ríos,2017,42,3.11
Los Ríos,2017,43,9.0
Los Ríos,2017,44,9.89
Los Ríos,2017,45,0.41
Los Ríos,2017,46,1.87
Los Ríos,2017,47,0.0
Los Ríos,2017,48,0.09
Los Ríos,2017,49,0.0
Los Ríos,2017,50,2.0
Los Ríos,2017,51,0.64
Los Ríos,2017,52,2.81
Los Ríos,2018,1,4.16
Los Ríos,2018,2,0.0
Los Ríos,2018,3,0.04
Los Ríos,2018,4,0.0
Los Ríos,2018,5,0.03
Los Ríos,2018,6,0.1
Los Ríos,2018,7,0.04
Los Ríos,2018,8,0.87
Los Ríos,2018,9,0.77
Los Ríos,2018,10,5.06
Los Ríos,2018,11,13.39
Los Ríos,2018,12,6.9
Los Ríos,2018,13,0.49
Los Ríos,2018,14,4.01
Los Ríos,2018,15,9.71
Los Ríos,2018,16,3.71
Los Ríos,2018,17,7.47
Los Ríos,2018,18,3.77
Los Ríos,2018,19,4.66
Los Ríos,2018,20,10.66
Los Ríos,2018,21,6.8
Los Ríos,2018,22,2.56
Los Ríos,2018,23,11.3
Los Ríos,2018,24,2.6
Los Ríos,2018,25,4.19
Los Ríos,2018,26,18.86
Los Ríos,2018,27,9.24
Los Ríos,2018,28,15.79
Los Ríos,2018,29,2.47
Los Ríos,2018,30,0.14
Los Ríos,2018,31,18.53
Los Ríos,2018,32,14.26
Los Ríos,2018,33,4.53
Los Ríos,2018,34,6.33
Los Ríos,2018,35,7.36
Los Ríos,2018,36,2.39
Los Ríos,2018,37,4.66
Los Ríos,2018,38,23.04
Los Ríos,2018,39,10.5
Los Ríos,2018,40,3.99
Los Ríos,2018,41,2.57
Los Ríos,2018,42,9.03
Los Ríos,2018,43,5.81
Los Ríos,2018,44,8.26
Los Ríos,2018,45,6.57
Los Ríos,2018,46,2.91
Los Ríos,2018,47,3.96
Los Ríos,2018,48,0.19
Los Ríos,2018,49,0.69
Los Ríos,2018,50,5.93
Los Ríos,2018,51,0.07
Los Ríos,2018,52,2.97
Los Ríos,2019,1,0.36
Los Ríos,2019,2,3.99
Los Ríos,2019,3,0.16
Los Ríos,2019,4,0.26
Los Ríos,2019,5,0.13
Los Ríos,2019,6,1.13
Los Ríos,2019,7,0.0
Los Ríos,2019,8,3.26
Los Ríos,2019,9,0.1
Los Ríos,2019,10,4.64
Los Ríos,2019,11,0.13
Los Ríos,2019,12,0.53
Los Ríos,2019,13,0.0
Los Ríos,2019,14,1.9
Los Ríos,2019,15,2.51
Los Ríos,2019,16,1.97
Los Ríos,2019,17,3.07
Los Ríos,2019,18,21.19
Los Ríos,2019,19,4.36
Los Ríos,2019,20,5.7
Los Ríos,2019,21,0.79
Los Ríos,2019,22,12.51
Los Ríos,2019,23,16.91
Los Ríos,2019,24,3.87
Los Ríos,2019,25,9.1
Los Ríos,2019,26,16.41
Los Ríos,2019,27,3.2
Los Ríos,2019,28,15.47
Los Ríos,2019,29,24.53
Los Ríos,2019,30,4.13
Los Ríos,2019,31,12.46
Los Ríos,2019,32,10.27
Los Ríos,2019,33,5.23
Los Ríos,2019,34,6.37
Los Ríos,2019,35,8.31
Los Ríos,2019,36,2.4
Los Ríos,2019,37,2.73
Los Ríos,2019,38,1.47
Los Ríos,2019,39,3.64
Los Ríos,2019,40,4.93
Los Ríos,2019,41,0.27
Los Ríos,2019,42,2.21
Los Ríos,2019,43,5.39
Los Ríos,2019,44,12.73
Los Ríos,2019,45,0.63
Los Ríos,2019,46,3.73
Los Ríos,2019,47,2.31
Los Ríos,2019,48,6.87
Los Ríos,2019,49,0.17
Los Ríos,2019,50,0.91
Los Ríos,2019,51,2.07
Los Ríos,2019,52,3.34
Los Ríos,2020,1,0.7
Los Ríos,2020,2,4.86
Los Ríos,2020,3,0.27
Los Ríos,2020,4,0.0
Los Ríos,2020,5,1.07
Los Ríos,2020,6,5.57
Los Ríos,2020,7,0.67
Los Ríos,2020,8,0.06
Los Ríos,2020,9,0.0
Los Ríos,2020,10,0.54
Los Ríos,2020,11,2.04
Los Ríos,2020,12,0.1
Los Ríos,2020,13,5.9
Los Ríos,2020,14,0.21
Los Ríos,2020,15,0.29
Los Ríos,2020,16,11.41
Los Ríos,2020,17,6.39
Los Ríos,2020,18,7.04
Los Ríos,2020,19,9.34
Los Ríos,2020,20,3.57
Los Ríos,2020,21,9.01
Los Ríos,2020,22,0.27
Los Ríos,2020,23,5.7
Los Ríos,2020,24,21.11
Los Ríos,2020,25,20.39
Los Ríos,2020,26,17.93
Los Ríos,2020,27,15.16
Los Ríos,2020,28,15.91
Los Ríos,2020,29,12.11
Los Ríos,2020,30,11.57
Los Ríos,2020,31,6.39
Los Ríos,2020,32,9.33
Los Ríos,2020,33,3.4
Los Ríos,2020,34,1.2
Los Ríos,2020,35,10.09
Los Ríos,2020,36,0.93
Los Ríos,2020,37,7.61
Los Ríos,2020,38,1.49
Los Ríos,2020,39,0.09
Los Ríos,2020,40,3.41
Los Ríos,2020,41,2.47
Los Ríos,2020,42,1.64
Los Ríos,2020,43,2.69
Los Ríos,2020,44,4.81
Los Ríos,2020,45,1.4
Los Ríos,2020,46,0.91
Los Ríos,2020,47,0.91
Los Ríos,2020,48,5.56
Los Ríos,2020,49,0.06
Los Ríos,2020,50,7.97
Los Ríos,2020,51,1.31
Los Ríos,2020,52,0.07
Los Ríos,2020,53,1.86
Los Ríos,2021,1,2.66
Los Ríos,2021,2,0.64
Los Ríos,2021,3,0.0
Los Ríos,2021,4,1.97
Los Ríos,2021,5,0.0
Los Ríos,2021,6,0.0
Los Ríos,2021,7,1.46
Los Ríos,2021,8,0.0
Los Ríos,2021,9,1.3
Los Ríos,2021,10,4.2
Los Ríos,2021,11,0.49
Los Ríos,2021,12,0.21
Los Ríos,2021,13,0.0
Los Ríos,2021,14,5.94
Los Ríos,2021,15,1.0
Los Ríos,2021,16,8.63
Los Ríos,2021,17,10.51
Los Ríos,2021,18,0.57
Los Ríos,2021,19,0.3
Los Ríos,2021,20,6.29
Los Ríos,2021,21,10.99
Los Ríos,2021,22,13.64
Los Ríos,2021,23,15.49
Los Ríos,2021,24,0.0
Los Ríos,2021,25,15.17
Los Ríos,2021,26,3.56
Los Ríos,2021,27,11.14
Los Ríos,2021,28,1.19
Los Ríos,2021,29,1.21
Los Ríos,2021,30,1.54
Los Ríos,2021,31,3.76
Los Ríos,2021,32,1.99
Los Ríos,2021,33,22.04
Los Ríos,2021,34,13.31
Los Ríos,2021,35,3.89
Los Ríos,2021,36,6.6
Los Ríos,2021,37,1.31
Los Ríos,2021,38,1.81
Los Ríos,2021,39,6.07
Los Ríos,2021,40,0.06
Los Ríos,2021,41,4.33
Los Ríos,2021,42,1.53
Los Ríos,2021,43,0.31
Los Ríos,2021,44,3.2
Los Ríos,2021,45,3.71
Los Ríos,2021,46,0.57
Los Ríos,2021,47,0.26
Los Ríos,2021,48,0.3
Los Ríos,2021,49,4.86
Los Ríos,2021,50,0.16
Los Ríos,2021,51,0.09
Los Ríos,2021,52,9.53
Los Ríos,2022,1,2.44
Los Ríos,2022,2,0.14
Los Ríos,2022,3,5.29
Los Ríos,2022,4,0.19
Los Ríos,2022,5,0.26
Los Ríos,2022,6,0.0
Los Ríos,2022,7,0.44
Los Ríos,2022,8,5.7
Los Ríos,2022,9,3.8
Los Ríos,2022,10,2.69
Los Ríos,2022,11,2.3
Los Ríos,2022,12,3.93
Los Ríos,2022,13,2.74
Los Ríos,2022,14,4.04
Los Ríos,2022,15,0.77
Los Ríos,2022,16,13.97
Los Ríos,2022,17,9.91
Los Ríos,2022,18,1.5
Los Ríos,2022,19,2.04
Los Ríos,2022,20,10.93
Los Ríos,2022,21,3.93
Los Ríos,2022,22,5.46
Los Ríos,2022,23,12.17
Los Ríos,2022,24,12.41
Los Ríos,2022,25,0.21
Los Ríos,2022,26,23.76
Los Ríos,2022,27,19.13
Los Ríos,2022,28,12.23
Los Ríos,2022,29,17.19
Los Ríos,2022,30,3.66
Los Ríos,2022,31,4.9
Los Ríos,2022,32,9.99
Los Ríos,2022,33,5.64
Los Ríos,2022,34,2.51
Los Ríos,2022,35,0.07
Los Ríos,2022,36,1.89
Los Ríos,2022,37,10.26
Los Ríos,2022,38,7.49
Los Ríos,2022,39,2.57
Los Ríos,2022,40,9.13
Los Ríos,2022,41,1.5
Los Ríos,2022,42,2.66
Los Ríos,2022,43,8.27
Los Ríos,2022,44,0.09
Los Ríos,2022,45,7.19
Los Ríos,2022,46,3.89
Los Ríos,2022,47,0.1
Los Ríos,2022,48,0.56
Los Ríos,2022,49,5.01
Los Ríos,2022,50,0.11
Los Ríos,2022,51,3.73
Los Ríos,2022,52,0.3
Los Ríos,2023,1,0.04
Los Ríos,2023,2,0.93
Los Ríos,2023,3,0.2
Los Ríos,2023,4,1.49
Los Ríos,2023,5,0.01
Los Ríos,2023,6,1.36
Los Ríos,2023,7,0.8
Los Ríos,2023,8,0.34
Los Ríos,2023,9,0.04
Los Ríos,2023,10,8.74
Los Ríos,2023,11,7.13
Los Ríos,2023,12,0.0
Los Ríos,2023,13,2.69
Los Ríos,2023,14,2.09
Los Ríos,2023,15,2.09
Los Ríos,2023,16,1.44
Los Ríos,2023,17,14.97
Los Ríos,2023,18,0.31
Los Ríos,2023,19,1.09
Los Ríos,2023,20,14.59
Los Ríos,2023,21,11.46
Los Ríos,2023,22,13.94
Los Ríos,2023,23,14.43
Los Ríos,2023,24,0.24
Los Ríos,2023,25,21.57
Los Ríos,2023,26,15.29
Los Ríos,2023,27,17.64
Los Ríos,2023,28,0.81
Los Ríos,2023,29,18.37
Los Ríos,2023,30,8.31
Los Ríos,2023,31,2.51
Los Ríos,2023,32,13.41
Los Ríos,2023,33,14.09
Los Ríos,2023,34,7.74
Los Ríos,2023,35,9.43
Los Ríos,2023,36,16.87
Los Ríos,2023,37,19.86
Los Ríos,2023,38,3.09
Los Ríos,2023,39,1.83
Los Ríos,2023,40,1.66
Los Ríos,2023,41,0.14
Los Ríos,2023,42,0.0
Los Ríos,2023,43,13.27
Los Ríos,2023,44,2.46
Los Ríos,2023,45,9.39
Los Ríos,2023,46,11.64
Los Ríos,2023,47,2.2
Los Ríos,2023,48,2.07
Los Ríos,2023,49,0.16
Los Ríos,2023,50,4.27
Los Ríos,2023,51,0.79
Los Ríos,2023,52,0.0
Los Ríos,2024,1,1.07
Los Ríos,2024,2,0.0
Los Ríos,2024,3,0.14
Los Ríos,2024,4,0.0
Los Ríos,2024,5,0.2
Los Ríos,2024,6,3.63
Los Ríos,2024,7,0.04
Los Ríos,2024,8,0.6
Los Ríos,2024,9,0.5
Los Ríos,2024,10,2.77
Los Ríos,2024,11,7.84
Los Ríos,2024,12,7.93
Los Ríos,2024,13,0.36
Los Ríos,2024,14,7.19
Los Ríos,2024,15,1.79
Los Ríos,2024,16,2.84
Los Ríos,2024,17,9.4
Los Ríos,2024,18,15.84
Los Ríos,2024,19,10.97
Los Ríos,2024,20,3.46
Los Ríos,2024,21,5.84
Los Ríos,2024,22,7.64
Los Ríos,2024,23,23.14
Los Ríos,2024,24,22.91
Los Ríos,2024,25,23.06
Los Ríos,2024,26,11.91
Los Ríos,2024,27,7.61
Los Ríos,2024,28,0.03
Los Ríos,2024,29,2.17
Los Ríos,2024,30,3.79
Los Ríos,2024,31,16.93
Los Ríos,2024,32,2.79
Los Ríos,2024,33,2.77
Los Ríos,2024,34,4.23
Los Ríos,2024,35,3.8
Los Ríos,2024,36,8.36
Los Ríos,2024,37,2.21
Los Ríos,2024,38,11.0
Los Ríos,2024,39,10.5
Los Ríos,2024,40,2.46
Los Ríos,2024,41,2.26
Los Ríos,2024,42,3.07
Los Ríos,2024,43,0.94
Los Ríos,2024,44,5.23
Los Ríos,2024,45,9.9
Los Ríos,2024,46,1.6
Los Ríos,2024,47,2.39
Los Ríos,2024,48,3.26
Los Ríos,2024,49,2.23
Los Ríos,2024,50,0.0
Los Ríos,2024,51,1.01
Los Ríos,2024,52,0.0
Los Ríos,2025,1,0.47
Los Ríos,2025,2,0.0
Los Ríos,2025,3,2.37
Los Ríos,2025,4,1.81
Los Ríos,2025,5,0.97
Los Ríos,2025,6,0.26
Los Ríos,2025,7,0.01
Los Ríos,2025,8,1.3
Los Ríos,2025,9,6.23
Los Ríos,2025,10,9.89
Los Ríos,2025,11,0.04
Los Ríos,2025,12,0.04
Los Ríos,2025,13,3.99
Los Ríos,2025,14,0.49
Los Ríos,2025,15,5.81
Los Ríos,2025,16,7.33
Los Ríos,2025,17,17.61
Los Ríos,2025,18,6.43
Los Ríos,2025,19,5.64
Los Ríos,2025,20,13.14
Los Ríos,2025,21,5.47
Los Ríos,2025,22,1.39
Los Ríos,2025,23,8.14
Los Ríos,2025,24,17.96
Los Ríos,2025,25,8.33
Los Ríos,2025,26,3.16
Los Ríos,2025,27,5.54
Los Ríos,2025,28,0.2
Los Ríos,2025,29,3.09
Los Ríos,2025,30,10.64
Los Ríos,2025,31,28.19
Los Ríos,2025,32,2.84
Los Ríos,2025,33,5.77
Los Ríos,2025,34,7.04
Los Ríos,2025,35,0.13
Los Ríos,2025,36,0.87
Los Ríos,2025,37,14.34
Los Ríos,2025,38,9.91
Los Ríos,2025,39,6.17
Los Ríos,2025,40,4.33
Los Ríos,2025,41,6.97
Los Ríos,2025,42,3.67
Los Ríos,2025,43,5.03
Los Ríos,2025,44,0.9
Los Ríos,2025,45,2.2
Los Ríos,2025,46,1.69
Los Ríos,2025,47,0.94
Los Ríos,2025,48,1.67
Los Ríos,2025,49,0.64
Los Ríos,2025,50,1.46
Los Ríos,2025,51,5.3
Los Ríos,2025,52,0.94
Los Ríos,2026,1,0.01
Los Ríos,2026,2,0.53
Los Ríos,2026,3,1.33
Los Ríos,2026,4,0.13
Los Ríos,2026,5,2.13
Los Ríos,2026,6,2.73
Los Ríos,2026,7,5.16
Los Ríos,2026,8,2.03
Los Ríos,2026,9,9.13
Los Ríos,2026,10,1.63
Los Ríos,2026,11,7.41
Los Ríos,2026,12,15.47
Los Ríos,2026,13,3.56
Los Ríos,2026,14,1.79
Los Ríos,2026,15,1.66
Los Ríos,2026,16,8.69
Los Ríos,2026,17,2.8
Los Ríos,2026,18,8.2
Los Ríos,2026,19,15.1
Los Ríos,2026,20,0.0
Los Ríos,2026,21,0.07
Los Ríos,2026,22,5.14
Los Ríos,2026,23,3.43
Los Ríos,2026,24,13.13
Los Ríos,2026,25,0.0
Magallanes,2014,1,3.2
Magallanes,2014,2,3.63
Magallanes,2014,3,2.93
Magallanes,2014,4,3.5
Magallanes,2014,5,2.64
Magallanes,2014,6,5.04
Magallanes,2014,7,1.06
Magallanes,2014,8,2.67
Magallanes,2014,9,2.21
Magallanes,2014,10,4.5
Magallanes,2014,11,2.96
Magallanes,2014,12,1.9
Magallanes,2014,13,4.37
Magallanes,2014,14,0.86
Magallanes,2014,15,0.56
Magallanes,2014,16,2.37
Magallanes,2014,17,1.43
Magallanes,2014,18,2.44
Magallanes,2014,19,1.56
Magallanes,2014,20,0.19
Magallanes,2014,21,1.49
Magallanes,2014,22,1.96
Magallanes,2014,23,0.1
Magallanes,2014,24,2.04
Magallanes,2014,25,1.76
Magallanes,2014,26,9.09
Magallanes,2014,27,1.06
Magallanes,2014,28,0.87
Magallanes,2014,29,1.63
Magallanes,2014,30,0.23
Magallanes,2014,31,2.2
Magallanes,2014,32,2.07
Magallanes,2014,33,4.81
Magallanes,2014,34,0.84
Magallanes,2014,35,2.37
Magallanes,2014,36,1.3
Magallanes,2014,37,2.67
Magallanes,2014,38,5.13
Magallanes,2014,39,0.37
Magallanes,2014,40,0.51
Magallanes,2014,41,2.67
Magallanes,2014,42,0.9
Magallanes,2014,43,1.61
Magallanes,2014,44,0.91
Magallanes,2014,45,3.6
Magallanes,2014,46,5.69
Magallanes,2014,47,3.09
Magallanes,2014,48,4.83
Magallanes,2014,49,5.83
Magallanes,2014,50,3.66
Magallanes,2014,51,2.93
Magallanes,2014,52,3.29
Magallanes,2015,1,3.07
Magallanes,2015,2,1.91
Magallanes,2015,3,2.1
Magallanes,2015,4,0.31
Magallanes,2015,5,1.17
Magallanes,2015,6,2.07
Magallanes,2015,7,3.41
Magallanes,2015,8,2.19
Magallanes,2015,9,2.36
Magallanes,2015,10,5.44
Magallanes,2015,11,4.01
Magallanes,2015,12,3.87
Magallanes,2015,13,0.97
Magallanes,2015,14,3.83
Magallanes,2015,15,1.49
Magallanes,2015,16,0.61
Magallanes,2015,17,6.21
Magallanes,2015,18,1.01
Magallanes,2015,19,4.07
Magallanes,2015,20,3.43
Magallanes,2015,21,4.96
Magallanes,2015,22,2.59
Magallanes,2015,23,5.91
Magallanes,2015,24,1.6
Magallanes,2015,25,5.47
Magallanes,2015,26,3.96
Magallanes,2015,27,6.16
Magallanes,2015,28,4.21
Magallanes,2015,29,2.26
Magallanes,2015,30,6.1
Magallanes,2015,31,1.33
Magallanes,2015,32,0.83
Magallanes,2015,33,5.54
Magallanes,2015,34,0.5
Magallanes,2015,35,3.33
Magallanes,2015,36,4.93
Magallanes,2015,37,2.29
Magallanes,2015,38,0.54
Magallanes,2015,39,0.46
Magallanes,2015,40,1.23
Magallanes,2015,41,0.44
Magallanes,2015,42,1.0
Magallanes,2015,43,0.04
Magallanes,2015,44,2.54
Magallanes,2015,45,1.11
Magallanes,2015,46,3.53
Magallanes,2015,47,1.37
Magallanes,2015,48,2.44
Magallanes,2015,49,1.11
Magallanes,2015,50,1.7
Magallanes,2015,51,1.57
Magallanes,2015,52,1.93
Magallanes,2015,53,0.7
Magallanes,2016,1,0.41
Magallanes,2016,2,0.16
Magallanes,2016,3,1.79
Magallanes,2016,4,1.0
Magallanes,2016,5,2.91
Magallanes,2016,6,2.31
Magallanes,2016,7,3.83
Magallanes,2016,8,2.19
Magallanes,2016,9,0.84
Magallanes,2016,10,1.73
Magallanes,2016,11,4.5
Magallanes,2016,12,1.61
Magallanes,2016,13,1.54
Magallanes,2016,14,1.74
Magallanes,2016,15,1.56
Magallanes,2016,16,3.19
Magallanes,2016,17,0.04
Magallanes,2016,18,0.0
Magallanes,2016,19,0.13
Magallanes,2016,20,0.73
Magallanes,2016,21,0.39
Magallanes,2016,22,1.19
Magallanes,2016,23,0.44
Magallanes,2016,24,0.91
Magallanes,2016,25,4.93
Magallanes,2016,26,4.04
Magallanes,2016,27,3.3
Magallanes,2016,28,0.83
Magallanes,2016,29,1.43
Magallanes,2016,30,0.1
Magallanes,2016,31,0.39
Magallanes,2016,32,4.06
Magallanes,2016,33,1.59
Magallanes,2016,34,0.57
Magallanes,2016,35,0.34
Magallanes,2016,36,0.16
Magallanes,2016,37,1.4
Magallanes,2016,38,0.24
Magallanes,2016,39,1.04
Magallanes,2016,40,1.84
Magallanes,2016,41,1.21
Magallanes,2016,42,0.81
Magallanes,2016,43,1.79
Magallanes,2016,44,4.01
Magallanes,2016,45,4.31
Magallanes,2016,46,1.6
Magallanes,2016,47,0.87
Magallanes,2016,48,3.06
Magallanes,2016,49,1.34
Magallanes,2016,50,2.6
Magallanes,2016,51,5.16
Magallanes,2016,52,1.79
Magallanes,2017,1,2.2
Magallanes,2017,2,4.67
Magallanes,2017,3,3.16
Magallanes,2017,4,2.13
Magallanes,2017,5,0.74
Magallanes,2017,6,2.33
Magallanes,2017,7,2.1
Magallanes,2017,8,3.33
Magallanes,2017,9,2.73
Magallanes,2017,10,2.39
Magallanes,2017,11,1.0
Magallanes,2017,12,1.96
Magallanes,2017,13,0.43
Magallanes,2017,14,5.33
Magallanes,2017,15,0.07
Magallanes,2017,16,1.4
Magallanes,2017,17,2.73
Magallanes,2017,18,4.44
Magallanes,2017,19,1.03
Magallanes,2017,20,2.16
Magallanes,2017,21,1.36
Magallanes,2017,22,0.6
Magallanes,2017,23,2.29
Magallanes,2017,24,2.3
Magallanes,2017,25,0.04
Magallanes,2017,26,1.67
Magallanes,2017,27,1.26
Magallanes,2017,28,1.03
Magallanes,2017,29,4.33
Magallanes,2017,30,0.79
Magallanes,2017,31,2.37
Magallanes,2017,32,2.83
Magallanes,2017,33,2.2
Magallanes,2017,34,1.67
Magallanes,2017,35,0.41
Magallanes,2017,36,0.11
Magallanes,2017,37,6.01
Magallanes,2017,38,1.73
Magallanes,2017,39,1.29
Magallanes,2017,40,1.37
Magallanes,2017,41,3.27
Magallanes,2017,42,1.96
Magallanes,2017,43,4.89
Magallanes,2017,44,0.43
Magallanes,2017,45,2.73
Magallanes,2017,46,2.43
Magallanes,2017,47,5.3
Magallanes,2017,48,1.3
Magallanes,2017,49,2.57
Magallanes,2017,50,2.59
Magallanes,2017,51,2.69
Magallanes,2017,52,2.59
Magallanes,2018,1,2.87
Magallanes,2018,2,3.1
Magallanes,2018,3,3.64
Magallanes,2018,4,0.96
Magallanes,2018,5,3.53
Magallanes,2018,6,0.67
Magallanes,2018,7,4.17
Magallanes,2018,8,1.17
Magallanes,2018,9,1.84
Magallanes,2018,10,4.13
Magallanes,2018,11,2.84
Magallanes,2018,12,0.8
Magallanes,2018,13,2.51
Magallanes,2018,14,9.1
Magallanes,2018,15,0.7
Magallanes,2018,16,2.89
Magallanes,2018,17,5.56
Magallanes,2018,18,0.53
Magallanes,2018,19,3.66
Magallanes,2018,20,1.21
Magallanes,2018,21,3.13
Magallanes,2018,22,0.43
Magallanes,2018,23,2.84
Magallanes,2018,24,1.14
Magallanes,2018,25,1.81
Magallanes,2018,26,1.5
Magallanes,2018,27,0.63
Magallanes,2018,28,1.07
Magallanes,2018,29,0.23
Magallanes,2018,30,2.71
Magallanes,2018,31,1.1
Magallanes,2018,32,1.53
Magallanes,2018,33,1.71
Magallanes,2018,34,2.46
Magallanes,2018,35,1.03
Magallanes,2018,36,1.63
Magallanes,2018,37,2.9
Magallanes,2018,38,1.2
Magallanes,2018,39,1.41
Magallanes,2018,40,1.51
Magallanes,2018,41,2.0
Magallanes,2018,42,1.54
Magallanes,2018,43,0.89
Magallanes,2018,44,0.66
Magallanes,2018,45,1.8
Magallanes,2018,46,2.01
Magallanes,2018,47,2.94
Magallanes,2018,48,1.54
Magallanes,2018,49,3.0
Magallanes,2018,50,2.84
Magallanes,2018,51,1.67
Magallanes,2018,52,2.16
Magallanes,2019,1,1.69
Magallanes,2019,2,1.81
Magallanes,2019,3,0.67
Magallanes,2019,4,1.67
Magallanes,2019,5,2.04
Magallanes,2019,6,0.96
Magallanes,2019,7,1.63
Magallanes,2019,8,1.27
Magallanes,2019,9,2.36
Magallanes,2019,10,1.17
Magallanes,2019,11,5.3
Magallanes,2019,12,0.84
Magallanes,2019,13,3.01
Magallanes,2019,14,7.74
Magallanes,2019,15,5.4
Magallanes,2019,16,3.84
Magallanes,2019,17,0.46
Magallanes,2019,18,0.43
Magallanes,2019,19,3.29
Magallanes,2019,20,1.5
Magallanes,2019,21,4.83
Magallanes,2019,22,3.69
Magallanes,2019,23,1.84
Magallanes,2019,24,1.81
Magallanes,2019,25,0.91
Magallanes,2019,26,1.53
Magallanes,2019,27,2.34
Magallanes,2019,28,3.91
Magallanes,2019,29,1.17
Magallanes,2019,30,4.3
Magallanes,2019,31,3.79
Magallanes,2019,32,2.2
Magallanes,2019,33,0.09
Magallanes,2019,34,1.19
Magallanes,2019,35,1.64
Magallanes,2019,36,0.23
Magallanes,2019,37,1.0
Magallanes,2019,38,2.73
Magallanes,2019,39,1.39
Magallanes,2019,40,0.66
Magallanes,2019,41,2.17
Magallanes,2019,42,2.26
Magallanes,2019,43,0.51
Magallanes,2019,44,2.96
Magallanes,2019,45,3.63
Magallanes,2019,46,2.06
Magallanes,2019,47,1.79
Magallanes,2019,48,4.16
Magallanes,2019,49,3.24
Magallanes,2019,50,2.77
Magallanes,2019,51,4.99
Magallanes,2019,52,2.06
Magallanes,2020,1,1.96
Magallanes,2020,2,3.23
Magallanes,2020,3,2.06
Magallanes,2020,4,3.09
Magallanes,2020,5,2.4
Magallanes,2020,6,0.79
Magallanes,2020,7,2.41
Magallanes,2020,8,3.5
Magallanes,2020,9,1.87
Magallanes,2020,10,2.84
Magallanes,2020,11,3.09
Magallanes,2020,12,6.49
Magallanes,2020,13,2.0
Magallanes,2020,14,1.8
Magallanes,2020,15,0.93
Magallanes,2020,16,0.81
Magallanes,2020,17,0.2
Magallanes,2020,18,0.66
Magallanes,2020,19,2.3
Magallanes,2020,20,2.33
Magallanes,2020,21,6.37
Magallanes,2020,22,2.33
Magallanes,2020,23,3.37
Magallanes,2020,24,2.34
Magallanes,2020,25,1.33
Magallanes,2020,26,1.5
Magallanes,2020,27,1.44
Magallanes,2020,28,0.66
Magallanes,2020,29,0.73
Magallanes,2020,30,1.66
Magallanes,2020,31,1.66
Magallanes,2020,32,0.37
Magallanes,2020,33,2.84
Magallanes,2020,34,3.44
Magallanes,2020,35,1.53
Magallanes,2020,36,0.71
Magallanes,2020,37,1.16
Magallanes,2020,38,1.03
Magallanes,2020,39,2.06
Magallanes,2020,40,1.71
Magallanes,2020,41,2.1
Magallanes,2020,42,4.49
Magallanes,2020,43,1.91
Magallanes,2020,44,1.11
Magallanes,2020,45,2.59
Magallanes,2020,46,2.9
Magallanes,2020,47,0.16
Magallanes,2020,48,4.54
Magallanes,2020,49,1.9
Magallanes,2020,50,3.73
Magallanes,2020,51,1.79
Magallanes,2020,52,2.69
Magallanes,2020,53,0.91
Magallanes,2021,1,4.27
Magallanes,2021,2,2.27
Magallanes,2021,3,1.21
Magallanes,2021,4,1.23
Magallanes,2021,5,1.13
Magallanes,2021,6,1.31
Magallanes,2021,7,0.79
Magallanes,2021,8,1.91
Magallanes,2021,9,2.29
Magallanes,2021,10,5.6
Magallanes,2021,11,1.0
Magallanes,2021,12,2.86
Magallanes,2021,13,3.11
Magallanes,2021,14,0.86
Magallanes,2021,15,3.7
Magallanes,2021,16,2.73
Magallanes,2021,17,5.49
Magallanes,2021,18,0.24
Magallanes,2021,19,1.16
Magallanes,2021,20,1.43
Magallanes,2021,21,0.07
Magallanes,2021,22,1.79
Magallanes,2021,23,2.41
Magallanes,2021,24,0.24
Magallanes,2021,25,0.4
Magallanes,2021,26,4.16
Magallanes,2021,27,1.94
Magallanes,2021,28,3.76
Magallanes,2021,29,1.21
Magallanes,2021,30,1.09
Magallanes,2021,31,2.0
Magallanes,2021,32,3.26
Magallanes,2021,33,4.19
Magallanes,2021,34,0.79
Magallanes,2021,35,0.06
Magallanes,2021,36,0.07
Magallanes,2021,37,2.14
Magallanes,2021,38,2.6
Magallanes,2021,39,1.17
Magallanes,2021,40,1.91
Magallanes,2021,41,1.7
Magallanes,2021,42,2.73
Magallanes,2021,43,1.21
Magallanes,2021,44,1.74
Magallanes,2021,45,0.8
Magallanes,2021,46,3.51
Magallanes,2021,47,1.67
Magallanes,2021,48,0.96
Magallanes,2021,49,2.79
Magallanes,2021,50,1.39
Magallanes,2021,51,0.74
Magallanes,2021,52,3.73
Magallanes,2022,1,1.57
Magallanes,2022,2,2.33
Magallanes,2022,3,0.37
Magallanes,2022,4,1.44
Magallanes,2022,5,2.94
Magallanes,2022,6,3.8
Magallanes,2022,7,2.49
Magallanes,2022,8,0.61
Magallanes,2022,9,3.86
Magallanes,2022,10,1.36
Magallanes,2022,11,3.13
Magallanes,2022,12,0.99
Magallanes,2022,13,3.07
Magallanes,2022,14,0.34
Magallanes,2022,15,2.57
Magallanes,2022,16,1.93
Magallanes,2022,17,1.66
Magallanes,2022,18,4.69
Magallanes,2022,19,1.24
Magallanes,2022,20,1.3
Magallanes,2022,21,0.24
Magallanes,2022,22,0.23
Magallanes,2022,23,2.19
Magallanes,2022,24,0.91
Magallanes,2022,25,0.69
Magallanes,2022,26,0.83
Magallanes,2022,27,0.9
Magallanes,2022,28,2.36
Magallanes,2022,29,1.81
Magallanes,2022,30,1.37
Magallanes,2022,31,1.26
Magallanes,2022,32,2.24
Magallanes,2022,33,3.07
Magallanes,2022,34,1.93
Magallanes,2022,35,4.04
Magallanes,2022,36,0.49
Magallanes,2022,37,0.09
Magallanes,2022,38,0.74
Magallanes,2022,39,0.97
Magallanes,2022,40,2.41
Magallanes,2022,41,1.97
Magallanes,2022,42,1.26
Magallanes,2022,43,1.51
Magallanes,2022,44,1.76
Magallanes,2022,45,0.97
Magallanes,2022,46,0.71
Magallanes,2022,47,0.83
Magallanes,2022,48,1.47
Magallanes,2022,49,0.79
Magallanes,2022,50,1.69
Magallanes,2022,51,2.29
Magallanes,2022,52,4.46
Magallanes,2023,1,2.57
Magallanes,2023,2,0.77
Magallanes,2023,3,0.43
Magallanes,2023,4,1.44
Magallanes,2023,5,3.01
Magallanes,2023,6,1.61
Magallanes,2023,7,1.07
Magallanes,2023,8,3.57
Magallanes,2023,9,3.96
Magallanes,2023,10,1.33
Magallanes,2023,11,3.93
Magallanes,2023,12,2.93
Magallanes,2023,13,2.26
Magallanes,2023,14,1.63
Magallanes,2023,15,0.41
Magallanes,2023,16,3.73
Magallanes,2023,17,7.26
Magallanes,2023,18,6.06
Magallanes,2023,19,1.41
Magallanes,2023,20,2.39
Magallanes,2023,21,1.96
Magallanes,2023,22,1.63
Magallanes,2023,23,3.23
Magallanes,2023,24,1.34
Magallanes,2023,25,3.37
Magallanes,2023,26,4.83
Magallanes,2023,27,0.41
Magallanes,2023,28,0.11
Magallanes,2023,29,1.91
Magallanes,2023,30,0.54
Magallanes,2023,31,7.34
Magallanes,2023,32,1.31
Magallanes,2023,33,0.63
Magallanes,2023,34,1.44
Magallanes,2023,35,0.36
Magallanes,2023,36,3.03
Magallanes,2023,37,1.09
Magallanes,2023,38,0.44
Magallanes,2023,39,0.63
Magallanes,2023,40,3.69
Magallanes,2023,41,0.69
Magallanes,2023,42,0.17
Magallanes,2023,43,2.04
Magallanes,2023,44,0.43
Magallanes,2023,45,0.63
Magallanes,2023,46,2.44
Magallanes,2023,47,3.87
Magallanes,2023,48,2.11
Magallanes,2023,49,1.41
Magallanes,2023,50,1.71
Magallanes,2023,51,1.57
Magallanes,2023,52,1.21
Magallanes,2024,1,2.09
Magallanes,2024,2,1.7
Magallanes,2024,3,3.79
Magallanes,2024,4,0.66
Magallanes,2024,5,5.91
Magallanes,2024,6,1.61
Magallanes,2024,7,5.16
Magallanes,2024,8,2.04
Magallanes,2024,9,1.56
Magallanes,2024,10,4.23
Magallanes,2024,11,1.2
Magallanes,2024,12,0.76
Magallanes,2024,13,4.37
Magallanes,2024,14,3.5
Magallanes,2024,15,0.61
Magallanes,2024,16,5.31
Magallanes,2024,17,2.27
Magallanes,2024,18,2.67
Magallanes,2024,19,1.26
Magallanes,2024,20,0.33
Magallanes,2024,21,0.5
Magallanes,2024,22,2.1
Magallanes,2024,23,0.54
Magallanes,2024,24,2.13
Magallanes,2024,25,0.56
Magallanes,2024,26,2.14
Magallanes,2024,27,2.61
Magallanes,2024,28,0.71
Magallanes,2024,29,2.27
Magallanes,2024,30,2.2
Magallanes,2024,31,5.93
Magallanes,2024,32,2.29
Magallanes,2024,33,3.06
Magallanes,2024,34,0.74
Magallanes,2024,35,1.03
Magallanes,2024,36,1.39
Magallanes,2024,37,1.3
Magallanes,2024,38,1.03
Magallanes,2024,39,2.86
Magallanes,2024,40,1.8
Magallanes,2024,41,1.99
Magallanes,2024,42,1.69
Magallanes,2024,43,3.73
Magallanes,2024,44,5.19
Magallanes,2024,45,4.74
Magallanes,2024,46,3.79
Magallanes,2024,47,1.04
Magallanes,2024,48,1.24
Magallanes,2024,49,1.0
Magallanes,2024,50,1.16
Magallanes,2024,51,5.86
Magallanes,2024,52,1.76
Magallanes,2025,1,1.2
Magallanes,2025,2,3.07
Magallanes,2025,3,2.2
Magallanes,2025,4,4.3
Magallanes,2025,5,3.94
Magallanes,2025,6,3.11
Magallanes,2025,7,2.04
Magallanes,2025,8,3.47
Magallanes,2025,9,2.39
Magallanes,2025,10,3.86
Magallanes,2025,11,1.01
Magallanes,2025,12,2.77
Magallanes,2025,13,0.76
Magallanes,2025,14,1.2
Magallanes,2025,15,0.44
Magallanes,2025,16,2.1
Magallanes,2025,17,1.21
Magallanes,2025,18,1.19
Magallanes,2025,19,9.99
Magallanes,2025,20,1.64
Magallanes,2025,21,1.07
Magallanes,2025,22,1.26
Magallanes,2025,23,1.34
Magallanes,2025,24,1.17
Magallanes,2025,25,1.47
Magallanes,2025,26,2.06
Magallanes,2025,27,1.8
Magallanes,2025,28,1.69
Magallanes,2025,29,1.76
Magallanes,2025,30,0.21
Magallanes,2025,31,5.06
Magallanes,2025,32,0.07
Magallanes,2025,33,0.8
Magallanes,2025,34,2.33
Magallanes,2025,35,1.0
Magallanes,2025,36,0.27
Magallanes,2025,37,1.47
Magallanes,2025,38,0.39
Magallanes,2025,39,1.96
Magallanes,2025,40,1.77
Magallanes,2025,41,5.33
Magallanes,2025,42,3.7
Magallanes,2025,43,1.53
Magallanes,2025,44,1.31
Magallanes,2025,45,0.63
Magallanes,2025,46,6.13
Magallanes,2025,47,3.49
Magallanes,2025,48,2.14
Magallanes,2025,49,3.36
Magallanes,2025,50,3.79
Magallanes,2025,51,2.27
Magallanes,2025,52,6.36
Magallanes,2026,1,2.97
Magallanes,2026,2,1.21
Magallanes,2026,3,4.79
Magallanes,2026,4,4.09
Magallanes,2026,5,1.2
Magallanes,2026,6,1.61
Magallanes,2026,7,0.37
Magallanes,2026,8,2.76
Magallanes,2026,9,2.09
Magallanes,2026,10,1.61
Magallanes,2026,11,4.43
Magallanes,2026,12,5.84
Magallanes,2026,13,4.4
Magallanes,2026,14,3.19
Magallanes,2026,15,2.3
Magallanes,2026,16,2.94
Magallanes,2026,17,1.86
Magallanes,2026,18,1.96
Magallanes,2026,19,5.11
Magallanes,2026,20,1.44
Magallanes,2026,21,0.7
Magallanes,2026,22,1.24
Magallanes,2026,23,1.14
Magallanes,2026,24,6.59
Magallanes,2026,25,3.87
Maule,2014,1,0.0
Maule,2014,2,0.0
Maule,2014,3,0.0
Maule,2014,4,0.36
Maule,2014,5,0.03
Maule,2014,6,0.11
Maule,2014,7,0.03
Maule,2014,8,0.0
Maule,2014,9,0.0
Maule,2014,10,0.17
Maule,2014,11,0.0
Maule,2014,12,0.0
Maule,2014,13,3.5
Maule,2014,14,0.0
Maule,2014,15,1.21
Maule,2014,16,0.0
Maule,2014,17,0.0
Maule,2014,18,13.71
Maule,2014,19,0.0
Maule,2014,20,1.3
Maule,2014,21,2.67
Maule,2014,22,4.67
Maule,2014,23,23.03
Maule,2014,24,9.67
Maule,2014,25,3.2
Maule,2014,26,0.0
Maule,2014,27,4.56
Maule,2014,28,0.0
Maule,2014,29,6.09
Maule,2014,30,1.01
Maule,2014,31,9.09
Maule,2014,32,6.66
Maule,2014,33,0.0
Maule,2014,34,5.64
Maule,2014,35,3.66
Maule,2014,36,12.09
Maule,2014,37,0.44
Maule,2014,38,0.31
Maule,2014,39,5.13
Maule,2014,40,0.13
Maule,2014,41,0.0
Maule,2014,42,0.24
Maule,2014,43,0.0
Maule,2014,44,1.3
Maule,2014,45,0.0
Maule,2014,46,0.0
Maule,2014,47,0.0
Maule,2014,48,0.8
Maule,2014,49,0.0
Maule,2014,50,0.3
Maule,2014,51,1.43
Maule,2014,52,0.0
Maule,2015,1,0.19
Maule,2015,2,0.04
Maule,2015,3,0.0
Maule,2015,4,0.0
Maule,2015,5,0.0
Maule,2015,6,0.0
Maule,2015,7,0.0
Maule,2015,8,0.1
Maule,2015,9,0.03
Maule,2015,10,0.0
Maule,2015,11,0.0
Maule,2015,12,0.0
Maule,2015,13,3.03
Maule,2015,14,0.0
Maule,2015,15,0.0
Maule,2015,16,3.4
Maule,2015,17,0.0
Maule,2015,18,1.71
Maule,2015,19,3.17
Maule,2015,20,0.07
Maule,2015,21,1.76
Maule,2015,22,0.21
Maule,2015,23,3.77
Maule,2015,24,6.21
Maule,2015,25,0.0
Maule,2015,26,0.0
Maule,2015,27,3.61
Maule,2015,28,17.06
Maule,2015,29,2.91
Maule,2015,30,0.31
Maule,2015,31,11.4
Maule,2015,32,19.07
Maule,2015,33,0.44
Maule,2015,34,2.11
Maule,2015,35,7.71
Maule,2015,36,0.59
Maule,2015,37,4.49
Maule,2015,38,1.14
Maule,2015,39,5.04
Maule,2015,40,5.81
Maule,2015,41,0.0
Maule,2015,42,9.34
Maule,2015,43,2.16
Maule,2015,44,0.0
Maule,2015,45,0.03
Maule,2015,46,0.01
Maule,2015,47,0.59
Maule,2015,48,0.1
Maule,2015,49,0.23
Maule,2015,50,0.0
Maule,2015,51,0.0
Maule,2015,52,0.0
Maule,2015,53,0.0
Maule,2016,1,0.6
Maule,2016,2,0.0
Maule,2016,3,0.16
Maule,2016,4,0.46
Maule,2016,5,0.01
Maule,2016,6,0.0
Maule,2016,7,0.0
Maule,2016,8,0.0
Maule,2016,9,0.0
Maule,2016,10,0.03
Maule,2016,11,0.0
Maule,2016,12,0.0
Maule,2016,13,0.01
Maule,2016,14,0.36
Maule,2016,15,7.34
Maule,2016,16,7.36
Maule,2016,17,0.7
Maule,2016,18,0.06
Maule,2016,19,2.17
Maule,2016,20,4.53
Maule,2016,21,2.36
Maule,2016,22,3.67
Maule,2016,23,0.2
Maule,2016,24,0.0
Maule,2016,25,0.0
Maule,2016,26,0.6
Maule,2016,27,2.67
Maule,2016,28,11.13
Maule,2016,29,7.03
Maule,2016,30,2.19
Maule,2016,31,0.0
Maule,2016,32,2.16
Maule,2016,33,2.21
Maule,2016,34,0.0
Maule,2016,35,0.14
Maule,2016,36,0.03
Maule,2016,37,1.17
Maule,2016,38,0.0
Maule,2016,39,0.19
Maule,2016,40,0.06
Maule,2016,41,7.6
Maule,2016,42,1.81
Maule,2016,43,0.81
Maule,2016,44,1.43
Maule,2016,45,0.0
Maule,2016,46,0.0
Maule,2016,47,0.39
Maule,2016,48,0.09
Maule,2016,49,0.01
Maule,2016,50,0.0
Maule,2016,51,2.61
Maule,2016,52,0.51
Maule,2017,1,0.0
Maule,2017,2,0.24
Maule,2017,3,0.0
Maule,2017,4,0.0
Maule,2017,5,0.5
Maule,2017,6,0.0
Maule,2017,7,0.03
Maule,2017,8,0.0
Maule,2017,9,0.1
Maule,2017,10,0.09
Maule,2017,11,0.0
Maule,2017,12,0.0
Maule,2017,13,0.0
Maule,2017,14,3.4
Maule,2017,15,0.0
Maule,2017,16,1.51
Maule,2017,17,0.59
Maule,2017,18,5.31
Maule,2017,19,6.23
Maule,2017,20,5.67
Maule,2017,21,0.21
Maule,2017,22,0.21
Maule,2017,23,4.64
Maule,2017,24,4.73
Maule,2017,25,19.86
Maule,2017,26,2.7
Maule,2017,27,3.66
Maule,2017,28,3.96
Maule,2017,29,1.86
Maule,2017,30,0.0
Maule,2017,31,2.0
Maule,2017,32,13.06
Maule,2017,33,1.8
Maule,2017,34,7.19
Maule,2017,35,1.84
Maule,2017,36,0.69
Maule,2017,37,0.24
Maule,2017,38,0.21
Maule,2017,39,8.0
Maule,2017,40,2.29
Maule,2017,41,0.0
Maule,2017,42,0.23
Maule,2017,43,0.34
Maule,2017,44,5.93
Maule,2017,45,0.53
Maule,2017,46,0.07
Maule,2017,47,0.0
Maule,2017,48,0.01
Maule,2017,49,0.0
Maule,2017,50,0.17
Maule,2017,51,0.0
Maule,2017,52,0.0
Maule,2018,1,0.13
Maule,2018,2,0.01
Maule,2018,3,0.1
Maule,2018,4,0.0
Maule,2018,5,0.0
Maule,2018,6,0.0
Maule,2018,7,0.01
Maule,2018,8,0.96
Maule,2018,9,0.01
Maule,2018,10,0.01
Maule,2018,11,2.66
Maule,2018,12,0.56
Maule,2018,13,0.01
Maule,2018,14,0.36
Maule,2018,15,6.59
Maule,2018,16,0.0
Maule,2018,17,0.49
Maule,2018,18,0.0
Maule,2018,19,3.69
Maule,2018,20,0.27
Maule,2018,21,1.21
Maule,2018,22,3.46
Maule,2018,23,8.5
Maule,2018,24,0.66
Maule,2018,25,0.03
Maule,2018,26,2.11
Maule,2018,27,8.89
Maule,2018,28,0.41
Maule,2018,29,0.36
Maule,2018,30,0.13
Maule,2018,31,1.0
Maule,2018,32,1.8
Maule,2018,33,0.66
Maule,2018,34,3.07
Maule,2018,35,0.8
Maule,2018,36,0.03
Maule,2018,37,0.14
Maule,2018,38,5.6
Maule,2018,39,4.03
Maule,2018,40,0.01
Maule,2018,41,2.24
Maule,2018,42,0.27
Maule,2018,43,1.5
Maule,2018,44,4.67
Maule,2018,45,1.53
Maule,2018,46,1.34
Maule,2018,47,0.0
Maule,2018,48,0.11
Maule,2018,49,0.01
Maule,2018,50,0.04
Maule,2018,51,0.0
Maule,2018,52,0.0
Maule,2019,1,0.0
Maule,2019,2,0.14
Maule,2019,3,0.0
Maule,2019,4,0.0
Maule,2019,5,0.0
Maule,2019,6,0.0
Maule,2019,7,0.47
Maule,2019,8,0.0
Maule,2019,9,0.13
Maule,2019,10,0.17
Maule,2019,11,0.0
Maule,2019,12,0.0
Maule,2019,13,0.46
Maule,2019,14,0.63
Maule,2019,15,0.0
Maule,2019,16,0.01
Maule,2019,17,0.34
Maule,2019,18,9.87
Maule,2019,19,0.33
Maule,2019,20,2.6
Maule,2019,21,0.91
Maule,2019,22,7.91
Maule,2019,23,2.19
Maule,2019,24,6.06
Maule,2019,25,0.56
Maule,2019,26,3.89
Maule,2019,27,0.0
Maule,2019,28,0.69
Maule,2019,29,4.3
Maule,2019,30,1.1
Maule,2019,31,0.94
Maule,2019,32,1.1
Maule,2019,33,1.04
Maule,2019,34,0.04
Maule,2019,35,0.63
Maule,2019,36,4.3
Maule,2019,37,3.13
Maule,2019,38,0.01
Maule,2019,39,0.09
Maule,2019,40,2.1
Maule,2019,41,0.0
Maule,2019,42,1.0
Maule,2019,43,0.14
Maule,2019,44,1.04
Maule,2019,45,0.0
Maule,2019,46,0.0
Maule,2019,47,0.01
Maule,2019,48,0.06
Maule,2019,49,0.0
Maule,2019,50,0.29
Maule,2019,51,0.04
Maule,2019,52,0.24
Maule,2020,1,0.0
Maule,2020,2,0.0
Maule,2020,3,0.0
Maule,2020,4,0.0
Maule,2020,5,0.0
Maule,2020,6,0.01
Maule,2020,7,0.0
Maule,2020,8,0.0
Maule,2020,9,0.0
Maule,2020,10,0.0
Maule,2020,11,0.0
Maule,2020,12,0.0
Maule,2020,13,0.0
Maule,2020,14,0.0
Maule,2020,15,0.0
Maule,2020,16,0.0
Maule,2020,17,2.4
Maule,2020,18,1.31
Maule,2020,19,0.04
Maule,2020,20,0.0
Maule,2020,21,3.76
Maule,2020,22,0.87
Maule,2020,23,0.49
Maule,2020,24,5.94
Maule,2020,25,14.79
Maule,2020,26,13.56
Maule,2020,27,9.24
Maule,2020,28,3.26
Maule,2020,29,6.47
Maule,2020,30,2.83
Maule,2020,31,0.57
Maule,2020,32,1.54
Maule,2020,33,0.44
Maule,2020,34,0.01
Maule,2020,35,6.79
Maule,2020,36,0.57
Maule,2020,37,0.89
Maule,2020,38,0.19
Maule,2020,39,0.1
Maule,2020,40,0.67
Maule,2020,41,0.03
Maule,2020,42,0.0
Maule,2020,43,0.66
Maule,2020,44,0.49
Maule,2020,45,0.0
Maule,2020,46,0.04
Maule,2020,47,0.0
Maule,2020,48,0.0
Maule,2020,49,0.0
Maule,2020,50,0.13
Maule,2020,51,0.07
Maule,2020,52,0.0
Maule,2020,53,0.0
Maule,2021,1,0.0
Maule,2021,2,0.0
Maule,2021,3,0.0
Maule,2021,4,7.97
Maule,2021,5,0.71
Maule,2021,6,0.0
Maule,2021,7,0.0
Maule,2021,8,0.0
Maule,2021,9,0.0
Maule,2021,10,0.0
Maule,2021,11,0.01
Maule,2021,12,0.01
Maule,2021,13,0.0
Maule,2021,14,0.04
Maule,2021,15,0.09
Maule,2021,16,2.46
Maule,2021,17,11.29
Maule,2021,18,1.91
Maule,2021,19,0.0
Maule,2021,20,2.83
Maule,2021,21,1.49
Maule,2021,22,2.86
Maule,2021,23,1.4
Maule,2021,24,0.16
Maule,2021,25,6.06
Maule,2021,26,0.0
Maule,2021,27,0.6
Maule,2021,28,0.04
Maule,2021,29,1.17
Maule,2021,30,0.43
Maule,2021,31,0.01
Maule,2021,32,0.07
Maule,2021,33,13.31
Maule,2021,34,0.13
Maule,2021,35,0.11
Maule,2021,36,4.1
Maule,2021,37,0.31
Maule,2021,38,0.14
Maule,2021,39,0.46
Maule,2021,40,0.06
Maule,2021,41,1.37
Maule,2021,42,0.0
Maule,2021,43,0.0
Maule,2021,44,0.04
Maule,2021,45,0.0
Maule,2021,46,0.0
Maule,2021,47,0.0
Maule,2021,48,0.0
Maule,2021,49,0.27
Maule,2021,50,0.0
Maule,2021,51,0.0
Maule,2021,52,0.0
Maule,2022,1,0.0
Maule,2022,2,0.0
Maule,2022,3,0.0
Maule,2022,4,0.0
Maule,2022,5,0.0
Maule,2022,6,0.0
Maule,2022,7,0.0
Maule,2022,8,1.96
Maule,2022,9,0.0
Maule,2022,10,0.0
Maule,2022,11,0.0
Maule,2022,12,0.36
Maule,2022,13,0.03
Maule,2022,14,0.31
Maule,2022,15,0.0
Maule,2022,16,7.96
Maule,2022,17,4.26
Maule,2022,18,0.01
Maule,2022,19,0.59
Maule,2022,20,5.87
Maule,2022,21,4.37
Maule,2022,22,10.79
Maule,2022,23,0.03
Maule,2022,24,1.1
Maule,2022,25,4.23
Maule,2022,26,8.29
Maule,2022,27,10.31
Maule,2022,28,12.91
Maule,2022,29,0.06
Maule,2022,30,0.59
Maule,2022,31,5.67
Maule,2022,32,2.09
Maule,2022,33,1.07
Maule,2022,34,0.23
Maule,2022,35,0.03
Maule,2022,36,2.81
Maule,2022,37,2.33
Maule,2022,38,1.91
Maule,2022,39,0.0
Maule,2022,40,1.74
Maule,2022,41,0.0
Maule,2022,42,0.33
Maule,2022,43,0.0
Maule,2022,44,0.0
Maule,2022,45,3.1
Maule,2022,46,0.0
Maule,2022,47,0.0
Maule,2022,48,0.0
Maule,2022,49,0.0
Maule,2022,50,0.0
Maule,2022,51,0.0
Maule,2022,52,0.07
Maule,2023,1,0.0
Maule,2023,2,0.04
Maule,2023,3,0.0
Maule,2023,4,0.0
Maule,2023,5,0.0
Maule,2023,6,0.0
Maule,2023,7,0.0
Maule,2023,8,0.0
Maule,2023,9,0.0
Maule,2023,10,0.0
Maule,2023,11,0.0
Maule,2023,12,0.0
Maule,2023,13,0.0
Maule,2023,14,0.0
Maule,2023,15,0.0
Maule,2023,16,0.03
Maule,2023,17,3.94
Maule,2023,18,0.03
Maule,2023,19,0.0
Maule,2023,20,1.77
Maule,2023,21,4.26
Maule,2023,22,4.81
Maule,2023,23,4.37
Maule,2023,24,0.04
Maule,2023,25,23.01
Maule,2023,26,2.61
Maule,2023,27,6.69
Maule,2023,28,3.61
Maule,2023,29,4.13
Maule,2023,30,0.96
Maule,2023,31,0.04
Maule,2023,32,4.21
Maule,2023,33,14.46
Maule,2023,34,13.27
Maule,2023,35,5.84
Maule,2023,36,17.33
Maule,2023,37,3.21
Maule,2023,38,0.99
Maule,2023,39,0.63
Maule,2023,40,0.29
Maule,2023,41,0.0
Maule,2023,42,0.03
Maule,2023,43,4.6
Maule,2023,44,0.1
Maule,2023,45,1.17
Maule,2023,46,4.67
Maule,2023,47,0.0
Maule,2023,48,0.01
Maule,2023,49,0.0
Maule,2023,50,0.99
Maule,2023,51,0.0
Maule,2023,52,0.07
Maule,2024,1,0.04
Maule,2024,2,0.0
Maule,2024,3,0.0
Maule,2024,4,0.0
Maule,2024,5,0.0
Maule,2024,6,0.0
Maule,2024,7,0.0
Maule,2024,8,0.43
Maule,2024,9,0.0
Maule,2024,10,0.0
Maule,2024,11,0.0
Maule,2024,12,0.96
Maule,2024,13,0.0
Maule,2024,14,4.69
Maule,2024,15,0.03
Maule,2024,16,0.01
Maule,2024,17,0.97
Maule,2024,18,9.46
Maule,2024,19,5.8
Maule,2024,20,0.04
Maule,2024,21,4.76
Maule,2024,22,2.09
Maule,2024,23,8.49
Maule,2024,24,11.91
Maule,2024,25,21.11
Maule,2024,26,0.1
Maule,2024,27,0.0
Maule,2024,28,0.0
Maule,2024,29,0.0
Maule,2024,30,0.06
Maule,2024,31,13.44
Maule,2024,32,4.29
Maule,2024,33,0.01
Maule,2024,34,3.3
Maule,2024,35,0.03
Maule,2024,36,0.14
Maule,2024,37,0.33
Maule,2024,38,6.83
Maule,2024,39,0.0
Maule,2024,40,1.47
Maule,2024,41,0.27
Maule,2024,42,0.1
Maule,2024,43,0.64
Maule,2024,44,0.03
Maule,2024,45,0.97
Maule,2024,46,0.13
Maule,2024,47,0.0
Maule,2024,48,0.0
Maule,2024,49,0.01
Maule,2024,50,0.0
Maule,2024,51,0.0
Maule,2024,52,0.0
Maule,2025,1,0.0
Maule,2025,2,0.0
Maule,2025,3,0.0
Maule,2025,4,0.0
Maule,2025,5,0.0
Maule,2025,6,0.0
Maule,2025,7,0.0
Maule,2025,8,0.0
Maule,2025,9,0.0
Maule,2025,10,1.09
Maule,2025,11,0.0
Maule,2025,12,0.0
Maule,2025,13,2.04
Maule,2025,14,0.06
Maule,2025,15,1.96
Maule,2025,16,0.13
Maule,2025,17,3.76
Maule,2025,18,0.0
Maule,2025,19,3.79
Maule,2025,20,3.39
Maule,2025,21,2.14
Maule,2025,22,2.37
Maule,2025,23,0.14
Maule,2025,24,15.31
Maule,2025,25,4.56
Maule,2025,26,0.0
Maule,2025,27,2.87
Maule,2025,28,0.0
Maule,2025,29,0.94
Maule,2025,30,3.17
Maule,2025,31,11.06
Maule,2025,32,0.09
Maule,2025,33,1.24
Maule,2025,34,4.36
Maule,2025,35,0.76
Maule,2025,36,0.3
Maule,2025,37,2.07
Maule,2025,38,5.17
Maule,2025,39,2.27
Maule,2025,40,3.19
Maule,2025,41,0.9
Maule,2025,42,0.0
Maule,2025,43,0.0
Maule,2025,44,0.16
Maule,2025,45,0.09
Maule,2025,46,0.0
Maule,2025,47,0.01
Maule,2025,48,0.0
Maule,2025,49,0.0
Maule,2025,50,0.06
Maule,2025,51,0.0
Maule,2025,52,0.0
Maule,2026,1,0.0
Maule,2026,2,0.03
Maule,2026,3,0.0
Maule,2026,4,0.01
Maule,2026,5,0.04
Maule,2026,6,0.11
Maule,2026,7,0.0
Maule,2026,8,0.0
Maule,2026,9,0.03
Maule,2026,10,1.66
Maule,2026,11,2.93
Maule,2026,12,7.94
Maule,2026,13,0.01
Maule,2026,14,0.01
Maule,2026,15,0.0
Maule,2026,16,0.59
Maule,2026,17,0.0
Maule,2026,18,1.73
Maule,2026,19,2.93
Maule,2026,20,0.0
Maule,2026,21,0.0
Maule,2026,22,0.01
Maule,2026,23,0.59
Maule,2026,24,3.44
Maule,2026,25,0.0
Metropolitana,2014,1,0.0
Metropolitana,2014,2,0.0
Metropolitana,2014,3,0.0
Metropolitana,2014,4,0.06
Metropolitana,2014,5,0.0
Metropolitana,2014,6,0.0
Metropolitana,2014,7,1.04
Metropolitana,2014,8,0.0
Metropolitana,2014,9,0.17
Metropolitana,2014,10,0.09
Metropolitana,2014,11,0.0
Metropolitana,2014,12,0.0
Metropolitana,2014,13,0.04
Metropolitana,2014,14,0.0
Metropolitana,2014,15,0.01
Metropolitana,2014,16,0.0
Metropolitana,2014,17,0.0
Metropolitana,2014,18,1.64
Metropolitana,2014,19,0.0
Metropolitana,2014,20,0.0
Metropolitana,2014,21,0.79
Metropolitana,2014,22,0.31
Metropolitana,2014,23,9.49
Metropolitana,2014,24,6.63
Metropolitana,2014,25,0.0
Metropolitana,2014,26,0.04
Metropolitana,2014,27,3.26
Metropolitana,2014,28,0.0
Metropolitana,2014,29,4.09
Metropolitana,2014,30,1.89
Metropolitana,2014,31,0.79
Metropolitana,2014,32,2.14
Metropolitana,2014,33,0.0
Metropolitana,2014,34,5.19
Metropolitana,2014,35,2.01
Metropolitana,2014,36,10.03
Metropolitana,2014,37,2.77
Metropolitana,2014,38,0.24
Metropolitana,2014,39,0.84
Metropolitana,2014,40,1.33
Metropolitana,2014,41,0.46
Metropolitana,2014,42,0.21
Metropolitana,2014,43,0.09
Metropolitana,2014,44,0.2
Metropolitana,2014,45,0.0
Metropolitana,2014,46,0.04
Metropolitana,2014,47,0.17
Metropolitana,2014,48,2.4
Metropolitana,2014,49,0.34
Metropolitana,2014,50,0.01
Metropolitana,2014,51,0.03
Metropolitana,2014,52,0.0
Metropolitana,2015,1,0.07
Metropolitana,2015,2,0.0
Metropolitana,2015,3,0.0
Metropolitana,2015,4,0.0
Metropolitana,2015,5,0.03
Metropolitana,2015,6,0.0
Metropolitana,2015,7,0.0
Metropolitana,2015,8,0.53
Metropolitana,2015,9,0.17
Metropolitana,2015,10,0.0
Metropolitana,2015,11,0.0
Metropolitana,2015,12,0.0
Metropolitana,2015,13,0.56
Metropolitana,2015,14,0.0
Metropolitana,2015,15,0.01
Metropolitana,2015,16,0.0
Metropolitana,2015,17,0.0
Metropolitana,2015,18,0.21
Metropolitana,2015,19,0.0
Metropolitana,2015,20,0.0
Metropolitana,2015,21,0.0
Metropolitana,2015,22,0.1
Metropolitana,2015,23,0.16
Metropolitana,2015,24,0.0
Metropolitana,2015,25,0.0
Metropolitana,2015,26,0.0
Metropolitana,2015,27,0.36
Metropolitana,2015,28,6.91
Metropolitana,2015,29,1.03
Metropolitana,2015,30,0.01
Metropolitana,2015,31,1.7
Metropolitana,2015,32,18.11
Metropolitana,2015,33,1.79
Metropolitana,2015,34,1.33
Metropolitana,2015,35,0.49
Metropolitana,2015,36,1.74
Metropolitana,2015,37,4.99
Metropolitana,2015,38,0.73
Metropolitana,2015,39,6.61
Metropolitana,2015,40,4.16
Metropolitana,2015,41,0.57
Metropolitana,2015,42,6.23
Metropolitana,2015,43,5.07
Metropolitana,2015,44,0.27
Metropolitana,2015,45,1.6
Metropolitana,2015,46,3.41
Metropolitana,2015,47,0.41
Metropolitana,2015,48,0.07
Metropolitana,2015,49,0.0
Metropolitana,2015,50,0.16
Metropolitana,2015,51,0.0
Metropolitana,2015,52,0.0
Metropolitana,2015,53,0.0
Metropolitana,2016,1,0.29
Metropolitana,2016,2,0.0
Metropolitana,2016,3,1.31
Metropolitana,2016,4,0.0
Metropolitana,2016,5,0.06
Metropolitana,2016,6,0.01
Metropolitana,2016,7,0.0
Metropolitana,2016,8,0.0
Metropolitana,2016,9,0.0
Metropolitana,2016,10,0.0
Metropolitana,2016,11,0.0
Metropolitana,2016,12,0.0
Metropolitana,2016,13,0.19
Metropolitana,2016,14,0.27
Metropolitana,2016,15,22.03
Metropolitana,2016,16,8.06
Metropolitana,2016,17,0.04
Metropolitana,2016,18,0.49
Metropolitana,2016,19,1.13
Metropolitana,2016,20,3.23
Metropolitana,2016,21,2.34
Metropolitana,2016,22,10.13
Metropolitana,2016,23,0.0
Metropolitana,2016,24,0.0
Metropolitana,2016,25,0.13
Metropolitana,2016,26,3.41
Metropolitana,2016,27,0.33
Metropolitana,2016,28,7.9
Metropolitana,2016,29,1.83
Metropolitana,2016,30,3.93
Metropolitana,2016,31,0.0
Metropolitana,2016,32,0.0
Metropolitana,2016,33,0.14
Metropolitana,2016,34,0.26
Metropolitana,2016,35,0.3
Metropolitana,2016,36,0.04
Metropolitana,2016,37,0.46
Metropolitana,2016,38,0.0
Metropolitana,2016,39,0.64
Metropolitana,2016,40,0.21
Metropolitana,2016,41,7.91
Metropolitana,2016,42,2.94
Metropolitana,2016,43,2.03
Metropolitana,2016,44,0.47
Metropolitana,2016,45,0.01
Metropolitana,2016,46,0.27
Metropolitana,2016,47,0.91
Metropolitana,2016,48,0.1
Metropolitana,2016,49,2.17
Metropolitana,2016,50,0.0
Metropolitana,2016,51,0.17
Metropolitana,2016,52,2.19
Metropolitana,2017,1,0.0
Metropolitana,2017,2,0.01
Metropolitana,2017,3,0.0
Metropolitana,2017,4,0.0
Metropolitana,2017,5,0.6
Metropolitana,2017,6,0.0
Metropolitana,2017,7,0.0
Metropolitana,2017,8,1.49
Metropolitana,2017,9,0.77
Metropolitana,2017,10,0.03
Metropolitana,2017,11,0.09
Metropolitana,2017,12,0.09
Metropolitana,2017,13,0.57
Metropolitana,2017,14,1.46
Metropolitana,2017,15,0.01
Metropolitana,2017,16,1.26
Metropolitana,2017,17,0.01
Metropolitana,2017,18,0.49
Metropolitana,2017,19,7.79
Metropolitana,2017,20,2.76
Metropolitana,2017,21,1.51
Metropolitana,2017,22,0.17
Metropolitana,2017,23,0.57
Metropolitana,2017,24,8.81
Metropolitana,2017,25,0.7
Metropolitana,2017,26,1.86
Metropolitana,2017,27,2.0
Metropolitana,2017,28,2.94
Metropolitana,2017,29,0.5
Metropolitana,2017,30,0.13
Metropolitana,2017,31,0.33
Metropolitana,2017,32,5.99
Metropolitana,2017,33,1.59
Metropolitana,2017,34,0.44
Metropolitana,2017,35,3.47
Metropolitana,2017,36,1.53
Metropolitana,2017,37,0.5
Metropolitana,2017,38,0.21
Metropolitana,2017,39,3.56
Metropolitana,2017,40,4.83
Metropolitana,2017,41,0.89
Metropolitana,2017,42,0.23
Metropolitana,2017,43,0.26
Metropolitana,2017,44,0.27
Metropolitana,2017,45,0.53
Metropolitana,2017,46,0.43
Metropolitana,2017,47,0.0
Metropolitana,2017,48,0.0
Metropolitana,2017,49,0.0
Metropolitana,2017,50,0.04
Metropolitana,2017,51,0.0
Metropolitana,2017,52,0.89
Metropolitana,2018,1,0.04
Metropolitana,2018,2,0.16
Metropolitana,2018,3,0.06
Metropolitana,2018,4,0.0
Metropolitana,2018,5,0.0
Metropolitana,2018,6,0.0
Metropolitana,2018,7,0.0
Metropolitana,2018,8,0.79
Metropolitana,2018,9,0.0
Metropolitana,2018,10,0.0
Metropolitana,2018,11,0.37
Metropolitana,2018,12,0.0
Metropolitana,2018,13,0.0
Metropolitana,2018,14,0.03
Metropolitana,2018,15,0.1
Metropolitana,2018,16,0.0
Metropolitana,2018,17,0.0
Metropolitana,2018,18,0.0
Metropolitana,2018,19,0.13
Metropolitana,2018,20,0.03
Metropolitana,2018,21,0.01
Metropolitana,2018,22,4.87
Metropolitana,2018,23,3.47
Metropolitana,2018,24,3.64
Metropolitana,2018,25,0.34
Metropolitana,2018,26,0.84
Metropolitana,2018,27,5.97
Metropolitana,2018,28,0.41
Metropolitana,2018,29,0.97
Metropolitana,2018,30,1.09
Metropolitana,2018,31,0.09
Metropolitana,2018,32,2.29
Metropolitana,2018,33,0.53
Metropolitana,2018,34,2.04
Metropolitana,2018,35,0.57
Metropolitana,2018,36,0.14
Metropolitana,2018,37,0.14
Metropolitana,2018,38,5.34
Metropolitana,2018,39,3.8
Metropolitana,2018,40,0.13
Metropolitana,2018,41,0.4
Metropolitana,2018,42,0.17
Metropolitana,2018,43,0.0
Metropolitana,2018,44,1.13
Metropolitana,2018,45,0.04
Metropolitana,2018,46,0.94
Metropolitana,2018,47,0.0
Metropolitana,2018,48,0.13
Metropolitana,2018,49,2.07
Metropolitana,2018,50,0.0
Metropolitana,2018,51,0.0
Metropolitana,2018,52,0.0
Metropolitana,2019,1,0.1
Metropolitana,2019,2,0.01
Metropolitana,2019,3,0.04
Metropolitana,2019,4,0.0
Metropolitana,2019,5,0.0
Metropolitana,2019,6,0.0
Metropolitana,2019,7,0.01
Metropolitana,2019,8,0.03
Metropolitana,2019,9,0.0
Metropolitana,2019,10,0.06
Metropolitana,2019,11,0.0
Metropolitana,2019,12,0.0
Metropolitana,2019,13,0.31
Metropolitana,2019,14,0.01
Metropolitana,2019,15,0.01
Metropolitana,2019,16,0.17
Metropolitana,2019,17,0.7
Metropolitana,2019,18,0.09
Metropolitana,2019,19,0.13
Metropolitana,2019,20,0.33
Metropolitana,2019,21,0.24
Metropolitana,2019,22,0.93
Metropolitana,2019,23,0.86
Metropolitana,2019,24,4.27
Metropolitana,2019,25,0.17
Metropolitana,2019,26,3.93
Metropolitana,2019,27,0.03
Metropolitana,2019,28,0.36
Metropolitana,2019,29,2.14
Metropolitana,2019,30,0.03
Metropolitana,2019,31,0.1
Metropolitana,2019,32,0.5
Metropolitana,2019,33,0.09
Metropolitana,2019,34,0.01
Metropolitana,2019,35,0.17
Metropolitana,2019,36,0.81
Metropolitana,2019,37,1.4
Metropolitana,2019,38,0.64
Metropolitana,2019,39,0.13
Metropolitana,2019,40,1.27
Metropolitana,2019,41,0.0
Metropolitana,2019,42,2.73
Metropolitana,2019,43,0.03
Metropolitana,2019,44,0.0
Metropolitana,2019,45,0.0
Metropolitana,2019,46,0.0
Metropolitana,2019,47,0.01
Metropolitana,2019,48,0.79
Metropolitana,2019,49,0.0
Metropolitana,2019,50,0.06
Metropolitana,2019,51,0.0
Metropolitana,2019,52,0.0
Metropolitana,2020,1,0.0
Metropolitana,2020,2,0.0
Metropolitana,2020,3,0.0
Metropolitana,2020,4,0.0
Metropolitana,2020,5,0.0
Metropolitana,2020,6,0.0
Metropolitana,2020,7,0.0
Metropolitana,2020,8,0.0
Metropolitana,2020,9,0.0
Metropolitana,2020,10,0.0
Metropolitana,2020,11,0.0
Metropolitana,2020,12,0.0
Metropolitana,2020,13,0.0
Metropolitana,2020,14,0.0
Metropolitana,2020,15,1.34
Metropolitana,2020,16,0.0
Metropolitana,2020,17,0.03
Metropolitana,2020,18,0.27
Metropolitana,2020,19,0.1
Metropolitana,2020,20,0.0
Metropolitana,2020,21,0.91
Metropolitana,2020,22,0.4
Metropolitana,2020,23,0.87
Metropolitana,2020,24,2.57
Metropolitana,2020,25,2.39
Metropolitana,2020,26,7.66
Metropolitana,2020,27,12.67
Metropolitana,2020,28,0.73
Metropolitana,2020,29,0.29
Metropolitana,2020,30,2.67
Metropolitana,2020,31,0.0
Metropolitana,2020,32,0.29
Metropolitana,2020,33,0.13
Metropolitana,2020,34,0.27
Metropolitana,2020,35,0.8
Metropolitana,2020,36,0.19
Metropolitana,2020,37,0.13
Metropolitana,2020,38,0.01
Metropolitana,2020,39,0.36
Metropolitana,2020,40,0.07
Metropolitana,2020,41,0.0
Metropolitana,2020,42,0.0
Metropolitana,2020,43,0.19
Metropolitana,2020,44,0.1
Metropolitana,2020,45,0.0
Metropolitana,2020,46,0.21
Metropolitana,2020,47,0.11
Metropolitana,2020,48,0.0
Metropolitana,2020,49,0.0
Metropolitana,2020,50,0.0
Metropolitana,2020,51,0.03
Metropolitana,2020,52,0.0
Metropolitana,2020,53,0.03
Metropolitana,2021,1,0.0
Metropolitana,2021,2,0.0
Metropolitana,2021,3,0.0
Metropolitana,2021,4,10.3
Metropolitana,2021,5,1.17
Metropolitana,2021,6,0.01
Metropolitana,2021,7,0.0
Metropolitana,2021,8,0.0
Metropolitana,2021,9,0.0
Metropolitana,2021,10,0.0
Metropolitana,2021,11,1.29
Metropolitana,2021,12,0.03
Metropolitana,2021,13,0.01
Metropolitana,2021,14,0.09
Metropolitana,2021,15,0.0
Metropolitana,2021,16,0.5
Metropolitana,2021,17,0.13
Metropolitana,2021,18,0.39
Metropolitana,2021,19,0.0
Metropolitana,2021,20,2.43
Metropolitana,2021,21,0.13
Metropolitana,2021,22,0.14
Metropolitana,2021,23,0.0
Metropolitana,2021,24,0.74
Metropolitana,2021,25,5.31
Metropolitana,2021,26,0.0
Metropolitana,2021,27,0.21
Metropolitana,2021,28,0.0
Metropolitana,2021,29,0.4
Metropolitana,2021,30,0.0
Metropolitana,2021,31,0.74
Metropolitana,2021,32,0.16
Metropolitana,2021,33,9.13
Metropolitana,2021,34,0.59
Metropolitana,2021,35,0.81
Metropolitana,2021,36,3.83
Metropolitana,2021,37,1.24
Metropolitana,2021,38,0.41
Metropolitana,2021,39,0.0
Metropolitana,2021,40,1.53
Metropolitana,2021,41,0.5
Metropolitana,2021,42,0.14
Metropolitana,2021,43,0.03
Metropolitana,2021,44,0.17
Metropolitana,2021,45,0.04
Metropolitana,2021,46,0.0
Metropolitana,2021,47,0.47
Metropolitana,2021,48,0.0
Metropolitana,2021,49,0.03
Metropolitana,2021,50,0.03
Metropolitana,2021,51,0.0
Metropolitana,2021,52,0.0
Metropolitana,2022,1,0.0
Metropolitana,2022,2,0.0
Metropolitana,2022,3,0.0
Metropolitana,2022,4,0.0
Metropolitana,2022,5,0.0
Metropolitana,2022,6,0.0
Metropolitana,2022,7,0.0
Metropolitana,2022,8,0.67
Metropolitana,2022,9,0.0
Metropolitana,2022,10,0.0
Metropolitana,2022,11,0.0
Metropolitana,2022,12,0.0
Metropolitana,2022,13,0.0
Metropolitana,2022,14,0.0
Metropolitana,2022,15,0.0
Metropolitana,2022,16,0.11
Metropolitana,2022,17,3.89
Metropolitana,2022,18,0.0
Metropolitana,2022,19,0.0
Metropolitana,2022,20,0.03
Metropolitana,2022,21,0.0
Metropolitana,2022,22,2.63
Metropolitana,2022,23,0.0
Metropolitana,2022,24,0.19
Metropolitana,2022,25,1.99
Metropolitana,2022,26,4.34
Metropolitana,2022,27,9.36
Metropolitana,2022,28,4.14
Metropolitana,2022,29,0.0
Metropolitana,2022,30,0.3
Metropolitana,2022,31,1.99
Metropolitana,2022,32,3.3
Metropolitana,2022,33,2.07
Metropolitana,2022,34,0.06
Metropolitana,2022,35,0.07
Metropolitana,2022,36,1.4
Metropolitana,2022,37,0.76
Metropolitana,2022,38,2.73
Metropolitana,2022,39,0.0
Metropolitana,2022,40,0.8
Metropolitana,2022,41,0.0
Metropolitana,2022,42,0.2
Metropolitana,2022,43,0.04
Metropolitana,2022,44,0.0
Metropolitana,2022,45,1.04
Metropolitana,2022,46,0.0
Metropolitana,2022,47,0.0
Metropolitana,2022,48,0.0
Metropolitana,2022,49,0.0
Metropolitana,2022,50,0.0
Metropolitana,2022,51,0.0
Metropolitana,2022,52,1.27
Metropolitana,2023,1,0.13
Metropolitana,2023,2,0.0
Metropolitana,2023,3,0.0
Metropolitana,2023,4,0.0
Metropolitana,2023,5,0.0
Metropolitana,2023,6,0.0
Metropolitana,2023,7,0.0
Metropolitana,2023,8,0.0
Metropolitana,2023,9,0.0
Metropolitana,2023,10,0.0
Metropolitana,2023,11,0.0
Metropolitana,2023,12,0.0
Metropolitana,2023,13,0.0
Metropolitana,2023,14,0.0
Metropolitana,2023,15,0.0
Metropolitana,2023,16,0.0
Metropolitana,2023,17,5.26
Metropolitana,2023,18,0.0
Metropolitana,2023,19,0.0
Metropolitana,2023,20,1.17
Metropolitana,2023,21,2.0
Metropolitana,2023,22,0.0
Metropolitana,2023,23,4.2
Metropolitana,2023,24,0.01
Metropolitana,2023,25,13.7
Metropolitana,2023,26,0.04
Metropolitana,2023,27,0.07
Metropolitana,2023,28,1.9
Metropolitana,2023,29,2.97
Metropolitana,2023,30,0.0
Metropolitana,2023,31,0.01
Metropolitana,2023,32,1.17
Metropolitana,2023,33,6.89
Metropolitana,2023,34,14.46
Metropolitana,2023,35,1.07
Metropolitana,2023,36,3.31
Metropolitana,2023,37,4.96
Metropolitana,2023,38,0.03
Metropolitana,2023,39,0.61
Metropolitana,2023,40,1.31
Metropolitana,2023,41,0.0
Metropolitana,2023,42,0.84
Metropolitana,2023,43,1.94
Metropolitana,2023,44,0.41
Metropolitana,2023,45,3.61
Metropolitana,2023,46,0.1
Metropolitana,2023,47,0.0
Metropolitana,2023,48,0.0
Metropolitana,2023,49,0.0
Metropolitana,2023,50,0.0
Metropolitana,2023,51,0.0
Metropolitana,2023,52,0.0
Metropolitana,2024,1,0.0
Metropolitana,2024,2,0.0
Metropolitana,2024,3,0.0
Metropolitana,2024,4,0.0
Metropolitana,2024,5,0.0
Metropolitana,2024,6,0.0
Metropolitana,2024,7,0.0
Metropolitana,2024,8,1.2
Metropolitana,2024,9,0.0
Metropolitana,2024,10,0.0
Metropolitana,2024,11,0.0
Metropolitana,2024,12,0.54
Metropolitana,2024,13,0.0
Metropolitana,2024,14,0.0
Metropolitana,2024,15,0.24
Metropolitana,2024,16,1.03
Metropolitana,2024,17,0.0
Metropolitana,2024,18,0.16
Metropolitana,2024,19,4.27
Metropolitana,2024,20,0.43
Metropolitana,2024,21,11.83
Metropolitana,2024,22,0.0
Metropolitana,2024,23,2.2
Metropolitana,2024,24,8.1
Metropolitana,2024,25,16.43
Metropolitana,2024,26,0.03
Metropolitana,2024,27,0.0
Metropolitana,2024,28,0.0
Metropolitana,2024,29,0.01
Metropolitana,2024,30,0.03
Metropolitana,2024,31,8.19
Metropolitana,2024,32,2.8
Metropolitana,2024,33,0.0
Metropolitana,2024,34,1.29
Metropolitana,2024,35,0.33
Metropolitana,2024,36,0.0
Metropolitana,2024,37,0.06
Metropolitana,2024,38,0.69
Metropolitana,2024,39,0.1
Metropolitana,2024,40,0.04
Metropolitana,2024,41,2.13
Metropolitana,2024,42,0.09
Metropolitana,2024,43,1.46
Metropolitana,2024,44,0.0
Metropolitana,2024,45,0.0
Metropolitana,2024,46,0.07
Metropolitana,2024,47,0.0
Metropolitana,2024,48,0.0
Metropolitana,2024,49,0.0
Metropolitana,2024,50,0.0
Metropolitana,2024,51,0.0
Metropolitana,2024,52,0.0
Metropolitana,2025,1,0.0
Metropolitana,2025,2,0.0
Metropolitana,2025,3,0.0
Metropolitana,2025,4,0.0
Metropolitana,2025,5,0.0
Metropolitana,2025,6,0.0
Metropolitana,2025,7,0.0
Metropolitana,2025,8,0.0
Metropolitana,2025,9,0.0
Metropolitana,2025,10,0.0
Metropolitana,2025,11,0.0
Metropolitana,2025,12,0.0
Metropolitana,2025,13,1.51
Metropolitana,2025,14,0.0
Metropolitana,2025,15,0.0
Metropolitana,2025,16,0.0
Metropolitana,2025,17,0.01
Metropolitana,2025,18,0.0
Metropolitana,2025,19,4.9
Metropolitana,2025,20,0.9
Metropolitana,2025,21,1.13
Metropolitana,2025,22,3.81
Metropolitana,2025,23,0.0
Metropolitana,2025,24,3.21
Metropolitana,2025,25,8.01
Metropolitana,2025,26,0.01
Metropolitana,2025,27,0.0
Metropolitana,2025,28,0.0
Metropolitana,2025,29,0.0
Metropolitana,2025,30,0.0
Metropolitana,2025,31,7.7
Metropolitana,2025,32,0.11
Metropolitana,2025,33,1.39
Metropolitana,2025,34,7.16
Metropolitana,2025,35,2.16
Metropolitana,2025,36,0.03
Metropolitana,2025,37,0.01
Metropolitana,2025,38,0.83
Metropolitana,2025,39,1.3
Metropolitana,2025,40,1.53
Metropolitana,2025,41,0.0
Metropolitana,2025,42,0.0
Metropolitana,2025,43,0.21
Metropolitana,2025,44,0.17
Metropolitana,2025,45,4.07
Metropolitana,2025,46,0.0
Metropolitana,2025,47,0.0
Metropolitana,2025,48,0.0
Metropolitana,2025,49,0.23
Metropolitana,2025,50,0.16
Metropolitana,2025,51,0.03
Metropolitana,2025,52,0.0
Metropolitana,2026,1,0.0
Metropolitana,2026,2,0.07
Metropolitana,2026,3,0.0
Metropolitana,2026,4,0.03
Metropolitana,2026,5,0.1
Metropolitana,2026,6,0.0
Metropolitana,2026,7,0.0
Metropolitana,2026,8,0.0
Metropolitana,2026,9,0.0
Metropolitana,2026,10,0.1
Metropolitana,2026,11,0.0
Metropolitana,2026,12,1.56
Metropolitana,2026,13,0.0
Metropolitana,2026,14,0.0
Metropolitana,2026,15,0.0
Metropolitana,2026,16,0.04
Metropolitana,2026,17,0.63
Metropolitana,2026,18,0.06
Metropolitana,2026,19,4.03
Metropolitana,2026,20,0.06
Metropolitana,2026,21,0.0
Metropolitana,2026,22,0.0
Metropolitana,2026,23,0.0
Metropolitana,2026,24,1.11
Metropolitana,2026,25,0.13
O'Higgins,2014,1,0.0
O'Higgins,2014,2,0.0
O'Higgins,2014,3,0.43
O'Higgins,2014,4,0.06
O'Higgins,2014,5,0.0
O'Higgins,2014,6,0.0
O'Higgins,2014,7,1.1
O'Higgins,2014,8,0.13
O'Higgins,2014,9,0.69
O'Higgins,2014,10,0.29
O'Higgins,2014,11,0.2
O'Higgins,2014,12,0.13
O'Higgins,2014,13,0.63
O'Higgins,2014,14,0.09
O'Higgins,2014,15,0.29
O'Higgins,2014,16,0.0
O'Higgins,2014,17,0.07
O'Higgins,2014,18,7.49
O'Higgins,2014,19,0.0
O'Higgins,2014,20,0.0
O'Higgins,2014,21,1.67
O'Higgins,2014,22,2.46
O'Higgins,2014,23,15.03
O'Higgins,2014,24,6.6
O'Higgins,2014,25,0.0
O'Higgins,2014,26,0.19
O'Higgins,2014,27,3.87
O'Higgins,2014,28,0.0
O'Higgins,2014,29,5.21
O'Higgins,2014,30,1.5
O'Higgins,2014,31,2.04
O'Higgins,2014,32,3.09
O'Higgins,2014,33,0.0
O'Higgins,2014,34,5.27
O'Higgins,2014,35,2.19
O'Higgins,2014,36,13.6
O'Higgins,2014,37,2.69
O'Higgins,2014,38,0.83
O'Higgins,2014,39,2.97
O'Higgins,2014,40,2.01
O'Higgins,2014,41,1.41
O'Higgins,2014,42,0.6
O'Higgins,2014,43,0.06
O'Higgins,2014,44,0.53
O'Higgins,2014,45,0.0
O'Higgins,2014,46,0.04
O'Higgins,2014,47,0.61
O'Higgins,2014,48,4.14
O'Higgins,2014,49,0.49
O'Higgins,2014,50,0.34
O'Higgins,2014,51,0.86
O'Higgins,2014,52,0.0
O'Higgins,2015,1,0.3
O'Higgins,2015,2,0.1
O'Higgins,2015,3,0.0
O'Higgins,2015,4,0.0
O'Higgins,2015,5,0.0
O'Higgins,2015,6,0.0
O'Higgins,2015,7,0.0
O'Higgins,2015,8,0.01
O'Higgins,2015,9,0.17
O'Higgins,2015,10,0.13
O'Higgins,2015,11,0.0
O'Higgins,2015,12,0.0
O'Higgins,2015,13,0.96
O'Higgins,2015,14,0.0
O'Higgins,2015,15,0.04
O'Higgins,2015,16,0.0
O'Higgins,2015,17,0.0
O'Higgins,2015,18,0.74
O'Higgins,2015,19,0.0
O'Higgins,2015,20,0.0
O'Higgins,2015,21,0.0
O'Higgins,2015,22,0.21
O'Higgins,2015,23,0.99
O'Higgins,2015,24,0.9
O'Higgins,2015,25,0.0
O'Higgins,2015,26,0.0
O'Higgins,2015,27,0.77
O'Higgins,2015,28,13.4
O'Higgins,2015,29,1.29
O'Higgins,2015,30,0.0
O'Higgins,2015,31,6.6
O'Higgins,2015,32,19.76
O'Higgins,2015,33,2.41
O'Higgins,2015,34,2.37
O'Higgins,2015,35,2.83
O'Higgins,2015,36,1.56
O'Higgins,2015,37,7.93
O'Higgins,2015,38,2.34
O'Higgins,2015,39,5.73
O'Higgins,2015,40,8.1
O'Higgins,2015,41,3.4
O'Higgins,2015,42,6.81
O'Higgins,2015,43,4.89
O'Higgins,2015,44,0.94
O'Higgins,2015,45,1.41
O'Higgins,2015,46,3.86
O'Higgins,2015,47,1.46
O'Higgins,2015,48,0.64
O'Higgins,2015,49,0.33
O'Higgins,2015,50,0.67
O'Higgins,2015,51,0.06
O'Higgins,2015,52,0.06
O'Higgins,2015,53,0.0
O'Higgins,2016,1,0.27
O'Higgins,2016,2,0.0
O'Higgins,2016,3,2.49
O'Higgins,2016,4,0.1
O'Higgins,2016,5,0.11
O'Higgins,2016,6,0.0
O'Higgins,2016,7,0.0
O'Higgins,2016,8,0.0
O'Higgins,2016,9,0.0
O'Higgins,2016,10,0.0
O'Higgins,2016,11,0.0
O'Higgins,2016,12,0.0
O'Higgins,2016,13,0.26
O'Higgins,2016,14,0.33
O'Higgins,2016,15,27.07
O'Higgins,2016,16,11.29
O'Higgins,2016,17,0.6
O'Higgins,2016,18,0.96
O'Higgins,2016,19,1.44
O'Higgins,2016,20,3.9
O'Higgins,2016,21,2.76
O'Higgins,2016,22,8.34
O'Higgins,2016,23,0.04
O'Higgins,2016,24,0.21
O'Higgins,2016,25,0.11
O'Higgins,2016,26,1.93
O'Higgins,2016,27,1.34
O'Higgins,2016,28,13.27
O'Higgins,2016,29,4.19
O'Higgins,2016,30,4.13
O'Higgins,2016,31,0.03
O'Higgins,2016,32,0.27
O'Higgins,2016,33,1.97
O'Higgins,2016,34,0.54
O'Higgins,2016,35,0.41
O'Higgins,2016,36,0.51
O'Higgins,2016,37,1.26
O'Higgins,2016,38,0.0
O'Higgins,2016,39,0.53
O'Higgins,2016,40,0.13
O'Higgins,2016,41,8.81
O'Higgins,2016,42,4.86
O'Higgins,2016,43,2.37
O'Higgins,2016,44,0.97
O'Higgins,2016,45,0.04
O'Higgins,2016,46,0.17
O'Higgins,2016,47,2.37
O'Higgins,2016,48,0.74
O'Higgins,2016,49,0.94
O'Higgins,2016,50,0.03
O'Higgins,2016,51,0.09
O'Higgins,2016,52,0.57
O'Higgins,2017,1,0.0
O'Higgins,2017,2,0.0
O'Higgins,2017,3,0.0
O'Higgins,2017,4,0.0
O'Higgins,2017,5,1.3
O'Higgins,2017,6,0.0
O'Higgins,2017,7,0.07
O'Higgins,2017,8,2.2
O'Higgins,2017,9,0.73
O'Higgins,2017,10,0.73
O'Higgins,2017,11,0.0
O'Higgins,2017,12,0.16
O'Higgins,2017,13,0.4
O'Higgins,2017,14,3.61
O'Higgins,2017,15,0.0
O'Higgins,2017,16,3.37
O'Higgins,2017,17,0.07
O'Higgins,2017,18,1.87
O'Higgins,2017,19,8.29
O'Higgins,2017,20,3.13
O'Higgins,2017,21,1.44
O'Higgins,2017,22,0.16
O'Higgins,2017,23,2.41
O'Higgins,2017,24,9.2
O'Higgins,2017,25,5.54
O'Higgins,2017,26,2.84
O'Higgins,2017,27,2.1
O'Higgins,2017,28,3.91
O'Higgins,2017,29,0.59
O'Higgins,2017,30,0.39
O'Higgins,2017,31,0.66
O'Higgins,2017,32,9.99
O'Higgins,2017,33,4.6
O'Higgins,2017,34,1.77
O'Higgins,2017,35,4.83
O'Higgins,2017,36,3.39
O'Higgins,2017,37,0.44
O'Higgins,2017,38,0.46
O'Higgins,2017,39,4.84
O'Higgins,2017,40,5.97
O'Higgins,2017,41,0.11
O'Higgins,2017,42,0.14
O'Higgins,2017,43,0.5
O'Higgins,2017,44,2.84
O'Higgins,2017,45,1.27
O'Higgins,2017,46,1.17
O'Higgins,2017,47,0.21
O'Higgins,2017,48,0.04
O'Higgins,2017,49,0.01
O'Higgins,2017,50,0.04
O'Higgins,2017,51,0.0
O'Higgins,2017,52,4.24
O'Higgins,2018,1,0.0
O'Higgins,2018,2,0.29
O'Higgins,2018,3,0.09
O'Higgins,2018,4,0.0
O'Higgins,2018,5,0.0
O'Higgins,2018,6,0.0
O'Higgins,2018,7,0.0
O'Higgins,2018,8,0.73
O'Higgins,2018,9,0.0
O'Higgins,2018,10,0.2
O'Higgins,2018,11,3.0
O'Higgins,2018,12,0.01
O'Higgins,2018,13,0.0
O'Higgins,2018,14,0.07
O'Higgins,2018,15,0.57
O'Higgins,2018,16,0.0
O'Higgins,2018,17,0.0
O'Higgins,2018,18,0.0
O'Higgins,2018,19,0.66
O'Higgins,2018,20,0.3
O'Higgins,2018,21,0.0
O'Higgins,2018,22,6.57
O'Higgins,2018,23,4.8
O'Higgins,2018,24,6.34
O'Higgins,2018,25,0.59
O'Higgins,2018,26,1.39
O'Higgins,2018,27,13.17
O'Higgins,2018,28,0.84
O'Higgins,2018,29,0.77
O'Higgins,2018,30,1.01
O'Higgins,2018,31,0.27
O'Higgins,2018,32,3.21
O'Higgins,2018,33,1.36
O'Higgins,2018,34,3.01
O'Higgins,2018,35,0.16
O'Higgins,2018,36,0.29
O'Higgins,2018,37,0.16
O'Higgins,2018,38,7.89
O'Higgins,2018,39,8.24
O'Higgins,2018,40,0.07
O'Higgins,2018,41,1.89
O'Higgins,2018,42,0.66
O'Higgins,2018,43,0.36
O'Higgins,2018,44,9.77
O'Higgins,2018,45,0.77
O'Higgins,2018,46,3.69
O'Higgins,2018,47,0.0
O'Higgins,2018,48,0.09
O'Higgins,2018,49,0.59
O'Higgins,2018,50,0.23
O'Higgins,2018,51,0.03
O'Higgins,2018,52,0.0
O'Higgins,2019,1,0.0
O'Higgins,2019,2,3.66
O'Higgins,2019,3,0.2
O'Higgins,2019,4,0.0
O'Higgins,2019,5,0.0
O'Higgins,2019,6,0.11
O'Higgins,2019,7,0.39
O'Higgins,2019,8,0.04
O'Higgins,2019,9,0.0
O'Higgins,2019,10,0.0
O'Higgins,2019,11,0.0
O'Higgins,2019,12,0.0
O'Higgins,2019,13,0.74
O'Higgins,2019,14,0.21
O'Higgins,2019,15,0.06
O'Higgins,2019,16,0.09
O'Higgins,2019,17,0.97
O'Higgins,2019,18,0.01
O'Higgins,2019,19,0.2
O'Higgins,2019,20,0.8
O'Higgins,2019,21,0.31
O'Higgins,2019,22,2.54
O'Higgins,2019,23,1.36
O'Higgins,2019,24,5.49
O'Higgins,2019,25,0.17
O'Higgins,2019,26,5.57
O'Higgins,2019,27,0.01
O'Higgins,2019,28,0.06
O'Higgins,2019,29,4.01
O'Higgins,2019,30,0.4
O'Higgins,2019,31,0.66
O'Higgins,2019,32,0.97
O'Higgins,2019,33,0.86
O'Higgins,2019,34,0.07
O'Higgins,2019,35,0.29
O'Higgins,2019,36,0.94
O'Higgins,2019,37,1.53
O'Higgins,2019,38,0.49
O'Higgins,2019,39,0.33
O'Higgins,2019,40,3.51
O'Higgins,2019,41,0.0
O'Higgins,2019,42,3.51
O'Higgins,2019,43,0.06
O'Higgins,2019,44,0.1
O'Higgins,2019,45,0.0
O'Higgins,2019,46,0.0
O'Higgins,2019,47,0.0
O'Higgins,2019,48,1.56
O'Higgins,2019,49,0.0
O'Higgins,2019,50,0.51
O'Higgins,2019,51,0.0
O'Higgins,2019,52,0.0
O'Higgins,2020,1,0.64
O'Higgins,2020,2,0.27
O'Higgins,2020,3,0.0
O'Higgins,2020,4,0.0
O'Higgins,2020,5,0.06
O'Higgins,2020,6,0.0
O'Higgins,2020,7,0.0
O'Higgins,2020,8,0.0
O'Higgins,2020,9,0.0
O'Higgins,2020,10,0.0
O'Higgins,2020,11,0.0
O'Higgins,2020,12,0.0
O'Higgins,2020,13,0.0
O'Higgins,2020,14,0.0
O'Higgins,2020,15,0.71
O'Higgins,2020,16,0.0
O'Higgins,2020,17,0.03
O'Higgins,2020,18,0.69
O'Higgins,2020,19,0.01
O'Higgins,2020,20,0.0
O'Higgins,2020,21,1.74
O'Higgins,2020,22,1.03
O'Higgins,2020,23,0.81
O'Higgins,2020,24,4.87
O'Higgins,2020,25,9.09
O'Higgins,2020,26,13.03
O'Higgins,2020,27,17.41
O'Higgins,2020,28,1.64
O'Higgins,2020,29,0.94
O'Higgins,2020,30,2.57
O'Higgins,2020,31,0.0
O'Higgins,2020,32,2.0
O'Higgins,2020,33,0.04
O'Higgins,2020,34,0.2
O'Higgins,2020,35,1.69
O'Higgins,2020,36,1.13
O'Higgins,2020,37,1.1
O'Higgins,2020,38,0.14
O'Higgins,2020,39,0.64
O'Higgins,2020,40,0.86
O'Higgins,2020,41,0.0
O'Higgins,2020,42,0.0
O'Higgins,2020,43,0.19
O'Higgins,2020,44,0.03
O'Higgins,2020,45,0.0
O'Higgins,2020,46,0.16
O'Higgins,2020,47,0.01
O'Higgins,2020,48,0.0
O'Higgins,2020,49,0.0
O'Higgins,2020,50,0.0
O'Higgins,2020,51,2.23
O'Higgins,2020,52,0.0
O'Higgins,2020,53,0.04
O'Higgins,2021,1,0.41
O'Higgins,2021,2,0.0
O'Higgins,2021,3,0.0
O'Higgins,2021,4,7.23
O'Higgins,2021,5,1.16
O'Higgins,2021,6,0.26
O'Higgins,2021,7,0.06
O'Higgins,2021,8,0.0
O'Higgins,2021,9,0.0
O'Higgins,2021,10,0.0
O'Higgins,2021,11,1.34
O'Higgins,2021,12,0.09
O'Higgins,2021,13,0.0
O'Higgins,2021,14,0.09
O'Higgins,2021,15,0.0
O'Higgins,2021,16,0.31
O'Higgins,2021,17,0.14
O'Higgins,2021,18,0.14
O'Higgins,2021,19,0.11
O'Higgins,2021,20,4.57
O'Higgins,2021,21,0.17
O'Higgins,2021,22,1.2
O'Higgins,2021,23,0.59
O'Higgins,2021,24,0.8
O'Higgins,2021,25,5.24
O'Higgins,2021,26,0.0
O'Higgins,2021,27,0.1
O'Higgins,2021,28,0.0
O'Higgins,2021,29,1.27
O'Higgins,2021,30,0.04
O'Higgins,2021,31,0.56
O'Higgins,2021,32,0.03
O'Higgins,2021,33,13.39
O'Higgins,2021,34,0.31
O'Higgins,2021,35,1.27
O'Higgins,2021,36,6.84
O'Higgins,2021,37,2.43
O'Higgins,2021,38,0.31
O'Higgins,2021,39,0.04
O'Higgins,2021,40,1.84
O'Higgins,2021,41,1.21
O'Higgins,2021,42,1.03
O'Higgins,2021,43,0.0
O'Higgins,2021,44,0.13
O'Higgins,2021,45,0.27
O'Higgins,2021,46,0.0
O'Higgins,2021,47,1.09
O'Higgins,2021,48,0.0
O'Higgins,2021,49,0.13
O'Higgins,2021,50,0.0
O'Higgins,2021,51,0.0
O'Higgins,2021,52,0.0
O'Higgins,2022,1,0.03
O'Higgins,2022,2,1.93
O'Higgins,2022,3,0.11
O'Higgins,2022,4,0.0
O'Higgins,2022,5,0.16
O'Higgins,2022,6,0.0
O'Higgins,2022,7,0.0
O'Higgins,2022,8,0.96
O'Higgins,2022,9,0.0
O'Higgins,2022,10,0.0
O'Higgins,2022,11,0.0
O'Higgins,2022,12,0.0
O'Higgins,2022,13,0.0
O'Higgins,2022,14,0.0
O'Higgins,2022,15,0.0
O'Higgins,2022,16,1.8
O'Higgins,2022,17,4.97
O'Higgins,2022,18,0.03
O'Higgins,2022,19,0.0
O'Higgins,2022,20,0.69
O'Higgins,2022,21,3.0
O'Higgins,2022,22,4.4
O'Higgins,2022,23,0.0
O'Higgins,2022,24,0.01
O'Higgins,2022,25,3.51
O'Higgins,2022,26,3.76
O'Higgins,2022,27,9.4
O'Higgins,2022,28,4.76
O'Higgins,2022,29,0.0
O'Higgins,2022,30,0.26
O'Higgins,2022,31,4.49
O'Higgins,2022,32,1.84
O'Higgins,2022,33,4.76
O'Higgins,2022,34,0.04
O'Higgins,2022,35,0.13
O'Higgins,2022,36,2.69
O'Higgins,2022,37,1.6
O'Higgins,2022,38,6.87
O'Higgins,2022,39,0.03
O'Higgins,2022,40,3.76
O'Higgins,2022,41,0.04
O'Higgins,2022,42,0.09
O'Higgins,2022,43,0.6
O'Higgins,2022,44,0.0
O'Higgins,2022,45,2.76
O'Higgins,2022,46,0.0
O'Higgins,2022,47,0.01
O'Higgins,2022,48,0.0
O'Higgins,2022,49,0.0
O'Higgins,2022,50,0.0
O'Higgins,2022,51,0.0
O'Higgins,2022,52,0.87
O'Higgins,2023,1,0.0
O'Higgins,2023,2,0.03
O'Higgins,2023,3,0.0
O'Higgins,2023,4,0.0
O'Higgins,2023,5,0.0
O'Higgins,2023,6,0.0
O'Higgins,2023,7,0.0
O'Higgins,2023,8,0.0
O'Higgins,2023,9,0.0
O'Higgins,2023,10,0.0
O'Higgins,2023,11,0.0
O'Higgins,2023,12,0.0
O'Higgins,2023,13,0.0
O'Higgins,2023,14,0.0
O'Higgins,2023,15,0.0
O'Higgins,2023,16,0.0
O'Higgins,2023,17,7.61
O'Higgins,2023,18,0.0
O'Higgins,2023,19,0.01
O'Higgins,2023,20,1.89
O'Higgins,2023,21,3.09
O'Higgins,2023,22,2.7
O'Higgins,2023,23,3.81
O'Higgins,2023,24,0.0
O'Higgins,2023,25,18.36
O'Higgins,2023,26,0.67
O'Higgins,2023,27,1.0
O'Higgins,2023,28,4.11
O'Higgins,2023,29,11.84
O'Higgins,2023,30,0.14
O'Higgins,2023,31,0.03
O'Higgins,2023,32,2.66
O'Higgins,2023,33,13.77
O'Higgins,2023,34,17.84
O'Higgins,2023,35,0.86
O'Higgins,2023,36,7.93
O'Higgins,2023,37,3.87
O'Higgins,2023,38,0.06
O'Higgins,2023,39,0.31
O'Higgins,2023,40,1.79
O'Higgins,2023,41,0.0
O'Higgins,2023,42,2.17
O'Higgins,2023,43,9.43
O'Higgins,2023,44,1.39
O'Higgins,2023,45,5.9
O'Higgins,2023,46,0.89
O'Higgins,2023,47,0.0
O'Higgins,2023,48,0.04
O'Higgins,2023,49,0.01
O'Higgins,2023,50,0.0
O'Higgins,2023,51,0.0
O'Higgins,2023,52,0.01
O'Higgins,2024,1,0.0
O'Higgins,2024,2,0.0
O'Higgins,2024,3,0.0
O'Higgins,2024,4,0.0
O'Higgins,2024,5,0.0
O'Higgins,2024,6,0.0
O'Higgins,2024,7,0.0
O'Higgins,2024,8,0.83
O'Higgins,2024,9,0.0
O'Higgins,2024,10,0.0
O'Higgins,2024,11,0.0
O'Higgins,2024,12,0.0
O'Higgins,2024,13,0.0
O'Higgins,2024,14,0.49
O'Higgins,2024,15,0.79
O'Higgins,2024,16,0.97
O'Higgins,2024,17,0.39
O'Higgins,2024,18,4.1
O'Higgins,2024,19,6.91
O'Higgins,2024,20,0.24
O'Higgins,2024,21,9.47
O'Higgins,2024,22,0.17
O'Higgins,2024,23,3.26
O'Higgins,2024,24,12.71
O'Higgins,2024,25,26.14
O'Higgins,2024,26,0.01
O'Higgins,2024,27,0.0
O'Higgins,2024,28,0.0
O'Higgins,2024,29,0.11
O'Higgins,2024,30,0.01
O'Higgins,2024,31,11.69
O'Higgins,2024,32,3.47
O'Higgins,2024,33,0.43
O'Higgins,2024,34,1.8
O'Higgins,2024,35,0.17
O'Higgins,2024,36,0.0
O'Higgins,2024,37,0.73
O'Higgins,2024,38,2.33
O'Higgins,2024,39,0.19
O'Higgins,2024,40,0.74
O'Higgins,2024,41,1.26
O'Higgins,2024,42,0.11
O'Higgins,2024,43,2.61
O'Higgins,2024,44,0.4
O'Higgins,2024,45,1.09
O'Higgins,2024,46,0.04
O'Higgins,2024,47,0.0
O'Higgins,2024,48,0.04
O'Higgins,2024,49,0.0
O'Higgins,2024,50,0.0
O'Higgins,2024,51,0.0
O'Higgins,2024,52,0.0
O'Higgins,2025,1,0.0
O'Higgins,2025,2,0.0
O'Higgins,2025,3,0.0
O'Higgins,2025,4,0.0
O'Higgins,2025,5,0.0
O'Higgins,2025,6,0.0
O'Higgins,2025,7,0.0
O'Higgins,2025,8,0.0
O'Higgins,2025,9,0.0
O'Higgins,2025,10,0.0
O'Higgins,2025,11,0.0
O'Higgins,2025,12,0.0
O'Higgins,2025,13,3.21
O'Higgins,2025,14,0.0
O'Higgins,2025,15,0.0
O'Higgins,2025,16,0.0
O'Higgins,2025,17,3.47
O'Higgins,2025,18,0.0
O'Higgins,2025,19,6.17
O'Higgins,2025,20,2.54
O'Higgins,2025,21,0.13
O'Higgins,2025,22,5.77
O'Higgins,2025,23,0.0
O'Higgins,2025,24,6.06
O'Higgins,2025,25,8.97
O'Higgins,2025,26,0.03
O'Higgins,2025,27,0.03
O'Higgins,2025,28,0.0
O'Higgins,2025,29,0.04
O'Higgins,2025,30,0.07
O'Higgins,2025,31,9.04
O'Higgins,2025,32,0.0
O'Higgins,2025,33,2.31
O'Higgins,2025,34,8.94
O'Higgins,2025,35,1.37
O'Higgins,2025,36,0.4
O'Higgins,2025,37,0.76
O'Higgins,2025,38,10.09
O'Higgins,2025,39,1.91
O'Higgins,2025,40,4.07
O'Higgins,2025,41,0.19
O'Higgins,2025,42,0.0
O'Higgins,2025,43,0.83
O'Higgins,2025,44,0.83
O'Higgins,2025,45,2.71
O'Higgins,2025,46,0.0
O'Higgins,2025,47,0.0
O'Higgins,2025,48,0.0
O'Higgins,2025,49,0.36
O'Higgins,2025,50,1.33
O'Higgins,2025,51,0.04
O'Higgins,2025,52,0.03
O'Higgins,2026,1,0.0
O'Higgins,2026,2,0.29
O'Higgins,2026,3,0.0
O'Higgins,2026,4,0.0
O'Higgins,2026,5,0.89
O'Higgins,2026,6,0.54
O'Higgins,2026,7,0.0
O'Higgins,2026,8,0.0
O'Higgins,2026,9,0.0
O'Higgins,2026,10,0.8
O'Higgins,2026,11,0.0
O'Higgins,2026,12,3.03
O'Higgins,2026,13,0.0
O'Higgins,2026,14,0.0
O'Higgins,2026,15,0.01
O'Higgins,2026,16,0.51
O'Higgins,2026,17,2.57
O'Higgins,2026,18,0.21
O'Higgins,2026,19,5.44
O'Higgins,2026,20,0.0
O'Higgins,2026,21,0.0
O'Higgins,2026,22,0.0
O'Higgins,2026,23,0.09
O'Higgins,2026,24,1.36
O'Higgins,2026,25,0.0
Tarapacá,2014,1,0.1
Tarapacá,2014,2,0.04
Tarapacá,2014,3,0.0
Tarapacá,2014,4,0.0
Tarapacá,2014,5,0.0
Tarapacá,2014,6,0.0
Tarapacá,2014,7,0.0
Tarapacá,2014,8,0.0
Tarapacá,2014,9,0.0
Tarapacá,2014,10,0.0
Tarapacá,2014,11,0.0
Tarapacá,2014,12,0.0
Tarapacá,2014,13,0.0
Tarapacá,2014,14,0.0
Tarapacá,2014,15,0.0
Tarapacá,2014,16,0.0
Tarapacá,2014,17,0.24
Tarapacá,2014,18,0.21
Tarapacá,2014,19,0.1
Tarapacá,2014,20,0.3
Tarapacá,2014,21,0.3
Tarapacá,2014,22,0.73
Tarapacá,2014,23,1.27
Tarapacá,2014,24,0.29
Tarapacá,2014,25,0.26
Tarapacá,2014,26,0.86
Tarapacá,2014,27,1.0
Tarapacá,2014,28,0.16
Tarapacá,2014,29,0.09
Tarapacá,2014,30,0.19
Tarapacá,2014,31,0.1
Tarapacá,2014,32,0.09
Tarapacá,2014,33,0.07
Tarapacá,2014,34,0.19
Tarapacá,2014,35,0.06
Tarapacá,2014,36,0.07
Tarapacá,2014,37,0.27
Tarapacá,2014,38,0.1
Tarapacá,2014,39,0.16
Tarapacá,2014,40,0.06
Tarapacá,2014,41,0.1
Tarapacá,2014,42,0.03
Tarapacá,2014,43,0.11
Tarapacá,2014,44,0.03
Tarapacá,2014,45,0.01
Tarapacá,2014,46,0.0
Tarapacá,2014,47,0.03
Tarapacá,2014,48,0.01
Tarapacá,2014,49,0.09
Tarapacá,2014,50,0.07
Tarapacá,2014,51,0.0
Tarapacá,2014,52,0.0
Tarapacá,2015,1,0.0
Tarapacá,2015,2,0.0
Tarapacá,2015,3,0.07
Tarapacá,2015,4,0.1
Tarapacá,2015,5,0.13
Tarapacá,2015,6,0.03
Tarapacá,2015,7,0.0
Tarapacá,2015,8,0.0
Tarapacá,2015,9,0.0
Tarapacá,2015,10,0.0
Tarapacá,2015,11,0.0
Tarapacá,2015,12,0.29
Tarapacá,2015,13,0.26
Tarapacá,2015,14,0.0
Tarapacá,2015,15,0.0
Tarapacá,2015,16,0.0
Tarapacá,2015,17,0.0
Tarapacá,2015,18,0.0
Tarapacá,2015,19,0.09
Tarapacá,2015,20,0.11
Tarapacá,2015,21,0.27
Tarapacá,2015,22,0.41
Tarapacá,2015,23,1.11
Tarapacá,2015,24,0.3
Tarapacá,2015,25,0.33
Tarapacá,2015,26,0.54
Tarapacá,2015,27,0.39
Tarapacá,2015,28,1.04
Tarapacá,2015,29,0.74
Tarapacá,2015,30,0.5
Tarapacá,2015,31,0.26
Tarapacá,2015,32,1.06
Tarapacá,2015,33,0.7
Tarapacá,2015,34,0.11
Tarapacá,2015,35,0.1
Tarapacá,2015,36,0.0
Tarapacá,2015,37,0.11
Tarapacá,2015,38,0.16
Tarapacá,2015,39,0.2
Tarapacá,2015,40,0.1
Tarapacá,2015,41,0.34
Tarapacá,2015,42,0.14
Tarapacá,2015,43,0.14
Tarapacá,2015,44,0.04
Tarapacá,2015,45,0.19
Tarapacá,2015,46,0.29
Tarapacá,2015,47,0.19
Tarapacá,2015,48,0.14
Tarapacá,2015,49,0.03
Tarapacá,2015,50,0.0
Tarapacá,2015,51,0.03
Tarapacá,2015,52,0.0
Tarapacá,2015,53,0.0
Tarapacá,2016,1,0.0
Tarapacá,2016,2,0.0
Tarapacá,2016,3,0.0
Tarapacá,2016,4,0.0
Tarapacá,2016,5,0.04
Tarapacá,2016,6,0.0
Tarapacá,2016,7,0.21
Tarapacá,2016,8,0.01
Tarapacá,2016,9,0.0
Tarapacá,2016,10,0.0
Tarapacá,2016,11,0.0
Tarapacá,2016,12,0.0
Tarapacá,2016,13,0.0
Tarapacá,2016,14,0.01
Tarapacá,2016,15,0.0
Tarapacá,2016,16,0.0
Tarapacá,2016,17,0.0
Tarapacá,2016,18,0.0
Tarapacá,2016,19,0.07
Tarapacá,2016,20,0.07
Tarapacá,2016,21,0.06
Tarapacá,2016,22,0.04
Tarapacá,2016,23,0.1
Tarapacá,2016,24,0.49
Tarapacá,2016,25,1.0
Tarapacá,2016,26,0.27
Tarapacá,2016,27,0.14
Tarapacá,2016,28,0.7
Tarapacá,2016,29,0.23
Tarapacá,2016,30,0.34
Tarapacá,2016,31,0.47
Tarapacá,2016,32,0.11
Tarapacá,2016,33,0.51
Tarapacá,2016,34,0.16
Tarapacá,2016,35,0.16
Tarapacá,2016,36,0.01
Tarapacá,2016,37,0.11
Tarapacá,2016,38,0.06
Tarapacá,2016,39,0.13
Tarapacá,2016,40,0.09
Tarapacá,2016,41,0.01
Tarapacá,2016,42,0.1
Tarapacá,2016,43,0.03
Tarapacá,2016,44,0.07
Tarapacá,2016,45,0.19
Tarapacá,2016,46,0.0
Tarapacá,2016,47,0.03
Tarapacá,2016,48,0.01
Tarapacá,2016,49,0.0
Tarapacá,2016,50,0.0
Tarapacá,2016,51,0.0
Tarapacá,2016,52,0.11
Tarapacá,2017,1,0.0
Tarapacá,2017,2,0.46
Tarapacá,2017,3,0.0
Tarapacá,2017,4,0.03
Tarapacá,2017,5,0.0
Tarapacá,2017,6,0.0
Tarapacá,2017,7,0.0
Tarapacá,2017,8,0.23
Tarapacá,2017,9,0.0
Tarapacá,2017,10,0.0
Tarapacá,2017,11,0.0
Tarapacá,2017,12,0.0
Tarapacá,2017,13,0.0
Tarapacá,2017,14,0.01
Tarapacá,2017,15,0.0
Tarapacá,2017,16,0.04
Tarapacá,2017,17,0.04
Tarapacá,2017,18,0.0
Tarapacá,2017,19,0.01
Tarapacá,2017,20,0.0
Tarapacá,2017,21,0.31
Tarapacá,2017,22,0.0
Tarapacá,2017,23,0.26
Tarapacá,2017,24,0.16
Tarapacá,2017,25,0.09
Tarapacá,2017,26,0.13
Tarapacá,2017,27,0.19
Tarapacá,2017,28,0.07
Tarapacá,2017,29,0.06
Tarapacá,2017,30,0.07
Tarapacá,2017,31,0.11
Tarapacá,2017,32,0.03
Tarapacá,2017,33,0.0
Tarapacá,2017,34,0.03
Tarapacá,2017,35,0.0
Tarapacá,2017,36,0.0
Tarapacá,2017,37,0.0
Tarapacá,2017,38,0.0
Tarapacá,2017,39,0.0
Tarapacá,2017,40,0.03
Tarapacá,2017,41,0.0
Tarapacá,2017,42,0.0
Tarapacá,2017,43,0.01
Tarapacá,2017,44,0.07
Tarapacá,2017,45,0.0
Tarapacá,2017,46,0.0
Tarapacá,2017,47,0.0
Tarapacá,2017,48,0.0
Tarapacá,2017,49,0.0
Tarapacá,2017,50,0.0
Tarapacá,2017,51,0.07
Tarapacá,2017,52,0.0
Tarapacá,2018,1,0.0
Tarapacá,2018,2,0.0
Tarapacá,2018,3,0.0
Tarapacá,2018,4,0.01
Tarapacá,2018,5,0.14
Tarapacá,2018,6,0.07
Tarapacá,2018,7,0.2
Tarapacá,2018,8,0.0
Tarapacá,2018,9,0.0
Tarapacá,2018,10,0.0
Tarapacá,2018,11,0.06
Tarapacá,2018,12,0.0
Tarapacá,2018,13,0.01
Tarapacá,2018,14,0.0
Tarapacá,2018,15,0.0
Tarapacá,2018,16,0.0
Tarapacá,2018,17,0.07
Tarapacá,2018,18,0.0
Tarapacá,2018,19,0.0
Tarapacá,2018,20,0.01
Tarapacá,2018,21,0.23
Tarapacá,2018,22,0.11
Tarapacá,2018,23,0.01
Tarapacá,2018,24,0.23
Tarapacá,2018,25,0.0
Tarapacá,2018,26,0.03
Tarapacá,2018,27,0.03
Tarapacá,2018,28,0.0
Tarapacá,2018,29,0.26
Tarapacá,2018,30,0.0
Tarapacá,2018,31,0.06
Tarapacá,2018,32,0.09
Tarapacá,2018,33,0.03
Tarapacá,2018,34,0.07
Tarapacá,2018,35,0.03
Tarapacá,2018,36,0.03
Tarapacá,2018,37,0.0
Tarapacá,2018,38,0.0
Tarapacá,2018,39,0.0
Tarapacá,2018,40,0.04
Tarapacá,2018,41,0.07
Tarapacá,2018,42,0.0
Tarapacá,2018,43,0.0
Tarapacá,2018,44,0.0
Tarapacá,2018,45,0.0
Tarapacá,2018,46,0.0
Tarapacá,2018,47,0.01
Tarapacá,2018,48,0.0
Tarapacá,2018,49,0.0
Tarapacá,2018,50,0.0
Tarapacá,2018,51,0.0
Tarapacá,2018,52,0.0
Tarapacá,2019,1,0.0
Tarapacá,2019,2,0.06
Tarapacá,2019,3,0.0
Tarapacá,2019,4,0.06
Tarapacá,2019,5,0.31
Tarapacá,2019,6,0.87
Tarapacá,2019,7,0.0
Tarapacá,2019,8,0.0
Tarapacá,2019,9,0.0
Tarapacá,2019,10,0.0
Tarapacá,2019,11,0.0
Tarapacá,2019,12,0.0
Tarapacá,2019,13,0.0
Tarapacá,2019,14,0.06
Tarapacá,2019,15,0.0
Tarapacá,2019,16,0.01
Tarapacá,2019,17,0.0
Tarapacá,2019,18,0.03
Tarapacá,2019,19,0.01
Tarapacá,2019,20,0.06
Tarapacá,2019,21,0.0
Tarapacá,2019,22,0.0
Tarapacá,2019,23,0.0
Tarapacá,2019,24,0.09
Tarapacá,2019,25,0.0
Tarapacá,2019,26,0.04
Tarapacá,2019,27,0.21
Tarapacá,2019,28,0.04
Tarapacá,2019,29,0.0
Tarapacá,2019,30,0.16
Tarapacá,2019,31,0.03
Tarapacá,2019,32,0.0
Tarapacá,2019,33,0.0
Tarapacá,2019,34,0.0
Tarapacá,2019,35,0.03
Tarapacá,2019,36,0.2
Tarapacá,2019,37,0.01
Tarapacá,2019,38,0.04
Tarapacá,2019,39,0.0
Tarapacá,2019,40,0.09
Tarapacá,2019,41,0.0
Tarapacá,2019,42,0.13
Tarapacá,2019,43,0.03
Tarapacá,2019,44,0.0
Tarapacá,2019,45,0.0
Tarapacá,2019,46,0.0
Tarapacá,2019,47,0.04
Tarapacá,2019,48,0.01
Tarapacá,2019,49,0.0
Tarapacá,2019,50,0.0
Tarapacá,2019,51,0.0
Tarapacá,2019,52,0.0
Tarapacá,2020,1,0.0
Tarapacá,2020,2,0.0
Tarapacá,2020,3,0.13
Tarapacá,2020,4,0.57
Tarapacá,2020,5,0.0
Tarapacá,2020,6,0.0
Tarapacá,2020,7,0.31
Tarapacá,2020,8,0.27
Tarapacá,2020,9,0.0
Tarapacá,2020,10,0.0
Tarapacá,2020,11,0.04
Tarapacá,2020,12,0.0
Tarapacá,2020,13,0.0
Tarapacá,2020,14,0.0
Tarapacá,2020,15,0.0
Tarapacá,2020,16,0.0
Tarapacá,2020,17,0.03
Tarapacá,2020,18,0.0
Tarapacá,2020,19,0.0
Tarapacá,2020,20,0.01
Tarapacá,2020,21,0.03
Tarapacá,2020,22,0.0
Tarapacá,2020,23,0.0
Tarapacá,2020,24,0.27
Tarapacá,2020,25,0.0
Tarapacá,2020,26,0.03
Tarapacá,2020,27,0.01
Tarapacá,2020,28,0.07
Tarapacá,2020,29,0.07
Tarapacá,2020,30,0.0
Tarapacá,2020,31,0.0
Tarapacá,2020,32,0.01
Tarapacá,2020,33,0.01
Tarapacá,2020,34,0.03
Tarapacá,2020,35,0.16
Tarapacá,2020,36,0.0
Tarapacá,2020,37,0.0
Tarapacá,2020,38,0.01
Tarapacá,2020,39,0.03
Tarapacá,2020,40,0.06
Tarapacá,2020,41,0.0
Tarapacá,2020,42,0.0
Tarapacá,2020,43,0.0
Tarapacá,2020,44,0.0
Tarapacá,2020,45,0.0
Tarapacá,2020,46,0.0
Tarapacá,2020,47,0.0
Tarapacá,2020,48,0.0
Tarapacá,2020,49,0.0
Tarapacá,2020,50,0.0
Tarapacá,2020,51,0.0
Tarapacá,2020,52,0.01
Tarapacá,2020,53,0.0
Tarapacá,2021,1,0.0
Tarapacá,2021,2,0.0
Tarapacá,2021,3,0.0
Tarapacá,2021,4,0.0
Tarapacá,2021,5,0.0
Tarapacá,2021,6,0.0
Tarapacá,2021,7,0.0
Tarapacá,2021,8,0.0
Tarapacá,2021,9,0.0
Tarapacá,2021,10,0.0
Tarapacá,2021,11,0.0
Tarapacá,2021,12,0.0
Tarapacá,2021,13,0.0
Tarapacá,2021,14,0.0
Tarapacá,2021,15,0.0
Tarapacá,2021,16,0.0
Tarapacá,2021,17,0.0
Tarapacá,2021,18,0.01
Tarapacá,2021,19,0.04
Tarapacá,2021,20,0.0
Tarapacá,2021,21,0.06
Tarapacá,2021,22,0.03
Tarapacá,2021,23,0.01
Tarapacá,2021,24,0.0
Tarapacá,2021,25,0.03
Tarapacá,2021,26,0.04
Tarapacá,2021,27,0.0
Tarapacá,2021,28,0.0
Tarapacá,2021,29,0.0
Tarapacá,2021,30,0.01
Tarapacá,2021,31,0.01
Tarapacá,2021,32,0.06
Tarapacá,2021,33,0.01
Tarapacá,2021,34,0.04
Tarapacá,2021,35,0.0
Tarapacá,2021,36,0.0
Tarapacá,2021,37,0.0
Tarapacá,2021,38,0.0
Tarapacá,2021,39,0.04
Tarapacá,2021,40,0.0
Tarapacá,2021,41,0.03
Tarapacá,2021,42,0.04
Tarapacá,2021,43,0.1
Tarapacá,2021,44,0.0
Tarapacá,2021,45,0.0
Tarapacá,2021,46,0.01
Tarapacá,2021,47,0.0
Tarapacá,2021,48,0.0
Tarapacá,2021,49,0.0
Tarapacá,2021,50,0.09
Tarapacá,2021,51,0.23
Tarapacá,2021,52,0.0
Tarapacá,2022,1,0.0
Tarapacá,2022,2,0.07
Tarapacá,2022,3,0.0
Tarapacá,2022,4,0.01
Tarapacá,2022,5,0.0
Tarapacá,2022,6,0.0
Tarapacá,2022,7,0.01
Tarapacá,2022,8,0.0
Tarapacá,2022,9,0.0
Tarapacá,2022,10,0.0
Tarapacá,2022,11,0.0
Tarapacá,2022,12,0.0
Tarapacá,2022,13,0.0
Tarapacá,2022,14,0.0
Tarapacá,2022,15,0.0
Tarapacá,2022,16,0.0
Tarapacá,2022,17,0.0
Tarapacá,2022,18,0.0
Tarapacá,2022,19,0.13
Tarapacá,2022,20,0.1
Tarapacá,2022,21,0.41
Tarapacá,2022,22,0.0
Tarapacá,2022,23,0.07
Tarapacá,2022,24,0.1
Tarapacá,2022,25,0.03
Tarapacá,2022,26,0.04
Tarapacá,2022,27,0.04
Tarapacá,2022,28,0.09
Tarapacá,2022,29,0.0
Tarapacá,2022,30,0.0
Tarapacá,2022,31,0.3
Tarapacá,2022,32,0.04
Tarapacá,2022,33,0.03
Tarapacá,2022,34,0.04
Tarapacá,2022,35,0.03
Tarapacá,2022,36,0.0
Tarapacá,2022,37,0.0
Tarapacá,2022,38,0.13
Tarapacá,2022,39,0.07
Tarapacá,2022,40,0.03
Tarapacá,2022,41,0.0
Tarapacá,2022,42,0.0
Tarapacá,2022,43,0.0
Tarapacá,2022,44,0.0
Tarapacá,2022,45,0.0
Tarapacá,2022,46,0.0
Tarapacá,2022,47,0.0
Tarapacá,2022,48,0.0
Tarapacá,2022,49,0.01
Tarapacá,2022,50,0.0
Tarapacá,2022,51,0.0
Tarapacá,2022,52,0.0
Tarapacá,2023,1,0.0
Tarapacá,2023,2,0.0
Tarapacá,2023,3,0.0
Tarapacá,2023,4,0.0
Tarapacá,2023,5,0.0
Tarapacá,2023,6,0.01
Tarapacá,2023,7,0.0
Tarapacá,2023,8,0.0
Tarapacá,2023,9,0.0
Tarapacá,2023,10,0.0
Tarapacá,2023,11,0.0
Tarapacá,2023,12,0.0
Tarapacá,2023,13,0.0
Tarapacá,2023,14,0.0
Tarapacá,2023,15,0.0
Tarapacá,2023,16,0.0
Tarapacá,2023,17,0.0
Tarapacá,2023,18,0.01
Tarapacá,2023,19,0.01
Tarapacá,2023,20,0.0
Tarapacá,2023,21,0.0
Tarapacá,2023,22,0.13
Tarapacá,2023,23,0.0
Tarapacá,2023,24,0.0
Tarapacá,2023,25,0.16
Tarapacá,2023,26,0.01
Tarapacá,2023,27,0.0
Tarapacá,2023,28,0.0
Tarapacá,2023,29,0.07
Tarapacá,2023,30,0.03
Tarapacá,2023,31,0.0
Tarapacá,2023,32,0.06
Tarapacá,2023,33,0.0
Tarapacá,2023,34,0.0
Tarapacá,2023,35,0.01
Tarapacá,2023,36,0.0
Tarapacá,2023,37,0.03
Tarapacá,2023,38,0.0
Tarapacá,2023,39,0.0
Tarapacá,2023,40,0.0
Tarapacá,2023,41,0.0
Tarapacá,2023,42,0.0
Tarapacá,2023,43,0.0
Tarapacá,2023,44,0.0
Tarapacá,2023,45,0.01
Tarapacá,2023,46,0.0
Tarapacá,2023,47,0.0
Tarapacá,2023,48,0.0
Tarapacá,2023,49,0.0
Tarapacá,2023,50,0.01
Tarapacá,2023,51,0.0
Tarapacá,2023,52,0.0
Tarapacá,2024,1,0.0
Tarapacá,2024,2,0.0
Tarapacá,2024,3,0.03
Tarapacá,2024,4,0.0
Tarapacá,2024,5,0.0
Tarapacá,2024,6,0.0
Tarapacá,2024,7,0.04
Tarapacá,2024,8,0.03
Tarapacá,2024,9,0.07
Tarapacá,2024,10,0.0
Tarapacá,2024,11,0.16
Tarapacá,2024,12,0.0
Tarapacá,2024,13,0.0
Tarapacá,2024,14,0.0
Tarapacá,2024,15,0.0
Tarapacá,2024,16,0.0
Tarapacá,2024,17,0.0
Tarapacá,2024,18,0.0
Tarapacá,2024,19,0.0
Tarapacá,2024,20,0.0
Tarapacá,2024,21,0.0
Tarapacá,2024,22,0.0
Tarapacá,2024,23,0.0
Tarapacá,2024,24,0.0
Tarapacá,2024,25,0.0
Tarapacá,2024,26,0.0
Tarapacá,2024,27,0.0
Tarapacá,2024,28,0.0
Tarapacá,2024,29,0.0
Tarapacá,2024,30,0.0
Tarapacá,2024,31,0.0
Tarapacá,2024,32,0.0
Tarapacá,2024,33,0.0
Tarapacá,2024,34,0.0
Tarapacá,2024,35,0.0
Tarapacá,2024,36,0.0
Tarapacá,2024,37,0.0
Tarapacá,2024,38,0.0
Tarapacá,2024,39,0.0
Tarapacá,2024,40,0.0
Tarapacá,2024,41,0.19
Tarapacá,2024,42,0.0
Tarapacá,2024,43,0.0
Tarapacá,2024,44,0.0
Tarapacá,2024,45,0.0
Tarapacá,2024,46,0.0
Tarapacá,2024,47,0.0
Tarapacá,2024,48,0.07
Tarapacá,2024,49,0.0
Tarapacá,2024,50,0.0
Tarapacá,2024,51,0.0
Tarapacá,2024,52,0.0
Tarapacá,2025,1,0.0
Tarapacá,2025,2,0.0
Tarapacá,2025,3,0.0
Tarapacá,2025,4,0.0
Tarapacá,2025,5,0.0
Tarapacá,2025,6,0.0
Tarapacá,2025,7,0.04
Tarapacá,2025,8,0.01
Tarapacá,2025,9,0.0
Tarapacá,2025,10,0.0
Tarapacá,2025,11,0.0
Tarapacá,2025,12,0.0
Tarapacá,2025,13,0.0
Tarapacá,2025,14,0.0
Tarapacá,2025,15,0.0
Tarapacá,2025,16,0.0
Tarapacá,2025,17,0.0
Tarapacá,2025,18,0.17
Tarapacá,2025,19,0.0
Tarapacá,2025,20,0.0
Tarapacá,2025,21,0.0
Tarapacá,2025,22,0.0
Tarapacá,2025,23,0.0
Tarapacá,2025,24,0.01
Tarapacá,2025,25,0.0
Tarapacá,2025,26,0.03
Tarapacá,2025,27,0.0
Tarapacá,2025,28,0.0
Tarapacá,2025,29,0.0
Tarapacá,2025,30,0.0
Tarapacá,2025,31,0.0
Tarapacá,2025,32,0.0
Tarapacá,2025,33,0.06
Tarapacá,2025,34,0.03
Tarapacá,2025,35,0.0
Tarapacá,2025,36,0.0
Tarapacá,2025,37,0.0
Tarapacá,2025,38,0.0
Tarapacá,2025,39,0.03
Tarapacá,2025,40,0.0
Tarapacá,2025,41,0.0
Tarapacá,2025,42,0.0
Tarapacá,2025,43,0.0
Tarapacá,2025,44,0.0
Tarapacá,2025,45,0.0
Tarapacá,2025,46,0.0
Tarapacá,2025,47,0.0
Tarapacá,2025,48,0.0
Tarapacá,2025,49,0.0
Tarapacá,2025,50,0.0
Tarapacá,2025,51,0.0
Tarapacá,2025,52,0.0
Tarapacá,2026,1,0.0
Tarapacá,2026,2,0.0
Tarapacá,2026,3,0.0
Tarapacá,2026,4,0.61
Tarapacá,2026,5,0.0
Tarapacá,2026,6,0.0
Tarapacá,2026,7,0.0
Tarapacá,2026,8,0.84
Tarapacá,2026,9,0.0
Tarapacá,2026,10,0.0
Tarapacá,2026,11,0.0
Tarapacá,2026,12,0.0
Tarapacá,2026,13,0.0
Tarapacá,2026,14,0.0
Tarapacá,2026,15,0.0
Tarapacá,2026,16,0.0
Tarapacá,2026,17,0.0
Tarapacá,2026,18,0.0
Tarapacá,2026,19,0.01
Tarapacá,2026,20,0.0
Tarapacá,2026,21,0.0
Tarapacá,2026,22,0.01
Tarapacá,2026,23,0.0
Tarapacá,2026,24,0.0
Tarapacá,2026,25,0.1
Valparaíso,2014,1,0.0
Valparaíso,2014,2,0.0
Valparaíso,2014,3,0.0
Valparaíso,2014,4,0.0
Valparaíso,2014,5,0.0
Valparaíso,2014,6,0.0
Valparaíso,2014,7,0.36
Valparaíso,2014,8,0.0
Valparaíso,2014,9,0.0
Valparaíso,2014,10,0.0
Valparaíso,2014,11,0.0
Valparaíso,2014,12,0.0
Valparaíso,2014,13,0.17
Valparaíso,2014,14,0.0
Valparaíso,2014,15,0.0
Valparaíso,2014,16,0.0
Valparaíso,2014,17,0.0
Valparaíso,2014,18,0.54
Valparaíso,2014,19,0.0
Valparaíso,2014,20,0.0
Valparaíso,2014,21,2.51
Valparaíso,2014,22,1.14
Valparaíso,2014,23,8.93
Valparaíso,2014,24,7.19
Valparaíso,2014,25,0.01
Valparaíso,2014,26,0.19
Valparaíso,2014,27,1.63
Valparaíso,2014,28,0.0
Valparaíso,2014,29,3.13
Valparaíso,2014,30,0.0
Valparaíso,2014,31,0.27
Valparaíso,2014,32,1.49
Valparaíso,2014,33,0.0
Valparaíso,2014,34,2.43
Valparaíso,2014,35,1.44
Valparaíso,2014,36,5.19
Valparaíso,2014,37,2.29
Valparaíso,2014,38,0.0
Valparaíso,2014,39,0.1
Valparaíso,2014,40,0.0
Valparaíso,2014,41,0.0
Valparaíso,2014,42,0.1
Valparaíso,2014,43,0.0
Valparaíso,2014,44,0.0
Valparaíso,2014,45,0.0
Valparaíso,2014,46,0.0
Valparaíso,2014,47,0.0
Valparaíso,2014,48,0.69
Valparaíso,2014,49,0.0
Valparaíso,2014,50,0.0
Valparaíso,2014,51,0.1
Valparaíso,2014,52,0.0
Valparaíso,2015,1,0.0
Valparaíso,2015,2,0.0
Valparaíso,2015,3,0.0
Valparaíso,2015,4,0.0
Valparaíso,2015,5,0.0
Valparaíso,2015,6,0.0
Valparaíso,2015,7,0.0
Valparaíso,2015,8,0.1
Valparaíso,2015,9,0.01
Valparaíso,2015,10,0.0
Valparaíso,2015,11,0.0
Valparaíso,2015,12,0.0
Valparaíso,2015,13,0.73
Valparaíso,2015,14,0.0
Valparaíso,2015,15,0.0
Valparaíso,2015,16,0.0
Valparaíso,2015,17,0.0
Valparaíso,2015,18,0.1
Valparaíso,2015,19,0.0
Valparaíso,2015,20,0.0
Valparaíso,2015,21,0.0
Valparaíso,2015,22,0.16
Valparaíso,2015,23,0.16
Valparaíso,2015,24,0.0
Valparaíso,2015,25,0.0
Valparaíso,2015,26,0.0
Valparaíso,2015,27,1.51
Valparaíso,2015,28,5.03
Valparaíso,2015,29,0.04
Valparaíso,2015,30,0.0
Valparaíso,2015,31,3.63
Valparaíso,2015,32,17.26
Valparaíso,2015,33,0.3
Valparaíso,2015,34,0.59
Valparaíso,2015,35,0.19
Valparaíso,2015,36,0.33
Valparaíso,2015,37,3.66
Valparaíso,2015,38,0.01
Valparaíso,2015,39,2.97
Valparaíso,2015,40,1.56
Valparaíso,2015,41,0.21
Valparaíso,2015,42,4.93
Valparaíso,2015,43,1.03
Valparaíso,2015,44,0.0
Valparaíso,2015,45,0.21
Valparaíso,2015,46,0.46
Valparaíso,2015,47,0.0
Valparaíso,2015,48,0.0
Valparaíso,2015,49,0.0
Valparaíso,2015,50,0.0
Valparaíso,2015,51,0.0
Valparaíso,2015,52,0.0
Valparaíso,2015,53,0.0
Valparaíso,2016,1,0.19
Valparaíso,2016,2,0.0
Valparaíso,2016,3,0.3
Valparaíso,2016,4,0.0
Valparaíso,2016,5,0.0
Valparaíso,2016,6,0.0
Valparaíso,2016,7,0.0
Valparaíso,2016,8,0.0
Valparaíso,2016,9,0.0
Valparaíso,2016,10,0.0
Valparaíso,2016,11,0.0
Valparaíso,2016,12,0.0
Valparaíso,2016,13,0.0
Valparaíso,2016,14,0.03
Valparaíso,2016,15,10.31
Valparaíso,2016,16,3.37
Valparaíso,2016,17,0.0
Valparaíso,2016,18,0.1
Valparaíso,2016,19,0.67
Valparaíso,2016,20,0.63
Valparaíso,2016,21,0.6
Valparaíso,2016,22,4.49
Valparaíso,2016,23,0.01
Valparaíso,2016,24,0.0
Valparaíso,2016,25,0.0
Valparaíso,2016,26,0.29
Valparaíso,2016,27,0.56
Valparaíso,2016,28,8.44
Valparaíso,2016,29,2.61
Valparaíso,2016,30,3.43
Valparaíso,2016,31,0.06
Valparaíso,2016,32,0.0
Valparaíso,2016,33,0.0
Valparaíso,2016,34,0.01
Valparaíso,2016,35,0.0
Valparaíso,2016,36,0.0
Valparaíso,2016,37,0.2
Valparaíso,2016,38,0.0
Valparaíso,2016,39,0.0
Valparaíso,2016,40,0.21
Valparaíso,2016,41,2.56
Valparaíso,2016,42,0.0
Valparaíso,2016,43,0.0
Valparaíso,2016,44,0.03
Valparaíso,2016,45,0.0
Valparaíso,2016,46,0.0
Valparaíso,2016,47,0.0
Valparaíso,2016,48,0.1
Valparaíso,2016,49,1.69
Valparaíso,2016,50,0.0
Valparaíso,2016,51,0.0
Valparaíso,2016,52,1.66
Valparaíso,2017,1,0.0
Valparaíso,2017,2,0.0
Valparaíso,2017,3,0.0
Valparaíso,2017,4,0.0
Valparaíso,2017,5,0.0
Valparaíso,2017,6,0.0
Valparaíso,2017,7,0.0
Valparaíso,2017,8,0.0
Valparaíso,2017,9,0.0
Valparaíso,2017,10,0.06
Valparaíso,2017,11,0.09
Valparaíso,2017,12,0.0
Valparaíso,2017,13,0.0
Valparaíso,2017,14,0.71
Valparaíso,2017,15,0.0
Valparaíso,2017,16,0.53
Valparaíso,2017,17,0.0
Valparaíso,2017,18,4.6
Valparaíso,2017,19,7.63
Valparaíso,2017,20,3.4
Valparaíso,2017,21,0.6
Valparaíso,2017,22,0.0
Valparaíso,2017,23,4.36
Valparaíso,2017,24,8.81
Valparaíso,2017,25,13.81
Valparaíso,2017,26,5.46
Valparaíso,2017,27,4.51
Valparaíso,2017,28,4.54
Valparaíso,2017,29,0.06
Valparaíso,2017,30,0.0
Valparaíso,2017,31,0.04
Valparaíso,2017,32,10.09
Valparaíso,2017,33,1.36
Valparaíso,2017,34,0.91
Valparaíso,2017,35,0.87
Valparaíso,2017,36,0.13
Valparaíso,2017,37,0.0
Valparaíso,2017,38,0.11
Valparaíso,2017,39,1.27
Valparaíso,2017,40,3.66
Valparaíso,2017,41,0.0
Valparaíso,2017,42,0.27
Valparaíso,2017,43,0.0
Valparaíso,2017,44,3.89
Valparaíso,2017,45,0.06
Valparaíso,2017,46,0.0
Valparaíso,2017,47,0.0
Valparaíso,2017,48,0.01
Valparaíso,2017,49,0.0
Valparaíso,2017,50,0.19
Valparaíso,2017,51,0.0
Valparaíso,2017,52,0.0
Valparaíso,2018,1,0.0
Valparaíso,2018,2,0.0
Valparaíso,2018,3,0.0
Valparaíso,2018,4,0.0
Valparaíso,2018,5,0.0
Valparaíso,2018,6,0.0
Valparaíso,2018,7,0.0
Valparaíso,2018,8,0.0
Valparaíso,2018,9,0.0
Valparaíso,2018,10,0.0
Valparaíso,2018,11,0.21
Valparaíso,2018,12,0.0
Valparaíso,2018,13,0.0
Valparaíso,2018,14,0.23
Valparaíso,2018,15,0.13
Valparaíso,2018,16,0.0
Valparaíso,2018,17,0.0
Valparaíso,2018,18,0.07
Valparaíso,2018,19,0.03
Valparaíso,2018,20,0.1
Valparaíso,2018,21,0.0
Valparaíso,2018,22,6.66
Valparaíso,2018,23,7.7
Valparaíso,2018,24,2.53
Valparaíso,2018,25,0.59
Valparaíso,2018,26,1.01
Valparaíso,2018,27,11.76
Valparaíso,2018,28,0.01
Valparaíso,2018,29,0.0
Valparaíso,2018,30,0.39
Valparaíso,2018,31,0.0
Valparaíso,2018,32,1.63
Valparaíso,2018,33,0.09
Valparaíso,2018,34,0.56
Valparaíso,2018,35,0.67
Valparaíso,2018,36,0.0
Valparaíso,2018,37,0.0
Valparaíso,2018,38,3.2
Valparaíso,2018,39,1.13
Valparaíso,2018,40,0.0
Valparaíso,2018,41,2.67
Valparaíso,2018,42,0.17
Valparaíso,2018,43,0.06
Valparaíso,2018,44,1.46
Valparaíso,2018,45,0.0
Valparaíso,2018,46,0.27
Valparaíso,2018,47,0.0
Valparaíso,2018,48,0.06
Valparaíso,2018,49,0.04
Valparaíso,2018,50,0.0
Valparaíso,2018,51,0.0
Valparaíso,2018,52,0.0
Valparaíso,2019,1,0.0
Valparaíso,2019,2,0.14
Valparaíso,2019,3,0.07
Valparaíso,2019,4,0.0
Valparaíso,2019,5,0.0
Valparaíso,2019,6,0.0
Valparaíso,2019,7,0.3
Valparaíso,2019,8,0.03
Valparaíso,2019,9,0.0
Valparaíso,2019,10,0.49
Valparaíso,2019,11,0.0
Valparaíso,2019,12,0.0
Valparaíso,2019,13,1.21
Valparaíso,2019,14,0.0
Valparaíso,2019,15,0.2
Valparaíso,2019,16,0.03
Valparaíso,2019,17,0.23
Valparaíso,2019,18,0.0
Valparaíso,2019,19,0.0
Valparaíso,2019,20,1.4
Valparaíso,2019,21,1.03
Valparaíso,2019,22,3.44
Valparaíso,2019,23,0.07
Valparaíso,2019,24,7.16
Valparaíso,2019,25,0.83
Valparaíso,2019,26,7.83
Valparaíso,2019,27,0.01
Valparaíso,2019,28,0.07
Valparaíso,2019,29,1.07
Valparaíso,2019,30,0.39
Valparaíso,2019,31,0.17
Valparaíso,2019,32,0.0
Valparaíso,2019,33,0.03
Valparaíso,2019,34,0.21
Valparaíso,2019,35,0.0
Valparaíso,2019,36,0.34
Valparaíso,2019,37,1.37
Valparaíso,2019,38,0.0
Valparaíso,2019,39,0.16
Valparaíso,2019,40,0.97
Valparaíso,2019,41,0.0
Valparaíso,2019,42,1.21
Valparaíso,2019,43,0.0
Valparaíso,2019,44,0.0
Valparaíso,2019,45,0.0
Valparaíso,2019,46,0.07
Valparaíso,2019,47,0.01
Valparaíso,2019,48,0.0
Valparaíso,2019,49,0.0
Valparaíso,2019,50,0.0
Valparaíso,2019,51,0.0
Valparaíso,2019,52,0.0
Valparaíso,2020,1,0.0
Valparaíso,2020,2,0.0
Valparaíso,2020,3,0.0
Valparaíso,2020,4,0.0
Valparaíso,2020,5,0.0
Valparaíso,2020,6,0.0
Valparaíso,2020,7,0.0
Valparaíso,2020,8,0.0
Valparaíso,2020,9,0.0
Valparaíso,2020,10,0.0
Valparaíso,2020,11,0.0
Valparaíso,2020,12,0.01
Valparaíso,2020,13,0.01
Valparaíso,2020,14,0.0
Valparaíso,2020,15,0.84
Valparaíso,2020,16,0.0
Valparaíso,2020,17,0.33
Valparaíso,2020,18,0.0
Valparaíso,2020,19,0.0
Valparaíso,2020,20,0.0
Valparaíso,2020,21,0.84
Valparaíso,2020,22,0.36
Valparaíso,2020,23,2.16
Valparaíso,2020,24,5.11
Valparaíso,2020,25,8.69
Valparaíso,2020,26,3.8
Valparaíso,2020,27,8.9
Valparaíso,2020,28,1.49
Valparaíso,2020,29,1.63
Valparaíso,2020,30,1.43
Valparaíso,2020,31,0.09
Valparaíso,2020,32,0.06
Valparaíso,2020,33,0.0
Valparaíso,2020,34,0.16
Valparaíso,2020,35,6.5
Valparaíso,2020,36,0.27
Valparaíso,2020,37,0.16
Valparaíso,2020,38,0.0
Valparaíso,2020,39,0.06
Valparaíso,2020,40,0.06
Valparaíso,2020,41,0.0
Valparaíso,2020,42,0.01
Valparaíso,2020,43,0.07
Valparaíso,2020,44,0.0
Valparaíso,2020,45,0.0
Valparaíso,2020,46,0.19
Valparaíso,2020,47,0.01
Valparaíso,2020,48,0.0
Valparaíso,2020,49,0.0
Valparaíso,2020,50,0.0
Valparaíso,2020,51,0.01
Valparaíso,2020,52,0.0
Valparaíso,2020,53,0.0
Valparaíso,2021,1,0.0
Valparaíso,2021,2,0.0
Valparaíso,2021,3,0.0
Valparaíso,2021,4,3.51
Valparaíso,2021,5,0.0
Valparaíso,2021,6,0.0
Valparaíso,2021,7,0.0
Valparaíso,2021,8,0.0
Valparaíso,2021,9,0.23
Valparaíso,2021,10,0.0
Valparaíso,2021,11,0.36
Valparaíso,2021,12,0.0
Valparaíso,2021,13,0.0
Valparaíso,2021,14,0.0
Valparaíso,2021,15,0.0
Valparaíso,2021,16,3.46
Valparaíso,2021,17,0.07
Valparaíso,2021,18,0.34
Valparaíso,2021,19,0.0
Valparaíso,2021,20,1.84
Valparaíso,2021,21,0.0
Valparaíso,2021,22,0.01
Valparaíso,2021,23,0.21
Valparaíso,2021,24,0.13
Valparaíso,2021,25,6.57
Valparaíso,2021,26,0.0
Valparaíso,2021,27,0.46
Valparaíso,2021,28,0.1
Valparaíso,2021,29,2.06
Valparaíso,2021,30,0.11
Valparaíso,2021,31,0.07
Valparaíso,2021,32,0.0
Valparaíso,2021,33,6.03
Valparaíso,2021,34,0.03
Valparaíso,2021,35,0.0
Valparaíso,2021,36,4.07
Valparaíso,2021,37,0.19
Valparaíso,2021,38,0.23
Valparaíso,2021,39,0.0
Valparaíso,2021,40,0.17
Valparaíso,2021,41,0.51
Valparaíso,2021,42,0.24
Valparaíso,2021,43,0.0
Valparaíso,2021,44,0.0
Valparaíso,2021,45,0.0
Valparaíso,2021,46,0.0
Valparaíso,2021,47,0.41
Valparaíso,2021,48,0.0
Valparaíso,2021,49,0.46
Valparaíso,2021,50,0.0
Valparaíso,2021,51,0.09
Valparaíso,2021,52,0.29
Valparaíso,2022,1,0.14
Valparaíso,2022,2,0.06
Valparaíso,2022,3,0.0
Valparaíso,2022,4,0.0
Valparaíso,2022,5,0.01
Valparaíso,2022,6,0.04
Valparaíso,2022,7,0.0
Valparaíso,2022,8,0.14
Valparaíso,2022,9,0.0
Valparaíso,2022,10,0.0
Valparaíso,2022,11,0.0
Valparaíso,2022,12,0.06
Valparaíso,2022,13,0.01
Valparaíso,2022,14,0.01
Valparaíso,2022,15,0.01
Valparaíso,2022,16,0.13
Valparaíso,2022,17,4.5
Valparaíso,2022,18,0.03
Valparaíso,2022,19,0.0
Valparaíso,2022,20,0.66
Valparaíso,2022,21,0.0
Valparaíso,2022,22,3.41
Valparaíso,2022,23,0.0
Valparaíso,2022,24,0.04
Valparaíso,2022,25,10.6
Valparaíso,2022,26,3.13
Valparaíso,2022,27,8.47
Valparaíso,2022,28,10.16
Valparaíso,2022,29,0.0
Valparaíso,2022,30,0.24
Valparaíso,2022,31,7.16
Valparaíso,2022,32,1.09
Valparaíso,2022,33,1.11
Valparaíso,2022,34,0.01
Valparaíso,2022,35,0.0
Valparaíso,2022,36,2.57
Valparaíso,2022,37,0.59
Valparaíso,2022,38,0.01
Valparaíso,2022,39,0.01
Valparaíso,2022,40,0.21
Valparaíso,2022,41,0.0
Valparaíso,2022,42,0.03
Valparaíso,2022,43,0.19
Valparaíso,2022,44,0.0
Valparaíso,2022,45,1.57
Valparaíso,2022,46,0.0
Valparaíso,2022,47,0.01
Valparaíso,2022,48,0.0
Valparaíso,2022,49,0.0
Valparaíso,2022,50,0.04
Valparaíso,2022,51,0.0
Valparaíso,2022,52,1.84
Valparaíso,2023,1,0.13
Valparaíso,2023,2,0.04
Valparaíso,2023,3,0.07
Valparaíso,2023,4,0.0
Valparaíso,2023,5,0.0
Valparaíso,2023,6,0.0
Valparaíso,2023,7,0.0
Valparaíso,2023,8,0.0
Valparaíso,2023,9,0.0
Valparaíso,2023,10,0.09
Valparaíso,2023,11,0.0
Valparaíso,2023,12,0.0
Valparaíso,2023,13,0.0
Valparaíso,2023,14,0.0
Valparaíso,2023,15,0.01
Valparaíso,2023,16,0.0
Valparaíso,2023,17,8.01
Valparaíso,2023,18,0.04
Valparaíso,2023,19,0.06
Valparaíso,2023,20,1.89
Valparaíso,2023,21,4.79
Valparaíso,2023,22,0.1
Valparaíso,2023,23,2.34
Valparaíso,2023,24,0.09
Valparaíso,2023,25,8.37
Valparaíso,2023,26,0.27
Valparaíso,2023,27,0.66
Valparaíso,2023,28,7.5
Valparaíso,2023,29,8.61
Valparaíso,2023,30,0.0
Valparaíso,2023,31,0.7
Valparaíso,2023,32,6.06
Valparaíso,2023,33,2.87
Valparaíso,2023,34,12.81
Valparaíso,2023,35,0.83
Valparaíso,2023,36,3.6
Valparaíso,2023,37,1.16
Valparaíso,2023,38,0.09
Valparaíso,2023,39,0.07
Valparaíso,2023,40,0.01
Valparaíso,2023,41,0.0
Valparaíso,2023,42,0.06
Valparaíso,2023,43,3.11
Valparaíso,2023,44,1.24
Valparaíso,2023,45,2.06
Valparaíso,2023,46,0.21
Valparaíso,2023,47,0.0
Valparaíso,2023,48,0.0
Valparaíso,2023,49,0.03
Valparaíso,2023,50,0.03
Valparaíso,2023,51,0.0
Valparaíso,2023,52,0.5
Valparaíso,2024,1,0.09
Valparaíso,2024,2,0.0
Valparaíso,2024,3,0.0
Valparaíso,2024,4,0.04
Valparaíso,2024,5,0.0
Valparaíso,2024,6,0.0
Valparaíso,2024,7,0.0
Valparaíso,2024,8,0.31
Valparaíso,2024,9,0.0
Valparaíso,2024,10,0.0
Valparaíso,2024,11,0.0
Valparaíso,2024,12,0.17
Valparaíso,2024,13,0.0
Valparaíso,2024,14,0.23
Valparaíso,2024,15,0.37
Valparaíso,2024,16,0.07
Valparaíso,2024,17,0.21
Valparaíso,2024,18,3.04
Valparaíso,2024,19,4.13
Valparaíso,2024,20,0.01
Valparaíso,2024,21,6.74
Valparaíso,2024,22,0.0
Valparaíso,2024,23,6.64
Valparaíso,2024,24,13.51
Valparaíso,2024,25,22.69
Valparaíso,2024,26,0.0
Valparaíso,2024,27,0.0
Valparaíso,2024,28,0.0
Valparaíso,2024,29,0.0
Valparaíso,2024,30,0.11
Valparaíso,2024,31,8.91
Valparaíso,2024,32,7.44
Valparaíso,2024,33,0.0
Valparaíso,2024,34,1.01
Valparaíso,2024,35,0.36
Valparaíso,2024,36,0.03
Valparaíso,2024,37,0.0
Valparaíso,2024,38,1.23
Valparaíso,2024,39,0.19
Valparaíso,2024,40,0.37
Valparaíso,2024,41,1.21
Valparaíso,2024,42,0.19
Valparaíso,2024,43,0.26
Valparaíso,2024,44,0.06
Valparaíso,2024,45,0.06
Valparaíso,2024,46,0.04
Valparaíso,2024,47,0.0
Valparaíso,2024,48,0.0
Valparaíso,2024,49,0.0
Valparaíso,2024,50,0.0
Valparaíso,2024,51,0.0
Valparaíso,2024,52,0.03
Valparaíso,2025,1,0.01
Valparaíso,2025,2,0.1
Valparaíso,2025,3,0.0
Valparaíso,2025,4,0.0
Valparaíso,2025,5,0.0
Valparaíso,2025,6,0.01
Valparaíso,2025,7,0.0
Valparaíso,2025,8,0.17
Valparaíso,2025,9,0.0
Valparaíso,2025,10,0.04
Valparaíso,2025,11,0.03
Valparaíso,2025,12,0.01
Valparaíso,2025,13,1.11
Valparaíso,2025,14,0.0
Valparaíso,2025,15,0.0
Valparaíso,2025,16,0.0
Valparaíso,2025,17,0.84
Valparaíso,2025,18,0.0
Valparaíso,2025,19,8.24
Valparaíso,2025,20,1.91
Valparaíso,2025,21,0.63
Valparaíso,2025,22,4.13
Valparaíso,2025,23,0.2
Valparaíso,2025,24,8.56
Valparaíso,2025,25,6.5
Valparaíso,2025,26,0.37
Valparaíso,2025,27,0.2
Valparaíso,2025,28,0.01
Valparaíso,2025,29,0.0
Valparaíso,2025,30,0.21
Valparaíso,2025,31,18.69
Valparaíso,2025,32,0.17
Valparaíso,2025,33,0.84
Valparaíso,2025,34,3.07
Valparaíso,2025,35,0.46
Valparaíso,2025,36,0.06
Valparaíso,2025,37,0.04
Valparaíso,2025,38,3.37
Valparaíso,2025,39,1.57
Valparaíso,2025,40,0.56
Valparaíso,2025,41,0.0
Valparaíso,2025,42,0.0
Valparaíso,2025,43,0.0
Valparaíso,2025,44,0.0
Valparaíso,2025,45,0.39
Valparaíso,2025,46,0.04
Valparaíso,2025,47,0.3
Valparaíso,2025,48,0.0
Valparaíso,2025,49,0.3
Valparaíso,2025,50,0.06
Valparaíso,2025,51,0.06
Valparaíso,2025,52,0.0
Valparaíso,2026,1,0.1
Valparaíso,2026,2,0.04
Valparaíso,2026,3,0.07
Valparaíso,2026,4,0.63
Valparaíso,2026,5,0.47
Valparaíso,2026,6,0.0
Valparaíso,2026,7,0.0
Valparaíso,2026,8,0.0
Valparaíso,2026,9,0.0
Valparaíso,2026,10,0.17
Valparaíso,2026,11,0.0
Valparaíso,2026,12,2.26
Valparaíso,2026,13,0.0
Valparaíso,2026,14,0.0
Valparaíso,2026,15,0.0
Valparaíso,2026,16,0.17
Valparaíso,2026,17,0.56
Valparaíso,2026,18,0.01
Valparaíso,2026,19,1.97
Valparaíso,2026,20,0.0
Valparaíso,2026,21,0.0
Valparaíso,2026,22,0.01
Valparaíso,2026,23,0.01
Valparaíso,2026,24,2.77
Valparaíso,2026,25,0.03
Ñuble,2014,1,0.0
Ñuble,2014,2,0.0
Ñuble,2014,3,0.0
Ñuble,2014,4,1.84
Ñuble,2014,5,0.17
Ñuble,2014,6,1.91
Ñuble,2014,7,0.0
Ñuble,2014,8,0.0
Ñuble,2014,9,0.0
Ñuble,2014,10,0.06
Ñuble,2014,11,0.14
Ñuble,2014,12,0.0
Ñuble,2014,13,7.84
Ñuble,2014,14,0.0
Ñuble,2014,15,2.07
Ñuble,2014,16,0.0
Ñuble,2014,17,0.0
Ñuble,2014,18,16.01
Ñuble,2014,19,0.21
Ñuble,2014,20,3.61
Ñuble,2014,21,2.43
Ñuble,2014,22,4.63
Ñuble,2014,23,28.24
Ñuble,2014,24,12.7
Ñuble,2014,25,2.03
Ñuble,2014,26,0.0
Ñuble,2014,27,7.26
Ñuble,2014,28,0.0
Ñuble,2014,29,9.07
Ñuble,2014,30,5.64
Ñuble,2014,31,26.93
Ñuble,2014,32,8.74
Ñuble,2014,33,0.0
Ñuble,2014,34,5.17
Ñuble,2014,35,3.73
Ñuble,2014,36,14.13
Ñuble,2014,37,1.13
Ñuble,2014,38,0.36
Ñuble,2014,39,11.11
Ñuble,2014,40,0.0
Ñuble,2014,41,0.09
Ñuble,2014,42,1.31
Ñuble,2014,43,0.0
Ñuble,2014,44,1.21
Ñuble,2014,45,0.0
Ñuble,2014,46,0.0
Ñuble,2014,47,0.1
Ñuble,2014,48,0.17
Ñuble,2014,49,0.13
Ñuble,2014,50,0.0
Ñuble,2014,51,1.29
Ñuble,2014,52,0.0
Ñuble,2015,1,1.9
Ñuble,2015,2,0.0
Ñuble,2015,3,0.0
Ñuble,2015,4,0.0
Ñuble,2015,5,0.0
Ñuble,2015,6,0.0
Ñuble,2015,7,0.0
Ñuble,2015,8,0.0
Ñuble,2015,9,0.03
Ñuble,2015,10,0.0
Ñuble,2015,11,0.0
Ñuble,2015,12,0.0
Ñuble,2015,13,0.63
Ñuble,2015,14,0.0
Ñuble,2015,15,0.06
Ñuble,2015,16,5.13
Ñuble,2015,17,0.0
Ñuble,2015,18,2.03
Ñuble,2015,19,2.81
Ñuble,2015,20,0.0
Ñuble,2015,21,6.79
Ñuble,2015,22,2.73
Ñuble,2015,23,12.29
Ñuble,2015,24,9.93
Ñuble,2015,25,0.33
Ñuble,2015,26,0.66
Ñuble,2015,27,2.73
Ñuble,2015,28,21.79
Ñuble,2015,29,9.14
Ñuble,2015,30,3.17
Ñuble,2015,31,20.26
Ñuble,2015,32,16.03
Ñuble,2015,33,1.93
Ñuble,2015,34,3.73
Ñuble,2015,35,18.6
Ñuble,2015,36,1.03
Ñuble,2015,37,2.61
Ñuble,2015,38,0.1
Ñuble,2015,39,8.26
Ñuble,2015,40,6.67
Ñuble,2015,41,1.49
Ñuble,2015,42,8.83
Ñuble,2015,43,5.61
Ñuble,2015,44,0.0
Ñuble,2015,45,0.59
Ñuble,2015,46,0.7
Ñuble,2015,47,0.46
Ñuble,2015,48,0.57
Ñuble,2015,49,0.0
Ñuble,2015,50,0.0
Ñuble,2015,51,0.0
Ñuble,2015,52,0.19
Ñuble,2015,53,0.0
Ñuble,2016,1,0.27
Ñuble,2016,2,0.0
Ñuble,2016,3,0.16
Ñuble,2016,4,0.3
Ñuble,2016,5,0.13
Ñuble,2016,6,0.0
Ñuble,2016,7,0.0
Ñuble,2016,8,0.0
Ñuble,2016,9,0.0
Ñuble,2016,10,0.0
Ñuble,2016,11,0.0
Ñuble,2016,12,0.0
Ñuble,2016,13,0.33
Ñuble,2016,14,3.1
Ñuble,2016,15,7.39
Ñuble,2016,16,8.64
Ñuble,2016,17,0.5
Ñuble,2016,18,0.19
Ñuble,2016,19,4.16
Ñuble,2016,20,2.11
Ñuble,2016,21,4.63
Ñuble,2016,22,3.27
Ñuble,2016,23,0.09
Ñuble,2016,24,0.0
Ñuble,2016,25,0.0
Ñuble,2016,26,0.4
Ñuble,2016,27,5.51
Ñuble,2016,28,14.53
Ñuble,2016,29,11.76
Ñuble,2016,30,3.46
Ñuble,2016,31,0.94
Ñuble,2016,32,3.51
Ñuble,2016,33,7.5
Ñuble,2016,34,0.51
Ñuble,2016,35,0.6
Ñuble,2016,36,0.24
Ñuble,2016,37,2.89
Ñuble,2016,38,0.0
Ñuble,2016,39,0.97
Ñuble,2016,40,0.2
Ñuble,2016,41,9.07
Ñuble,2016,42,1.6
Ñuble,2016,43,1.07
Ñuble,2016,44,1.9
Ñuble,2016,45,0.0
Ñuble,2016,46,0.47
Ñuble,2016,47,1.29
Ñuble,2016,48,1.27
Ñuble,2016,49,0.0
Ñuble,2016,50,0.14
Ñuble,2016,51,3.1
Ñuble,2016,52,0.0
Ñuble,2017,1,0.1
Ñuble,2017,2,0.66
Ñuble,2017,3,0.0
Ñuble,2017,4,0.0
Ñuble,2017,5,0.13
Ñuble,2017,6,0.0
Ñuble,2017,7,2.4
Ñuble,2017,8,0.0
Ñuble,2017,9,1.2
Ñuble,2017,10,2.33
Ñuble,2017,11,0.0
Ñuble,2017,12,0.0
Ñuble,2017,13,0.17
Ñuble,2017,14,3.31
Ñuble,2017,15,0.0
Ñuble,2017,16,2.4
Ñuble,2017,17,1.0
Ñuble,2017,18,6.91
Ñuble,2017,19,4.6
Ñuble,2017,20,5.03
Ñuble,2017,21,0.24
Ñuble,2017,22,0.86
Ñuble,2017,23,2.61
Ñuble,2017,24,8.46
Ñuble,2017,25,18.87
Ñuble,2017,26,1.43
Ñuble,2017,27,5.8
Ñuble,2017,28,6.73
Ñuble,2017,29,2.24
Ñuble,2017,30,0.2
Ñuble,2017,31,3.37
Ñuble,2017,32,15.67
Ñuble,2017,33,3.24
Ñuble,2017,34,13.33
Ñuble,2017,35,2.93
Ñuble,2017,36,0.49
Ñuble,2017,37,0.93
Ñuble,2017,38,0.39
Ñuble,2017,39,10.07
Ñuble,2017,40,5.91
Ñuble,2017,41,0.51
Ñuble,2017,42,0.74
Ñuble,2017,43,1.44
Ñuble,2017,44,11.36
Ñuble,2017,45,0.3
Ñuble,2017,46,0.0
Ñuble,2017,47,0.0
Ñuble,2017,48,0.0
Ñuble,2017,49,0.01
Ñuble,2017,50,0.51
Ñuble,2017,51,0.0
Ñuble,2017,52,0.24
Ñuble,2018,1,0.93
Ñuble,2018,2,0.0
Ñuble,2018,3,0.07
Ñuble,2018,4,0.04
Ñuble,2018,5,0.0
Ñuble,2018,6,0.0
Ñuble,2018,7,0.0
Ñuble,2018,8,1.81
Ñuble,2018,9,0.13
Ñuble,2018,10,0.34
Ñuble,2018,11,4.9
Ñuble,2018,12,1.84
Ñuble,2018,13,0.0
Ñuble,2018,14,2.2
Ñuble,2018,15,5.57
Ñuble,2018,16,0.0
Ñuble,2018,17,2.64
Ñuble,2018,18,0.61
Ñuble,2018,19,3.9
Ñuble,2018,20,2.0
Ñuble,2018,21,1.64
Ñuble,2018,22,6.67
Ñuble,2018,23,8.94
Ñuble,2018,24,0.16
Ñuble,2018,25,0.01
Ñuble,2018,26,9.07
Ñuble,2018,27,14.04
Ñuble,2018,28,0.99
Ñuble,2018,29,0.51
Ñuble,2018,30,0.06
Ñuble,2018,31,2.14
Ñuble,2018,32,2.34
Ñuble,2018,33,2.47
Ñuble,2018,34,4.34
Ñuble,2018,35,1.67
Ñuble,2018,36,0.51
Ñuble,2018,37,1.3
Ñuble,2018,38,15.21
Ñuble,2018,39,7.46
Ñuble,2018,40,0.71
Ñuble,2018,41,2.41
Ñuble,2018,42,5.07
Ñuble,2018,43,3.23
Ñuble,2018,44,4.87
Ñuble,2018,45,8.07
Ñuble,2018,46,1.59
Ñuble,2018,47,0.1
Ñuble,2018,48,0.03
Ñuble,2018,49,0.09
Ñuble,2018,50,1.84
Ñuble,2018,51,0.0
Ñuble,2018,52,0.03
Ñuble,2019,1,0.03
Ñuble,2019,2,3.23
Ñuble,2019,3,0.04
Ñuble,2019,4,0.0
Ñuble,2019,5,0.0
Ñuble,2019,6,0.5
Ñuble,2019,7,0.17
Ñuble,2019,8,0.39
Ñuble,2019,9,0.06
Ñuble,2019,10,1.29
Ñuble,2019,11,0.0
Ñuble,2019,12,0.0
Ñuble,2019,13,0.24
Ñuble,2019,14,0.87
Ñuble,2019,15,0.47
Ñuble,2019,16,0.1
Ñuble,2019,17,0.3
Ñuble,2019,18,12.4
Ñuble,2019,19,1.07
Ñuble,2019,20,3.5
Ñuble,2019,21,1.74
Ñuble,2019,22,19.46
Ñuble,2019,23,9.1
Ñuble,2019,24,6.77
Ñuble,2019,25,1.11
Ñuble,2019,26,27.31
Ñuble,2019,27,0.36
Ñuble,2019,28,3.0
Ñuble,2019,29,7.7
Ñuble,2019,30,2.04
Ñuble,2019,31,1.24
Ñuble,2019,32,3.43
Ñuble,2019,33,4.51
Ñuble,2019,34,0.34
Ñuble,2019,35,2.04
Ñuble,2019,36,4.66
Ñuble,2019,37,5.91
Ñuble,2019,38,0.0
Ñuble,2019,39,0.21
Ñuble,2019,40,2.74
Ñuble,2019,41,0.04
Ñuble,2019,42,1.51
Ñuble,2019,43,0.93
Ñuble,2019,44,3.19
Ñuble,2019,45,0.33
Ñuble,2019,46,0.0
Ñuble,2019,47,0.16
Ñuble,2019,48,0.26
Ñuble,2019,49,0.0
Ñuble,2019,50,0.09
Ñuble,2019,51,0.51
Ñuble,2019,52,0.17
Ñuble,2020,1,0.0
Ñuble,2020,2,0.74
Ñuble,2020,3,0.0
Ñuble,2020,4,0.0
Ñuble,2020,5,0.09
Ñuble,2020,6,0.46
Ñuble,2020,7,0.0
Ñuble,2020,8,0.13
Ñuble,2020,9,0.0
Ñuble,2020,10,0.0
Ñuble,2020,11,0.0
Ñuble,2020,12,0.0
Ñuble,2020,13,2.09
Ñuble,2020,14,0.0
Ñuble,2020,15,0.0
Ñuble,2020,16,0.07
Ñuble,2020,17,5.64
Ñuble,2020,18,4.73
Ñuble,2020,19,1.16
Ñuble,2020,20,0.0
Ñuble,2020,21,4.23
Ñuble,2020,22,0.0
Ñuble,2020,23,3.03
Ñuble,2020,24,8.26
Ñuble,2020,25,14.84
Ñuble,2020,26,13.04
Ñuble,2020,27,9.04
Ñuble,2020,28,5.29
Ñuble,2020,29,10.53
Ñuble,2020,30,5.96
Ñuble,2020,31,2.06
Ñuble,2020,32,1.51
Ñuble,2020,33,0.66
Ñuble,2020,34,0.34
Ñuble,2020,35,7.97
Ñuble,2020,36,0.26
Ñuble,2020,37,3.8
Ñuble,2020,38,0.23
Ñuble,2020,39,0.07
Ñuble,2020,40,0.89
Ñuble,2020,41,0.0
Ñuble,2020,42,0.0
Ñuble,2020,43,1.26
Ñuble,2020,44,1.17
Ñuble,2020,45,0.0
Ñuble,2020,46,0.0
Ñuble,2020,47,0.06
Ñuble,2020,48,0.0
Ñuble,2020,49,0.0
Ñuble,2020,50,0.57
Ñuble,2020,51,0.9
Ñuble,2020,52,0.0
Ñuble,2020,53,0.06
Ñuble,2021,1,0.01
Ñuble,2021,2,0.0
Ñuble,2021,3,0.0
Ñuble,2021,4,8.94
Ñuble,2021,5,0.36
Ñuble,2021,6,0.0
Ñuble,2021,7,0.04
Ñuble,2021,8,0.0
Ñuble,2021,9,0.0
Ñuble,2021,10,0.09
Ñuble,2021,11,0.31
Ñuble,2021,12,0.0
Ñuble,2021,13,0.0
Ñuble,2021,14,0.7
Ñuble,2021,15,0.0
Ñuble,2021,16,4.27
Ñuble,2021,17,14.76
Ñuble,2021,18,0.46
Ñuble,2021,19,0.0
Ñuble,2021,20,4.49
Ñuble,2021,21,3.06
Ñuble,2021,22,10.37
Ñuble,2021,23,3.31
Ñuble,2021,24,0.07
Ñuble,2021,25,7.74
Ñuble,2021,26,0.29
Ñuble,2021,27,3.41
Ñuble,2021,28,0.17
Ñuble,2021,29,4.6
Ñuble,2021,30,1.07
Ñuble,2021,31,0.03
Ñuble,2021,32,1.26
Ñuble,2021,33,16.03
Ñuble,2021,34,2.36
Ñuble,2021,35,0.71
Ñuble,2021,36,9.07
Ñuble,2021,37,1.91
Ñuble,2021,38,0.21
Ñuble,2021,39,2.09
Ñuble,2021,40,0.04
Ñuble,2021,41,1.64
Ñuble,2021,42,0.0
Ñuble,2021,43,0.0
Ñuble,2021,44,0.79
Ñuble,2021,45,0.13
Ñuble,2021,46,0.1
Ñuble,2021,47,0.0
Ñuble,2021,48,0.04
Ñuble,2021,49,0.64
Ñuble,2021,50,0.0
Ñuble,2021,51,0.0
Ñuble,2021,52,0.39
Ñuble,2022,1,0.01
Ñuble,2022,2,0.01
Ñuble,2022,3,0.03
Ñuble,2022,4,0.0
Ñuble,2022,5,0.0
Ñuble,2022,6,0.0
Ñuble,2022,7,0.0
Ñuble,2022,8,1.53
Ñuble,2022,9,0.01
Ñuble,2022,10,0.0
Ñuble,2022,11,0.6
Ñuble,2022,12,0.76
Ñuble,2022,13,0.34
Ñuble,2022,14,0.39
Ñuble,2022,15,0.07
Ñuble,2022,16,14.87
Ñuble,2022,17,6.23
Ñuble,2022,18,0.0
Ñuble,2022,19,2.73
Ñuble,2022,20,10.4
Ñuble,2022,21,0.34
Ñuble,2022,22,10.07
Ñuble,2022,23,0.53
Ñuble,2022,24,3.67
Ñuble,2022,25,5.17
Ñuble,2022,26,12.31
Ñuble,2022,27,16.77
Ñuble,2022,28,15.31
Ñuble,2022,29,0.84
Ñuble,2022,30,2.14
Ñuble,2022,31,8.49
Ñuble,2022,32,6.13
Ñuble,2022,33,7.01
Ñuble,2022,34,0.0
Ñuble,2022,35,0.06
Ñuble,2022,36,3.63
Ñuble,2022,37,2.3
Ñuble,2022,38,2.03
Ñuble,2022,39,0.0
Ñuble,2022,40,4.1
Ñuble,2022,41,0.0
Ñuble,2022,42,0.11
Ñuble,2022,43,1.77
Ñuble,2022,44,0.0
Ñuble,2022,45,4.74
Ñuble,2022,46,0.0
Ñuble,2022,47,0.0
Ñuble,2022,48,0.01
Ñuble,2022,49,0.17
Ñuble,2022,50,0.0
Ñuble,2022,51,0.21
Ñuble,2022,52,0.07
Ñuble,2023,1,0.0
Ñuble,2023,2,0.0
Ñuble,2023,3,0.0
Ñuble,2023,4,0.83
Ñuble,2023,5,0.0
Ñuble,2023,6,0.01
Ñuble,2023,7,0.0
Ñuble,2023,8,0.0
Ñuble,2023,9,0.0
Ñuble,2023,10,0.0
Ñuble,2023,11,0.0
Ñuble,2023,12,0.0
Ñuble,2023,13,0.54
Ñuble,2023,14,0.14
Ñuble,2023,15,0.47
Ñuble,2023,16,0.34
Ñuble,2023,17,10.09
Ñuble,2023,18,0.0
Ñuble,2023,19,0.11
Ñuble,2023,20,7.06
Ñuble,2023,21,12.56
Ñuble,2023,22,8.94
Ñuble,2023,23,4.99
Ñuble,2023,24,0.0
Ñuble,2023,25,28.27
Ñuble,2023,26,7.7
Ñuble,2023,27,8.4
Ñuble,2023,28,2.99
Ñuble,2023,29,11.99
Ñuble,2023,30,1.37
Ñuble,2023,31,0.04
Ñuble,2023,32,6.4
Ñuble,2023,33,20.19
Ñuble,2023,34,8.89
Ñuble,2023,35,5.43
Ñuble,2023,36,17.66
Ñuble,2023,37,3.06
Ñuble,2023,38,1.21
Ñuble,2023,39,0.93
Ñuble,2023,40,0.16
Ñuble,2023,41,0.0
Ñuble,2023,42,0.01
Ñuble,2023,43,3.89
Ñuble,2023,44,0.46
Ñuble,2023,45,4.63
Ñuble,2023,46,3.99
Ñuble,2023,47,0.0
Ñuble,2023,48,0.03
Ñuble,2023,49,0.03
Ñuble,2023,50,2.31
Ñuble,2023,51,0.16
Ñuble,2023,52,0.23
Ñuble,2024,1,0.0
Ñuble,2024,2,0.0
Ñuble,2024,3,0.0
Ñuble,2024,4,0.0
Ñuble,2024,5,0.0
Ñuble,2024,6,0.0
Ñuble,2024,7,0.0
Ñuble,2024,8,0.03
Ñuble,2024,9,0.0
Ñuble,2024,10,0.09
Ñuble,2024,11,0.11
Ñuble,2024,12,6.6
Ñuble,2024,13,0.0
Ñuble,2024,14,2.5
Ñuble,2024,15,0.0
Ñuble,2024,16,0.37
Ñuble,2024,17,2.71
Ñuble,2024,18,11.11
Ñuble,2024,19,5.5
Ñuble,2024,20,0.81
Ñuble,2024,21,3.24
Ñuble,2024,22,3.83
Ñuble,2024,23,13.64
Ñuble,2024,24,31.57
Ñuble,2024,25,23.81
Ñuble,2024,26,1.0
Ñuble,2024,27,0.14
Ñuble,2024,28,0.0
Ñuble,2024,29,0.0
Ñuble,2024,30,0.29
Ñuble,2024,31,25.21
Ñuble,2024,32,5.39
Ñuble,2024,33,0.0
Ñuble,2024,34,8.7
Ñuble,2024,35,0.63
Ñuble,2024,36,1.26
Ñuble,2024,37,0.76
Ñuble,2024,38,8.29
Ñuble,2024,39,0.11
Ñuble,2024,40,4.06
Ñuble,2024,41,0.73
Ñuble,2024,42,1.64
Ñuble,2024,43,0.84
Ñuble,2024,44,1.59
Ñuble,2024,45,1.4
Ñuble,2024,46,0.0
Ñuble,2024,47,0.0
Ñuble,2024,48,0.0
Ñuble,2024,49,1.0
Ñuble,2024,50,0.0
Ñuble,2024,51,0.06
Ñuble,2024,52,0.0
Ñuble,2025,1,0.0
Ñuble,2025,2,0.0
Ñuble,2025,3,0.04
Ñuble,2025,4,0.0
Ñuble,2025,5,0.0
Ñuble,2025,6,0.0
Ñuble,2025,7,0.0
Ñuble,2025,8,0.0
Ñuble,2025,9,0.04
Ñuble,2025,10,2.14
Ñuble,2025,11,0.0
Ñuble,2025,12,0.0
Ñuble,2025,13,3.71
Ñuble,2025,14,0.0
Ñuble,2025,15,2.69
Ñuble,2025,16,1.67
Ñuble,2025,17,4.41
Ñuble,2025,18,3.14
Ñuble,2025,19,6.96
Ñuble,2025,20,5.03
Ñuble,2025,21,5.46
Ñuble,2025,22,1.01
Ñuble,2025,23,0.29
Ñuble,2025,24,18.84
Ñuble,2025,25,4.43
Ñuble,2025,26,0.1
Ñuble,2025,27,7.19
Ñuble,2025,28,0.07
Ñuble,2025,29,1.0
Ñuble,2025,30,11.97
Ñuble,2025,31,19.47
Ñuble,2025,32,0.43
Ñuble,2025,33,0.5
Ñuble,2025,34,6.26
Ñuble,2025,35,0.4
Ñuble,2025,36,0.64
Ñuble,2025,37,5.5
Ñuble,2025,38,10.96
Ñuble,2025,39,2.07
Ñuble,2025,40,4.2
Ñuble,2025,41,1.04
Ñuble,2025,42,0.1
Ñuble,2025,43,0.0
Ñuble,2025,44,0.0
Ñuble,2025,45,0.14
Ñuble,2025,46,0.09
Ñuble,2025,47,0.0
Ñuble,2025,48,0.07
Ñuble,2025,49,0.0
Ñuble,2025,50,0.0
Ñuble,2025,51,3.37
Ñuble,2025,52,0.0
Ñuble,2026,1,0.0
Ñuble,2026,2,0.11
Ñuble,2026,3,0.0
Ñuble,2026,4,0.0
Ñuble,2026,5,0.69
Ñuble,2026,6,4.17
Ñuble,2026,7,0.13
Ñuble,2026,8,0.77
Ñuble,2026,9,0.27
Ñuble,2026,10,2.94
Ñuble,2026,11,8.04
Ñuble,2026,12,10.79
Ñuble,2026,13,0.0
Ñuble,2026,14,0.0
Ñuble,2026,15,0.0
Ñuble,2026,16,2.19
Ñuble,2026,17,0.09
Ñuble,2026,18,2.96
Ñuble,2026,19,7.64
Ñuble,2026,20,0.0
Ñuble,2026,21,0.03
Ñuble,2026,22,0.0
Ñuble,2026,23,2.47
Ñuble,2026,24,5.4
Ñuble,2026,25,0.07
