region,anio,semana,humedad_relativa_promedio_porcentaje
Antofagasta,2014,1,79.4
Antofagasta,2014,2,79.86
Antofagasta,2014,3,80.57
Antofagasta,2014,4,80.0
Antofagasta,2014,5,78.71
Antofagasta,2014,6,79.14
Antofagasta,2014,7,78.71
Antofagasta,2014,8,79.71
Antofagasta,2014,9,80.43
Antofagasta,2014,10,81.43
Antofagasta,2014,11,82.0
Antofagasta,2014,12,84.86
Antofagasta,2014,13,84.14
Antofagasta,2014,14,83.43
Antofagasta,2014,15,81.71
Antofagasta,2014,16,84.86
Antofagasta,2014,17,86.29
Antofagasta,2014,18,84.71
Antofagasta,2014,19,87.86
Antofagasta,2014,20,85.29
Antofagasta,2014,21,81.14
Antofagasta,2014,22,78.14
Antofagasta,2014,23,82.29
Antofagasta,2014,24,74.0
Antofagasta,2014,25,81.57
Antofagasta,2014,26,80.57
Antofagasta,2014,27,81.71
Antofagasta,2014,28,78.57
Antofagasta,2014,29,76.43
Antofagasta,2014,30,73.86
Antofagasta,2014,31,73.71
Antofagasta,2014,32,82.43
Antofagasta,2014,33,74.57
Antofagasta,2014,34,84.0
Antofagasta,2014,35,70.43
Antofagasta,2014,36,73.14
Antofagasta,2014,37,81.29
Antofagasta,2014,38,79.43
Antofagasta,2014,39,80.86
Antofagasta,2014,40,81.14
Antofagasta,2014,41,84.57
Antofagasta,2014,42,81.29
Antofagasta,2014,43,79.57
Antofagasta,2014,44,83.14
Antofagasta,2014,45,81.14
Antofagasta,2014,46,78.57
Antofagasta,2014,47,81.0
Antofagasta,2014,48,80.71
Antofagasta,2014,49,79.14
Antofagasta,2014,50,79.29
Antofagasta,2014,51,78.57
Antofagasta,2014,52,79.57
Antofagasta,2015,1,80.43
Antofagasta,2015,2,82.43
Antofagasta,2015,3,82.0
Antofagasta,2015,4,78.71
Antofagasta,2015,5,79.71
Antofagasta,2015,6,81.14
Antofagasta,2015,7,80.14
Antofagasta,2015,8,79.71
Antofagasta,2015,9,82.43
Antofagasta,2015,10,82.57
Antofagasta,2015,11,81.43
Antofagasta,2015,12,84.71
Antofagasta,2015,13,88.0
Antofagasta,2015,14,87.43
Antofagasta,2015,15,85.57
Antofagasta,2015,16,85.0
Antofagasta,2015,17,86.43
Antofagasta,2015,18,87.71
Antofagasta,2015,19,77.71
Antofagasta,2015,20,84.14
Antofagasta,2015,21,84.57
Antofagasta,2015,22,85.29
Antofagasta,2015,23,84.29
Antofagasta,2015,24,80.57
Antofagasta,2015,25,75.14
Antofagasta,2015,26,79.14
Antofagasta,2015,27,77.86
Antofagasta,2015,28,78.29
Antofagasta,2015,29,77.43
Antofagasta,2015,30,77.14
Antofagasta,2015,31,80.57
Antofagasta,2015,32,73.57
Antofagasta,2015,33,82.14
Antofagasta,2015,34,75.14
Antofagasta,2015,35,74.86
Antofagasta,2015,36,81.14
Antofagasta,2015,37,66.0
Antofagasta,2015,38,74.29
Antofagasta,2015,39,78.29
Antofagasta,2015,40,76.0
Antofagasta,2015,41,78.0
Antofagasta,2015,42,76.29
Antofagasta,2015,43,73.43
Antofagasta,2015,44,79.0
Antofagasta,2015,45,77.43
Antofagasta,2015,46,79.14
Antofagasta,2015,47,78.57
Antofagasta,2015,48,78.57
Antofagasta,2015,49,79.57
Antofagasta,2015,50,80.57
Antofagasta,2015,51,80.86
Antofagasta,2015,52,78.0
Antofagasta,2015,53,79.57
Antofagasta,2016,1,78.29
Antofagasta,2016,2,80.43
Antofagasta,2016,3,78.86
Antofagasta,2016,4,79.29
Antofagasta,2016,5,79.29
Antofagasta,2016,6,82.14
Antofagasta,2016,7,81.71
Antofagasta,2016,8,81.43
Antofagasta,2016,9,82.86
Antofagasta,2016,10,82.0
Antofagasta,2016,11,84.86
Antofagasta,2016,12,84.29
Antofagasta,2016,13,84.29
Antofagasta,2016,14,84.0
Antofagasta,2016,15,84.57
Antofagasta,2016,16,86.29
Antofagasta,2016,17,80.29
Antofagasta,2016,18,84.71
Antofagasta,2016,19,77.71
Antofagasta,2016,20,80.14
Antofagasta,2016,21,76.71
Antofagasta,2016,22,66.14
Antofagasta,2016,23,71.43
Antofagasta,2016,24,79.14
Antofagasta,2016,25,77.43
Antofagasta,2016,26,78.43
Antofagasta,2016,27,67.57
Antofagasta,2016,28,79.86
Antofagasta,2016,29,73.14
Antofagasta,2016,30,80.86
Antofagasta,2016,31,81.14
Antofagasta,2016,32,80.71
Antofagasta,2016,33,75.0
Antofagasta,2016,34,79.14
Antofagasta,2016,35,77.29
Antofagasta,2016,36,71.14
Antofagasta,2016,37,85.0
Antofagasta,2016,38,83.43
Antofagasta,2016,39,83.43
Antofagasta,2016,40,81.29
Antofagasta,2016,41,74.43
Antofagasta,2016,42,76.29
Antofagasta,2016,43,79.14
Antofagasta,2016,44,79.29
Antofagasta,2016,45,80.0
Antofagasta,2016,46,76.0
Antofagasta,2016,47,78.71
Antofagasta,2016,48,79.57
Antofagasta,2016,49,77.14
Antofagasta,2016,50,81.0
Antofagasta,2016,51,79.86
Antofagasta,2016,52,79.0
Antofagasta,2017,1,77.57
Antofagasta,2017,2,76.71
Antofagasta,2017,3,73.71
Antofagasta,2017,4,72.43
Antofagasta,2017,5,75.57
Antofagasta,2017,6,76.14
Antofagasta,2017,7,76.57
Antofagasta,2017,8,77.86
Antofagasta,2017,9,78.0
Antofagasta,2017,10,81.71
Antofagasta,2017,11,81.14
Antofagasta,2017,12,81.0
Antofagasta,2017,13,83.43
Antofagasta,2017,14,82.0
Antofagasta,2017,15,84.57
Antofagasta,2017,16,78.71
Antofagasta,2017,17,84.0
Antofagasta,2017,18,83.57
Antofagasta,2017,19,78.43
Antofagasta,2017,20,75.29
Antofagasta,2017,21,80.86
Antofagasta,2017,22,85.57
Antofagasta,2017,23,88.14
Antofagasta,2017,24,89.57
Antofagasta,2017,25,84.71
Antofagasta,2017,26,86.0
Antofagasta,2017,27,87.29
Antofagasta,2017,28,83.29
Antofagasta,2017,29,84.14
Antofagasta,2017,30,86.43
Antofagasta,2017,31,85.71
Antofagasta,2017,32,78.86
Antofagasta,2017,33,82.29
Antofagasta,2017,34,84.14
Antofagasta,2017,35,84.29
Antofagasta,2017,36,80.0
Antofagasta,2017,37,78.71
Antofagasta,2017,38,83.29
Antofagasta,2017,39,84.0
Antofagasta,2017,40,80.57
Antofagasta,2017,41,80.43
Antofagasta,2017,42,81.71
Antofagasta,2017,43,80.14
Antofagasta,2017,44,81.86
Antofagasta,2017,45,80.86
Antofagasta,2017,46,78.71
Antofagasta,2017,47,80.0
Antofagasta,2017,48,77.29
Antofagasta,2017,49,79.71
Antofagasta,2017,50,78.14
Antofagasta,2017,51,80.14
Antofagasta,2017,52,78.57
Antofagasta,2018,1,77.0
Antofagasta,2018,2,76.71
Antofagasta,2018,3,75.71
Antofagasta,2018,4,78.29
Antofagasta,2018,5,78.29
Antofagasta,2018,6,77.57
Antofagasta,2018,7,78.14
Antofagasta,2018,8,75.14
Antofagasta,2018,9,78.29
Antofagasta,2018,10,76.43
Antofagasta,2018,11,79.57
Antofagasta,2018,12,80.57
Antofagasta,2018,13,85.14
Antofagasta,2018,14,80.86
Antofagasta,2018,15,84.0
Antofagasta,2018,16,86.86
Antofagasta,2018,17,88.0
Antofagasta,2018,18,87.0
Antofagasta,2018,19,83.43
Antofagasta,2018,20,87.71
Antofagasta,2018,21,89.0
Antofagasta,2018,22,85.71
Antofagasta,2018,23,78.29
Antofagasta,2018,24,80.0
Antofagasta,2018,25,89.14
Antofagasta,2018,26,84.14
Antofagasta,2018,27,87.86
Antofagasta,2018,28,88.29
Antofagasta,2018,29,86.29
Antofagasta,2018,30,87.86
Antofagasta,2018,31,86.43
Antofagasta,2018,32,87.57
Antofagasta,2018,33,86.57
Antofagasta,2018,34,86.14
Antofagasta,2018,35,82.14
Antofagasta,2018,36,83.86
Antofagasta,2018,37,81.71
Antofagasta,2018,38,84.57
Antofagasta,2018,39,83.43
Antofagasta,2018,40,84.29
Antofagasta,2018,41,83.57
Antofagasta,2018,42,80.29
Antofagasta,2018,43,81.0
Antofagasta,2018,44,80.71
Antofagasta,2018,45,81.14
Antofagasta,2018,46,78.14
Antofagasta,2018,47,80.71
Antofagasta,2018,48,78.43
Antofagasta,2018,49,75.29
Antofagasta,2018,50,77.71
Antofagasta,2018,51,80.71
Antofagasta,2018,52,80.14
Antofagasta,2019,1,80.0
Antofagasta,2019,2,75.86
Antofagasta,2019,3,77.0
Antofagasta,2019,4,79.14
Antofagasta,2019,5,77.14
Antofagasta,2019,6,79.57
Antofagasta,2019,7,78.71
Antofagasta,2019,8,79.0
Antofagasta,2019,9,81.14
Antofagasta,2019,10,81.71
Antofagasta,2019,11,80.57
Antofagasta,2019,12,82.14
Antofagasta,2019,13,82.0
Antofagasta,2019,14,75.57
Antofagasta,2019,15,82.43
Antofagasta,2019,16,83.86
Antofagasta,2019,17,82.14
Antofagasta,2019,18,81.86
Antofagasta,2019,19,82.43
Antofagasta,2019,20,87.71
Antofagasta,2019,21,82.14
Antofagasta,2019,22,84.0
Antofagasta,2019,23,86.43
Antofagasta,2019,24,86.0
Antofagasta,2019,25,79.43
Antofagasta,2019,26,86.14
Antofagasta,2019,27,90.0
Antofagasta,2019,28,91.14
Antofagasta,2019,29,89.0
Antofagasta,2019,30,79.29
Antofagasta,2019,31,81.71
Antofagasta,2019,32,81.29
Antofagasta,2019,33,84.57
Antofagasta,2019,34,88.29
Antofagasta,2019,35,86.29
Antofagasta,2019,36,84.29
Antofagasta,2019,37,82.86
Antofagasta,2019,38,80.71
Antofagasta,2019,39,84.14
Antofagasta,2019,40,82.14
Antofagasta,2019,41,82.29
Antofagasta,2019,42,79.29
Antofagasta,2019,43,82.71
Antofagasta,2019,44,82.43
Antofagasta,2019,45,82.57
Antofagasta,2019,46,82.14
Antofagasta,2019,47,80.43
Antofagasta,2019,48,78.71
Antofagasta,2019,49,80.43
Antofagasta,2019,50,80.43
Antofagasta,2019,51,79.71
Antofagasta,2019,52,80.86
Antofagasta,2020,1,77.71
Antofagasta,2020,2,78.57
Antofagasta,2020,3,76.86
Antofagasta,2020,4,74.29
Antofagasta,2020,5,79.57
Antofagasta,2020,6,76.43
Antofagasta,2020,7,79.71
Antofagasta,2020,8,80.71
Antofagasta,2020,9,81.29
Antofagasta,2020,10,80.14
Antofagasta,2020,11,81.57
Antofagasta,2020,12,80.57
Antofagasta,2020,13,81.0
Antofagasta,2020,14,82.86
Antofagasta,2020,15,81.43
Antofagasta,2020,16,80.0
Antofagasta,2020,17,85.71
Antofagasta,2020,18,86.43
Antofagasta,2020,19,87.43
Antofagasta,2020,20,84.86
Antofagasta,2020,21,83.14
Antofagasta,2020,22,81.0
Antofagasta,2020,23,75.43
Antofagasta,2020,24,89.14
Antofagasta,2020,25,81.86
Antofagasta,2020,26,83.29
Antofagasta,2020,27,83.71
Antofagasta,2020,28,80.71
Antofagasta,2020,29,83.29
Antofagasta,2020,30,75.43
Antofagasta,2020,31,83.71
Antofagasta,2020,32,87.0
Antofagasta,2020,33,83.71
Antofagasta,2020,34,80.0
Antofagasta,2020,35,82.71
Antofagasta,2020,36,82.43
Antofagasta,2020,37,84.71
Antofagasta,2020,38,84.29
Antofagasta,2020,39,85.14
Antofagasta,2020,40,83.71
Antofagasta,2020,41,83.29
Antofagasta,2020,42,84.57
Antofagasta,2020,43,82.86
Antofagasta,2020,44,82.29
Antofagasta,2020,45,82.43
Antofagasta,2020,46,78.14
Antofagasta,2020,47,76.57
Antofagasta,2020,48,78.0
Antofagasta,2020,49,80.29
Antofagasta,2020,50,81.71
Antofagasta,2020,51,81.14
Antofagasta,2020,52,80.43
Antofagasta,2020,53,79.29
Antofagasta,2021,1,79.14
Antofagasta,2021,2,75.14
Antofagasta,2021,3,81.29
Antofagasta,2021,4,80.57
Antofagasta,2021,5,78.71
Antofagasta,2021,6,75.14
Antofagasta,2021,7,77.43
Antofagasta,2021,8,77.43
Antofagasta,2021,9,80.14
Antofagasta,2021,10,80.57
Antofagasta,2021,11,77.57
Antofagasta,2021,12,82.14
Antofagasta,2021,13,81.43
Antofagasta,2021,14,83.0
Antofagasta,2021,15,85.43
Antofagasta,2021,16,79.29
Antofagasta,2021,17,78.57
Antofagasta,2021,18,84.57
Antofagasta,2021,19,88.86
Antofagasta,2021,20,83.86
Antofagasta,2021,21,85.57
Antofagasta,2021,22,86.71
Antofagasta,2021,23,87.57
Antofagasta,2021,24,86.14
Antofagasta,2021,25,82.29
Antofagasta,2021,26,87.0
Antofagasta,2021,27,88.43
Antofagasta,2021,28,85.14
Antofagasta,2021,29,88.29
Antofagasta,2021,30,85.86
Antofagasta,2021,31,86.71
Antofagasta,2021,32,86.29
Antofagasta,2021,33,87.86
Antofagasta,2021,34,79.43
Antofagasta,2021,35,86.43
Antofagasta,2021,36,83.71
Antofagasta,2021,37,83.57
Antofagasta,2021,38,83.0
Antofagasta,2021,39,84.86
Antofagasta,2021,40,82.86
Antofagasta,2021,41,81.57
Antofagasta,2021,42,82.14
Antofagasta,2021,43,84.0
Antofagasta,2021,44,82.86
Antofagasta,2021,45,82.14
Antofagasta,2021,46,82.43
Antofagasta,2021,47,80.57
Antofagasta,2021,48,81.86
Antofagasta,2021,49,78.71
Antofagasta,2021,50,80.29
Antofagasta,2021,51,78.0
Antofagasta,2021,52,77.43
Antofagasta,2022,1,79.57
Antofagasta,2022,2,77.86
Antofagasta,2022,3,78.0
Antofagasta,2022,4,78.29
Antofagasta,2022,5,79.29
Antofagasta,2022,6,81.0
Antofagasta,2022,7,78.14
Antofagasta,2022,8,78.57
Antofagasta,2022,9,79.71
Antofagasta,2022,10,83.86
Antofagasta,2022,11,86.86
Antofagasta,2022,12,83.43
Antofagasta,2022,13,83.71
Antofagasta,2022,14,86.14
Antofagasta,2022,15,80.29
Antofagasta,2022,16,85.57
Antofagasta,2022,17,85.14
Antofagasta,2022,18,83.29
Antofagasta,2022,19,84.14
Antofagasta,2022,20,83.71
Antofagasta,2022,21,88.57
Antofagasta,2022,22,78.86
Antofagasta,2022,23,87.57
Antofagasta,2022,24,81.71
Antofagasta,2022,25,81.86
Antofagasta,2022,26,85.14
Antofagasta,2022,27,87.71
Antofagasta,2022,28,78.57
Antofagasta,2022,29,88.86
Antofagasta,2022,30,88.86
Antofagasta,2022,31,82.29
Antofagasta,2022,32,84.29
Antofagasta,2022,33,82.57
Antofagasta,2022,34,86.29
Antofagasta,2022,35,84.0
Antofagasta,2022,36,83.0
Antofagasta,2022,37,80.0
Antofagasta,2022,38,80.43
Antofagasta,2022,39,81.43
Antofagasta,2022,40,78.43
Antofagasta,2022,41,80.86
Antofagasta,2022,42,83.0
Antofagasta,2022,43,80.86
Antofagasta,2022,44,81.29
Antofagasta,2022,45,79.43
Antofagasta,2022,46,82.14
Antofagasta,2022,47,81.29
Antofagasta,2022,48,80.0
Antofagasta,2022,49,80.14
Antofagasta,2022,50,78.14
Antofagasta,2022,51,80.71
Antofagasta,2022,52,75.14
Antofagasta,2023,1,77.29
Antofagasta,2023,2,78.86
Antofagasta,2023,3,78.14
Antofagasta,2023,4,81.86
Antofagasta,2023,5,81.86
Antofagasta,2023,6,82.71
Antofagasta,2023,7,79.14
Antofagasta,2023,8,80.57
Antofagasta,2023,9,81.57
Antofagasta,2023,10,74.43
Antofagasta,2023,11,82.57
Antofagasta,2023,12,83.0
Antofagasta,2023,13,84.29
Antofagasta,2023,14,86.29
Antofagasta,2023,15,83.29
Antofagasta,2023,16,79.29
Antofagasta,2023,17,86.14
Antofagasta,2023,18,82.43
Antofagasta,2023,19,88.14
Antofagasta,2023,20,85.14
Antofagasta,2023,21,85.43
Antofagasta,2023,22,86.57
Antofagasta,2023,23,85.71
Antofagasta,2023,24,77.43
Antofagasta,2023,25,88.29
Antofagasta,2023,26,80.43
Antofagasta,2023,27,78.57
Antofagasta,2023,28,76.86
Antofagasta,2023,29,82.71
Antofagasta,2023,30,83.57
Antofagasta,2023,31,82.86
Antofagasta,2023,32,83.43
Antofagasta,2023,33,78.71
Antofagasta,2023,34,82.57
Antofagasta,2023,35,78.71
Antofagasta,2023,36,76.71
Antofagasta,2023,37,77.43
Antofagasta,2023,38,83.57
Antofagasta,2023,39,79.14
Antofagasta,2023,40,76.29
Antofagasta,2023,41,80.0
Antofagasta,2023,42,80.86
Antofagasta,2023,43,76.86
Antofagasta,2023,44,78.43
Antofagasta,2023,45,78.0
Antofagasta,2023,46,77.71
Antofagasta,2023,47,78.57
Antofagasta,2023,48,77.86
Antofagasta,2023,49,74.57
Antofagasta,2023,50,76.0
Antofagasta,2023,51,76.71
Antofagasta,2023,52,75.57
Antofagasta,2024,1,76.71
Antofagasta,2024,2,75.71
Antofagasta,2024,3,76.14
Antofagasta,2024,4,79.71
Antofagasta,2024,5,76.86
Antofagasta,2024,6,75.43
Antofagasta,2024,7,77.14
Antofagasta,2024,8,75.86
Antofagasta,2024,9,77.14
Antofagasta,2024,10,77.57
Antofagasta,2024,11,76.71
Antofagasta,2024,12,81.0
Antofagasta,2024,13,82.43
Antofagasta,2024,14,81.86
Antofagasta,2024,15,80.0
Antofagasta,2024,16,75.57
Antofagasta,2024,17,82.0
Antofagasta,2024,18,80.57
Antofagasta,2024,19,81.71
Antofagasta,2024,20,79.0
Antofagasta,2024,21,84.86
Antofagasta,2024,22,82.86
Antofagasta,2024,23,82.29
Antofagasta,2024,24,82.86
Antofagasta,2024,25,78.43
Antofagasta,2024,26,83.14
Antofagasta,2024,27,81.86
Antofagasta,2024,28,73.86
Antofagasta,2024,29,77.14
Antofagasta,2024,30,80.43
Antofagasta,2024,31,84.29
Antofagasta,2024,32,79.86
Antofagasta,2024,33,82.29
Antofagasta,2024,34,74.43
Antofagasta,2024,35,80.43
Antofagasta,2024,36,83.57
Antofagasta,2024,37,80.71
Antofagasta,2024,38,81.86
Antofagasta,2024,39,80.57
Antofagasta,2024,40,80.14
Antofagasta,2024,41,73.71
Antofagasta,2024,42,80.86
Antofagasta,2024,43,79.71
Antofagasta,2024,44,81.43
Antofagasta,2024,45,79.14
Antofagasta,2024,46,78.86
Antofagasta,2024,47,79.43
Antofagasta,2024,48,78.14
Antofagasta,2024,49,76.71
Antofagasta,2024,50,76.43
Antofagasta,2024,51,78.14
Antofagasta,2024,52,78.14
Antofagasta,2025,1,76.86
Antofagasta,2025,2,77.57
Antofagasta,2025,3,76.71
Antofagasta,2025,4,75.86
Antofagasta,2025,5,76.14
Antofagasta,2025,6,77.86
Antofagasta,2025,7,75.57
Antofagasta,2025,8,76.14
Antofagasta,2025,9,78.71
Antofagasta,2025,10,75.14
Antofagasta,2025,11,77.86
Antofagasta,2025,12,80.14
Antofagasta,2025,13,76.0
Antofagasta,2025,14,79.29
Antofagasta,2025,15,79.0
Antofagasta,2025,16,82.14
Antofagasta,2025,17,80.0
Antofagasta,2025,18,80.86
Antofagasta,2025,19,79.57
Antofagasta,2025,20,83.29
Antofagasta,2025,21,84.0
Antofagasta,2025,22,83.57
Antofagasta,2025,23,83.0
Antofagasta,2025,24,78.43
Antofagasta,2025,25,78.29
Antofagasta,2025,26,75.86
Antofagasta,2025,27,83.57
Antofagasta,2025,28,83.43
Antofagasta,2025,29,83.14
Antofagasta,2025,30,81.0
Antofagasta,2025,31,80.0
Antofagasta,2025,32,82.0
Antofagasta,2025,33,80.14
Antofagasta,2025,34,70.86
Antofagasta,2025,35,71.0
Antofagasta,2025,36,80.71
Antofagasta,2025,37,76.71
Antofagasta,2025,38,82.43
Antofagasta,2025,39,81.57
Antofagasta,2025,40,81.0
Antofagasta,2025,41,76.43
Antofagasta,2025,42,79.29
Antofagasta,2025,43,78.86
Antofagasta,2025,44,77.0
Antofagasta,2025,45,75.14
Antofagasta,2025,46,76.57
Antofagasta,2025,47,74.71
Antofagasta,2025,48,77.29
Antofagasta,2025,49,75.29
Antofagasta,2025,50,72.43
Antofagasta,2025,51,64.29
Antofagasta,2025,52,72.43
Antofagasta,2026,1,76.71
Antofagasta,2026,2,75.57
Antofagasta,2026,3,77.71
Antofagasta,2026,4,76.14
Antofagasta,2026,5,73.43
Antofagasta,2026,6,70.43
Antofagasta,2026,7,76.57
Antofagasta,2026,8,76.29
Antofagasta,2026,9,76.86
Antofagasta,2026,10,73.43
Antofagasta,2026,11,76.43
Antofagasta,2026,12,75.86
Antofagasta,2026,13,79.14
Antofagasta,2026,14,80.57
Antofagasta,2026,15,78.29
Antofagasta,2026,16,79.14
Antofagasta,2026,17,80.14
Antofagasta,2026,18,78.0
Antofagasta,2026,19,78.0
Antofagasta,2026,20,87.86
Antofagasta,2026,21,84.57
Antofagasta,2026,22,89.0
Antofagasta,2026,23,90.0
Antofagasta,2026,24,87.43
Antofagasta,2026,25,90.0
Arica y Parinacota,2014,1,74.2
Arica y Parinacota,2014,2,73.14
Arica y Parinacota,2014,3,72.57
Arica y Parinacota,2014,4,73.43
Arica y Parinacota,2014,5,70.71
Arica y Parinacota,2014,6,72.57
Arica y Parinacota,2014,7,76.0
Arica y Parinacota,2014,8,72.14
Arica y Parinacota,2014,9,72.14
Arica y Parinacota,2014,10,76.14
Arica y Parinacota,2014,11,74.0
Arica y Parinacota,2014,12,77.0
Arica y Parinacota,2014,13,78.86
Arica y Parinacota,2014,14,80.29
Arica y Parinacota,2014,15,82.29
Arica y Parinacota,2014,16,84.43
Arica y Parinacota,2014,17,88.29
Arica y Parinacota,2014,18,90.0
Arica y Parinacota,2014,19,92.29
Arica y Parinacota,2014,20,92.86
Arica y Parinacota,2014,21,92.57
Arica y Parinacota,2014,22,92.29
Arica y Parinacota,2014,23,91.71
Arica y Parinacota,2014,24,93.29
Arica y Parinacota,2014,25,93.0
Arica y Parinacota,2014,26,92.57
Arica y Parinacota,2014,27,92.57
Arica y Parinacota,2014,28,92.71
Arica y Parinacota,2014,29,93.29
Arica y Parinacota,2014,30,91.86
Arica y Parinacota,2014,31,92.71
Arica y Parinacota,2014,32,93.71
Arica y Parinacota,2014,33,92.86
Arica y Parinacota,2014,34,93.29
Arica y Parinacota,2014,35,93.0
Arica y Parinacota,2014,36,93.57
Arica y Parinacota,2014,37,92.43
Arica y Parinacota,2014,38,92.71
Arica y Parinacota,2014,39,92.43
Arica y Parinacota,2014,40,92.57
Arica y Parinacota,2014,41,91.71
Arica y Parinacota,2014,42,91.86
Arica y Parinacota,2014,43,89.86
Arica y Parinacota,2014,44,85.57
Arica y Parinacota,2014,45,84.14
Arica y Parinacota,2014,46,81.86
Arica y Parinacota,2014,47,81.86
Arica y Parinacota,2014,48,81.86
Arica y Parinacota,2014,49,82.43
Arica y Parinacota,2014,50,79.14
Arica y Parinacota,2014,51,77.86
Arica y Parinacota,2014,52,80.14
Arica y Parinacota,2015,1,80.14
Arica y Parinacota,2015,2,80.57
Arica y Parinacota,2015,3,81.43
Arica y Parinacota,2015,4,75.29
Arica y Parinacota,2015,5,76.29
Arica y Parinacota,2015,6,78.0
Arica y Parinacota,2015,7,77.86
Arica y Parinacota,2015,8,75.86
Arica y Parinacota,2015,9,75.29
Arica y Parinacota,2015,10,74.43
Arica y Parinacota,2015,11,74.14
Arica y Parinacota,2015,12,78.57
Arica y Parinacota,2015,13,80.29
Arica y Parinacota,2015,14,75.43
Arica y Parinacota,2015,15,79.57
Arica y Parinacota,2015,16,81.0
Arica y Parinacota,2015,17,83.43
Arica y Parinacota,2015,18,85.0
Arica y Parinacota,2015,19,89.71
Arica y Parinacota,2015,20,92.14
Arica y Parinacota,2015,21,92.29
Arica y Parinacota,2015,22,92.29
Arica y Parinacota,2015,23,93.14
Arica y Parinacota,2015,24,93.29
Arica y Parinacota,2015,25,92.86
Arica y Parinacota,2015,26,94.0
Arica y Parinacota,2015,27,92.86
Arica y Parinacota,2015,28,92.86
Arica y Parinacota,2015,29,91.71
Arica y Parinacota,2015,30,93.57
Arica y Parinacota,2015,31,93.86
Arica y Parinacota,2015,32,91.0
Arica y Parinacota,2015,33,92.29
Arica y Parinacota,2015,34,93.57
Arica y Parinacota,2015,35,93.0
Arica y Parinacota,2015,36,93.57
Arica y Parinacota,2015,37,92.71
Arica y Parinacota,2015,38,91.86
Arica y Parinacota,2015,39,90.57
Arica y Parinacota,2015,40,91.71
Arica y Parinacota,2015,41,90.43
Arica y Parinacota,2015,42,90.0
Arica y Parinacota,2015,43,89.43
Arica y Parinacota,2015,44,88.86
Arica y Parinacota,2015,45,85.71
Arica y Parinacota,2015,46,87.14
Arica y Parinacota,2015,47,85.43
Arica y Parinacota,2015,48,84.86
Arica y Parinacota,2015,49,85.71
Arica y Parinacota,2015,50,84.14
Arica y Parinacota,2015,51,81.14
Arica y Parinacota,2015,52,83.14
Arica y Parinacota,2015,53,81.71
Arica y Parinacota,2016,1,78.71
Arica y Parinacota,2016,2,78.57
Arica y Parinacota,2016,3,75.86
Arica y Parinacota,2016,4,75.57
Arica y Parinacota,2016,5,75.0
Arica y Parinacota,2016,6,76.57
Arica y Parinacota,2016,7,76.71
Arica y Parinacota,2016,8,85.14
Arica y Parinacota,2016,9,80.57
Arica y Parinacota,2016,10,77.29
Arica y Parinacota,2016,11,74.86
Arica y Parinacota,2016,12,79.14
Arica y Parinacota,2016,13,78.14
Arica y Parinacota,2016,14,82.0
Arica y Parinacota,2016,15,83.29
Arica y Parinacota,2016,16,88.71
Arica y Parinacota,2016,17,90.71
Arica y Parinacota,2016,18,89.71
Arica y Parinacota,2016,19,91.43
Arica y Parinacota,2016,20,92.86
Arica y Parinacota,2016,21,93.29
Arica y Parinacota,2016,22,93.71
Arica y Parinacota,2016,23,93.29
Arica y Parinacota,2016,24,93.43
Arica y Parinacota,2016,25,92.0
Arica y Parinacota,2016,26,93.0
Arica y Parinacota,2016,27,91.29
Arica y Parinacota,2016,28,94.0
Arica y Parinacota,2016,29,94.14
Arica y Parinacota,2016,30,94.43
Arica y Parinacota,2016,31,93.71
Arica y Parinacota,2016,32,93.29
Arica y Parinacota,2016,33,93.57
Arica y Parinacota,2016,34,93.29
Arica y Parinacota,2016,35,92.71
Arica y Parinacota,2016,36,92.71
Arica y Parinacota,2016,37,91.86
Arica y Parinacota,2016,38,92.14
Arica y Parinacota,2016,39,90.86
Arica y Parinacota,2016,40,90.57
Arica y Parinacota,2016,41,88.29
Arica y Parinacota,2016,42,88.14
Arica y Parinacota,2016,43,86.71
Arica y Parinacota,2016,44,85.0
Arica y Parinacota,2016,45,84.43
Arica y Parinacota,2016,46,82.71
Arica y Parinacota,2016,47,80.14
Arica y Parinacota,2016,48,82.57
Arica y Parinacota,2016,49,77.86
Arica y Parinacota,2016,50,78.0
Arica y Parinacota,2016,51,75.71
Arica y Parinacota,2016,52,74.71
Arica y Parinacota,2017,1,68.57
Arica y Parinacota,2017,2,71.71
Arica y Parinacota,2017,3,65.14
Arica y Parinacota,2017,4,65.29
Arica y Parinacota,2017,5,66.14
Arica y Parinacota,2017,6,64.29
Arica y Parinacota,2017,7,62.29
Arica y Parinacota,2017,8,64.86
Arica y Parinacota,2017,9,64.57
Arica y Parinacota,2017,10,65.0
Arica y Parinacota,2017,11,66.43
Arica y Parinacota,2017,12,65.0
Arica y Parinacota,2017,13,64.29
Arica y Parinacota,2017,14,67.43
Arica y Parinacota,2017,15,69.43
Arica y Parinacota,2017,16,70.71
Arica y Parinacota,2017,17,73.57
Arica y Parinacota,2017,18,70.57
Arica y Parinacota,2017,19,70.0
Arica y Parinacota,2017,20,70.86
Arica y Parinacota,2017,21,73.29
Arica y Parinacota,2017,22,74.43
Arica y Parinacota,2017,23,77.57
Arica y Parinacota,2017,24,83.29
Arica y Parinacota,2017,25,80.43
Arica y Parinacota,2017,26,77.29
Arica y Parinacota,2017,27,81.43
Arica y Parinacota,2017,28,76.71
Arica y Parinacota,2017,29,80.29
Arica y Parinacota,2017,30,80.57
Arica y Parinacota,2017,31,79.0
Arica y Parinacota,2017,32,73.71
Arica y Parinacota,2017,33,75.14
Arica y Parinacota,2017,34,75.29
Arica y Parinacota,2017,35,75.57
Arica y Parinacota,2017,36,73.57
Arica y Parinacota,2017,37,73.43
Arica y Parinacota,2017,38,75.57
Arica y Parinacota,2017,39,78.71
Arica y Parinacota,2017,40,73.14
Arica y Parinacota,2017,41,73.0
Arica y Parinacota,2017,42,74.57
Arica y Parinacota,2017,43,71.29
Arica y Parinacota,2017,44,73.14
Arica y Parinacota,2017,45,71.57
Arica y Parinacota,2017,46,69.71
Arica y Parinacota,2017,47,68.43
Arica y Parinacota,2017,48,67.29
Arica y Parinacota,2017,49,70.43
Arica y Parinacota,2017,50,66.14
Arica y Parinacota,2017,51,71.14
Arica y Parinacota,2017,52,64.29
Arica y Parinacota,2018,1,63.57
Arica y Parinacota,2018,2,63.0
Arica y Parinacota,2018,3,62.43
Arica y Parinacota,2018,4,68.43
Arica y Parinacota,2018,5,63.0
Arica y Parinacota,2018,6,64.0
Arica y Parinacota,2018,7,66.0
Arica y Parinacota,2018,8,60.71
Arica y Parinacota,2018,9,62.14
Arica y Parinacota,2018,10,60.29
Arica y Parinacota,2018,11,65.71
Arica y Parinacota,2018,12,67.57
Arica y Parinacota,2018,13,70.43
Arica y Parinacota,2018,14,70.43
Arica y Parinacota,2018,15,69.0
Arica y Parinacota,2018,16,70.0
Arica y Parinacota,2018,17,72.43
Arica y Parinacota,2018,18,71.14
Arica y Parinacota,2018,19,73.71
Arica y Parinacota,2018,20,75.29
Arica y Parinacota,2018,21,79.14
Arica y Parinacota,2018,22,77.0
Arica y Parinacota,2018,23,81.86
Arica y Parinacota,2018,24,80.57
Arica y Parinacota,2018,25,80.71
Arica y Parinacota,2018,26,76.14
Arica y Parinacota,2018,27,83.86
Arica y Parinacota,2018,28,80.43
Arica y Parinacota,2018,29,83.86
Arica y Parinacota,2018,30,85.29
Arica y Parinacota,2018,31,76.14
Arica y Parinacota,2018,32,83.29
Arica y Parinacota,2018,33,77.14
Arica y Parinacota,2018,34,78.0
Arica y Parinacota,2018,35,79.14
Arica y Parinacota,2018,36,77.71
Arica y Parinacota,2018,37,72.0
Arica y Parinacota,2018,38,73.71
Arica y Parinacota,2018,39,75.0
Arica y Parinacota,2018,40,72.86
Arica y Parinacota,2018,41,71.0
Arica y Parinacota,2018,42,68.43
Arica y Parinacota,2018,43,68.14
Arica y Parinacota,2018,44,68.43
Arica y Parinacota,2018,45,68.43
Arica y Parinacota,2018,46,66.43
Arica y Parinacota,2018,47,65.71
Arica y Parinacota,2018,48,65.14
Arica y Parinacota,2018,49,65.71
Arica y Parinacota,2018,50,63.14
Arica y Parinacota,2018,51,66.0
Arica y Parinacota,2018,52,65.43
Arica y Parinacota,2019,1,67.29
Arica y Parinacota,2019,2,69.14
Arica y Parinacota,2019,3,65.57
Arica y Parinacota,2019,4,67.29
Arica y Parinacota,2019,5,70.14
Arica y Parinacota,2019,6,72.57
Arica y Parinacota,2019,7,69.57
Arica y Parinacota,2019,8,66.0
Arica y Parinacota,2019,9,66.43
Arica y Parinacota,2019,10,67.29
Arica y Parinacota,2019,11,68.86
Arica y Parinacota,2019,12,62.71
Arica y Parinacota,2019,13,66.0
Arica y Parinacota,2019,14,67.57
Arica y Parinacota,2019,15,68.86
Arica y Parinacota,2019,16,71.43
Arica y Parinacota,2019,17,73.86
Arica y Parinacota,2019,18,71.71
Arica y Parinacota,2019,19,73.57
Arica y Parinacota,2019,20,77.57
Arica y Parinacota,2019,21,75.14
Arica y Parinacota,2019,22,77.14
Arica y Parinacota,2019,23,73.43
Arica y Parinacota,2019,24,78.71
Arica y Parinacota,2019,25,79.86
Arica y Parinacota,2019,26,76.14
Arica y Parinacota,2019,27,82.0
Arica y Parinacota,2019,28,79.71
Arica y Parinacota,2019,29,80.0
Arica y Parinacota,2019,30,78.57
Arica y Parinacota,2019,31,78.43
Arica y Parinacota,2019,32,79.86
Arica y Parinacota,2019,33,80.71
Arica y Parinacota,2019,34,79.14
Arica y Parinacota,2019,35,77.71
Arica y Parinacota,2019,36,78.71
Arica y Parinacota,2019,37,76.86
Arica y Parinacota,2019,38,75.57
Arica y Parinacota,2019,39,77.29
Arica y Parinacota,2019,40,75.86
Arica y Parinacota,2019,41,76.0
Arica y Parinacota,2019,42,74.43
Arica y Parinacota,2019,43,73.86
Arica y Parinacota,2019,44,69.0
Arica y Parinacota,2019,45,73.0
Arica y Parinacota,2019,46,70.86
Arica y Parinacota,2019,47,69.57
Arica y Parinacota,2019,48,69.0
Arica y Parinacota,2019,49,70.0
Arica y Parinacota,2019,50,68.57
Arica y Parinacota,2019,51,70.14
Arica y Parinacota,2019,52,68.0
Arica y Parinacota,2020,1,67.29
Arica y Parinacota,2020,2,69.14
Arica y Parinacota,2020,3,66.57
Arica y Parinacota,2020,4,73.86
Arica y Parinacota,2020,5,67.29
Arica y Parinacota,2020,6,63.14
Arica y Parinacota,2020,7,65.57
Arica y Parinacota,2020,8,69.57
Arica y Parinacota,2020,9,67.57
Arica y Parinacota,2020,10,67.0
Arica y Parinacota,2020,11,71.43
Arica y Parinacota,2020,12,71.14
Arica y Parinacota,2020,13,69.43
Arica y Parinacota,2020,14,68.86
Arica y Parinacota,2020,15,74.14
Arica y Parinacota,2020,16,73.14
Arica y Parinacota,2020,17,72.43
Arica y Parinacota,2020,18,73.57
Arica y Parinacota,2020,19,78.43
Arica y Parinacota,2020,20,79.0
Arica y Parinacota,2020,21,79.43
Arica y Parinacota,2020,22,79.14
Arica y Parinacota,2020,23,76.86
Arica y Parinacota,2020,24,77.29
Arica y Parinacota,2020,25,76.71
Arica y Parinacota,2020,26,77.29
Arica y Parinacota,2020,27,78.14
Arica y Parinacota,2020,28,75.86
Arica y Parinacota,2020,29,84.71
Arica y Parinacota,2020,30,76.0
Arica y Parinacota,2020,31,79.0
Arica y Parinacota,2020,32,77.43
Arica y Parinacota,2020,33,74.86
Arica y Parinacota,2020,34,74.71
Arica y Parinacota,2020,35,74.43
Arica y Parinacota,2020,36,74.71
Arica y Parinacota,2020,37,74.86
Arica y Parinacota,2020,38,76.86
Arica y Parinacota,2020,39,75.86
Arica y Parinacota,2020,40,74.86
Arica y Parinacota,2020,41,75.0
Arica y Parinacota,2020,42,75.57
Arica y Parinacota,2020,43,71.29
Arica y Parinacota,2020,44,72.86
Arica y Parinacota,2020,45,70.14
Arica y Parinacota,2020,46,69.14
Arica y Parinacota,2020,47,70.71
Arica y Parinacota,2020,48,70.71
Arica y Parinacota,2020,49,70.14
Arica y Parinacota,2020,50,68.71
Arica y Parinacota,2020,51,70.71
Arica y Parinacota,2020,52,67.86
Arica y Parinacota,2020,53,70.43
Arica y Parinacota,2021,1,68.14
Arica y Parinacota,2021,2,66.0
Arica y Parinacota,2021,3,66.57
Arica y Parinacota,2021,4,71.14
Arica y Parinacota,2021,5,65.57
Arica y Parinacota,2021,6,63.0
Arica y Parinacota,2021,7,71.57
Arica y Parinacota,2021,8,63.57
Arica y Parinacota,2021,9,67.0
Arica y Parinacota,2021,10,67.43
Arica y Parinacota,2021,11,68.29
Arica y Parinacota,2021,12,67.0
Arica y Parinacota,2021,13,72.29
Arica y Parinacota,2021,14,73.29
Arica y Parinacota,2021,15,72.71
Arica y Parinacota,2021,16,73.0
Arica y Parinacota,2021,17,75.86
Arica y Parinacota,2021,18,76.0
Arica y Parinacota,2021,19,79.14
Arica y Parinacota,2021,20,77.86
Arica y Parinacota,2021,21,78.71
Arica y Parinacota,2021,22,81.71
Arica y Parinacota,2021,23,79.29
Arica y Parinacota,2021,24,81.57
Arica y Parinacota,2021,25,76.29
Arica y Parinacota,2021,26,80.43
Arica y Parinacota,2021,27,79.29
Arica y Parinacota,2021,28,79.71
Arica y Parinacota,2021,29,83.57
Arica y Parinacota,2021,30,81.14
Arica y Parinacota,2021,31,85.29
Arica y Parinacota,2021,32,76.86
Arica y Parinacota,2021,33,77.14
Arica y Parinacota,2021,34,76.71
Arica y Parinacota,2021,35,80.0
Arica y Parinacota,2021,36,76.86
Arica y Parinacota,2021,37,74.71
Arica y Parinacota,2021,38,74.43
Arica y Parinacota,2021,39,75.57
Arica y Parinacota,2021,40,74.57
Arica y Parinacota,2021,41,71.86
Arica y Parinacota,2021,42,74.29
Arica y Parinacota,2021,43,76.29
Arica y Parinacota,2021,44,75.0
Arica y Parinacota,2021,45,69.14
Arica y Parinacota,2021,46,67.57
Arica y Parinacota,2021,47,69.43
Arica y Parinacota,2021,48,69.29
Arica y Parinacota,2021,49,69.43
Arica y Parinacota,2021,50,69.57
Arica y Parinacota,2021,51,73.29
Arica y Parinacota,2021,52,66.29
Arica y Parinacota,2022,1,68.57
Arica y Parinacota,2022,2,67.57
Arica y Parinacota,2022,3,68.29
Arica y Parinacota,2022,4,66.71
Arica y Parinacota,2022,5,67.43
Arica y Parinacota,2022,6,66.57
Arica y Parinacota,2022,7,68.29
Arica y Parinacota,2022,8,66.14
Arica y Parinacota,2022,9,66.57
Arica y Parinacota,2022,10,70.0
Arica y Parinacota,2022,11,75.86
Arica y Parinacota,2022,12,71.43
Arica y Parinacota,2022,13,71.0
Arica y Parinacota,2022,14,73.43
Arica y Parinacota,2022,15,71.0
Arica y Parinacota,2022,16,76.14
Arica y Parinacota,2022,17,75.71
Arica y Parinacota,2022,18,75.43
Arica y Parinacota,2022,19,78.57
Arica y Parinacota,2022,20,81.86
Arica y Parinacota,2022,21,78.29
Arica y Parinacota,2022,22,77.29
Arica y Parinacota,2022,23,79.29
Arica y Parinacota,2022,24,75.0
Arica y Parinacota,2022,25,79.71
Arica y Parinacota,2022,26,78.0
Arica y Parinacota,2022,27,79.14
Arica y Parinacota,2022,28,72.57
Arica y Parinacota,2022,29,82.86
Arica y Parinacota,2022,30,83.29
Arica y Parinacota,2022,31,76.57
Arica y Parinacota,2022,32,76.71
Arica y Parinacota,2022,33,75.43
Arica y Parinacota,2022,34,82.71
Arica y Parinacota,2022,35,78.14
Arica y Parinacota,2022,36,73.29
Arica y Parinacota,2022,37,71.43
Arica y Parinacota,2022,38,69.14
Arica y Parinacota,2022,39,73.0
Arica y Parinacota,2022,40,71.14
Arica y Parinacota,2022,41,70.29
Arica y Parinacota,2022,42,73.57
Arica y Parinacota,2022,43,70.43
Arica y Parinacota,2022,44,75.0
Arica y Parinacota,2022,45,73.71
Arica y Parinacota,2022,46,67.86
Arica y Parinacota,2022,47,72.71
Arica y Parinacota,2022,48,69.0
Arica y Parinacota,2022,49,69.14
Arica y Parinacota,2022,50,68.43
Arica y Parinacota,2022,51,70.86
Arica y Parinacota,2022,52,67.29
Arica y Parinacota,2023,1,68.86
Arica y Parinacota,2023,2,66.0
Arica y Parinacota,2023,3,64.71
Arica y Parinacota,2023,4,68.86
Arica y Parinacota,2023,5,70.14
Arica y Parinacota,2023,6,68.0
Arica y Parinacota,2023,7,68.14
Arica y Parinacota,2023,8,66.29
Arica y Parinacota,2023,9,65.29
Arica y Parinacota,2023,10,64.29
Arica y Parinacota,2023,11,66.43
Arica y Parinacota,2023,12,68.86
Arica y Parinacota,2023,13,70.14
Arica y Parinacota,2023,14,72.57
Arica y Parinacota,2023,15,71.29
Arica y Parinacota,2023,16,70.29
Arica y Parinacota,2023,17,74.57
Arica y Parinacota,2023,18,74.71
Arica y Parinacota,2023,19,79.0
Arica y Parinacota,2023,20,76.57
Arica y Parinacota,2023,21,78.29
Arica y Parinacota,2023,22,76.86
Arica y Parinacota,2023,23,76.14
Arica y Parinacota,2023,24,79.57
Arica y Parinacota,2023,25,80.71
Arica y Parinacota,2023,26,76.71
Arica y Parinacota,2023,27,75.86
Arica y Parinacota,2023,28,77.29
Arica y Parinacota,2023,29,79.43
Arica y Parinacota,2023,30,77.86
Arica y Parinacota,2023,31,81.29
Arica y Parinacota,2023,32,76.0
Arica y Parinacota,2023,33,77.14
Arica y Parinacota,2023,34,74.29
Arica y Parinacota,2023,35,73.29
Arica y Parinacota,2023,36,75.29
Arica y Parinacota,2023,37,73.71
Arica y Parinacota,2023,38,75.29
Arica y Parinacota,2023,39,72.43
Arica y Parinacota,2023,40,71.29
Arica y Parinacota,2023,41,75.86
Arica y Parinacota,2023,42,74.0
Arica y Parinacota,2023,43,70.71
Arica y Parinacota,2023,44,73.0
Arica y Parinacota,2023,45,70.86
Arica y Parinacota,2023,46,68.86
Arica y Parinacota,2023,47,71.29
Arica y Parinacota,2023,48,71.0
Arica y Parinacota,2023,49,68.86
Arica y Parinacota,2023,50,68.86
Arica y Parinacota,2023,51,68.14
Arica y Parinacota,2023,52,67.14
Arica y Parinacota,2024,1,68.57
Arica y Parinacota,2024,2,68.29
Arica y Parinacota,2024,3,70.14
Arica y Parinacota,2024,4,70.43
Arica y Parinacota,2024,5,67.71
Arica y Parinacota,2024,6,71.0
Arica y Parinacota,2024,7,69.0
Arica y Parinacota,2024,8,70.43
Arica y Parinacota,2024,9,70.29
Arica y Parinacota,2024,10,69.29
Arica y Parinacota,2024,11,69.14
Arica y Parinacota,2024,12,72.57
Arica y Parinacota,2024,13,72.57
Arica y Parinacota,2024,14,71.57
Arica y Parinacota,2024,15,73.29
Arica y Parinacota,2024,16,73.86
Arica y Parinacota,2024,17,74.0
Arica y Parinacota,2024,18,73.57
Arica y Parinacota,2024,19,76.71
Arica y Parinacota,2024,20,76.86
Arica y Parinacota,2024,21,79.0
Arica y Parinacota,2024,22,85.14
Arica y Parinacota,2024,23,80.0
Arica y Parinacota,2024,24,84.57
Arica y Parinacota,2024,25,78.57
Arica y Parinacota,2024,26,82.71
Arica y Parinacota,2024,27,82.57
Arica y Parinacota,2024,28,75.86
Arica y Parinacota,2024,29,75.86
Arica y Parinacota,2024,30,83.29
Arica y Parinacota,2024,31,80.71
Arica y Parinacota,2024,32,78.57
Arica y Parinacota,2024,33,82.57
Arica y Parinacota,2024,34,77.14
Arica y Parinacota,2024,35,74.43
Arica y Parinacota,2024,36,77.0
Arica y Parinacota,2024,37,76.57
Arica y Parinacota,2024,38,76.43
Arica y Parinacota,2024,39,75.43
Arica y Parinacota,2024,40,76.57
Arica y Parinacota,2024,41,73.57
Arica y Parinacota,2024,42,73.57
Arica y Parinacota,2024,43,72.71
Arica y Parinacota,2024,44,70.14
Arica y Parinacota,2024,45,70.71
Arica y Parinacota,2024,46,69.57
Arica y Parinacota,2024,47,69.29
Arica y Parinacota,2024,48,68.43
Arica y Parinacota,2024,49,73.86
Arica y Parinacota,2024,50,74.71
Arica y Parinacota,2024,51,75.57
Arica y Parinacota,2024,52,72.57
Arica y Parinacota,2025,1,69.43
Arica y Parinacota,2025,2,69.29
Arica y Parinacota,2025,3,72.71
Arica y Parinacota,2025,4,66.57
Arica y Parinacota,2025,5,65.71
Arica y Parinacota,2025,6,66.14
Arica y Parinacota,2025,7,67.29
Arica y Parinacota,2025,8,67.0
Arica y Parinacota,2025,9,67.57
Arica y Parinacota,2025,10,67.14
Arica y Parinacota,2025,11,70.57
Arica y Parinacota,2025,12,68.29
Arica y Parinacota,2025,13,71.14
Arica y Parinacota,2025,14,71.14
Arica y Parinacota,2025,15,74.29
Arica y Parinacota,2025,16,74.86
Arica y Parinacota,2025,17,76.14
Arica y Parinacota,2025,18,76.14
Arica y Parinacota,2025,19,77.71
Arica y Parinacota,2025,20,80.29
Arica y Parinacota,2025,21,80.0
Arica y Parinacota,2025,22,79.57
Arica y Parinacota,2025,23,83.71
Arica y Parinacota,2025,24,77.71
Arica y Parinacota,2025,25,77.71
Arica y Parinacota,2025,26,77.0
Arica y Parinacota,2025,27,81.0
Arica y Parinacota,2025,28,80.0
Arica y Parinacota,2025,29,81.43
Arica y Parinacota,2025,30,84.29
Arica y Parinacota,2025,31,84.71
Arica y Parinacota,2025,32,80.57
Arica y Parinacota,2025,33,75.57
Arica y Parinacota,2025,34,73.43
Arica y Parinacota,2025,35,73.0
Arica y Parinacota,2025,36,75.29
Arica y Parinacota,2025,37,77.14
Arica y Parinacota,2025,38,78.14
Arica y Parinacota,2025,39,75.43
Arica y Parinacota,2025,40,74.43
Arica y Parinacota,2025,41,73.57
Arica y Parinacota,2025,42,73.86
Arica y Parinacota,2025,43,70.43
Arica y Parinacota,2025,44,72.86
Arica y Parinacota,2025,45,72.0
Arica y Parinacota,2025,46,70.71
Arica y Parinacota,2025,47,69.86
Arica y Parinacota,2025,48,71.14
Arica y Parinacota,2025,49,69.0
Arica y Parinacota,2025,50,67.71
Arica y Parinacota,2025,51,64.29
Arica y Parinacota,2025,52,64.29
Arica y Parinacota,2026,1,66.29
Arica y Parinacota,2026,2,65.29
Arica y Parinacota,2026,3,66.0
Arica y Parinacota,2026,4,67.86
Arica y Parinacota,2026,5,65.29
Arica y Parinacota,2026,6,62.29
Arica y Parinacota,2026,7,65.0
Arica y Parinacota,2026,8,69.71
Arica y Parinacota,2026,9,66.0
Arica y Parinacota,2026,10,62.14
Arica y Parinacota,2026,11,65.71
Arica y Parinacota,2026,12,65.29
Arica y Parinacota,2026,13,64.57
Arica y Parinacota,2026,14,67.0
Arica y Parinacota,2026,15,72.14
Arica y Parinacota,2026,16,70.86
Arica y Parinacota,2026,17,72.43
Arica y Parinacota,2026,18,73.57
Arica y Parinacota,2026,19,76.0
Arica y Parinacota,2026,20,79.86
Arica y Parinacota,2026,21,76.0
Arica y Parinacota,2026,22,82.43
Arica y Parinacota,2026,23,82.71
Arica y Parinacota,2026,24,79.71
Arica y Parinacota,2026,25,82.67
Atacama,2014,1,50.6
Atacama,2014,2,56.14
Atacama,2014,3,57.71
Atacama,2014,4,56.43
Atacama,2014,5,56.86
Atacama,2014,6,48.29
Atacama,2014,7,51.0
Atacama,2014,8,53.14
Atacama,2014,9,49.86
Atacama,2014,10,48.57
Atacama,2014,11,48.14
Atacama,2014,12,50.14
Atacama,2014,13,51.14
Atacama,2014,14,47.86
Atacama,2014,15,46.57
Atacama,2014,16,46.29
Atacama,2014,17,53.43
Atacama,2014,18,48.14
Atacama,2014,19,50.29
Atacama,2014,20,37.43
Atacama,2014,21,63.86
Atacama,2014,22,70.0
Atacama,2014,23,69.57
Atacama,2014,24,43.0
Atacama,2014,25,37.0
Atacama,2014,26,44.43
Atacama,2014,27,45.57
Atacama,2014,28,29.43
Atacama,2014,29,28.43
Atacama,2014,30,44.14
Atacama,2014,31,29.29
Atacama,2014,32,41.0
Atacama,2014,33,29.29
Atacama,2014,34,54.0
Atacama,2014,35,34.14
Atacama,2014,36,42.57
Atacama,2014,37,52.14
Atacama,2014,38,61.43
Atacama,2014,39,47.43
Atacama,2014,40,46.71
Atacama,2014,41,51.86
Atacama,2014,42,45.0
Atacama,2014,43,48.14
Atacama,2014,44,46.71
Atacama,2014,45,36.0
Atacama,2014,46,48.71
Atacama,2014,47,47.71
Atacama,2014,48,43.71
Atacama,2014,49,44.43
Atacama,2014,50,53.14
Atacama,2014,51,51.29
Atacama,2014,52,40.0
Atacama,2015,1,48.71
Atacama,2015,2,45.57
Atacama,2015,3,55.29
Atacama,2015,4,57.57
Atacama,2015,5,53.43
Atacama,2015,6,56.43
Atacama,2015,7,55.0
Atacama,2015,8,56.29
Atacama,2015,9,57.57
Atacama,2015,10,58.14
Atacama,2015,11,53.14
Atacama,2015,12,61.29
Atacama,2015,13,79.86
Atacama,2015,14,82.43
Atacama,2015,15,69.57
Atacama,2015,16,54.71
Atacama,2015,17,50.57
Atacama,2015,18,51.14
Atacama,2015,19,40.86
Atacama,2015,20,39.86
Atacama,2015,21,41.0
Atacama,2015,22,41.57
Atacama,2015,23,25.86
Atacama,2015,24,27.57
Atacama,2015,25,21.86
Atacama,2015,26,27.29
Atacama,2015,27,26.57
Atacama,2015,28,35.29
Atacama,2015,29,64.29
Atacama,2015,30,52.29
Atacama,2015,31,38.57
Atacama,2015,32,49.29
Atacama,2015,33,73.57
Atacama,2015,34,46.57
Atacama,2015,35,34.14
Atacama,2015,36,53.57
Atacama,2015,37,37.0
Atacama,2015,38,30.57
Atacama,2015,39,46.43
Atacama,2015,40,39.86
Atacama,2015,41,45.86
Atacama,2015,42,44.0
Atacama,2015,43,53.14
Atacama,2015,44,48.43
Atacama,2015,45,49.57
Atacama,2015,46,44.71
Atacama,2015,47,40.29
Atacama,2015,48,39.0
Atacama,2015,49,42.57
Atacama,2015,50,47.57
Atacama,2015,51,44.14
Atacama,2015,52,38.71
Atacama,2015,53,45.86
Atacama,2016,1,44.57
Atacama,2016,2,52.43
Atacama,2016,3,56.0
Atacama,2016,4,52.86
Atacama,2016,5,52.43
Atacama,2016,6,54.71
Atacama,2016,7,54.0
Atacama,2016,8,54.57
Atacama,2016,9,47.14
Atacama,2016,10,53.0
Atacama,2016,11,59.0
Atacama,2016,12,53.29
Atacama,2016,13,56.71
Atacama,2016,14,48.71
Atacama,2016,15,55.86
Atacama,2016,16,62.14
Atacama,2016,17,46.0
Atacama,2016,18,50.86
Atacama,2016,19,54.0
Atacama,2016,20,49.29
Atacama,2016,21,40.0
Atacama,2016,22,54.43
Atacama,2016,23,35.43
Atacama,2016,24,40.86
Atacama,2016,25,48.0
Atacama,2016,26,58.43
Atacama,2016,27,45.43
Atacama,2016,28,43.57
Atacama,2016,29,31.0
Atacama,2016,30,38.0
Atacama,2016,31,35.43
Atacama,2016,32,37.0
Atacama,2016,33,25.71
Atacama,2016,34,43.71
Atacama,2016,35,44.86
Atacama,2016,36,33.14
Atacama,2016,37,44.71
Atacama,2016,38,48.86
Atacama,2016,39,49.43
Atacama,2016,40,45.43
Atacama,2016,41,40.86
Atacama,2016,42,46.57
Atacama,2016,43,44.43
Atacama,2016,44,45.71
Atacama,2016,45,49.57
Atacama,2016,46,47.86
Atacama,2016,47,51.0
Atacama,2016,48,46.43
Atacama,2016,49,55.14
Atacama,2016,50,52.29
Atacama,2016,51,57.43
Atacama,2016,52,54.14
Atacama,2017,1,61.57
Atacama,2017,2,64.43
Atacama,2017,3,63.57
Atacama,2017,4,64.86
Atacama,2017,5,67.14
Atacama,2017,6,62.14
Atacama,2017,7,57.57
Atacama,2017,8,61.29
Atacama,2017,9,65.43
Atacama,2017,10,58.29
Atacama,2017,11,65.29
Atacama,2017,12,68.0
Atacama,2017,13,62.43
Atacama,2017,14,61.86
Atacama,2017,15,56.0
Atacama,2017,16,60.71
Atacama,2017,17,54.0
Atacama,2017,18,69.14
Atacama,2017,19,70.14
Atacama,2017,20,78.29
Atacama,2017,21,77.0
Atacama,2017,22,57.29
Atacama,2017,23,59.29
Atacama,2017,24,60.57
Atacama,2017,25,62.29
Atacama,2017,26,67.86
Atacama,2017,27,56.71
Atacama,2017,28,65.57
Atacama,2017,29,46.71
Atacama,2017,30,60.0
Atacama,2017,31,62.0
Atacama,2017,32,60.29
Atacama,2017,33,52.57
Atacama,2017,34,63.14
Atacama,2017,35,62.29
Atacama,2017,36,56.29
Atacama,2017,37,54.29
Atacama,2017,38,63.57
Atacama,2017,39,58.86
Atacama,2017,40,51.14
Atacama,2017,41,51.86
Atacama,2017,42,55.43
Atacama,2017,43,62.29
Atacama,2017,44,53.29
Atacama,2017,45,59.86
Atacama,2017,46,64.14
Atacama,2017,47,62.0
Atacama,2017,48,61.14
Atacama,2017,49,61.57
Atacama,2017,50,64.14
Atacama,2017,51,62.29
Atacama,2017,52,66.14
Atacama,2018,1,62.57
Atacama,2018,2,66.86
Atacama,2018,3,65.0
Atacama,2018,4,60.0
Atacama,2018,5,66.14
Atacama,2018,6,64.43
Atacama,2018,7,68.71
Atacama,2018,8,66.14
Atacama,2018,9,66.57
Atacama,2018,10,63.14
Atacama,2018,11,61.86
Atacama,2018,12,61.14
Atacama,2018,13,63.86
Atacama,2018,14,65.14
Atacama,2018,15,68.86
Atacama,2018,16,71.86
Atacama,2018,17,65.86
Atacama,2018,18,62.29
Atacama,2018,19,58.71
Atacama,2018,20,59.43
Atacama,2018,21,53.57
Atacama,2018,22,62.43
Atacama,2018,23,37.14
Atacama,2018,24,36.71
Atacama,2018,25,59.86
Atacama,2018,26,64.86
Atacama,2018,27,54.29
Atacama,2018,28,49.0
Atacama,2018,29,60.29
Atacama,2018,30,49.57
Atacama,2018,31,57.71
Atacama,2018,32,49.57
Atacama,2018,33,61.0
Atacama,2018,34,54.86
Atacama,2018,35,64.57
Atacama,2018,36,58.43
Atacama,2018,37,68.0
Atacama,2018,38,50.43
Atacama,2018,39,60.29
Atacama,2018,40,54.43
Atacama,2018,41,55.86
Atacama,2018,42,58.57
Atacama,2018,43,61.71
Atacama,2018,44,64.0
Atacama,2018,45,59.0
Atacama,2018,46,52.0
Atacama,2018,47,66.86
Atacama,2018,48,67.29
Atacama,2018,49,52.57
Atacama,2018,50,56.86
Atacama,2018,51,63.14
Atacama,2018,52,65.43
Atacama,2019,1,61.57
Atacama,2019,2,62.86
Atacama,2019,3,64.14
Atacama,2019,4,63.29
Atacama,2019,5,61.86
Atacama,2019,6,63.14
Atacama,2019,7,60.57
Atacama,2019,8,64.0
Atacama,2019,9,68.43
Atacama,2019,10,67.43
Atacama,2019,11,65.43
Atacama,2019,12,66.57
Atacama,2019,13,70.14
Atacama,2019,14,62.14
Atacama,2019,15,70.0
Atacama,2019,16,67.57
Atacama,2019,17,63.14
Atacama,2019,18,70.71
Atacama,2019,19,67.0
Atacama,2019,20,60.43
Atacama,2019,21,48.86
Atacama,2019,22,55.57
Atacama,2019,23,47.86
Atacama,2019,24,64.43
Atacama,2019,25,36.43
Atacama,2019,26,69.57
Atacama,2019,27,59.43
Atacama,2019,28,60.86
Atacama,2019,29,51.29
Atacama,2019,30,55.57
Atacama,2019,31,32.29
Atacama,2019,32,59.29
Atacama,2019,33,50.71
Atacama,2019,34,52.57
Atacama,2019,35,48.86
Atacama,2019,36,66.0
Atacama,2019,37,62.57
Atacama,2019,38,58.71
Atacama,2019,39,61.57
Atacama,2019,40,59.0
Atacama,2019,41,55.71
Atacama,2019,42,63.43
Atacama,2019,43,58.0
Atacama,2019,44,56.29
Atacama,2019,45,64.29
Atacama,2019,46,63.71
Atacama,2019,47,63.14
Atacama,2019,48,54.57
Atacama,2019,49,59.43
Atacama,2019,50,62.57
Atacama,2019,51,55.29
Atacama,2019,52,57.57
Atacama,2020,1,65.29
Atacama,2020,2,62.14
Atacama,2020,3,62.57
Atacama,2020,4,61.57
Atacama,2020,5,66.29
Atacama,2020,6,65.43
Atacama,2020,7,63.43
Atacama,2020,8,65.57
Atacama,2020,9,62.86
Atacama,2020,10,68.43
Atacama,2020,11,64.0
Atacama,2020,12,70.0
Atacama,2020,13,64.0
Atacama,2020,14,67.14
Atacama,2020,15,68.86
Atacama,2020,16,66.43
Atacama,2020,17,70.0
Atacama,2020,18,66.14
Atacama,2020,19,65.0
Atacama,2020,20,60.29
Atacama,2020,21,59.57
Atacama,2020,22,71.0
Atacama,2020,23,61.29
Atacama,2020,24,60.0
Atacama,2020,25,61.43
Atacama,2020,26,64.14
Atacama,2020,27,48.86
Atacama,2020,28,45.86
Atacama,2020,29,50.86
Atacama,2020,30,47.71
Atacama,2020,31,34.14
Atacama,2020,32,59.0
Atacama,2020,33,66.14
Atacama,2020,34,63.43
Atacama,2020,35,58.29
Atacama,2020,36,63.71
Atacama,2020,37,62.71
Atacama,2020,38,59.29
Atacama,2020,39,60.0
Atacama,2020,40,58.71
Atacama,2020,41,46.57
Atacama,2020,42,61.57
Atacama,2020,43,64.14
Atacama,2020,44,60.14
Atacama,2020,45,63.86
Atacama,2020,46,65.43
Atacama,2020,47,55.86
Atacama,2020,48,56.29
Atacama,2020,49,62.86
Atacama,2020,50,63.57
Atacama,2020,51,62.0
Atacama,2020,52,62.14
Atacama,2020,53,61.86
Atacama,2021,1,65.14
Atacama,2021,2,61.29
Atacama,2021,3,61.57
Atacama,2021,4,63.43
Atacama,2021,5,62.0
Atacama,2021,6,58.57
Atacama,2021,7,61.29
Atacama,2021,8,67.14
Atacama,2021,9,67.57
Atacama,2021,10,70.0
Atacama,2021,11,62.0
Atacama,2021,12,59.71
Atacama,2021,13,67.57
Atacama,2021,14,65.71
Atacama,2021,15,67.43
Atacama,2021,16,69.71
Atacama,2021,17,65.0
Atacama,2021,18,61.0
Atacama,2021,19,60.71
Atacama,2021,20,59.71
Atacama,2021,21,41.71
Atacama,2021,22,56.57
Atacama,2021,23,53.71
Atacama,2021,24,74.0
Atacama,2021,25,62.71
Atacama,2021,26,43.43
Atacama,2021,27,56.86
Atacama,2021,28,66.14
Atacama,2021,29,55.0
Atacama,2021,30,43.14
Atacama,2021,31,63.43
Atacama,2021,32,67.86
Atacama,2021,33,45.86
Atacama,2021,34,68.0
Atacama,2021,35,61.0
Atacama,2021,36,60.86
Atacama,2021,37,60.0
Atacama,2021,38,55.29
Atacama,2021,39,46.71
Atacama,2021,40,56.0
Atacama,2021,41,60.43
Atacama,2021,42,64.43
Atacama,2021,43,62.57
Atacama,2021,44,66.0
Atacama,2021,45,62.71
Atacama,2021,46,65.57
Atacama,2021,47,62.57
Atacama,2021,48,65.14
Atacama,2021,49,65.14
Atacama,2021,50,64.57
Atacama,2021,51,59.29
Atacama,2021,52,66.86
Atacama,2022,1,64.43
Atacama,2022,2,70.43
Atacama,2022,3,73.57
Atacama,2022,4,71.0
Atacama,2022,5,61.57
Atacama,2022,6,67.43
Atacama,2022,7,67.71
Atacama,2022,8,63.14
Atacama,2022,9,62.43
Atacama,2022,10,65.14
Atacama,2022,11,60.71
Atacama,2022,12,69.86
Atacama,2022,13,71.0
Atacama,2022,14,52.43
Atacama,2022,15,72.43
Atacama,2022,16,69.86
Atacama,2022,17,67.86
Atacama,2022,18,70.57
Atacama,2022,19,64.86
Atacama,2022,20,61.29
Atacama,2022,21,62.71
Atacama,2022,22,58.86
Atacama,2022,23,62.0
Atacama,2022,24,69.0
Atacama,2022,25,62.43
Atacama,2022,26,61.71
Atacama,2022,27,62.14
Atacama,2022,28,69.43
Atacama,2022,29,79.29
Atacama,2022,30,83.0
Atacama,2022,31,70.0
Atacama,2022,32,54.29
Atacama,2022,33,56.0
Atacama,2022,34,65.0
Atacama,2022,35,57.86
Atacama,2022,36,62.57
Atacama,2022,37,61.86
Atacama,2022,38,59.43
Atacama,2022,39,65.29
Atacama,2022,40,58.86
Atacama,2022,41,66.0
Atacama,2022,42,64.43
Atacama,2022,43,65.57
Atacama,2022,44,63.14
Atacama,2022,45,65.0
Atacama,2022,46,65.0
Atacama,2022,47,63.29
Atacama,2022,48,68.14
Atacama,2022,49,67.0
Atacama,2022,50,59.86
Atacama,2022,51,60.43
Atacama,2022,52,60.29
Atacama,2023,1,59.86
Atacama,2023,2,68.57
Atacama,2023,3,62.57
Atacama,2023,4,64.71
Atacama,2023,5,62.43
Atacama,2023,6,64.57
Atacama,2023,7,68.0
Atacama,2023,8,66.57
Atacama,2023,9,69.57
Atacama,2023,10,64.14
Atacama,2023,11,68.14
Atacama,2023,12,65.14
Atacama,2023,13,71.14
Atacama,2023,14,68.43
Atacama,2023,15,69.86
Atacama,2023,16,67.43
Atacama,2023,17,72.57
Atacama,2023,18,68.14
Atacama,2023,19,58.86
Atacama,2023,20,74.57
Atacama,2023,21,58.14
Atacama,2023,22,51.86
Atacama,2023,23,65.43
Atacama,2023,24,44.43
Atacama,2023,25,45.71
Atacama,2023,26,43.43
Atacama,2023,27,54.57
Atacama,2023,28,53.57
Atacama,2023,29,46.0
Atacama,2023,30,68.57
Atacama,2023,31,71.86
Atacama,2023,32,64.57
Atacama,2023,33,57.43
Atacama,2023,34,40.43
Atacama,2023,35,60.0
Atacama,2023,36,42.14
Atacama,2023,37,47.0
Atacama,2023,38,59.86
Atacama,2023,39,64.71
Atacama,2023,40,62.14
Atacama,2023,41,60.57
Atacama,2023,42,62.14
Atacama,2023,43,64.71
Atacama,2023,44,57.71
Atacama,2023,45,62.29
Atacama,2023,46,61.71
Atacama,2023,47,65.71
Atacama,2023,48,65.71
Atacama,2023,49,64.71
Atacama,2023,50,64.43
Atacama,2023,51,65.43
Atacama,2023,52,65.14
Atacama,2024,1,66.71
Atacama,2024,2,65.71
Atacama,2024,3,65.29
Atacama,2024,4,65.0
Atacama,2024,5,69.14
Atacama,2024,6,62.29
Atacama,2024,7,73.57
Atacama,2024,8,69.29
Atacama,2024,9,72.86
Atacama,2024,10,69.43
Atacama,2024,11,69.71
Atacama,2024,12,70.29
Atacama,2024,13,71.43
Atacama,2024,14,73.29
Atacama,2024,15,77.71
Atacama,2024,16,78.43
Atacama,2024,17,84.57
Atacama,2024,18,71.86
Atacama,2024,19,70.86
Atacama,2024,20,63.14
Atacama,2024,21,67.43
Atacama,2024,22,48.14
Atacama,2024,23,67.43
Atacama,2024,24,67.43
Atacama,2024,25,62.57
Atacama,2024,26,49.71
Atacama,2024,27,49.71
Atacama,2024,28,63.57
Atacama,2024,29,59.71
Atacama,2024,30,45.0
Atacama,2024,31,67.29
Atacama,2024,32,53.71
Atacama,2024,33,60.57
Atacama,2024,34,54.14
Atacama,2024,35,60.0
Atacama,2024,36,63.86
Atacama,2024,37,60.43
Atacama,2024,38,48.43
Atacama,2024,39,53.0
Atacama,2024,40,58.57
Atacama,2024,41,67.71
Atacama,2024,42,63.29
Atacama,2024,43,60.0
Atacama,2024,44,70.57
Atacama,2024,45,62.43
Atacama,2024,46,64.29
Atacama,2024,47,66.86
Atacama,2024,48,62.29
Atacama,2024,49,55.43
Atacama,2024,50,65.43
Atacama,2024,51,65.0
Atacama,2024,52,68.57
Atacama,2025,1,65.57
Atacama,2025,2,70.43
Atacama,2025,3,67.43
Atacama,2025,4,66.0
Atacama,2025,5,68.86
Atacama,2025,6,67.14
Atacama,2025,7,70.71
Atacama,2025,8,68.57
Atacama,2025,9,69.29
Atacama,2025,10,68.29
Atacama,2025,11,71.0
Atacama,2025,12,74.29
Atacama,2025,13,70.14
Atacama,2025,14,64.71
Atacama,2025,15,68.71
Atacama,2025,16,71.43
Atacama,2025,17,63.43
Atacama,2025,18,73.29
Atacama,2025,19,62.0
Atacama,2025,20,76.29
Atacama,2025,21,72.14
Atacama,2025,22,71.57
Atacama,2025,23,65.0
Atacama,2025,24,68.71
Atacama,2025,25,61.0
Atacama,2025,26,66.86
Atacama,2025,27,52.43
Atacama,2025,28,73.29
Atacama,2025,29,62.29
Atacama,2025,30,66.86
Atacama,2025,31,57.86
Atacama,2025,32,66.29
Atacama,2025,33,68.0
Atacama,2025,34,73.29
Atacama,2025,35,71.0
Atacama,2025,36,67.86
Atacama,2025,37,55.43
Atacama,2025,38,67.43
Atacama,2025,39,54.71
Atacama,2025,40,68.43
Atacama,2025,41,62.14
Atacama,2025,42,68.0
Atacama,2025,43,67.86
Atacama,2025,44,65.14
Atacama,2025,45,60.86
Atacama,2025,46,63.86
Atacama,2025,47,66.71
Atacama,2025,48,68.86
Atacama,2025,49,66.0
Atacama,2025,50,67.29
Atacama,2025,51,57.71
Atacama,2025,52,61.57
Atacama,2026,1,68.71
Atacama,2026,2,65.86
Atacama,2026,3,66.0
Atacama,2026,4,66.71
Atacama,2026,5,67.71
Atacama,2026,6,64.57
Atacama,2026,7,64.57
Atacama,2026,8,64.14
Atacama,2026,9,67.0
Atacama,2026,10,66.43
Atacama,2026,11,67.57
Atacama,2026,12,64.29
Atacama,2026,13,67.14
Atacama,2026,14,70.71
Atacama,2026,15,70.57
Atacama,2026,16,76.14
Atacama,2026,17,68.71
Atacama,2026,18,64.14
Atacama,2026,19,68.57
Atacama,2026,20,69.71
Atacama,2026,21,68.86
Atacama,2026,22,54.57
Atacama,2026,23,68.0
Atacama,2026,24,71.0
Atacama,2026,25,62.67
Aysén,2014,1,75.0
Aysén,2014,2,75.86
Aysén,2014,3,76.0
Aysén,2014,4,81.43
Aysén,2014,5,81.0
Aysén,2014,6,86.0
Aysén,2014,7,66.0
Aysén,2014,8,74.43
Aysén,2014,9,65.29
Aysén,2014,10,79.57
Aysén,2014,11,82.86
Aysén,2014,12,79.86
Aysén,2014,13,81.57
Aysén,2014,14,70.86
Aysén,2014,15,88.43
Aysén,2014,16,90.29
Aysén,2014,17,89.43
Aysén,2014,18,92.14
Aysén,2014,19,91.86
Aysén,2014,20,91.14
Aysén,2014,21,89.57
Aysén,2014,22,96.86
Aysén,2014,23,91.43
Aysén,2014,24,94.0
Aysén,2014,25,86.71
Aysén,2014,26,96.0
Aysén,2014,27,93.57
Aysén,2014,28,87.43
Aysén,2014,29,95.43
Aysén,2014,30,84.86
Aysén,2014,31,93.29
Aysén,2014,32,92.57
Aysén,2014,33,92.71
Aysén,2014,34,91.14
Aysén,2014,35,82.57
Aysén,2014,36,85.29
Aysén,2014,37,88.43
Aysén,2014,38,92.57
Aysén,2014,39,83.29
Aysén,2014,40,79.71
Aysén,2014,41,83.43
Aysén,2014,42,87.0
Aysén,2014,43,83.0
Aysén,2014,44,72.57
Aysén,2014,45,88.57
Aysén,2014,46,83.14
Aysén,2014,47,83.86
Aysén,2014,48,78.86
Aysén,2014,49,75.29
Aysén,2014,50,68.86
Aysén,2014,51,77.86
Aysén,2014,52,86.86
Aysén,2015,1,79.43
Aysén,2015,2,81.14
Aysén,2015,3,79.43
Aysén,2015,4,67.14
Aysén,2015,5,75.0
Aysén,2015,6,69.57
Aysén,2015,7,77.14
Aysén,2015,8,78.57
Aysén,2015,9,68.14
Aysén,2015,10,81.86
Aysén,2015,11,79.57
Aysén,2015,12,80.29
Aysén,2015,13,71.71
Aysén,2015,14,84.29
Aysén,2015,15,85.43
Aysén,2015,16,86.57
Aysén,2015,17,89.14
Aysén,2015,18,89.86
Aysén,2015,19,91.86
Aysén,2015,20,95.71
Aysén,2015,21,93.14
Aysén,2015,22,97.0
Aysén,2015,23,97.14
Aysén,2015,24,92.14
Aysén,2015,25,91.43
Aysén,2015,26,89.29
Aysén,2015,27,90.14
Aysén,2015,28,93.43
Aysén,2015,29,89.57
Aysén,2015,30,95.43
Aysén,2015,31,91.57
Aysén,2015,32,89.0
Aysén,2015,33,89.0
Aysén,2015,34,88.86
Aysén,2015,35,91.14
Aysén,2015,36,87.29
Aysén,2015,37,85.14
Aysén,2015,38,82.14
Aysén,2015,39,80.43
Aysén,2015,40,75.0
Aysén,2015,41,72.29
Aysén,2015,42,78.0
Aysén,2015,43,72.0
Aysén,2015,44,78.86
Aysén,2015,45,69.0
Aysén,2015,46,84.29
Aysén,2015,47,83.71
Aysén,2015,48,77.0
Aysén,2015,49,67.0
Aysén,2015,50,76.43
Aysén,2015,51,79.0
Aysén,2015,52,87.71
Aysén,2015,53,73.43
Aysén,2016,1,63.86
Aysén,2016,2,78.71
Aysén,2016,3,71.14
Aysén,2016,4,71.71
Aysén,2016,5,67.0
Aysén,2016,6,79.86
Aysén,2016,7,83.43
Aysén,2016,8,77.43
Aysén,2016,9,70.57
Aysén,2016,10,71.43
Aysén,2016,11,81.14
Aysén,2016,12,79.0
Aysén,2016,13,82.43
Aysén,2016,14,77.86
Aysén,2016,15,82.14
Aysén,2016,16,89.71
Aysén,2016,17,72.71
Aysén,2016,18,82.71
Aysén,2016,19,92.0
Aysén,2016,20,82.14
Aysén,2016,21,87.0
Aysén,2016,22,90.57
Aysén,2016,23,84.43
Aysén,2016,24,94.0
Aysén,2016,25,95.86
Aysén,2016,26,88.71
Aysén,2016,27,98.43
Aysén,2016,28,90.57
Aysén,2016,29,90.43
Aysén,2016,30,90.57
Aysén,2016,31,92.71
Aysén,2016,32,94.43
Aysén,2016,33,88.43
Aysén,2016,34,90.86
Aysén,2016,35,83.0
Aysén,2016,36,81.43
Aysén,2016,37,77.86
Aysén,2016,38,74.14
Aysén,2016,39,81.86
Aysén,2016,40,80.14
Aysén,2016,41,81.0
Aysén,2016,42,64.71
Aysén,2016,43,78.43
Aysén,2016,44,86.71
Aysén,2016,45,80.14
Aysén,2016,46,73.57
Aysén,2016,47,66.29
Aysén,2016,48,70.71
Aysén,2016,49,76.86
Aysén,2016,50,81.43
Aysén,2016,51,86.0
Aysén,2016,52,80.0
Aysén,2017,1,77.29
Aysén,2017,2,74.43
Aysén,2017,3,70.14
Aysén,2017,4,73.29
Aysén,2017,5,72.86
Aysén,2017,6,69.71
Aysén,2017,7,80.71
Aysén,2017,8,76.0
Aysén,2017,9,75.0
Aysén,2017,10,80.0
Aysén,2017,11,72.29
Aysén,2017,12,75.43
Aysén,2017,13,85.43
Aysén,2017,14,82.71
Aysén,2017,15,74.0
Aysén,2017,16,81.14
Aysén,2017,17,83.29
Aysén,2017,18,89.57
Aysén,2017,19,87.43
Aysén,2017,20,91.71
Aysén,2017,21,82.86
Aysén,2017,22,84.14
Aysén,2017,23,90.14
Aysén,2017,24,78.14
Aysén,2017,25,83.0
Aysén,2017,26,83.14
Aysén,2017,27,82.71
Aysén,2017,28,78.14
Aysén,2017,29,86.86
Aysén,2017,30,81.29
Aysén,2017,31,84.71
Aysén,2017,32,83.29
Aysén,2017,33,81.14
Aysén,2017,34,80.86
Aysén,2017,35,78.0
Aysén,2017,36,78.29
Aysén,2017,37,79.86
Aysén,2017,38,83.14
Aysén,2017,39,74.57
Aysén,2017,40,86.43
Aysén,2017,41,77.71
Aysén,2017,42,76.0
Aysén,2017,43,81.29
Aysén,2017,44,71.29
Aysén,2017,45,74.0
Aysén,2017,46,70.86
Aysén,2017,47,69.86
Aysén,2017,48,60.57
Aysén,2017,49,69.0
Aysén,2017,50,69.0
Aysén,2017,51,79.14
Aysén,2017,52,74.71
Aysén,2018,1,80.0
Aysén,2018,2,66.14
Aysén,2018,3,73.57
Aysén,2018,4,66.14
Aysén,2018,5,72.71
Aysén,2018,6,72.43
Aysén,2018,7,76.71
Aysén,2018,8,67.86
Aysén,2018,9,75.14
Aysén,2018,10,80.0
Aysén,2018,11,83.14
Aysén,2018,12,78.0
Aysén,2018,13,79.29
Aysén,2018,14,81.86
Aysén,2018,15,80.29
Aysén,2018,16,89.0
Aysén,2018,17,83.43
Aysén,2018,18,79.43
Aysén,2018,19,87.43
Aysén,2018,20,90.14
Aysén,2018,21,91.57
Aysén,2018,22,76.29
Aysén,2018,23,85.29
Aysén,2018,24,79.71
Aysén,2018,25,82.14
Aysén,2018,26,83.43
Aysén,2018,27,77.14
Aysén,2018,28,85.43
Aysén,2018,29,83.43
Aysén,2018,30,80.29
Aysén,2018,31,82.71
Aysén,2018,32,80.0
Aysén,2018,33,81.29
Aysén,2018,34,80.86
Aysén,2018,35,77.86
Aysén,2018,36,81.0
Aysén,2018,37,81.57
Aysén,2018,38,86.71
Aysén,2018,39,79.29
Aysén,2018,40,71.43
Aysén,2018,41,75.86
Aysén,2018,42,77.29
Aysén,2018,43,71.14
Aysén,2018,44,66.57
Aysén,2018,45,73.14
Aysén,2018,46,74.0
Aysén,2018,47,81.0
Aysén,2018,48,64.43
Aysén,2018,49,66.0
Aysén,2018,50,69.29
Aysén,2018,51,69.14
Aysén,2018,52,71.14
Aysén,2019,1,73.71
Aysén,2019,2,72.14
Aysén,2019,3,67.29
Aysén,2019,4,72.43
Aysén,2019,5,68.57
Aysén,2019,6,64.29
Aysén,2019,7,67.0
Aysén,2019,8,68.14
Aysén,2019,9,75.57
Aysén,2019,10,75.14
Aysén,2019,11,72.86
Aysén,2019,12,77.57
Aysén,2019,13,75.29
Aysén,2019,14,81.29
Aysén,2019,15,85.57
Aysén,2019,16,81.14
Aysén,2019,17,80.86
Aysén,2019,18,81.71
Aysén,2019,19,87.0
Aysén,2019,20,86.43
Aysén,2019,21,83.71
Aysén,2019,22,86.0
Aysén,2019,23,93.57
Aysén,2019,24,86.29
Aysén,2019,25,86.14
Aysén,2019,26,84.29
Aysén,2019,27,87.29
Aysén,2019,28,94.43
Aysén,2019,29,86.14
Aysén,2019,30,83.29
Aysén,2019,31,93.0
Aysén,2019,32,85.0
Aysén,2019,33,72.0
Aysén,2019,34,77.29
Aysén,2019,35,79.29
Aysén,2019,36,74.43
Aysén,2019,37,80.29
Aysén,2019,38,77.14
Aysén,2019,39,77.29
Aysén,2019,40,74.71
Aysén,2019,41,70.14
Aysén,2019,42,66.14
Aysén,2019,43,69.0
Aysén,2019,44,79.71
Aysén,2019,45,74.0
Aysén,2019,46,73.71
Aysén,2019,47,71.43
Aysén,2019,48,77.71
Aysén,2019,49,70.29
Aysén,2019,50,76.0
Aysén,2019,51,72.71
Aysén,2019,52,73.86
Aysén,2020,1,66.86
Aysén,2020,2,76.43
Aysén,2020,3,69.57
Aysén,2020,4,70.86
Aysén,2020,5,73.14
Aysén,2020,6,74.71
Aysén,2020,7,73.71
Aysén,2020,8,61.86
Aysén,2020,9,73.57
Aysén,2020,10,74.71
Aysén,2020,11,78.29
Aysén,2020,12,84.0
Aysén,2020,13,79.43
Aysén,2020,14,79.57
Aysén,2020,15,79.0
Aysén,2020,16,87.0
Aysén,2020,17,83.14
Aysén,2020,18,87.71
Aysén,2020,19,90.0
Aysén,2020,20,88.57
Aysén,2020,21,84.29
Aysén,2020,22,82.29
Aysén,2020,23,90.0
Aysén,2020,24,89.14
Aysén,2020,25,90.86
Aysén,2020,26,79.57
Aysén,2020,27,84.57
Aysén,2020,28,82.14
Aysén,2020,29,87.14
Aysén,2020,30,82.0
Aysén,2020,31,84.43
Aysén,2020,32,84.71
Aysén,2020,33,81.57
Aysén,2020,34,81.0
Aysén,2020,35,78.71
Aysén,2020,36,76.71
Aysén,2020,37,81.57
Aysén,2020,38,75.57
Aysén,2020,39,77.71
Aysén,2020,40,67.0
Aysén,2020,41,79.29
Aysén,2020,42,76.14
Aysén,2020,43,69.29
Aysén,2020,44,72.0
Aysén,2020,45,69.86
Aysén,2020,46,71.71
Aysén,2020,47,69.14
Aysén,2020,48,77.0
Aysén,2020,49,67.43
Aysén,2020,50,75.71
Aysén,2020,51,69.86
Aysén,2020,52,70.14
Aysén,2020,53,75.71
Aysén,2021,1,70.71
Aysén,2021,2,72.71
Aysén,2021,3,71.86
Aysén,2021,4,68.86
Aysén,2021,5,65.43
Aysén,2021,6,64.14
Aysén,2021,7,72.0
Aysén,2021,8,74.43
Aysén,2021,9,72.43
Aysén,2021,10,76.29
Aysén,2021,11,69.86
Aysén,2021,12,76.14
Aysén,2021,13,80.14
Aysén,2021,14,83.57
Aysén,2021,15,80.86
Aysén,2021,16,82.86
Aysén,2021,17,87.0
Aysén,2021,18,72.43
Aysén,2021,19,81.14
Aysén,2021,20,91.71
Aysén,2021,21,87.14
Aysén,2021,22,87.86
Aysén,2021,23,91.14
Aysén,2021,24,73.57
Aysén,2021,25,83.14
Aysén,2021,26,77.86
Aysén,2021,27,89.29
Aysén,2021,28,88.0
Aysén,2021,29,86.29
Aysén,2021,30,82.43
Aysén,2021,31,78.71
Aysén,2021,32,79.86
Aysén,2021,33,86.86
Aysén,2021,34,85.57
Aysén,2021,35,82.43
Aysén,2021,36,83.71
Aysén,2021,37,84.57
Aysén,2021,38,78.86
Aysén,2021,39,78.43
Aysén,2021,40,71.57
Aysén,2021,41,78.0
Aysén,2021,42,79.14
Aysén,2021,43,74.0
Aysén,2021,44,71.43
Aysén,2021,45,69.86
Aysén,2021,46,73.43
Aysén,2021,47,71.14
Aysén,2021,48,71.0
Aysén,2021,49,66.43
Aysén,2021,50,66.86
Aysén,2021,51,65.0
Aysén,2021,52,73.71
Aysén,2022,1,72.0
Aysén,2022,2,69.43
Aysén,2022,3,70.0
Aysén,2022,4,63.71
Aysén,2022,5,72.86
Aysén,2022,6,66.57
Aysén,2022,7,76.86
Aysén,2022,8,72.29
Aysén,2022,9,80.43
Aysén,2022,10,78.57
Aysén,2022,11,72.57
Aysén,2022,12,82.29
Aysén,2022,13,79.29
Aysén,2022,14,86.0
Aysén,2022,15,79.71
Aysén,2022,16,86.57
Aysén,2022,17,85.29
Aysén,2022,18,86.29
Aysén,2022,19,83.43
Aysén,2022,20,67.71
Aysén,2022,21,82.0
Aysén,2022,22,78.43
Aysén,2022,23,79.86
Aysén,2022,24,87.71
Aysén,2022,25,66.57
Aysén,2022,26,88.0
Aysén,2022,27,87.43
Aysén,2022,28,84.71
Aysén,2022,29,80.71
Aysén,2022,30,81.14
Aysén,2022,31,81.86
Aysén,2022,32,84.86
Aysén,2022,33,83.71
Aysén,2022,34,78.29
Aysén,2022,35,77.86
Aysén,2022,36,82.29
Aysén,2022,37,82.0
Aysén,2022,38,79.71
Aysén,2022,39,72.29
Aysén,2022,40,76.14
Aysén,2022,41,73.71
Aysén,2022,42,67.14
Aysén,2022,43,74.71
Aysén,2022,44,66.29
Aysén,2022,45,78.29
Aysén,2022,46,73.71
Aysén,2022,47,72.0
Aysén,2022,48,69.71
Aysén,2022,49,81.29
Aysén,2022,50,70.71
Aysén,2022,51,70.71
Aysén,2022,52,70.57
Aysén,2023,1,75.86
Aysén,2023,2,75.0
Aysén,2023,3,66.71
Aysén,2023,4,74.14
Aysén,2023,5,66.57
Aysén,2023,6,74.43
Aysén,2023,7,71.0
Aysén,2023,8,74.57
Aysén,2023,9,78.43
Aysén,2023,10,81.57
Aysén,2023,11,74.43
Aysén,2023,12,74.0
Aysén,2023,13,82.71
Aysén,2023,14,80.57
Aysén,2023,15,67.71
Aysén,2023,16,82.0
Aysén,2023,17,82.0
Aysén,2023,18,84.29
Aysén,2023,19,87.14
Aysén,2023,20,83.57
Aysén,2023,21,82.43
Aysén,2023,22,88.57
Aysén,2023,23,86.57
Aysén,2023,24,77.43
Aysén,2023,25,86.71
Aysén,2023,26,88.57
Aysén,2023,27,82.29
Aysén,2023,28,85.57
Aysén,2023,29,75.14
Aysén,2023,30,87.86
Aysén,2023,31,83.29
Aysén,2023,32,84.14
Aysén,2023,33,85.14
Aysén,2023,34,77.86
Aysén,2023,35,80.43
Aysén,2023,36,80.0
Aysén,2023,37,80.71
Aysén,2023,38,70.14
Aysén,2023,39,76.57
Aysén,2023,40,76.14
Aysén,2023,41,73.71
Aysén,2023,42,68.71
Aysén,2023,43,76.14
Aysén,2023,44,70.86
Aysén,2023,45,73.57
Aysén,2023,46,80.29
Aysén,2023,47,73.86
Aysén,2023,48,79.0
Aysén,2023,49,71.14
Aysén,2023,50,76.71
Aysén,2023,51,65.71
Aysén,2023,52,66.57
Aysén,2024,1,69.71
Aysén,2024,2,69.14
Aysén,2024,3,67.86
Aysén,2024,4,68.43
Aysén,2024,5,65.86
Aysén,2024,6,69.0
Aysén,2024,7,63.57
Aysén,2024,8,74.29
Aysén,2024,9,73.0
Aysén,2024,10,74.71
Aysén,2024,11,84.29
Aysén,2024,12,83.57
Aysén,2024,13,80.29
Aysén,2024,14,82.0
Aysén,2024,15,69.57
Aysén,2024,16,83.29
Aysén,2024,17,80.43
Aysén,2024,18,85.43
Aysén,2024,19,84.86
Aysén,2024,20,76.0
Aysén,2024,21,78.57
Aysén,2024,22,90.71
Aysén,2024,23,90.57
Aysén,2024,24,92.14
Aysén,2024,25,87.57
Aysén,2024,26,83.71
Aysén,2024,27,82.86
Aysén,2024,28,80.86
Aysén,2024,29,85.57
Aysén,2024,30,83.86
Aysén,2024,31,86.14
Aysén,2024,32,87.29
Aysén,2024,33,81.43
Aysén,2024,34,80.0
Aysén,2024,35,79.43
Aysén,2024,36,83.43
Aysén,2024,37,84.29
Aysén,2024,38,83.0
Aysén,2024,39,81.0
Aysén,2024,40,71.43
Aysén,2024,41,74.29
Aysén,2024,42,72.14
Aysén,2024,43,71.14
Aysén,2024,44,72.0
Aysén,2024,45,77.29
Aysén,2024,46,78.71
Aysén,2024,47,71.0
Aysén,2024,48,76.29
Aysén,2024,49,73.0
Aysén,2024,50,71.14
Aysén,2024,51,70.57
Aysén,2024,52,65.14
Aysén,2025,1,71.43
Aysén,2025,2,63.71
Aysén,2025,3,65.71
Aysén,2025,4,72.86
Aysén,2025,5,70.29
Aysén,2025,6,71.86
Aysén,2025,7,73.14
Aysén,2025,8,76.57
Aysén,2025,9,75.14
Aysén,2025,10,77.0
Aysén,2025,11,73.14
Aysén,2025,12,73.71
Aysén,2025,13,76.71
Aysén,2025,14,68.86
Aysén,2025,15,83.29
Aysén,2025,16,85.0
Aysén,2025,17,80.57
Aysén,2025,18,82.43
Aysén,2025,19,83.86
Aysén,2025,20,81.86
Aysén,2025,21,86.71
Aysén,2025,22,82.71
Aysén,2025,23,80.57
Aysén,2025,24,87.71
Aysén,2025,25,84.0
Aysén,2025,26,76.57
Aysén,2025,27,74.0
Aysén,2025,28,84.71
Aysén,2025,29,83.29
Aysén,2025,30,74.43
Aysén,2025,31,88.14
Aysén,2025,32,79.0
Aysén,2025,33,84.86
Aysén,2025,34,83.14
Aysén,2025,35,78.14
Aysén,2025,36,67.43
Aysén,2025,37,76.71
Aysén,2025,38,81.0
Aysén,2025,39,75.71
Aysén,2025,40,82.0
Aysén,2025,41,77.71
Aysén,2025,42,73.57
Aysén,2025,43,72.86
Aysén,2025,44,67.14
Aysén,2025,45,70.0
Aysén,2025,46,73.43
Aysén,2025,47,73.14
Aysén,2025,48,67.86
Aysén,2025,49,72.14
Aysén,2025,50,73.71
Aysén,2025,51,69.29
Aysén,2025,52,68.71
Aysén,2026,1,62.57
Aysén,2026,2,61.57
Aysén,2026,3,68.14
Aysén,2026,4,69.43
Aysén,2026,5,73.86
Aysén,2026,6,74.43
Aysén,2026,7,69.71
Aysén,2026,8,71.57
Aysén,2026,9,75.0
Aysén,2026,10,74.0
Aysén,2026,11,74.57
Aysén,2026,12,81.29
Aysén,2026,13,78.14
Aysén,2026,14,73.43
Aysén,2026,15,79.29
Aysén,2026,16,76.71
Aysén,2026,17,80.14
Aysén,2026,18,83.14
Aysén,2026,19,81.14
Aysén,2026,20,82.71
Aysén,2026,21,79.86
Aysén,2026,22,93.86
Aysén,2026,23,90.0
Aysén,2026,24,82.57
Aysén,2026,25,84.67
Bío Bío,2014,1,56.2
Bío Bío,2014,2,63.0
Bío Bío,2014,3,70.43
Bío Bío,2014,4,74.86
Bío Bío,2014,5,67.86
Bío Bío,2014,6,73.0
Bío Bío,2014,7,71.57
Bío Bío,2014,8,66.29
Bío Bío,2014,9,77.0
Bío Bío,2014,10,69.57
Bío Bío,2014,11,76.43
Bío Bío,2014,12,66.0
Bío Bío,2014,13,77.86
Bío Bío,2014,14,86.29
Bío Bío,2014,15,79.0
Bío Bío,2014,16,75.0
Bío Bío,2014,17,82.29
Bío Bío,2014,18,85.57
Bío Bío,2014,19,88.43
Bío Bío,2014,20,87.14
Bío Bío,2014,21,85.86
Bío Bío,2014,22,89.14
Bío Bío,2014,23,84.86
Bío Bío,2014,24,88.86
Bío Bío,2014,25,81.14
Bío Bío,2014,26,84.57
Bío Bío,2014,27,85.57
Bío Bío,2014,28,86.14
Bío Bío,2014,29,87.86
Bío Bío,2014,30,84.57
Bío Bío,2014,31,92.86
Bío Bío,2014,32,82.86
Bío Bío,2014,33,78.86
Bío Bío,2014,34,89.86
Bío Bío,2014,35,86.71
Bío Bío,2014,36,89.86
Bío Bío,2014,37,78.43
Bío Bío,2014,38,84.14
Bío Bío,2014,39,83.14
Bío Bío,2014,40,82.14
Bío Bío,2014,41,71.43
Bío Bío,2014,42,78.71
Bío Bío,2014,43,79.57
Bío Bío,2014,44,71.0
Bío Bío,2014,45,73.0
Bío Bío,2014,46,65.86
Bío Bío,2014,47,72.29
Bío Bío,2014,48,67.43
Bío Bío,2014,49,71.71
Bío Bío,2014,50,66.43
Bío Bío,2014,51,66.57
Bío Bío,2014,52,66.43
Bío Bío,2015,1,69.29
Bío Bío,2015,2,59.57
Bío Bío,2015,3,64.71
Bío Bío,2015,4,75.57
Bío Bío,2015,5,68.57
Bío Bío,2015,6,70.43
Bío Bío,2015,7,59.14
Bío Bío,2015,8,64.86
Bío Bío,2015,9,76.43
Bío Bío,2015,10,74.71
Bío Bío,2015,11,60.71
Bío Bío,2015,12,69.43
Bío Bío,2015,13,78.57
Bío Bío,2015,14,76.43
Bío Bío,2015,15,77.29
Bío Bío,2015,16,78.71
Bío Bío,2015,17,78.86
Bío Bío,2015,18,80.71
Bío Bío,2015,19,85.14
Bío Bío,2015,20,89.71
Bío Bío,2015,21,85.71
Bío Bío,2015,22,88.43
Bío Bío,2015,23,94.29
Bío Bío,2015,24,83.57
Bío Bío,2015,25,80.71
Bío Bío,2015,26,82.14
Bío Bío,2015,27,85.43
Bío Bío,2015,28,89.29
Bío Bío,2015,29,85.57
Bío Bío,2015,30,89.29
Bío Bío,2015,31,90.43
Bío Bío,2015,32,84.0
Bío Bío,2015,33,77.57
Bío Bío,2015,34,87.86
Bío Bío,2015,35,92.71
Bío Bío,2015,36,77.86
Bío Bío,2015,37,73.86
Bío Bío,2015,38,74.43
Bío Bío,2015,39,84.86
Bío Bío,2015,40,89.86
Bío Bío,2015,41,70.86
Bío Bío,2015,42,81.86
Bío Bío,2015,43,82.86
Bío Bío,2015,44,73.0
Bío Bío,2015,45,82.0
Bío Bío,2015,46,78.14
Bío Bío,2015,47,71.57
Bío Bío,2015,48,71.29
Bío Bío,2015,49,75.0
Bío Bío,2015,50,67.29
Bío Bío,2015,51,63.29
Bío Bío,2015,52,70.86
Bío Bío,2015,53,70.14
Bío Bío,2016,1,70.86
Bío Bío,2016,2,70.71
Bío Bío,2016,3,68.71
Bío Bío,2016,4,74.57
Bío Bío,2016,5,66.43
Bío Bío,2016,6,70.29
Bío Bío,2016,7,69.43
Bío Bío,2016,8,64.0
Bío Bío,2016,9,68.71
Bío Bío,2016,10,72.86
Bío Bío,2016,11,67.86
Bío Bío,2016,12,69.14
Bío Bío,2016,13,79.14
Bío Bío,2016,14,77.0
Bío Bío,2016,15,81.29
Bío Bío,2016,16,84.14
Bío Bío,2016,17,79.43
Bío Bío,2016,18,89.14
Bío Bío,2016,19,89.57
Bío Bío,2016,20,90.29
Bío Bío,2016,21,92.29
Bío Bío,2016,22,88.29
Bío Bío,2016,23,83.71
Bío Bío,2016,24,83.43
Bío Bío,2016,25,83.71
Bío Bío,2016,26,88.86
Bío Bío,2016,27,91.0
Bío Bío,2016,28,86.57
Bío Bío,2016,29,93.43
Bío Bío,2016,30,87.29
Bío Bío,2016,31,91.14
Bío Bío,2016,32,86.57
Bío Bío,2016,33,82.43
Bío Bío,2016,34,82.29
Bío Bío,2016,35,67.86
Bío Bío,2016,36,81.14
Bío Bío,2016,37,82.86
Bío Bío,2016,38,76.57
Bío Bío,2016,39,81.43
Bío Bío,2016,40,75.0
Bío Bío,2016,41,83.43
Bío Bío,2016,42,83.29
Bío Bío,2016,43,77.29
Bío Bío,2016,44,78.29
Bío Bío,2016,45,65.57
Bío Bío,2016,46,65.14
Bío Bío,2016,47,77.57
Bío Bío,2016,48,72.86
Bío Bío,2016,49,73.71
Bío Bío,2016,50,61.71
Bío Bío,2016,51,69.43
Bío Bío,2016,52,75.71
Bío Bío,2017,1,73.57
Bío Bío,2017,2,72.71
Bío Bío,2017,3,68.14
Bío Bío,2017,4,69.43
Bío Bío,2017,5,73.57
Bío Bío,2017,6,74.57
Bío Bío,2017,7,84.0
Bío Bío,2017,8,85.29
Bío Bío,2017,9,76.71
Bío Bío,2017,10,78.57
Bío Bío,2017,11,80.71
Bío Bío,2017,12,86.71
Bío Bío,2017,13,87.14
Bío Bío,2017,14,83.29
Bío Bío,2017,15,84.14
Bío Bío,2017,16,85.86
Bío Bío,2017,17,83.71
Bío Bío,2017,18,87.14
Bío Bío,2017,19,85.0
Bío Bío,2017,20,81.29
Bío Bío,2017,21,80.0
Bío Bío,2017,22,88.57
Bío Bío,2017,23,83.57
Bío Bío,2017,24,84.43
Bío Bío,2017,25,85.43
Bío Bío,2017,26,90.14
Bío Bío,2017,27,86.57
Bío Bío,2017,28,76.57
Bío Bío,2017,29,86.14
Bío Bío,2017,30,82.14
Bío Bío,2017,31,80.86
Bío Bío,2017,32,85.71
Bío Bío,2017,33,84.71
Bío Bío,2017,34,82.71
Bío Bío,2017,35,84.0
Bío Bío,2017,36,80.0
Bío Bío,2017,37,78.71
Bío Bío,2017,38,85.29
Bío Bío,2017,39,85.57
Bío Bío,2017,40,86.43
Bío Bío,2017,41,80.0
Bío Bío,2017,42,80.57
Bío Bío,2017,43,81.0
Bío Bío,2017,44,85.71
Bío Bío,2017,45,86.14
Bío Bío,2017,46,77.86
Bío Bío,2017,47,75.14
Bío Bío,2017,48,80.57
Bío Bío,2017,49,83.0
Bío Bío,2017,50,80.43
Bío Bío,2017,51,73.14
Bío Bío,2017,52,81.57
Bío Bío,2018,1,75.0
Bío Bío,2018,2,77.14
Bío Bío,2018,3,78.71
Bío Bío,2018,4,72.29
Bío Bío,2018,5,76.57
Bío Bío,2018,6,73.86
Bío Bío,2018,7,82.0
Bío Bío,2018,8,83.71
Bío Bío,2018,9,80.14
Bío Bío,2018,10,77.29
Bío Bío,2018,11,80.57
Bío Bío,2018,12,83.57
Bío Bío,2018,13,86.86
Bío Bío,2018,14,83.43
Bío Bío,2018,15,86.57
Bío Bío,2018,16,89.86
Bío Bío,2018,17,84.29
Bío Bío,2018,18,85.86
Bío Bío,2018,19,93.29
Bío Bío,2018,20,87.43
Bío Bío,2018,21,87.86
Bío Bío,2018,22,83.14
Bío Bío,2018,23,88.0
Bío Bío,2018,24,85.71
Bío Bío,2018,25,85.14
Bío Bío,2018,26,92.14
Bío Bío,2018,27,86.0
Bío Bío,2018,28,89.14
Bío Bío,2018,29,84.0
Bío Bío,2018,30,83.43
Bío Bío,2018,31,85.71
Bío Bío,2018,32,86.71
Bío Bío,2018,33,77.57
Bío Bío,2018,34,82.0
Bío Bío,2018,35,90.0
Bío Bío,2018,36,83.29
Bío Bío,2018,37,85.86
Bío Bío,2018,38,90.43
Bío Bío,2018,39,82.0
Bío Bío,2018,40,75.86
Bío Bío,2018,41,78.86
Bío Bío,2018,42,84.14
Bío Bío,2018,43,85.57
Bío Bío,2018,44,86.43
Bío Bío,2018,45,83.0
Bío Bío,2018,46,83.43
Bío Bío,2018,47,81.29
Bío Bío,2018,48,78.14
Bío Bío,2018,49,83.71
Bío Bío,2018,50,78.0
Bío Bío,2018,51,79.0
Bío Bío,2018,52,79.14
Bío Bío,2019,1,75.0
Bío Bío,2019,2,78.57
Bío Bío,2019,3,77.86
Bío Bío,2019,4,75.29
Bío Bío,2019,5,76.14
Bío Bío,2019,6,78.71
Bío Bío,2019,7,74.29
Bío Bío,2019,8,84.57
Bío Bío,2019,9,75.29
Bío Bío,2019,10,75.14
Bío Bío,2019,11,83.86
Bío Bío,2019,12,77.43
Bío Bío,2019,13,85.43
Bío Bío,2019,14,79.43
Bío Bío,2019,15,87.29
Bío Bío,2019,16,88.0
Bío Bío,2019,17,88.86
Bío Bío,2019,18,87.0
Bío Bío,2019,19,92.14
Bío Bío,2019,20,84.43
Bío Bío,2019,21,85.14
Bío Bío,2019,22,90.43
Bío Bío,2019,23,93.0
Bío Bío,2019,24,82.71
Bío Bío,2019,25,87.86
Bío Bío,2019,26,85.71
Bío Bío,2019,27,77.29
Bío Bío,2019,28,89.57
Bío Bío,2019,29,85.71
Bío Bío,2019,30,83.29
Bío Bío,2019,31,84.43
Bío Bío,2019,32,83.43
Bío Bío,2019,33,82.29
Bío Bío,2019,34,88.43
Bío Bío,2019,35,83.71
Bío Bío,2019,36,77.14
Bío Bío,2019,37,86.29
Bío Bío,2019,38,76.29
Bío Bío,2019,39,84.86
Bío Bío,2019,40,82.0
Bío Bío,2019,41,78.43
Bío Bío,2019,42,80.43
Bío Bío,2019,43,81.71
Bío Bío,2019,44,81.43
Bío Bío,2019,45,76.29
Bío Bío,2019,46,88.0
Bío Bío,2019,47,79.86
Bío Bío,2019,48,74.14
Bío Bío,2019,49,77.71
Bío Bío,2019,50,77.57
Bío Bío,2019,51,77.43
Bío Bío,2019,52,77.29
Bío Bío,2020,1,78.29
Bío Bío,2020,2,81.43
Bío Bío,2020,3,72.0
Bío Bío,2020,4,79.14
Bío Bío,2020,5,75.29
Bío Bío,2020,6,74.43
Bío Bío,2020,7,77.71
Bío Bío,2020,8,74.71
Bío Bío,2020,9,78.0
Bío Bío,2020,10,81.14
Bío Bío,2020,11,82.0
Bío Bío,2020,12,83.29
Bío Bío,2020,13,89.0
Bío Bío,2020,14,74.43
Bío Bío,2020,15,80.86
Bío Bío,2020,16,87.29
Bío Bío,2020,17,82.29
Bío Bío,2020,18,92.14
Bío Bío,2020,19,85.86
Bío Bío,2020,20,89.0
Bío Bío,2020,21,87.57
Bío Bío,2020,22,79.86
Bío Bío,2020,23,88.0
Bío Bío,2020,24,86.57
Bío Bío,2020,25,90.0
Bío Bío,2020,26,89.14
Bío Bío,2020,27,89.43
Bío Bío,2020,28,85.71
Bío Bío,2020,29,87.86
Bío Bío,2020,30,84.71
Bío Bío,2020,31,86.14
Bío Bío,2020,32,86.0
Bío Bío,2020,33,79.57
Bío Bío,2020,34,75.0
Bío Bío,2020,35,82.71
Bío Bío,2020,36,84.29
Bío Bío,2020,37,85.14
Bío Bío,2020,38,75.14
Bío Bío,2020,39,85.14
Bío Bío,2020,40,79.86
Bío Bío,2020,41,80.43
Bío Bío,2020,42,87.0
Bío Bío,2020,43,82.0
Bío Bío,2020,44,81.14
Bío Bío,2020,45,83.43
Bío Bío,2020,46,82.71
Bío Bío,2020,47,83.57
Bío Bío,2020,48,75.29
Bío Bío,2020,49,77.71
Bío Bío,2020,50,80.43
Bío Bío,2020,51,76.86
Bío Bío,2020,52,79.71
Bío Bío,2020,53,76.57
Bío Bío,2021,1,76.71
Bío Bío,2021,2,72.43
Bío Bío,2021,3,81.71
Bío Bío,2021,4,84.29
Bío Bío,2021,5,87.71
Bío Bío,2021,6,86.57
Bío Bío,2021,7,75.71
Bío Bío,2021,8,81.57
Bío Bío,2021,9,87.14
Bío Bío,2021,10,84.29
Bío Bío,2021,11,84.0
Bío Bío,2021,12,78.14
Bío Bío,2021,13,88.71
Bío Bío,2021,14,86.71
Bío Bío,2021,15,88.0
Bío Bío,2021,16,87.86
Bío Bío,2021,17,92.29
Bío Bío,2021,18,85.29
Bío Bío,2021,19,86.71
Bío Bío,2021,20,88.71
Bío Bío,2021,21,92.0
Bío Bío,2021,22,92.43
Bío Bío,2021,23,88.71
Bío Bío,2021,24,78.14
Bío Bío,2021,25,86.57
Bío Bío,2021,26,84.57
Bío Bío,2021,27,88.86
Bío Bío,2021,28,83.71
Bío Bío,2021,29,89.29
Bío Bío,2021,30,72.71
Bío Bío,2021,31,85.29
Bío Bío,2021,32,84.71
Bío Bío,2021,33,87.14
Bío Bío,2021,34,84.14
Bío Bío,2021,35,88.57
Bío Bío,2021,36,87.43
Bío Bío,2021,37,82.0
Bío Bío,2021,38,82.43
Bío Bío,2021,39,78.86
Bío Bío,2021,40,80.71
Bío Bío,2021,41,81.86
Bío Bío,2021,42,83.86
Bío Bío,2021,43,85.0
Bío Bío,2021,44,82.0
Bío Bío,2021,45,83.43
Bío Bío,2021,46,77.14
Bío Bío,2021,47,76.86
Bío Bío,2021,48,77.43
Bío Bío,2021,49,79.86
Bío Bío,2021,50,79.71
Bío Bío,2021,51,74.43
Bío Bío,2021,52,81.86
Bío Bío,2022,1,85.14
Bío Bío,2022,2,81.0
Bío Bío,2022,3,72.43
Bío Bío,2022,4,83.0
Bío Bío,2022,5,79.0
Bío Bío,2022,6,72.86
Bío Bío,2022,7,79.86
Bío Bío,2022,8,84.0
Bío Bío,2022,9,77.29
Bío Bío,2022,10,79.71
Bío Bío,2022,11,76.86
Bío Bío,2022,12,78.86
Bío Bío,2022,13,75.71
Bío Bío,2022,14,86.0
Bío Bío,2022,15,84.43
Bío Bío,2022,16,92.29
Bío Bío,2022,17,86.29
Bío Bío,2022,18,91.43
Bío Bío,2022,19,86.29
Bío Bío,2022,20,88.86
Bío Bío,2022,21,84.86
Bío Bío,2022,22,88.43
Bío Bío,2022,23,87.0
Bío Bío,2022,24,89.71
Bío Bío,2022,25,87.71
Bío Bío,2022,26,88.43
Bío Bío,2022,27,83.86
Bío Bío,2022,28,87.14
Bío Bío,2022,29,92.29
Bío Bío,2022,30,87.86
Bío Bío,2022,31,88.29
Bío Bío,2022,32,87.29
Bío Bío,2022,33,84.71
Bío Bío,2022,34,83.0
Bío Bío,2022,35,83.43
Bío Bío,2022,36,83.0
Bío Bío,2022,37,88.0
Bío Bío,2022,38,83.14
Bío Bío,2022,39,86.57
Bío Bío,2022,40,82.71
Bío Bío,2022,41,80.57
Bío Bío,2022,42,83.57
Bío Bío,2022,43,84.29
Bío Bío,2022,44,74.71
Bío Bío,2022,45,85.57
Bío Bío,2022,46,83.71
Bío Bío,2022,47,80.57
Bío Bío,2022,48,81.43
Bío Bío,2022,49,85.14
Bío Bío,2022,50,77.0
Bío Bío,2022,51,75.29
Bío Bío,2022,52,77.14
Bío Bío,2023,1,81.71
Bío Bío,2023,2,75.0
Bío Bío,2023,3,82.57
Bío Bío,2023,4,77.0
Bío Bío,2023,5,79.71
Bío Bío,2023,6,82.57
Bío Bío,2023,7,68.0
Bío Bío,2023,8,71.43
Bío Bío,2023,9,75.29
Bío Bío,2023,10,89.29
Bío Bío,2023,11,82.14
Bío Bío,2023,12,76.29
Bío Bío,2023,13,77.43
Bío Bío,2023,14,81.14
Bío Bío,2023,15,91.43
Bío Bío,2023,16,86.86
Bío Bío,2023,17,90.29
Bío Bío,2023,18,90.14
Bío Bío,2023,19,88.0
Bío Bío,2023,20,88.86
Bío Bío,2023,21,87.29
Bío Bío,2023,22,90.29
Bío Bío,2023,23,86.43
Bío Bío,2023,24,78.71
Bío Bío,2023,25,93.29
Bío Bío,2023,26,88.71
Bío Bío,2023,27,88.0
Bío Bío,2023,28,82.14
Bío Bío,2023,29,87.14
Bío Bío,2023,30,91.57
Bío Bío,2023,31,80.29
Bío Bío,2023,32,86.14
Bío Bío,2023,33,91.0
Bío Bío,2023,34,85.43
Bío Bío,2023,35,83.0
Bío Bío,2023,36,86.57
Bío Bío,2023,37,85.0
Bío Bío,2023,38,80.29
Bío Bío,2023,39,77.0
Bío Bío,2023,40,81.57
Bío Bío,2023,41,77.0
Bío Bío,2023,42,77.43
Bío Bío,2023,43,81.14
Bío Bío,2023,44,80.14
Bío Bío,2023,45,79.0
Bío Bío,2023,46,77.86
Bío Bío,2023,47,81.86
Bío Bío,2023,48,77.86
Bío Bío,2023,49,77.29
Bío Bío,2023,50,77.0
Bío Bío,2023,51,76.86
Bío Bío,2023,52,81.29
Bío Bío,2024,1,79.14
Bío Bío,2024,2,70.14
Bío Bío,2024,3,73.29
Bío Bío,2024,4,78.29
Bío Bío,2024,5,70.43
Bío Bío,2024,6,77.14
Bío Bío,2024,7,75.29
Bío Bío,2024,8,75.43
Bío Bío,2024,9,73.0
Bío Bío,2024,10,78.29
Bío Bío,2024,11,78.29
Bío Bío,2024,12,82.57
Bío Bío,2024,13,79.43
Bío Bío,2024,14,84.86
Bío Bío,2024,15,85.14
Bío Bío,2024,16,85.71
Bío Bío,2024,17,84.71
Bío Bío,2024,18,83.29
Bío Bío,2024,19,85.29
Bío Bío,2024,20,86.43
Bío Bío,2024,21,86.29
Bío Bío,2024,22,89.57
Bío Bío,2024,23,90.57
Bío Bío,2024,24,91.86
Bío Bío,2024,25,85.57
Bío Bío,2024,26,84.0
Bío Bío,2024,27,83.57
Bío Bío,2024,28,85.0
Bío Bío,2024,29,81.71
Bío Bío,2024,30,83.71
Bío Bío,2024,31,83.57
Bío Bío,2024,32,85.57
Bío Bío,2024,33,86.14
Bío Bío,2024,34,83.43
Bío Bío,2024,35,85.0
Bío Bío,2024,36,84.57
Bío Bío,2024,37,82.14
Bío Bío,2024,38,84.0
Bío Bío,2024,39,83.43
Bío Bío,2024,40,84.0
Bío Bío,2024,41,86.0
Bío Bío,2024,42,86.57
Bío Bío,2024,43,83.29
Bío Bío,2024,44,83.0
Bío Bío,2024,45,82.43
Bío Bío,2024,46,74.86
Bío Bío,2024,47,78.71
Bío Bío,2024,48,70.57
Bío Bío,2024,49,69.57
Bío Bío,2024,50,71.29
Bío Bío,2024,51,74.57
Bío Bío,2024,52,77.29
Bío Bío,2025,1,70.57
Bío Bío,2025,2,71.71
Bío Bío,2025,3,71.14
Bío Bío,2025,4,72.43
Bío Bío,2025,5,70.14
Bío Bío,2025,6,64.71
Bío Bío,2025,7,68.14
Bío Bío,2025,8,76.0
Bío Bío,2025,9,77.29
Bío Bío,2025,10,78.29
Bío Bío,2025,11,75.0
Bío Bío,2025,12,75.43
Bío Bío,2025,13,80.29
Bío Bío,2025,14,77.71
Bío Bío,2025,15,84.86
Bío Bío,2025,16,85.57
Bío Bío,2025,17,88.86
Bío Bío,2025,18,87.29
Bío Bío,2025,19,89.86
Bío Bío,2025,20,89.57
Bío Bío,2025,21,83.29
Bío Bío,2025,22,77.86
Bío Bío,2025,23,88.57
Bío Bío,2025,24,88.57
Bío Bío,2025,25,87.86
Bío Bío,2025,26,82.43
Bío Bío,2025,27,80.29
Bío Bío,2025,28,88.29
Bío Bío,2025,29,84.57
Bío Bío,2025,30,91.43
Bío Bío,2025,31,90.86
Bío Bío,2025,32,82.43
Bío Bío,2025,33,84.71
Bío Bío,2025,34,85.86
Bío Bío,2025,35,85.71
Bío Bío,2025,36,79.29
Bío Bío,2025,37,83.57
Bío Bío,2025,38,87.71
Bío Bío,2025,39,82.0
Bío Bío,2025,40,78.0
Bío Bío,2025,41,80.29
Bío Bío,2025,42,80.43
Bío Bío,2025,43,74.43
Bío Bío,2025,44,67.86
Bío Bío,2025,45,77.14
Bío Bío,2025,46,73.43
Bío Bío,2025,47,69.86
Bío Bío,2025,48,80.57
Bío Bío,2025,49,74.0
Bío Bío,2025,50,79.71
Bío Bío,2025,51,75.0
Bío Bío,2025,52,69.57
Bío Bío,2026,1,72.86
Bío Bío,2026,2,75.0
Bío Bío,2026,3,61.86
Bío Bío,2026,4,76.29
Bío Bío,2026,5,81.29
Bío Bío,2026,6,79.0
Bío Bío,2026,7,72.57
Bío Bío,2026,8,75.43
Bío Bío,2026,9,81.14
Bío Bío,2026,10,77.57
Bío Bío,2026,11,78.71
Bío Bío,2026,12,81.29
Bío Bío,2026,13,77.57
Bío Bío,2026,14,82.71
Bío Bío,2026,15,88.57
Bío Bío,2026,16,85.29
Bío Bío,2026,17,80.14
Bío Bío,2026,18,84.29
Bío Bío,2026,19,78.0
Bío Bío,2026,20,79.29
Bío Bío,2026,21,88.57
Bío Bío,2026,22,91.14
Bío Bío,2026,23,91.14
Bío Bío,2026,24,89.29
Bío Bío,2026,25,73.67
Coquimbo,2014,1,63.8
Coquimbo,2014,2,70.71
Coquimbo,2014,3,71.86
Coquimbo,2014,4,66.71
Coquimbo,2014,5,68.71
Coquimbo,2014,6,63.14
Coquimbo,2014,7,72.14
Coquimbo,2014,8,72.86
Coquimbo,2014,9,70.43
Coquimbo,2014,10,69.86
Coquimbo,2014,11,70.43
Coquimbo,2014,12,75.0
Coquimbo,2014,13,78.29
Coquimbo,2014,14,72.86
Coquimbo,2014,15,63.14
Coquimbo,2014,16,73.43
Coquimbo,2014,17,79.14
Coquimbo,2014,18,75.71
Coquimbo,2014,19,79.71
Coquimbo,2014,20,70.71
Coquimbo,2014,21,74.0
Coquimbo,2014,22,69.71
Coquimbo,2014,23,73.0
Coquimbo,2014,24,73.57
Coquimbo,2014,25,77.43
Coquimbo,2014,26,78.43
Coquimbo,2014,27,77.43
Coquimbo,2014,28,77.71
Coquimbo,2014,29,72.57
Coquimbo,2014,30,74.57
Coquimbo,2014,31,67.29
Coquimbo,2014,32,72.0
Coquimbo,2014,33,63.43
Coquimbo,2014,34,75.14
Coquimbo,2014,35,71.29
Coquimbo,2014,36,70.14
Coquimbo,2014,37,72.29
Coquimbo,2014,38,79.29
Coquimbo,2014,39,70.14
Coquimbo,2014,40,73.43
Coquimbo,2014,41,69.0
Coquimbo,2014,42,63.29
Coquimbo,2014,43,73.86
Coquimbo,2014,44,66.14
Coquimbo,2014,45,60.71
Coquimbo,2014,46,71.14
Coquimbo,2014,47,71.14
Coquimbo,2014,48,68.29
Coquimbo,2014,49,67.71
Coquimbo,2014,50,71.57
Coquimbo,2014,51,67.0
Coquimbo,2014,52,64.57
Coquimbo,2015,1,69.29
Coquimbo,2015,2,71.57
Coquimbo,2015,3,75.57
Coquimbo,2015,4,73.86
Coquimbo,2015,5,71.29
Coquimbo,2015,6,71.71
Coquimbo,2015,7,69.57
Coquimbo,2015,8,72.57
Coquimbo,2015,9,71.29
Coquimbo,2015,10,73.71
Coquimbo,2015,11,74.71
Coquimbo,2015,12,77.71
Coquimbo,2015,13,82.57
Coquimbo,2015,14,85.0
Coquimbo,2015,15,83.43
Coquimbo,2015,16,76.43
Coquimbo,2015,17,80.14
Coquimbo,2015,18,80.0
Coquimbo,2015,19,73.0
Coquimbo,2015,20,77.57
Coquimbo,2015,21,78.29
Coquimbo,2015,22,75.86
Coquimbo,2015,23,67.43
Coquimbo,2015,24,68.57
Coquimbo,2015,25,61.71
Coquimbo,2015,26,76.29
Coquimbo,2015,27,72.43
Coquimbo,2015,28,74.0
Coquimbo,2015,29,73.57
Coquimbo,2015,30,71.0
Coquimbo,2015,31,72.43
Coquimbo,2015,32,76.14
Coquimbo,2015,33,82.57
Coquimbo,2015,34,77.43
Coquimbo,2015,35,70.71
Coquimbo,2015,36,82.43
Coquimbo,2015,37,71.43
Coquimbo,2015,38,71.29
Coquimbo,2015,39,68.71
Coquimbo,2015,40,73.29
Coquimbo,2015,41,65.43
Coquimbo,2015,42,71.43
Coquimbo,2015,43,73.29
Coquimbo,2015,44,73.86
Coquimbo,2015,45,71.43
Coquimbo,2015,46,67.0
Coquimbo,2015,47,63.29
Coquimbo,2015,48,60.43
Coquimbo,2015,49,69.29
Coquimbo,2015,50,69.57
Coquimbo,2015,51,64.43
Coquimbo,2015,52,63.71
Coquimbo,2015,53,70.57
Coquimbo,2016,1,67.0
Coquimbo,2016,2,66.0
Coquimbo,2016,3,72.29
Coquimbo,2016,4,66.0
Coquimbo,2016,5,73.57
Coquimbo,2016,6,70.57
Coquimbo,2016,7,70.14
Coquimbo,2016,8,69.43
Coquimbo,2016,9,74.71
Coquimbo,2016,10,74.86
Coquimbo,2016,11,77.86
Coquimbo,2016,12,78.14
Coquimbo,2016,13,79.14
Coquimbo,2016,14,75.57
Coquimbo,2016,15,78.29
Coquimbo,2016,16,78.43
Coquimbo,2016,17,65.57
Coquimbo,2016,18,78.29
Coquimbo,2016,19,76.71
Coquimbo,2016,20,80.29
Coquimbo,2016,21,79.14
Coquimbo,2016,22,80.86
Coquimbo,2016,23,69.0
Coquimbo,2016,24,75.29
Coquimbo,2016,25,78.86
Coquimbo,2016,26,79.43
Coquimbo,2016,27,76.29
Coquimbo,2016,28,79.14
Coquimbo,2016,29,74.29
Coquimbo,2016,30,73.14
Coquimbo,2016,31,71.0
Coquimbo,2016,32,72.57
Coquimbo,2016,33,61.71
Coquimbo,2016,34,76.0
Coquimbo,2016,35,72.14
Coquimbo,2016,36,62.29
Coquimbo,2016,37,68.29
Coquimbo,2016,38,72.86
Coquimbo,2016,39,73.29
Coquimbo,2016,40,61.57
Coquimbo,2016,41,65.86
Coquimbo,2016,42,62.14
Coquimbo,2016,43,62.29
Coquimbo,2016,44,62.71
Coquimbo,2016,45,69.86
Coquimbo,2016,46,68.14
Coquimbo,2016,47,67.71
Coquimbo,2016,48,70.29
Coquimbo,2016,49,66.14
Coquimbo,2016,50,68.0
Coquimbo,2016,51,68.14
Coquimbo,2016,52,68.0
Coquimbo,2017,1,71.14
Coquimbo,2017,2,76.71
Coquimbo,2017,3,76.86
Coquimbo,2017,4,76.43
Coquimbo,2017,5,70.86
Coquimbo,2017,6,72.71
Coquimbo,2017,7,72.29
Coquimbo,2017,8,76.29
Coquimbo,2017,9,73.71
Coquimbo,2017,10,68.86
Coquimbo,2017,11,77.57
Coquimbo,2017,12,76.29
Coquimbo,2017,13,71.14
Coquimbo,2017,14,72.71
Coquimbo,2017,15,72.86
Coquimbo,2017,16,73.0
Coquimbo,2017,17,70.57
Coquimbo,2017,18,78.86
Coquimbo,2017,19,78.86
Coquimbo,2017,20,74.86
Coquimbo,2017,21,80.14
Coquimbo,2017,22,75.71
Coquimbo,2017,23,74.14
Coquimbo,2017,24,84.86
Coquimbo,2017,25,80.57
Coquimbo,2017,26,78.29
Coquimbo,2017,27,77.43
Coquimbo,2017,28,78.0
Coquimbo,2017,29,74.0
Coquimbo,2017,30,87.57
Coquimbo,2017,31,84.57
Coquimbo,2017,32,79.57
Coquimbo,2017,33,78.29
Coquimbo,2017,34,79.71
Coquimbo,2017,35,79.0
Coquimbo,2017,36,70.86
Coquimbo,2017,37,71.71
Coquimbo,2017,38,78.14
Coquimbo,2017,39,79.29
Coquimbo,2017,40,71.29
Coquimbo,2017,41,67.57
Coquimbo,2017,42,73.0
Coquimbo,2017,43,73.43
Coquimbo,2017,44,69.0
Coquimbo,2017,45,74.57
Coquimbo,2017,46,73.43
Coquimbo,2017,47,76.14
Coquimbo,2017,48,74.14
Coquimbo,2017,49,72.71
Coquimbo,2017,50,75.86
Coquimbo,2017,51,76.29
Coquimbo,2017,52,77.71
Coquimbo,2018,1,74.71
Coquimbo,2018,2,75.43
Coquimbo,2018,3,73.43
Coquimbo,2018,4,72.57
Coquimbo,2018,5,75.43
Coquimbo,2018,6,74.14
Coquimbo,2018,7,78.0
Coquimbo,2018,8,77.43
Coquimbo,2018,9,75.43
Coquimbo,2018,10,74.57
Coquimbo,2018,11,72.57
Coquimbo,2018,12,75.14
Coquimbo,2018,13,82.71
Coquimbo,2018,14,78.86
Coquimbo,2018,15,78.71
Coquimbo,2018,16,83.14
Coquimbo,2018,17,79.71
Coquimbo,2018,18,81.57
Coquimbo,2018,19,71.29
Coquimbo,2018,20,70.43
Coquimbo,2018,21,79.57
Coquimbo,2018,22,78.29
Coquimbo,2018,23,63.57
Coquimbo,2018,24,68.14
Coquimbo,2018,25,86.71
Coquimbo,2018,26,81.43
Coquimbo,2018,27,78.14
Coquimbo,2018,28,85.71
Coquimbo,2018,29,71.86
Coquimbo,2018,30,76.57
Coquimbo,2018,31,74.29
Coquimbo,2018,32,76.57
Coquimbo,2018,33,77.0
Coquimbo,2018,34,72.71
Coquimbo,2018,35,79.57
Coquimbo,2018,36,76.57
Coquimbo,2018,37,79.43
Coquimbo,2018,38,68.71
Coquimbo,2018,39,78.14
Coquimbo,2018,40,73.14
Coquimbo,2018,41,73.0
Coquimbo,2018,42,70.71
Coquimbo,2018,43,74.0
Coquimbo,2018,44,76.0
Coquimbo,2018,45,76.86
Coquimbo,2018,46,66.29
Coquimbo,2018,47,78.57
Coquimbo,2018,48,76.14
Coquimbo,2018,49,63.71
Coquimbo,2018,50,64.43
Coquimbo,2018,51,74.43
Coquimbo,2018,52,74.43
Coquimbo,2019,1,74.71
Coquimbo,2019,2,67.86
Coquimbo,2019,3,71.14
Coquimbo,2019,4,77.57
Coquimbo,2019,5,77.43
Coquimbo,2019,6,77.14
Coquimbo,2019,7,71.86
Coquimbo,2019,8,74.86
Coquimbo,2019,9,76.86
Coquimbo,2019,10,74.0
Coquimbo,2019,11,77.86
Coquimbo,2019,12,78.0
Coquimbo,2019,13,79.86
Coquimbo,2019,14,79.29
Coquimbo,2019,15,80.14
Coquimbo,2019,16,82.14
Coquimbo,2019,17,77.71
Coquimbo,2019,18,86.29
Coquimbo,2019,19,80.0
Coquimbo,2019,20,83.43
Coquimbo,2019,21,64.57
Coquimbo,2019,22,71.14
Coquimbo,2019,23,66.0
Coquimbo,2019,24,77.0
Coquimbo,2019,25,67.57
Coquimbo,2019,26,74.43
Coquimbo,2019,27,71.29
Coquimbo,2019,28,76.0
Coquimbo,2019,29,74.43
Coquimbo,2019,30,69.71
Coquimbo,2019,31,55.0
Coquimbo,2019,32,69.43
Coquimbo,2019,33,64.86
Coquimbo,2019,34,71.14
Coquimbo,2019,35,64.43
Coquimbo,2019,36,77.71
Coquimbo,2019,37,67.14
Coquimbo,2019,38,69.86
Coquimbo,2019,39,75.29
Coquimbo,2019,40,61.14
Coquimbo,2019,41,74.0
Coquimbo,2019,42,70.29
Coquimbo,2019,43,71.86
Coquimbo,2019,44,63.86
Coquimbo,2019,45,75.86
Coquimbo,2019,46,75.57
Coquimbo,2019,47,73.0
Coquimbo,2019,48,64.57
Coquimbo,2019,49,73.29
Coquimbo,2019,50,71.29
Coquimbo,2019,51,70.14
Coquimbo,2019,52,74.43
Coquimbo,2020,1,76.29
Coquimbo,2020,2,69.57
Coquimbo,2020,3,74.14
Coquimbo,2020,4,73.29
Coquimbo,2020,5,75.14
Coquimbo,2020,6,71.0
Coquimbo,2020,7,73.86
Coquimbo,2020,8,73.14
Coquimbo,2020,9,75.43
Coquimbo,2020,10,79.14
Coquimbo,2020,11,79.57
Coquimbo,2020,12,73.71
Coquimbo,2020,13,74.57
Coquimbo,2020,14,79.14
Coquimbo,2020,15,77.57
Coquimbo,2020,16,77.43
Coquimbo,2020,17,80.0
Coquimbo,2020,18,73.71
Coquimbo,2020,19,80.14
Coquimbo,2020,20,73.29
Coquimbo,2020,21,69.71
Coquimbo,2020,22,80.14
Coquimbo,2020,23,75.57
Coquimbo,2020,24,68.71
Coquimbo,2020,25,78.29
Coquimbo,2020,26,80.86
Coquimbo,2020,27,78.57
Coquimbo,2020,28,73.57
Coquimbo,2020,29,85.71
Coquimbo,2020,30,67.86
Coquimbo,2020,31,66.43
Coquimbo,2020,32,82.71
Coquimbo,2020,33,77.14
Coquimbo,2020,34,79.57
Coquimbo,2020,35,73.86
Coquimbo,2020,36,75.43
Coquimbo,2020,37,72.57
Coquimbo,2020,38,82.14
Coquimbo,2020,39,78.43
Coquimbo,2020,40,66.57
Coquimbo,2020,41,66.29
Coquimbo,2020,42,78.86
Coquimbo,2020,43,71.57
Coquimbo,2020,44,71.57
Coquimbo,2020,45,75.43
Coquimbo,2020,46,74.86
Coquimbo,2020,47,68.86
Coquimbo,2020,48,68.0
Coquimbo,2020,49,74.14
Coquimbo,2020,50,72.29
Coquimbo,2020,51,71.43
Coquimbo,2020,52,76.86
Coquimbo,2020,53,73.29
Coquimbo,2021,1,72.0
Coquimbo,2021,2,69.57
Coquimbo,2021,3,75.0
Coquimbo,2021,4,74.14
Coquimbo,2021,5,71.0
Coquimbo,2021,6,71.71
Coquimbo,2021,7,70.0
Coquimbo,2021,8,74.86
Coquimbo,2021,9,77.14
Coquimbo,2021,10,78.14
Coquimbo,2021,11,64.57
Coquimbo,2021,12,69.0
Coquimbo,2021,13,76.0
Coquimbo,2021,14,69.86
Coquimbo,2021,15,81.29
Coquimbo,2021,16,76.29
Coquimbo,2021,17,77.0
Coquimbo,2021,18,68.29
Coquimbo,2021,19,77.14
Coquimbo,2021,20,72.0
Coquimbo,2021,21,65.29
Coquimbo,2021,22,73.43
Coquimbo,2021,23,73.86
Coquimbo,2021,24,80.57
Coquimbo,2021,25,73.43
Coquimbo,2021,26,67.14
Coquimbo,2021,27,75.86
Coquimbo,2021,28,73.14
Coquimbo,2021,29,83.71
Coquimbo,2021,30,71.0
Coquimbo,2021,31,84.43
Coquimbo,2021,32,75.86
Coquimbo,2021,33,71.57
Coquimbo,2021,34,73.57
Coquimbo,2021,35,72.0
Coquimbo,2021,36,69.29
Coquimbo,2021,37,70.43
Coquimbo,2021,38,69.29
Coquimbo,2021,39,62.57
Coquimbo,2021,40,67.0
Coquimbo,2021,41,65.29
Coquimbo,2021,42,73.86
Coquimbo,2021,43,80.43
Coquimbo,2021,44,72.43
Coquimbo,2021,45,72.86
Coquimbo,2021,46,74.71
Coquimbo,2021,47,72.71
Coquimbo,2021,48,73.0
Coquimbo,2021,49,72.71
Coquimbo,2021,50,70.0
Coquimbo,2021,51,75.43
Coquimbo,2021,52,71.43
Coquimbo,2022,1,74.29
Coquimbo,2022,2,71.14
Coquimbo,2022,3,62.57
Coquimbo,2022,4,72.71
Coquimbo,2022,5,75.57
Coquimbo,2022,6,75.71
Coquimbo,2022,7,72.71
Coquimbo,2022,8,68.29
Coquimbo,2022,9,73.43
Coquimbo,2022,10,75.0
Coquimbo,2022,11,77.29
Coquimbo,2022,12,73.43
Coquimbo,2022,13,77.14
Coquimbo,2022,14,81.86
Coquimbo,2022,15,77.57
Coquimbo,2022,16,79.0
Coquimbo,2022,17,73.86
Coquimbo,2022,18,80.43
Coquimbo,2022,19,81.57
Coquimbo,2022,20,76.71
Coquimbo,2022,21,74.29
Coquimbo,2022,22,72.29
Coquimbo,2022,23,84.71
Coquimbo,2022,24,77.86
Coquimbo,2022,25,77.57
Coquimbo,2022,26,67.86
Coquimbo,2022,27,70.43
Coquimbo,2022,28,74.29
Coquimbo,2022,29,81.29
Coquimbo,2022,30,85.0
Coquimbo,2022,31,82.57
Coquimbo,2022,32,74.57
Coquimbo,2022,33,78.57
Coquimbo,2022,34,86.0
Coquimbo,2022,35,82.29
Coquimbo,2022,36,80.29
Coquimbo,2022,37,77.43
Coquimbo,2022,38,68.29
Coquimbo,2022,39,80.57
Coquimbo,2022,40,72.14
Coquimbo,2022,41,78.29
Coquimbo,2022,42,76.57
Coquimbo,2022,43,73.86
Coquimbo,2022,44,72.14
Coquimbo,2022,45,73.86
Coquimbo,2022,46,74.71
Coquimbo,2022,47,78.14
Coquimbo,2022,48,75.86
Coquimbo,2022,49,78.43
Coquimbo,2022,50,73.14
Coquimbo,2022,51,71.57
Coquimbo,2022,52,70.14
Coquimbo,2023,1,72.57
Coquimbo,2023,2,71.14
Coquimbo,2023,3,69.71
Coquimbo,2023,4,73.29
Coquimbo,2023,5,75.0
Coquimbo,2023,6,77.86
Coquimbo,2023,7,70.86
Coquimbo,2023,8,75.71
Coquimbo,2023,9,78.57
Coquimbo,2023,10,77.57
Coquimbo,2023,11,77.43
Coquimbo,2023,12,81.14
Coquimbo,2023,13,78.14
Coquimbo,2023,14,80.14
Coquimbo,2023,15,77.29
Coquimbo,2023,16,69.14
Coquimbo,2023,17,77.14
Coquimbo,2023,18,73.0
Coquimbo,2023,19,82.29
Coquimbo,2023,20,79.57
Coquimbo,2023,21,71.14
Coquimbo,2023,22,71.43
Coquimbo,2023,23,81.14
Coquimbo,2023,24,60.0
Coquimbo,2023,25,66.43
Coquimbo,2023,26,63.43
Coquimbo,2023,27,67.14
Coquimbo,2023,28,70.29
Coquimbo,2023,29,74.86
Coquimbo,2023,30,84.71
Coquimbo,2023,31,86.14
Coquimbo,2023,32,81.0
Coquimbo,2023,33,73.0
Coquimbo,2023,34,62.0
Coquimbo,2023,35,66.0
Coquimbo,2023,36,65.43
Coquimbo,2023,37,64.57
Coquimbo,2023,38,69.0
Coquimbo,2023,39,68.86
Coquimbo,2023,40,64.43
Coquimbo,2023,41,67.29
Coquimbo,2023,42,70.0
Coquimbo,2023,43,68.86
Coquimbo,2023,44,65.71
Coquimbo,2023,45,69.29
Coquimbo,2023,46,64.86
Coquimbo,2023,47,73.14
Coquimbo,2023,48,69.57
Coquimbo,2023,49,70.43
Coquimbo,2023,50,69.14
Coquimbo,2023,51,70.86
Coquimbo,2023,52,71.29
Coquimbo,2024,1,71.29
Coquimbo,2024,2,66.86
Coquimbo,2024,3,72.71
Coquimbo,2024,4,75.29
Coquimbo,2024,5,78.57
Coquimbo,2024,6,74.14
Coquimbo,2024,7,76.29
Coquimbo,2024,8,72.86
Coquimbo,2024,9,77.14
Coquimbo,2024,10,72.86
Coquimbo,2024,11,70.71
Coquimbo,2024,12,76.71
Coquimbo,2024,13,83.86
Coquimbo,2024,14,73.71
Coquimbo,2024,15,78.57
Coquimbo,2024,16,73.0
Coquimbo,2024,17,70.14
Coquimbo,2024,18,64.71
Coquimbo,2024,19,75.14
Coquimbo,2024,20,66.57
Coquimbo,2024,21,77.71
Coquimbo,2024,22,75.71
Coquimbo,2024,23,84.71
Coquimbo,2024,24,83.71
Coquimbo,2024,25,83.57
Coquimbo,2024,26,82.14
Coquimbo,2024,27,75.71
Coquimbo,2024,28,86.43
Coquimbo,2024,29,85.29
Coquimbo,2024,30,72.86
Coquimbo,2024,31,87.71
Coquimbo,2024,32,73.43
Coquimbo,2024,33,88.29
Coquimbo,2024,34,74.14
Coquimbo,2024,35,74.43
Coquimbo,2024,36,78.57
Coquimbo,2024,37,75.0
Coquimbo,2024,38,72.86
Coquimbo,2024,39,72.14
Coquimbo,2024,40,72.14
Coquimbo,2024,41,76.86
Coquimbo,2024,42,76.0
Coquimbo,2024,43,74.43
Coquimbo,2024,44,75.57
Coquimbo,2024,45,67.86
Coquimbo,2024,46,69.14
Coquimbo,2024,47,71.14
Coquimbo,2024,48,64.0
Coquimbo,2024,49,65.29
Coquimbo,2024,50,71.57
Coquimbo,2024,51,72.71
Coquimbo,2024,52,73.71
Coquimbo,2025,1,73.0
Coquimbo,2025,2,74.14
Coquimbo,2025,3,71.29
Coquimbo,2025,4,72.14
Coquimbo,2025,5,73.29
Coquimbo,2025,6,72.0
Coquimbo,2025,7,70.71
Coquimbo,2025,8,74.29
Coquimbo,2025,9,75.86
Coquimbo,2025,10,73.0
Coquimbo,2025,11,77.29
Coquimbo,2025,12,79.71
Coquimbo,2025,13,72.86
Coquimbo,2025,14,69.0
Coquimbo,2025,15,72.71
Coquimbo,2025,16,75.14
Coquimbo,2025,17,73.86
Coquimbo,2025,18,75.43
Coquimbo,2025,19,73.43
Coquimbo,2025,20,78.29
Coquimbo,2025,21,75.29
Coquimbo,2025,22,76.57
Coquimbo,2025,23,77.86
Coquimbo,2025,24,78.29
Coquimbo,2025,25,79.43
Coquimbo,2025,26,83.71
Coquimbo,2025,27,77.86
Coquimbo,2025,28,85.43
Coquimbo,2025,29,78.43
Coquimbo,2025,30,81.43
Coquimbo,2025,31,80.29
Coquimbo,2025,32,89.86
Coquimbo,2025,33,87.29
Coquimbo,2025,34,76.14
Coquimbo,2025,35,81.29
Coquimbo,2025,36,81.57
Coquimbo,2025,37,75.29
Coquimbo,2025,38,78.86
Coquimbo,2025,39,71.29
Coquimbo,2025,40,79.71
Coquimbo,2025,41,75.29
Coquimbo,2025,42,76.0
Coquimbo,2025,43,73.29
Coquimbo,2025,44,73.57
Coquimbo,2025,45,67.71
Coquimbo,2025,46,69.57
Coquimbo,2025,47,76.86
Coquimbo,2025,48,71.0
Coquimbo,2025,49,72.71
Coquimbo,2025,50,70.43
Coquimbo,2025,51,67.14
Coquimbo,2025,52,70.71
Coquimbo,2026,1,76.14
Coquimbo,2026,2,71.43
Coquimbo,2026,3,73.71
Coquimbo,2026,4,73.71
Coquimbo,2026,5,74.86
Coquimbo,2026,6,70.86
Coquimbo,2026,7,66.29
Coquimbo,2026,8,64.0
Coquimbo,2026,9,75.86
Coquimbo,2026,10,73.29
Coquimbo,2026,11,72.86
Coquimbo,2026,12,67.86
Coquimbo,2026,13,71.29
Coquimbo,2026,14,80.43
Coquimbo,2026,15,79.43
Coquimbo,2026,16,80.43
Coquimbo,2026,17,71.14
Coquimbo,2026,18,75.0
Coquimbo,2026,19,74.43
Coquimbo,2026,20,83.57
Coquimbo,2026,21,82.57
Coquimbo,2026,22,74.86
Coquimbo,2026,23,79.43
Coquimbo,2026,24,77.0
Coquimbo,2026,25,89.33
La Araucanía,2014,1,65.0
La Araucanía,2014,2,64.71
La Araucanía,2014,3,63.0
La Araucanía,2014,4,74.86
La Araucanía,2014,5,74.0
La Araucanía,2014,6,75.57
La Araucanía,2014,7,62.71
La Araucanía,2014,8,67.0
La Araucanía,2014,9,64.57
La Araucanía,2014,10,72.29
La Araucanía,2014,11,76.0
La Araucanía,2014,12,72.71
La Araucanía,2014,13,73.0
La Araucanía,2014,14,86.0
La Araucanía,2014,15,82.43
La Araucanía,2014,16,83.86
La Araucanía,2014,17,89.14
La Araucanía,2014,18,85.29
La Araucanía,2014,19,88.29
La Araucanía,2014,20,86.86
La Araucanía,2014,21,81.71
La Araucanía,2014,22,80.43
La Araucanía,2014,23,88.14
La Araucanía,2014,24,87.86
La Araucanía,2014,25,84.57
La Araucanía,2014,26,89.71
La Araucanía,2014,27,85.0
La Araucanía,2014,28,83.0
La Araucanía,2014,29,89.14
La Araucanía,2014,30,85.71
La Araucanía,2014,31,87.57
La Araucanía,2014,32,87.0
La Araucanía,2014,33,83.86
La Araucanía,2014,34,87.71
La Araucanía,2014,35,81.29
La Araucanía,2014,36,84.0
La Araucanía,2014,37,81.86
La Araucanía,2014,38,85.14
La Araucanía,2014,39,84.29
La Araucanía,2014,40,81.14
La Araucanía,2014,41,79.86
La Araucanía,2014,42,79.86
La Araucanía,2014,43,84.14
La Araucanía,2014,44,77.0
La Araucanía,2014,45,78.43
La Araucanía,2014,46,77.86
La Araucanía,2014,47,76.86
La Araucanía,2014,48,71.86
La Araucanía,2014,49,72.14
La Araucanía,2014,50,65.14
La Araucanía,2014,51,68.0
La Araucanía,2014,52,66.43
La Araucanía,2015,1,69.29
La Araucanía,2015,2,61.29
La Araucanía,2015,3,65.29
La Araucanía,2015,4,65.57
La Araucanía,2015,5,67.0
La Araucanía,2015,6,68.29
La Araucanía,2015,7,61.29
La Araucanía,2015,8,59.43
La Araucanía,2015,9,64.0
La Araucanía,2015,10,70.43
La Araucanía,2015,11,63.71
La Araucanía,2015,12,60.43
La Araucanía,2015,13,62.29
La Araucanía,2015,14,79.71
La Araucanía,2015,15,79.86
La Araucanía,2015,16,80.29
La Araucanía,2015,17,87.43
La Araucanía,2015,18,87.43
La Araucanía,2015,19,84.43
La Araucanía,2015,20,86.43
La Araucanía,2015,21,84.0
La Araucanía,2015,22,88.29
La Araucanía,2015,23,90.43
La Araucanía,2015,24,87.86
La Araucanía,2015,25,86.71
La Araucanía,2015,26,85.0
La Araucanía,2015,27,89.14
La Araucanía,2015,28,87.43
La Araucanía,2015,29,84.43
La Araucanía,2015,30,84.29
La Araucanía,2015,31,86.14
La Araucanía,2015,32,79.29
La Araucanía,2015,33,81.0
La Araucanía,2015,34,86.29
La Araucanía,2015,35,87.29
La Araucanía,2015,36,81.14
La Araucanía,2015,37,80.86
La Araucanía,2015,38,78.0
La Araucanía,2015,39,84.14
La Araucanía,2015,40,85.29
La Araucanía,2015,41,70.86
La Araucanía,2015,42,81.43
La Araucanía,2015,43,77.86
La Araucanía,2015,44,77.43
La Araucanía,2015,45,81.86
La Araucanía,2015,46,80.86
La Araucanía,2015,47,78.0
La Araucanía,2015,48,74.71
La Araucanía,2015,49,73.86
La Araucanía,2015,50,72.57
La Araucanía,2015,51,73.14
La Araucanía,2015,52,75.0
La Araucanía,2015,53,69.57
La Araucanía,2016,1,66.0
La Araucanía,2016,2,64.43
La Araucanía,2016,3,64.0
La Araucanía,2016,4,68.86
La Araucanía,2016,5,62.0
La Araucanía,2016,6,64.86
La Araucanía,2016,7,68.57
La Araucanía,2016,8,66.14
La Araucanía,2016,9,67.0
La Araucanía,2016,10,66.71
La Araucanía,2016,11,69.29
La Araucanía,2016,12,65.29
La Araucanía,2016,13,76.86
La Araucanía,2016,14,75.86
La Araucanía,2016,15,75.0
La Araucanía,2016,16,83.14
La Araucanía,2016,17,74.29
La Araucanía,2016,18,87.71
La Araucanía,2016,19,82.14
La Araucanía,2016,20,82.86
La Araucanía,2016,21,80.57
La Araucanía,2016,22,87.14
La Araucanía,2016,23,83.14
La Araucanía,2016,24,89.71
La Araucanía,2016,25,85.71
La Araucanía,2016,26,87.0
La Araucanía,2016,27,89.57
La Araucanía,2016,28,83.0
La Araucanía,2016,29,88.57
La Araucanía,2016,30,83.57
La Araucanía,2016,31,85.0
La Araucanía,2016,32,86.57
La Araucanía,2016,33,84.0
La Araucanía,2016,34,85.43
La Araucanía,2016,35,68.14
La Araucanía,2016,36,79.14
La Araucanía,2016,37,84.86
La Araucanía,2016,38,76.86
La Araucanía,2016,39,81.57
La Araucanía,2016,40,81.14
La Araucanía,2016,41,82.71
La Araucanía,2016,42,80.43
La Araucanía,2016,43,81.29
La Araucanía,2016,44,83.14
La Araucanía,2016,45,74.14
La Araucanía,2016,46,73.43
La Araucanía,2016,47,68.71
La Araucanía,2016,48,71.86
La Araucanía,2016,49,74.57
La Araucanía,2016,50,68.29
La Araucanía,2016,51,69.14
La Araucanía,2016,52,74.29
La Araucanía,2017,1,69.43
La Araucanía,2017,2,70.29
La Araucanía,2017,3,65.0
La Araucanía,2017,4,64.43
La Araucanía,2017,5,67.57
La Araucanía,2017,6,69.43
La Araucanía,2017,7,70.86
La Araucanía,2017,8,81.57
La Araucanía,2017,9,73.0
La Araucanía,2017,10,76.57
La Araucanía,2017,11,77.43
La Araucanía,2017,12,78.0
La Araucanía,2017,13,80.14
La Araucanía,2017,14,85.57
La Araucanía,2017,15,78.71
La Araucanía,2017,16,83.57
La Araucanía,2017,17,87.57
La Araucanía,2017,18,80.71
La Araucanía,2017,19,77.71
La Araucanía,2017,20,79.86
La Araucanía,2017,21,85.29
La Araucanía,2017,22,88.57
La Araucanía,2017,23,86.14
La Araucanía,2017,24,87.71
La Araucanía,2017,25,82.14
La Araucanía,2017,26,90.43
La Araucanía,2017,27,87.0
La Araucanía,2017,28,83.71
La Araucanía,2017,29,89.86
La Araucanía,2017,30,79.57
La Araucanía,2017,31,85.57
La Araucanía,2017,32,85.0
La Araucanía,2017,33,84.0
La Araucanía,2017,34,82.57
La Araucanía,2017,35,82.43
La Araucanía,2017,36,81.43
La Araucanía,2017,37,83.29
La Araucanía,2017,38,85.57
La Araucanía,2017,39,83.0
La Araucanía,2017,40,84.29
La Araucanía,2017,41,82.14
La Araucanía,2017,42,81.71
La Araucanía,2017,43,83.0
La Araucanía,2017,44,82.43
La Araucanía,2017,45,84.14
La Araucanía,2017,46,80.86
La Araucanía,2017,47,76.86
La Araucanía,2017,48,73.57
La Araucanía,2017,49,76.86
La Araucanía,2017,50,77.14
La Araucanía,2017,51,70.43
La Araucanía,2017,52,73.0
La Araucanía,2018,1,75.86
La Araucanía,2018,2,67.43
La Araucanía,2018,3,68.43
La Araucanía,2018,4,68.0
La Araucanía,2018,5,66.29
La Araucanía,2018,6,69.0
La Araucanía,2018,7,72.71
La Araucanía,2018,8,75.57
La Araucanía,2018,9,76.43
La Araucanía,2018,10,71.43
La Araucanía,2018,11,77.43
La Araucanía,2018,12,82.14
La Araucanía,2018,13,85.0
La Araucanía,2018,14,79.71
La Araucanía,2018,15,83.86
La Araucanía,2018,16,86.0
La Araucanía,2018,17,83.71
La Araucanía,2018,18,84.86
La Araucanía,2018,19,89.29
La Araucanía,2018,20,86.43
La Araucanía,2018,21,90.57
La Araucanía,2018,22,82.43
La Araucanía,2018,23,86.86
La Araucanía,2018,24,88.86
La Araucanía,2018,25,89.29
La Araucanía,2018,26,85.29
La Araucanía,2018,27,78.57
La Araucanía,2018,28,86.0
La Araucanía,2018,29,85.43
La Araucanía,2018,30,86.14
La Araucanía,2018,31,86.43
La Araucanía,2018,32,84.0
La Araucanía,2018,33,81.86
La Araucanía,2018,34,80.86
La Araucanía,2018,35,84.0
La Araucanía,2018,36,84.57
La Araucanía,2018,37,87.14
La Araucanía,2018,38,83.14
La Araucanía,2018,39,81.71
La Araucanía,2018,40,78.86
La Araucanía,2018,41,80.43
La Araucanía,2018,42,80.71
La Araucanía,2018,43,84.14
La Araucanía,2018,44,81.86
La Araucanía,2018,45,79.14
La Araucanía,2018,46,81.86
La Araucanía,2018,47,80.43
La Araucanía,2018,48,74.71
La Araucanía,2018,49,71.29
La Araucanía,2018,50,77.29
La Araucanía,2018,51,76.43
La Araucanía,2018,52,74.29
La Araucanía,2019,1,71.43
La Araucanía,2019,2,73.71
La Araucanía,2019,3,67.43
La Araucanía,2019,4,68.71
La Araucanía,2019,5,60.71
La Araucanía,2019,6,67.71
La Araucanía,2019,7,59.29
La Araucanía,2019,8,74.29
La Araucanía,2019,9,74.0
La Araucanía,2019,10,64.14
La Araucanía,2019,11,77.0
La Araucanía,2019,12,75.86
La Araucanía,2019,13,74.57
La Araucanía,2019,14,80.0
La Araucanía,2019,15,83.57
La Araucanía,2019,16,84.71
La Araucanía,2019,17,88.14
La Araucanía,2019,18,86.57
La Araucanía,2019,19,88.86
La Araucanía,2019,20,84.71
La Araucanía,2019,21,86.43
La Araucanía,2019,22,85.0
La Araucanía,2019,23,85.43
La Araucanía,2019,24,82.29
La Araucanía,2019,25,84.29
La Araucanía,2019,26,85.43
La Araucanía,2019,27,85.0
La Araucanía,2019,28,83.71
La Araucanía,2019,29,85.71
La Araucanía,2019,30,85.57
La Araucanía,2019,31,88.43
La Araucanía,2019,32,84.86
La Araucanía,2019,33,81.0
La Araucanía,2019,34,83.57
La Araucanía,2019,35,84.71
La Araucanía,2019,36,70.14
La Araucanía,2019,37,84.71
La Araucanía,2019,38,84.43
La Araucanía,2019,39,82.14
La Araucanía,2019,40,84.0
La Araucanía,2019,41,80.71
La Araucanía,2019,42,72.86
La Araucanía,2019,43,79.71
La Araucanía,2019,44,80.14
La Araucanía,2019,45,77.71
La Araucanía,2019,46,82.14
La Araucanía,2019,47,74.86
La Araucanía,2019,48,75.86
La Araucanía,2019,49,76.43
La Araucanía,2019,50,75.57
La Araucanía,2019,51,75.14
La Araucanía,2019,52,73.71
La Araucanía,2020,1,71.0
La Araucanía,2020,2,74.71
La Araucanía,2020,3,67.86
La Araucanía,2020,4,70.0
La Araucanía,2020,5,69.43
La Araucanía,2020,6,70.14
La Araucanía,2020,7,73.71
La Araucanía,2020,8,59.43
La Araucanía,2020,9,70.29
La Araucanía,2020,10,72.71
La Araucanía,2020,11,71.57
La Araucanía,2020,12,75.14
La Araucanía,2020,13,80.71
La Araucanía,2020,14,72.71
La Araucanía,2020,15,74.29
La Araucanía,2020,16,76.14
La Araucanía,2020,17,79.86
La Araucanía,2020,18,87.71
La Araucanía,2020,19,85.29
La Araucanía,2020,20,90.57
La Araucanía,2020,21,85.0
La Araucanía,2020,22,88.14
La Araucanía,2020,23,86.57
La Araucanía,2020,24,82.0
La Araucanía,2020,25,86.71
La Araucanía,2020,26,86.43
La Araucanía,2020,27,86.43
La Araucanía,2020,28,87.86
La Araucanía,2020,29,85.43
La Araucanía,2020,30,81.71
La Araucanía,2020,31,85.29
La Araucanía,2020,32,87.0
La Araucanía,2020,33,85.0
La Araucanía,2020,34,85.71
La Araucanía,2020,35,80.43
La Araucanía,2020,36,84.0
La Araucanía,2020,37,83.0
La Araucanía,2020,38,84.29
La Araucanía,2020,39,87.29
La Araucanía,2020,40,81.0
La Araucanía,2020,41,83.43
La Araucanía,2020,42,82.86
La Araucanía,2020,43,81.14
La Araucanía,2020,44,80.0
La Araucanía,2020,45,80.86
La Araucanía,2020,46,83.86
La Araucanía,2020,47,81.43
La Araucanía,2020,48,77.29
La Araucanía,2020,49,73.43
La Araucanía,2020,50,79.29
La Araucanía,2020,51,79.14
La Araucanía,2020,52,81.57
La Araucanía,2020,53,76.71
La Araucanía,2021,1,70.29
La Araucanía,2021,2,72.43
La Araucanía,2021,3,76.0
La Araucanía,2021,4,78.0
La Araucanía,2021,5,78.0
La Araucanía,2021,6,76.71
La Araucanía,2021,7,72.71
La Araucanía,2021,8,78.0
La Araucanía,2021,9,79.43
La Araucanía,2021,10,79.0
La Araucanía,2021,11,73.71
La Araucanía,2021,12,81.14
La Araucanía,2021,13,85.0
La Araucanía,2021,14,82.14
La Araucanía,2021,15,84.86
La Araucanía,2021,16,85.14
La Araucanía,2021,17,89.71
La Araucanía,2021,18,84.29
La Araucanía,2021,19,90.86
La Araucanía,2021,20,86.14
La Araucanía,2021,21,88.71
La Araucanía,2021,22,90.14
La Araucanía,2021,23,84.43
La Araucanía,2021,24,77.71
La Araucanía,2021,25,86.29
La Araucanía,2021,26,81.14
La Araucanía,2021,27,87.29
La Araucanía,2021,28,89.71
La Araucanía,2021,29,91.29
La Araucanía,2021,30,86.43
La Araucanía,2021,31,85.57
La Araucanía,2021,32,86.0
La Araucanía,2021,33,83.71
La Araucanía,2021,34,83.86
La Araucanía,2021,35,85.71
La Araucanía,2021,36,86.86
La Araucanía,2021,37,83.43
La Araucanía,2021,38,81.14
La Araucanía,2021,39,80.71
La Araucanía,2021,40,78.43
La Araucanía,2021,41,83.29
La Araucanía,2021,42,85.29
La Araucanía,2021,43,83.43
La Araucanía,2021,44,80.71
La Araucanía,2021,45,81.71
La Araucanía,2021,46,77.86
La Araucanía,2021,47,77.0
La Araucanía,2021,48,70.29
La Araucanía,2021,49,71.57
La Araucanía,2021,50,71.57
La Araucanía,2021,51,69.57
La Araucanía,2021,52,72.86
La Araucanía,2022,1,80.57
La Araucanía,2022,2,72.57
La Araucanía,2022,3,67.86
La Araucanía,2022,4,74.14
La Araucanía,2022,5,69.86
La Araucanía,2022,6,57.71
La Araucanía,2022,7,69.57
La Araucanía,2022,8,70.0
La Araucanía,2022,9,78.57
La Araucanía,2022,10,79.86
La Araucanía,2022,11,75.57
La Araucanía,2022,12,80.86
La Araucanía,2022,13,80.29
La Araucanía,2022,14,88.14
La Araucanía,2022,15,87.57
La Araucanía,2022,16,87.14
La Araucanía,2022,17,85.71
La Araucanía,2022,18,93.71
La Araucanía,2022,19,85.0
La Araucanía,2022,20,79.43
La Araucanía,2022,21,85.86
La Araucanía,2022,22,87.43
La Araucanía,2022,23,86.71
La Araucanía,2022,24,86.86
La Araucanía,2022,25,86.0
La Araucanía,2022,26,88.57
La Araucanía,2022,27,83.57
La Araucanía,2022,28,87.14
La Araucanía,2022,29,88.43
La Araucanía,2022,30,86.14
La Araucanía,2022,31,87.14
La Araucanía,2022,32,87.29
La Araucanía,2022,33,88.0
La Araucanía,2022,34,84.86
La Araucanía,2022,35,86.86
La Araucanía,2022,36,83.29
La Araucanía,2022,37,84.57
La Araucanía,2022,38,84.0
La Araucanía,2022,39,86.43
La Araucanía,2022,40,82.29
La Araucanía,2022,41,84.14
La Araucanía,2022,42,82.0
La Araucanía,2022,43,82.0
La Araucanía,2022,44,80.86
La Araucanía,2022,45,83.0
La Araucanía,2022,46,82.57
La Araucanía,2022,47,78.14
La Araucanía,2022,48,77.29
La Araucanía,2022,49,77.57
La Araucanía,2022,50,75.29
La Araucanía,2022,51,63.86
La Araucanía,2022,52,66.71
La Araucanía,2023,1,72.14
La Araucanía,2023,2,67.0
La Araucanía,2023,3,70.0
La Araucanía,2023,4,71.29
La Araucanía,2023,5,64.29
La Araucanía,2023,6,71.0
La Araucanía,2023,7,61.29
La Araucanía,2023,8,67.29
La Araucanía,2023,9,72.14
La Araucanía,2023,10,80.57
La Araucanía,2023,11,81.86
La Araucanía,2023,12,82.57
La Araucanía,2023,13,80.0
La Araucanía,2023,14,84.29
La Araucanía,2023,15,85.57
La Araucanía,2023,16,88.71
La Araucanía,2023,17,86.71
La Araucanía,2023,18,89.29
La Araucanía,2023,19,91.57
La Araucanía,2023,20,83.0
La Araucanía,2023,21,85.71
La Araucanía,2023,22,86.29
La Araucanía,2023,23,83.86
La Araucanía,2023,24,87.43
La Araucanía,2023,25,87.71
La Araucanía,2023,26,84.86
La Araucanía,2023,27,85.29
La Araucanía,2023,28,88.71
La Araucanía,2023,29,84.71
La Araucanía,2023,30,88.57
La Araucanía,2023,31,84.0
La Araucanía,2023,32,82.43
La Araucanía,2023,33,86.43
La Araucanía,2023,34,81.86
La Araucanía,2023,35,81.86
La Araucanía,2023,36,82.71
La Araucanía,2023,37,86.0
La Araucanía,2023,38,81.43
La Araucanía,2023,39,77.0
La Araucanía,2023,40,81.14
La Araucanía,2023,41,80.86
La Araucanía,2023,42,80.0
La Araucanía,2023,43,82.71
La Araucanía,2023,44,80.57
La Araucanía,2023,45,81.0
La Araucanía,2023,46,79.57
La Araucanía,2023,47,82.14
La Araucanía,2023,48,78.29
La Araucanía,2023,49,79.86
La Araucanía,2023,50,75.57
La Araucanía,2023,51,77.29
La Araucanía,2023,52,73.14
La Araucanía,2024,1,77.57
La Araucanía,2024,2,70.86
La Araucanía,2024,3,66.0
La Araucanía,2024,4,68.0
La Araucanía,2024,5,66.29
La Araucanía,2024,6,71.0
La Araucanía,2024,7,64.57
La Araucanía,2024,8,67.14
La Araucanía,2024,9,67.57
La Araucanía,2024,10,71.14
La Araucanía,2024,11,73.43
La Araucanía,2024,12,79.14
La Araucanía,2024,13,83.43
La Araucanía,2024,14,84.0
La Araucanía,2024,15,75.0
La Araucanía,2024,16,85.0
La Araucanía,2024,17,81.43
La Araucanía,2024,18,85.86
La Araucanía,2024,19,85.86
La Araucanía,2024,20,84.14
La Araucanía,2024,21,85.86
La Araucanía,2024,22,88.29
La Araucanía,2024,23,81.0
La Araucanía,2024,24,85.86
La Araucanía,2024,25,85.86
La Araucanía,2024,26,87.43
La Araucanía,2024,27,88.57
La Araucanía,2024,28,85.0
La Araucanía,2024,29,84.0
La Araucanía,2024,30,84.0
La Araucanía,2024,31,78.71
La Araucanía,2024,32,87.57
La Araucanía,2024,33,88.57
La Araucanía,2024,34,79.29
La Araucanía,2024,35,85.43
La Araucanía,2024,36,85.71
La Araucanía,2024,37,85.43
La Araucanía,2024,38,83.14
La Araucanía,2024,39,85.43
La Araucanía,2024,40,83.29
La Araucanía,2024,41,84.43
La Araucanía,2024,42,85.71
La Araucanía,2024,43,82.86
La Araucanía,2024,44,81.71
La Araucanía,2024,45,79.14
La Araucanía,2024,46,79.71
La Araucanía,2024,47,75.86
La Araucanía,2024,48,75.14
La Araucanía,2024,49,72.57
La Araucanía,2024,50,71.14
La Araucanía,2024,51,70.14
La Araucanía,2024,52,67.86
La Araucanía,2025,1,66.14
La Araucanía,2025,2,64.71
La Araucanía,2025,3,68.0
La Araucanía,2025,4,70.0
La Araucanía,2025,5,65.14
La Araucanía,2025,6,62.86
La Araucanía,2025,7,66.43
La Araucanía,2025,8,67.71
La Araucanía,2025,9,73.57
La Araucanía,2025,10,75.14
La Araucanía,2025,11,74.71
La Araucanía,2025,12,74.14
La Araucanía,2025,13,71.71
La Araucanía,2025,14,76.29
La Araucanía,2025,15,83.29
La Araucanía,2025,16,85.14
La Araucanía,2025,17,87.57
La Araucanía,2025,18,85.14
La Araucanía,2025,19,87.14
La Araucanía,2025,20,85.0
La Araucanía,2025,21,84.57
La Araucanía,2025,22,86.43
La Araucanía,2025,23,88.0
La Araucanía,2025,24,84.86
La Araucanía,2025,25,89.86
La Araucanía,2025,26,83.86
La Araucanía,2025,27,74.0
La Araucanía,2025,28,91.29
La Araucanía,2025,29,87.71
La Araucanía,2025,30,86.71
La Araucanía,2025,31,86.86
La Araucanía,2025,32,82.0
La Araucanía,2025,33,82.71
La Araucanía,2025,34,87.86
La Araucanía,2025,35,85.86
La Araucanía,2025,36,75.57
La Araucanía,2025,37,80.14
La Araucanía,2025,38,85.14
La Araucanía,2025,39,75.14
La Araucanía,2025,40,80.43
La Araucanía,2025,41,83.14
La Araucanía,2025,42,80.71
La Araucanía,2025,43,80.29
La Araucanía,2025,44,73.86
La Araucanía,2025,45,80.57
La Araucanía,2025,46,80.57
La Araucanía,2025,47,76.71
La Araucanía,2025,48,78.14
La Araucanía,2025,49,75.29
La Araucanía,2025,50,76.43
La Araucanía,2025,51,79.86
La Araucanía,2025,52,72.86
La Araucanía,2026,1,68.0
La Araucanía,2026,2,71.57
La Araucanía,2026,3,65.71
La Araucanía,2026,4,68.86
La Araucanía,2026,5,75.43
La Araucanía,2026,6,76.71
La Araucanía,2026,7,76.0
La Araucanía,2026,8,69.71
La Araucanía,2026,9,75.71
La Araucanía,2026,10,70.14
La Araucanía,2026,11,78.71
La Araucanía,2026,12,82.29
La Araucanía,2026,13,75.29
La Araucanía,2026,14,80.86
La Araucanía,2026,15,83.43
La Araucanía,2026,16,80.71
La Araucanía,2026,17,82.71
La Araucanía,2026,18,84.29
La Araucanía,2026,19,85.29
La Araucanía,2026,20,87.86
La Araucanía,2026,21,82.0
La Araucanía,2026,22,86.0
La Araucanía,2026,23,90.43
La Araucanía,2026,24,90.29
La Araucanía,2026,25,89.0
Los Lagos,2014,1,76.8
Los Lagos,2014,2,76.14
Los Lagos,2014,3,77.43
Los Lagos,2014,4,80.86
Los Lagos,2014,5,77.86
Los Lagos,2014,6,83.43
Los Lagos,2014,7,74.29
Los Lagos,2014,8,81.14
Los Lagos,2014,9,77.29
Los Lagos,2014,10,78.71
Los Lagos,2014,11,88.0
Los Lagos,2014,12,82.0
Los Lagos,2014,13,89.43
Los Lagos,2014,14,85.0
Los Lagos,2014,15,89.0
Los Lagos,2014,16,83.71
Los Lagos,2014,17,92.14
Los Lagos,2014,18,87.71
Los Lagos,2014,19,92.0
Los Lagos,2014,20,91.0
Los Lagos,2014,21,87.57
Los Lagos,2014,22,87.86
Los Lagos,2014,23,92.29
Los Lagos,2014,24,90.43
Los Lagos,2014,25,88.29
Los Lagos,2014,26,91.29
Los Lagos,2014,27,88.57
Los Lagos,2014,28,83.0
Los Lagos,2014,29,93.29
Los Lagos,2014,30,90.71
Los Lagos,2014,31,92.57
Los Lagos,2014,32,90.0
Los Lagos,2014,33,88.86
Los Lagos,2014,34,91.43
Los Lagos,2014,35,84.0
Los Lagos,2014,36,85.43
Los Lagos,2014,37,85.71
Los Lagos,2014,38,88.57
Los Lagos,2014,39,89.71
Los Lagos,2014,40,84.71
Los Lagos,2014,41,82.43
Los Lagos,2014,42,86.86
Los Lagos,2014,43,84.71
Los Lagos,2014,44,80.43
Los Lagos,2014,45,82.14
Los Lagos,2014,46,80.86
Los Lagos,2014,47,83.14
Los Lagos,2014,48,79.43
Los Lagos,2014,49,79.43
Los Lagos,2014,50,74.14
Los Lagos,2014,51,77.29
Los Lagos,2014,52,76.57
Los Lagos,2015,1,81.71
Los Lagos,2015,2,74.14
Los Lagos,2015,3,79.86
Los Lagos,2015,4,74.14
Los Lagos,2015,5,72.29
Los Lagos,2015,6,75.43
Los Lagos,2015,7,76.29
Los Lagos,2015,8,74.0
Los Lagos,2015,9,72.86
Los Lagos,2015,10,78.14
Los Lagos,2015,11,74.86
Los Lagos,2015,12,81.29
Los Lagos,2015,13,74.14
Los Lagos,2015,14,83.71
Los Lagos,2015,15,88.29
Los Lagos,2015,16,88.43
Los Lagos,2015,17,87.0
Los Lagos,2015,18,90.29
Los Lagos,2015,19,87.14
Los Lagos,2015,20,91.14
Los Lagos,2015,21,87.14
Los Lagos,2015,22,88.86
Los Lagos,2015,23,92.57
Los Lagos,2015,24,92.29
Los Lagos,2015,25,88.57
Los Lagos,2015,26,85.71
Los Lagos,2015,27,89.29
Los Lagos,2015,28,90.29
Los Lagos,2015,29,91.0
Los Lagos,2015,30,90.86
Los Lagos,2015,31,90.14
Los Lagos,2015,32,85.71
Los Lagos,2015,33,87.14
Los Lagos,2015,34,87.57
Los Lagos,2015,35,91.29
Los Lagos,2015,36,85.86
Los Lagos,2015,37,86.29
Los Lagos,2015,38,82.71
Los Lagos,2015,39,86.43
Los Lagos,2015,40,79.57
Los Lagos,2015,41,78.29
Los Lagos,2015,42,83.43
Los Lagos,2015,43,74.57
Los Lagos,2015,44,78.29
Los Lagos,2015,45,82.14
Los Lagos,2015,46,85.14
Los Lagos,2015,47,84.43
Los Lagos,2015,48,83.43
Los Lagos,2015,49,77.86
Los Lagos,2015,50,79.43
Los Lagos,2015,51,74.43
Los Lagos,2015,52,81.0
Los Lagos,2015,53,77.43
Los Lagos,2016,1,76.29
Los Lagos,2016,2,76.14
Los Lagos,2016,3,78.71
Los Lagos,2016,4,77.86
Los Lagos,2016,5,72.57
Los Lagos,2016,6,77.71
Los Lagos,2016,7,73.57
Los Lagos,2016,8,78.0
Los Lagos,2016,9,83.0
Los Lagos,2016,10,80.86
Los Lagos,2016,11,80.43
Los Lagos,2016,12,77.14
Los Lagos,2016,13,80.43
Los Lagos,2016,14,80.0
Los Lagos,2016,15,82.43
Los Lagos,2016,16,86.86
Los Lagos,2016,17,80.43
Los Lagos,2016,18,89.0
Los Lagos,2016,19,84.86
Los Lagos,2016,20,86.14
Los Lagos,2016,21,84.14
Los Lagos,2016,22,93.0
Los Lagos,2016,23,88.57
Los Lagos,2016,24,92.0
Los Lagos,2016,25,90.57
Los Lagos,2016,26,90.29
Los Lagos,2016,27,92.0
Los Lagos,2016,28,89.14
Los Lagos,2016,29,86.29
Los Lagos,2016,30,84.86
Los Lagos,2016,31,90.57
Los Lagos,2016,32,89.29
Los Lagos,2016,33,89.14
Los Lagos,2016,34,87.14
Los Lagos,2016,35,80.29
Los Lagos,2016,36,82.14
Los Lagos,2016,37,88.86
Los Lagos,2016,38,82.29
Los Lagos,2016,39,84.14
Los Lagos,2016,40,84.43
Los Lagos,2016,41,86.86
Los Lagos,2016,42,82.57
Los Lagos,2016,43,83.0
Los Lagos,2016,44,84.86
Los Lagos,2016,45,77.29
Los Lagos,2016,46,80.29
Los Lagos,2016,47,79.71
Los Lagos,2016,48,79.71
Los Lagos,2016,49,82.71
Los Lagos,2016,50,77.0
Los Lagos,2016,51,81.0
Los Lagos,2016,52,80.0
Los Lagos,2017,1,81.14
Los Lagos,2017,2,77.71
Los Lagos,2017,3,81.57
Los Lagos,2017,4,82.29
Los Lagos,2017,5,76.29
Los Lagos,2017,6,77.14
Los Lagos,2017,7,84.43
Los Lagos,2017,8,92.14
Los Lagos,2017,9,79.43
Los Lagos,2017,10,81.57
Los Lagos,2017,11,85.86
Los Lagos,2017,12,85.43
Los Lagos,2017,13,89.29
Los Lagos,2017,14,87.29
Los Lagos,2017,15,83.57
Los Lagos,2017,16,84.14
Los Lagos,2017,17,89.57
Los Lagos,2017,18,84.71
Los Lagos,2017,19,83.71
Los Lagos,2017,20,83.0
Los Lagos,2017,21,86.71
Los Lagos,2017,22,88.86
Los Lagos,2017,23,90.86
Los Lagos,2017,24,88.29
Los Lagos,2017,25,85.86
Los Lagos,2017,26,91.14
Los Lagos,2017,27,87.86
Los Lagos,2017,28,85.0
Los Lagos,2017,29,86.71
Los Lagos,2017,30,81.0
Los Lagos,2017,31,82.14
Los Lagos,2017,32,84.43
Los Lagos,2017,33,86.86
Los Lagos,2017,34,83.71
Los Lagos,2017,35,86.71
Los Lagos,2017,36,81.43
Los Lagos,2017,37,85.14
Los Lagos,2017,38,83.71
Los Lagos,2017,39,78.57
Los Lagos,2017,40,86.57
Los Lagos,2017,41,84.71
Los Lagos,2017,42,81.86
Los Lagos,2017,43,85.57
Los Lagos,2017,44,81.43
Los Lagos,2017,45,83.86
Los Lagos,2017,46,78.86
Los Lagos,2017,47,72.14
Los Lagos,2017,48,80.14
Los Lagos,2017,49,81.14
Los Lagos,2017,50,81.86
Los Lagos,2017,51,74.29
Los Lagos,2017,52,81.71
Los Lagos,2018,1,83.57
Los Lagos,2018,2,80.29
Los Lagos,2018,3,82.57
Los Lagos,2018,4,77.29
Los Lagos,2018,5,80.29
Los Lagos,2018,6,77.14
Los Lagos,2018,7,84.71
Los Lagos,2018,8,80.29
Los Lagos,2018,9,80.43
Los Lagos,2018,10,82.43
Los Lagos,2018,11,81.43
Los Lagos,2018,12,79.86
Los Lagos,2018,13,86.29
Los Lagos,2018,14,82.43
Los Lagos,2018,15,83.29
Los Lagos,2018,16,85.43
Los Lagos,2018,17,81.29
Los Lagos,2018,18,87.57
Los Lagos,2018,19,92.86
Los Lagos,2018,20,89.14
Los Lagos,2018,21,89.14
Los Lagos,2018,22,77.86
Los Lagos,2018,23,84.71
Los Lagos,2018,24,86.86
Los Lagos,2018,25,86.86
Los Lagos,2018,26,86.43
Los Lagos,2018,27,69.43
Los Lagos,2018,28,90.57
Los Lagos,2018,29,84.86
Los Lagos,2018,30,86.43
Los Lagos,2018,31,87.86
Los Lagos,2018,32,85.29
Los Lagos,2018,33,83.14
Los Lagos,2018,34,86.71
Los Lagos,2018,35,79.14
Los Lagos,2018,36,83.57
Los Lagos,2018,37,84.71
Los Lagos,2018,38,87.0
Los Lagos,2018,39,83.57
Los Lagos,2018,40,84.71
Los Lagos,2018,41,80.71
Los Lagos,2018,42,83.57
Los Lagos,2018,43,86.57
Los Lagos,2018,44,82.29
Los Lagos,2018,45,84.0
Los Lagos,2018,46,81.14
Los Lagos,2018,47,78.43
Los Lagos,2018,48,78.14
Los Lagos,2018,49,80.57
Los Lagos,2018,50,80.57
Los Lagos,2018,51,80.86
Los Lagos,2018,52,78.43
Los Lagos,2019,1,79.86
Los Lagos,2019,2,80.0
Los Lagos,2019,3,85.57
Los Lagos,2019,4,76.43
Los Lagos,2019,5,75.86
Los Lagos,2019,6,73.43
Los Lagos,2019,7,83.57
Los Lagos,2019,8,77.71
Los Lagos,2019,9,80.71
Los Lagos,2019,10,81.14
Los Lagos,2019,11,87.0
Los Lagos,2019,12,82.14
Los Lagos,2019,13,87.0
Los Lagos,2019,14,87.14
Los Lagos,2019,15,88.29
Los Lagos,2019,16,88.29
Los Lagos,2019,17,89.86
Los Lagos,2019,18,90.71
Los Lagos,2019,19,89.86
Los Lagos,2019,20,87.29
Los Lagos,2019,21,87.14
Los Lagos,2019,22,82.43
Los Lagos,2019,23,89.14
Los Lagos,2019,24,85.71
Los Lagos,2019,25,87.71
Los Lagos,2019,26,83.0
Los Lagos,2019,27,88.57
Los Lagos,2019,28,84.29
Los Lagos,2019,29,87.57
Los Lagos,2019,30,86.86
Los Lagos,2019,31,90.14
Los Lagos,2019,32,87.43
Los Lagos,2019,33,83.29
Los Lagos,2019,34,80.86
Los Lagos,2019,35,83.57
Los Lagos,2019,36,68.71
Los Lagos,2019,37,84.29
Los Lagos,2019,38,83.0
Los Lagos,2019,39,88.14
Los Lagos,2019,40,81.0
Los Lagos,2019,41,83.43
Los Lagos,2019,42,74.86
Los Lagos,2019,43,80.71
Los Lagos,2019,44,84.14
Los Lagos,2019,45,81.71
Los Lagos,2019,46,84.43
Los Lagos,2019,47,79.14
Los Lagos,2019,48,84.29
Los Lagos,2019,49,81.57
Los Lagos,2019,50,80.86
Los Lagos,2019,51,81.14
Los Lagos,2019,52,81.0
Los Lagos,2020,1,80.71
Los Lagos,2020,2,83.71
Los Lagos,2020,3,79.29
Los Lagos,2020,4,85.14
Los Lagos,2020,5,77.29
Los Lagos,2020,6,79.57
Los Lagos,2020,7,84.14
Los Lagos,2020,8,72.71
Los Lagos,2020,9,87.0
Los Lagos,2020,10,86.57
Los Lagos,2020,11,83.29
Los Lagos,2020,12,80.71
Los Lagos,2020,13,87.86
Los Lagos,2020,14,82.29
Los Lagos,2020,15,84.43
Los Lagos,2020,16,86.14
Los Lagos,2020,17,82.86
Los Lagos,2020,18,88.0
Los Lagos,2020,19,89.14
Los Lagos,2020,20,91.57
Los Lagos,2020,21,88.57
Los Lagos,2020,22,88.43
Los Lagos,2020,23,83.71
Los Lagos,2020,24,83.29
Los Lagos,2020,25,85.43
Los Lagos,2020,26,82.71
Los Lagos,2020,27,85.43
Los Lagos,2020,28,87.0
Los Lagos,2020,29,88.29
Los Lagos,2020,30,84.0
Los Lagos,2020,31,83.57
Los Lagos,2020,32,87.71
Los Lagos,2020,33,88.43
Los Lagos,2020,34,87.14
Los Lagos,2020,35,85.71
Los Lagos,2020,36,88.14
Los Lagos,2020,37,81.71
Los Lagos,2020,38,80.29
Los Lagos,2020,39,85.71
Los Lagos,2020,40,75.57
Los Lagos,2020,41,83.71
Los Lagos,2020,42,84.29
Los Lagos,2020,43,78.29
Los Lagos,2020,44,85.71
Los Lagos,2020,45,84.0
Los Lagos,2020,46,83.43
Los Lagos,2020,47,83.43
Los Lagos,2020,48,78.43
Los Lagos,2020,49,78.29
Los Lagos,2020,50,83.14
Los Lagos,2020,51,77.29
Los Lagos,2020,52,85.29
Los Lagos,2020,53,78.86
Los Lagos,2021,1,74.0
Los Lagos,2021,2,78.43
Los Lagos,2021,3,83.86
Los Lagos,2021,4,78.0
Los Lagos,2021,5,84.0
Los Lagos,2021,6,75.43
Los Lagos,2021,7,74.14
Los Lagos,2021,8,84.86
Los Lagos,2021,9,86.14
Los Lagos,2021,10,84.0
Los Lagos,2021,11,78.71
Los Lagos,2021,12,82.29
Los Lagos,2021,13,90.14
Los Lagos,2021,14,83.86
Los Lagos,2021,15,87.71
Los Lagos,2021,16,90.86
Los Lagos,2021,17,89.57
Los Lagos,2021,18,88.57
Los Lagos,2021,19,90.57
Los Lagos,2021,20,82.71
Los Lagos,2021,21,92.14
Los Lagos,2021,22,91.29
Los Lagos,2021,23,86.43
Los Lagos,2021,24,73.29
Los Lagos,2021,25,88.57
Los Lagos,2021,26,87.14
Los Lagos,2021,27,88.14
Los Lagos,2021,28,90.14
Los Lagos,2021,29,87.43
Los Lagos,2021,30,85.57
Los Lagos,2021,31,88.29
Los Lagos,2021,32,85.57
Los Lagos,2021,33,87.29
Los Lagos,2021,34,87.14
Los Lagos,2021,35,87.57
Los Lagos,2021,36,86.86
Los Lagos,2021,37,85.57
Los Lagos,2021,38,84.43
Los Lagos,2021,39,82.86
Los Lagos,2021,40,82.29
Los Lagos,2021,41,85.71
Los Lagos,2021,42,82.86
Los Lagos,2021,43,81.29
Los Lagos,2021,44,81.14
Los Lagos,2021,45,86.29
Los Lagos,2021,46,80.57
Los Lagos,2021,47,79.29
Los Lagos,2021,48,76.29
Los Lagos,2021,49,84.0
Los Lagos,2021,50,81.43
Los Lagos,2021,51,80.57
Los Lagos,2021,52,80.14
Los Lagos,2022,1,84.0
Los Lagos,2022,2,78.43
Los Lagos,2022,3,76.0
Los Lagos,2022,4,81.14
Los Lagos,2022,5,81.86
Los Lagos,2022,6,76.29
Los Lagos,2022,7,80.0
Los Lagos,2022,8,77.14
Los Lagos,2022,9,85.43
Los Lagos,2022,10,84.86
Los Lagos,2022,11,82.71
Los Lagos,2022,12,83.86
Los Lagos,2022,13,81.71
Los Lagos,2022,14,91.14
Los Lagos,2022,15,90.0
Los Lagos,2022,16,88.71
Los Lagos,2022,17,86.14
Los Lagos,2022,18,88.57
Los Lagos,2022,19,86.71
Los Lagos,2022,20,78.57
Los Lagos,2022,21,83.29
Los Lagos,2022,22,82.86
Los Lagos,2022,23,87.43
Los Lagos,2022,24,89.86
Los Lagos,2022,25,70.57
Los Lagos,2022,26,89.14
Los Lagos,2022,27,86.43
Los Lagos,2022,28,84.57
Los Lagos,2022,29,88.29
Los Lagos,2022,30,85.29
Los Lagos,2022,31,85.29
Los Lagos,2022,32,87.14
Los Lagos,2022,33,89.71
Los Lagos,2022,34,85.14
Los Lagos,2022,35,89.71
Los Lagos,2022,36,85.86
Los Lagos,2022,37,80.29
Los Lagos,2022,38,84.57
Los Lagos,2022,39,87.57
Los Lagos,2022,40,82.71
Los Lagos,2022,41,82.57
Los Lagos,2022,42,81.29
Los Lagos,2022,43,81.43
Los Lagos,2022,44,86.0
Los Lagos,2022,45,88.57
Los Lagos,2022,46,84.0
Los Lagos,2022,47,80.14
Los Lagos,2022,48,77.0
Los Lagos,2022,49,83.14
Los Lagos,2022,50,80.29
Los Lagos,2022,51,75.86
Los Lagos,2022,52,73.43
Los Lagos,2023,1,86.43
Los Lagos,2023,2,78.14
Los Lagos,2023,3,83.14
Los Lagos,2023,4,79.0
Los Lagos,2023,5,80.43
Los Lagos,2023,6,81.29
Los Lagos,2023,7,75.43
Los Lagos,2023,8,79.71
Los Lagos,2023,9,79.86
Los Lagos,2023,10,84.86
Los Lagos,2023,11,78.29
Los Lagos,2023,12,82.71
Los Lagos,2023,13,82.71
Los Lagos,2023,14,87.71
Los Lagos,2023,15,87.43
Los Lagos,2023,16,90.71
Los Lagos,2023,17,88.14
Los Lagos,2023,18,86.57
Los Lagos,2023,19,93.0
Los Lagos,2023,20,86.0
Los Lagos,2023,21,84.43
Los Lagos,2023,22,85.0
Los Lagos,2023,23,86.86
Los Lagos,2023,24,83.71
Los Lagos,2023,25,85.86
Los Lagos,2023,26,85.86
Los Lagos,2023,27,88.43
Los Lagos,2023,28,85.57
Los Lagos,2023,29,82.86
Los Lagos,2023,30,86.43
Los Lagos,2023,31,80.57
Los Lagos,2023,32,86.14
Los Lagos,2023,33,88.71
Los Lagos,2023,34,80.86
Los Lagos,2023,35,84.57
Los Lagos,2023,36,81.86
Los Lagos,2023,37,87.29
Los Lagos,2023,38,84.14
Los Lagos,2023,39,80.57
Los Lagos,2023,40,82.43
Los Lagos,2023,41,76.14
Los Lagos,2023,42,81.43
Los Lagos,2023,43,79.43
Los Lagos,2023,44,79.57
Los Lagos,2023,45,82.29
Los Lagos,2023,46,82.71
Los Lagos,2023,47,83.14
Los Lagos,2023,48,76.71
Los Lagos,2023,49,82.43
Los Lagos,2023,50,78.0
Los Lagos,2023,51,79.29
Los Lagos,2023,52,80.71
Los Lagos,2024,1,83.71
Los Lagos,2024,2,74.0
Los Lagos,2024,3,76.43
Los Lagos,2024,4,79.43
Los Lagos,2024,5,71.0
Los Lagos,2024,6,76.29
Los Lagos,2024,7,74.43
Los Lagos,2024,8,78.71
Los Lagos,2024,9,77.14
Los Lagos,2024,10,76.29
Los Lagos,2024,11,80.29
Los Lagos,2024,12,85.0
Los Lagos,2024,13,84.0
Los Lagos,2024,14,84.86
Los Lagos,2024,15,76.57
Los Lagos,2024,16,85.57
Los Lagos,2024,17,86.0
Los Lagos,2024,18,87.57
Los Lagos,2024,19,89.29
Los Lagos,2024,20,84.14
Los Lagos,2024,21,83.71
Los Lagos,2024,22,86.57
Los Lagos,2024,23,83.29
Los Lagos,2024,24,83.71
Los Lagos,2024,25,86.71
Los Lagos,2024,26,89.86
Los Lagos,2024,27,88.43
Los Lagos,2024,28,86.71
Los Lagos,2024,29,85.86
Los Lagos,2024,30,86.71
Los Lagos,2024,31,79.57
Los Lagos,2024,32,86.14
Los Lagos,2024,33,85.43
Los Lagos,2024,34,80.86
Los Lagos,2024,35,86.29
Los Lagos,2024,36,85.86
Los Lagos,2024,37,83.0
Los Lagos,2024,38,83.43
Los Lagos,2024,39,84.71
Los Lagos,2024,40,82.71
Los Lagos,2024,41,87.29
Los Lagos,2024,42,86.0
Los Lagos,2024,43,81.57
Los Lagos,2024,44,79.43
Los Lagos,2024,45,82.43
Los Lagos,2024,46,79.0
Los Lagos,2024,47,80.14
Los Lagos,2024,48,81.43
Los Lagos,2024,49,74.71
Los Lagos,2024,50,76.0
Los Lagos,2024,51,77.43
Los Lagos,2024,52,78.86
Los Lagos,2025,1,78.0
Los Lagos,2025,2,75.29
Los Lagos,2025,3,73.14
Los Lagos,2025,4,77.14
Los Lagos,2025,5,72.43
Los Lagos,2025,6,75.43
Los Lagos,2025,7,76.29
Los Lagos,2025,8,78.29
Los Lagos,2025,9,82.0
Los Lagos,2025,10,80.43
Los Lagos,2025,11,77.14
Los Lagos,2025,12,79.71
Los Lagos,2025,13,82.29
Los Lagos,2025,14,79.57
Los Lagos,2025,15,86.0
Los Lagos,2025,16,87.71
Los Lagos,2025,17,90.71
Los Lagos,2025,18,86.43
Los Lagos,2025,19,88.71
Los Lagos,2025,20,87.57
Los Lagos,2025,21,86.29
Los Lagos,2025,22,87.71
Los Lagos,2025,23,87.71
Los Lagos,2025,24,84.43
Los Lagos,2025,25,85.57
Los Lagos,2025,26,80.86
Los Lagos,2025,27,74.0
Los Lagos,2025,28,83.71
Los Lagos,2025,29,80.71
Los Lagos,2025,30,72.0
Los Lagos,2025,31,87.57
Los Lagos,2025,32,87.29
Los Lagos,2025,33,84.43
Los Lagos,2025,34,91.57
Los Lagos,2025,35,84.0
Los Lagos,2025,36,79.57
Los Lagos,2025,37,79.86
Los Lagos,2025,38,86.71
Los Lagos,2025,39,75.71
Los Lagos,2025,40,80.29
Los Lagos,2025,41,84.43
Los Lagos,2025,42,78.29
Los Lagos,2025,43,82.14
Los Lagos,2025,44,69.29
Los Lagos,2025,45,78.43
Los Lagos,2025,46,77.57
Los Lagos,2025,47,77.14
Los Lagos,2025,48,83.14
Los Lagos,2025,49,78.57
Los Lagos,2025,50,81.29
Los Lagos,2025,51,81.71
Los Lagos,2025,52,77.86
Los Lagos,2026,1,77.71
Los Lagos,2026,2,80.14
Los Lagos,2026,3,74.29
Los Lagos,2026,4,79.71
Los Lagos,2026,5,84.29
Los Lagos,2026,6,79.43
Los Lagos,2026,7,77.43
Los Lagos,2026,8,79.14
Los Lagos,2026,9,81.71
Los Lagos,2026,10,77.29
Los Lagos,2026,11,83.57
Los Lagos,2026,12,87.86
Los Lagos,2026,13,80.86
Los Lagos,2026,14,80.29
Los Lagos,2026,15,84.0
Los Lagos,2026,16,83.29
Los Lagos,2026,17,84.0
Los Lagos,2026,18,84.29
Los Lagos,2026,19,86.29
Los Lagos,2026,20,86.57
Los Lagos,2026,21,81.0
Los Lagos,2026,22,87.0
Los Lagos,2026,23,87.0
Los Lagos,2026,24,85.43
Los Lagos,2026,25,89.67
Los Ríos,2014,1,65.4
Los Ríos,2014,2,61.57
Los Ríos,2014,3,61.0
Los Ríos,2014,4,74.0
Los Ríos,2014,5,73.14
Los Ríos,2014,6,78.86
Los Ríos,2014,7,58.0
Los Ríos,2014,8,60.57
Los Ríos,2014,9,62.0
Los Ríos,2014,10,74.14
Los Ríos,2014,11,81.0
Los Ríos,2014,12,69.57
Los Ríos,2014,13,78.0
Los Ríos,2014,14,87.43
Los Ríos,2014,15,81.71
Los Ríos,2014,16,83.86
Los Ríos,2014,17,88.0
Los Ríos,2014,18,87.43
Los Ríos,2014,19,89.57
Los Ríos,2014,20,90.71
Los Ríos,2014,21,84.29
Los Ríos,2014,22,89.57
Los Ríos,2014,23,88.57
Los Ríos,2014,24,90.43
Los Ríos,2014,25,86.14
Los Ríos,2014,26,89.86
Los Ríos,2014,27,88.43
Los Ríos,2014,28,84.14
Los Ríos,2014,29,92.71
Los Ríos,2014,30,89.14
Los Ríos,2014,31,92.0
Los Ríos,2014,32,86.14
Los Ríos,2014,33,85.14
Los Ríos,2014,34,90.43
Los Ríos,2014,35,84.57
Los Ríos,2014,36,86.86
Los Ríos,2014,37,82.86
Los Ríos,2014,38,87.29
Los Ríos,2014,39,83.43
Los Ríos,2014,40,82.57
Los Ríos,2014,41,75.43
Los Ríos,2014,42,84.29
Los Ríos,2014,43,80.86
Los Ríos,2014,44,76.14
Los Ríos,2014,45,79.71
Los Ríos,2014,46,73.43
Los Ríos,2014,47,78.43
Los Ríos,2014,48,72.71
Los Ríos,2014,49,74.0
Los Ríos,2014,50,62.43
Los Ríos,2014,51,66.86
Los Ríos,2014,52,70.71
Los Ríos,2015,1,68.29
Los Ríos,2015,2,58.14
Los Ríos,2015,3,62.43
Los Ríos,2015,4,67.43
Los Ríos,2015,5,64.14
Los Ríos,2015,6,70.14
Los Ríos,2015,7,59.43
Los Ríos,2015,8,58.57
Los Ríos,2015,9,62.43
Los Ríos,2015,10,77.57
Los Ríos,2015,11,62.14
Los Ríos,2015,12,64.14
Los Ríos,2015,13,67.14
Los Ríos,2015,14,85.57
Los Ríos,2015,15,86.43
Los Ríos,2015,16,83.86
Los Ríos,2015,17,83.29
Los Ríos,2015,18,87.14
Los Ríos,2015,19,89.57
Los Ríos,2015,20,93.43
Los Ríos,2015,21,84.29
Los Ríos,2015,22,89.86
Los Ríos,2015,23,91.14
Los Ríos,2015,24,86.14
Los Ríos,2015,25,86.71
Los Ríos,2015,26,85.29
Los Ríos,2015,27,89.14
Los Ríos,2015,28,85.29
Los Ríos,2015,29,85.29
Los Ríos,2015,30,91.0
Los Ríos,2015,31,88.14
Los Ríos,2015,32,81.86
Los Ríos,2015,33,82.0
Los Ríos,2015,34,87.14
Los Ríos,2015,35,91.43
Los Ríos,2015,36,78.29
Los Ríos,2015,37,76.57
Los Ríos,2015,38,75.29
Los Ríos,2015,39,86.86
Los Ríos,2015,40,84.29
Los Ríos,2015,41,71.0
Los Ríos,2015,42,77.57
Los Ríos,2015,43,77.0
Los Ríos,2015,44,72.14
Los Ríos,2015,45,75.14
Los Ríos,2015,46,80.71
Los Ríos,2015,47,78.0
Los Ríos,2015,48,77.43
Los Ríos,2015,49,72.0
Los Ríos,2015,50,74.57
Los Ríos,2015,51,66.43
Los Ríos,2015,52,79.14
Los Ríos,2015,53,67.29
Los Ríos,2016,1,61.29
Los Ríos,2016,2,67.86
Los Ríos,2016,3,61.29
Los Ríos,2016,4,68.0
Los Ríos,2016,5,60.57
Los Ríos,2016,6,69.57
Los Ríos,2016,7,71.86
Los Ríos,2016,8,69.29
Los Ríos,2016,9,59.0
Los Ríos,2016,10,64.57
Los Ríos,2016,11,65.86
Los Ríos,2016,12,70.57
Los Ríos,2016,13,75.29
Los Ríos,2016,14,75.29
Los Ríos,2016,15,78.57
Los Ríos,2016,16,85.86
Los Ríos,2016,17,78.43
Los Ríos,2016,18,89.71
Los Ríos,2016,19,87.29
Los Ríos,2016,20,85.0
Los Ríos,2016,21,84.86
Los Ríos,2016,22,90.29
Los Ríos,2016,23,86.43
Los Ríos,2016,24,89.86
Los Ríos,2016,25,87.86
Los Ríos,2016,26,87.43
Los Ríos,2016,27,93.71
Los Ríos,2016,28,87.0
Los Ríos,2016,29,86.71
Los Ríos,2016,30,87.29
Los Ríos,2016,31,90.14
Los Ríos,2016,32,90.71
Los Ríos,2016,33,86.0
Los Ríos,2016,34,87.43
Los Ríos,2016,35,70.14
Los Ríos,2016,36,82.0
Los Ríos,2016,37,84.57
Los Ríos,2016,38,79.0
Los Ríos,2016,39,83.0
Los Ríos,2016,40,80.71
Los Ríos,2016,41,82.43
Los Ríos,2016,42,82.71
Los Ríos,2016,43,77.0
Los Ríos,2016,44,85.43
Los Ríos,2016,45,70.0
Los Ríos,2016,46,71.71
Los Ríos,2016,47,74.43
Los Ríos,2016,48,71.71
Los Ríos,2016,49,74.71
Los Ríos,2016,50,71.43
Los Ríos,2016,51,78.86
Los Ríos,2016,52,75.29
Los Ríos,2017,1,77.29
Los Ríos,2017,2,72.29
Los Ríos,2017,3,70.14
Los Ríos,2017,4,64.0
Los Ríos,2017,5,64.57
Los Ríos,2017,6,62.86
Los Ríos,2017,7,76.14
Los Ríos,2017,8,83.29
Los Ríos,2017,9,77.14
Los Ríos,2017,10,79.29
Los Ríos,2017,11,73.57
Los Ríos,2017,12,72.14
Los Ríos,2017,13,85.29
Los Ríos,2017,14,86.71
Los Ríos,2017,15,78.71
Los Ríos,2017,16,82.57
Los Ríos,2017,17,88.57
Los Ríos,2017,18,85.0
Los Ríos,2017,19,83.14
Los Ríos,2017,20,83.57
Los Ríos,2017,21,87.29
Los Ríos,2017,22,89.86
Los Ríos,2017,23,89.43
Los Ríos,2017,24,87.29
Los Ríos,2017,25,87.57
Los Ríos,2017,26,93.71
Los Ríos,2017,27,88.43
Los Ríos,2017,28,83.57
Los Ríos,2017,29,89.29
Los Ríos,2017,30,81.71
Los Ríos,2017,31,84.43
Los Ríos,2017,32,87.57
Los Ríos,2017,33,86.14
Los Ríos,2017,34,85.0
Los Ríos,2017,35,86.0
Los Ríos,2017,36,81.43
Los Ríos,2017,37,80.71
Los Ríos,2017,38,85.43
Los Ríos,2017,39,78.57
Los Ríos,2017,40,85.0
Los Ríos,2017,41,76.86
Los Ríos,2017,42,77.86
Los Ríos,2017,43,84.86
Los Ríos,2017,44,84.86
Los Ríos,2017,45,81.43
Los Ríos,2017,46,78.57
Los Ríos,2017,47,67.29
Los Ríos,2017,48,64.86
Los Ríos,2017,49,67.57
Los Ríos,2017,50,79.0
Los Ríos,2017,51,68.43
Los Ríos,2017,52,78.71
Los Ríos,2018,1,81.43
Los Ríos,2018,2,69.29
Los Ríos,2018,3,65.14
Los Ríos,2018,4,63.0
Los Ríos,2018,5,62.0
Los Ríos,2018,6,67.57
Los Ríos,2018,7,74.0
Los Ríos,2018,8,70.71
Los Ríos,2018,9,69.86
Los Ríos,2018,10,74.0
Los Ríos,2018,11,79.14
Los Ríos,2018,12,79.86
Los Ríos,2018,13,82.0
Los Ríos,2018,14,80.14
Los Ríos,2018,15,83.71
Los Ríos,2018,16,88.43
Los Ríos,2018,17,79.43
Los Ríos,2018,18,85.57
Los Ríos,2018,19,91.0
Los Ríos,2018,20,89.14
Los Ríos,2018,21,89.0
Los Ríos,2018,22,81.86
Los Ríos,2018,23,89.29
Los Ríos,2018,24,92.43
Los Ríos,2018,25,88.14
Los Ríos,2018,26,90.57
Los Ríos,2018,27,80.71
Los Ríos,2018,28,89.57
Los Ríos,2018,29,85.0
Los Ríos,2018,30,88.0
Los Ríos,2018,31,88.86
Los Ríos,2018,32,86.43
Los Ríos,2018,33,84.14
Los Ríos,2018,34,85.0
Los Ríos,2018,35,82.71
Los Ríos,2018,36,79.86
Los Ríos,2018,37,83.86
Los Ríos,2018,38,86.57
Los Ríos,2018,39,82.86
Los Ríos,2018,40,78.86
Los Ríos,2018,41,77.57
Los Ríos,2018,42,82.14
Los Ríos,2018,43,84.14
Los Ríos,2018,44,81.14
Los Ríos,2018,45,80.57
Los Ríos,2018,46,79.43
Los Ríos,2018,47,76.14
Los Ríos,2018,48,68.29
Los Ríos,2018,49,67.57
Los Ríos,2018,50,80.0
Los Ríos,2018,51,72.0
Los Ríos,2018,52,73.86
Los Ríos,2019,1,72.86
Los Ríos,2019,2,74.43
Los Ríos,2019,3,69.29
Los Ríos,2019,4,66.0
Los Ríos,2019,5,60.29
Los Ríos,2019,6,65.71
Los Ríos,2019,7,62.71
Los Ríos,2019,8,76.71
Los Ríos,2019,9,72.43
Los Ríos,2019,10,73.43
Los Ríos,2019,11,75.29
Los Ríos,2019,12,75.29
Los Ríos,2019,13,75.29
Los Ríos,2019,14,82.14
Los Ríos,2019,15,85.57
Los Ríos,2019,16,85.71
Los Ríos,2019,17,87.71
Los Ríos,2019,18,92.29
Los Ríos,2019,19,88.57
Los Ríos,2019,20,85.57
Los Ríos,2019,21,88.71
Los Ríos,2019,22,88.14
Los Ríos,2019,23,90.43
Los Ríos,2019,24,84.86
Los Ríos,2019,25,90.14
Los Ríos,2019,26,84.14
Los Ríos,2019,27,86.71
Los Ríos,2019,28,88.43
Los Ríos,2019,29,89.14
Los Ríos,2019,30,88.43
Los Ríos,2019,31,88.71
Los Ríos,2019,32,87.29
Los Ríos,2019,33,84.43
Los Ríos,2019,34,89.43
Los Ríos,2019,35,83.57
Los Ríos,2019,36,72.86
Los Ríos,2019,37,82.57
Los Ríos,2019,38,80.43
Los Ríos,2019,39,80.14
Los Ríos,2019,40,79.43
Los Ríos,2019,41,80.86
Los Ríos,2019,42,72.86
Los Ríos,2019,43,79.57
Los Ríos,2019,44,83.71
Los Ríos,2019,45,72.0
Los Ríos,2019,46,85.71
Los Ríos,2019,47,77.0
Los Ríos,2019,48,80.57
Los Ríos,2019,49,69.14
Los Ríos,2019,50,77.71
Los Ríos,2019,51,76.0
Los Ríos,2019,52,74.71
Los Ríos,2020,1,64.14
Los Ríos,2020,2,77.43
Los Ríos,2020,3,64.14
Los Ríos,2020,4,65.14
Los Ríos,2020,5,70.57
Los Ríos,2020,6,65.43
Los Ríos,2020,7,73.43
Los Ríos,2020,8,61.71
Los Ríos,2020,9,69.14
Los Ríos,2020,10,72.71
Los Ríos,2020,11,75.57
Los Ríos,2020,12,77.0
Los Ríos,2020,13,80.57
Los Ríos,2020,14,70.14
Los Ríos,2020,15,75.86
Los Ríos,2020,16,89.14
Los Ríos,2020,17,84.0
Los Ríos,2020,18,90.71
Los Ríos,2020,19,84.57
Los Ríos,2020,20,93.43
Los Ríos,2020,21,90.0
Los Ríos,2020,22,87.43
Los Ríos,2020,23,88.14
Los Ríos,2020,24,84.86
Los Ríos,2020,25,88.57
Los Ríos,2020,26,89.14
Los Ríos,2020,27,90.14
Los Ríos,2020,28,86.71
Los Ríos,2020,29,90.86
Los Ríos,2020,30,83.29
Los Ríos,2020,31,88.29
Los Ríos,2020,32,89.71
Los Ríos,2020,33,82.86
Los Ríos,2020,34,84.86
Los Ríos,2020,35,84.29
Los Ríos,2020,36,83.14
Los Ríos,2020,37,80.71
Los Ríos,2020,38,80.14
Los Ríos,2020,39,79.86
Los Ríos,2020,40,78.14
Los Ríos,2020,41,81.14
Los Ríos,2020,42,77.43
Los Ríos,2020,43,75.71
Los Ríos,2020,44,77.29
Los Ríos,2020,45,76.43
Los Ríos,2020,46,77.43
Los Ríos,2020,47,78.86
Los Ríos,2020,48,78.0
Los Ríos,2020,49,65.57
Los Ríos,2020,50,80.71
Los Ríos,2020,51,71.29
Los Ríos,2020,52,77.57
Los Ríos,2020,53,70.29
Los Ríos,2021,1,64.14
Los Ríos,2021,2,67.14
Los Ríos,2021,3,60.71
Los Ríos,2021,4,70.43
Los Ríos,2021,5,61.57
Los Ríos,2021,6,59.71
Los Ríos,2021,7,67.57
Los Ríos,2021,8,69.71
Los Ríos,2021,9,68.43
Los Ríos,2021,10,74.29
Los Ríos,2021,11,73.29
Los Ríos,2021,12,68.86
Los Ríos,2021,13,78.86
Los Ríos,2021,14,84.57
Los Ríos,2021,15,84.57
Los Ríos,2021,16,85.43
Los Ríos,2021,17,90.57
Los Ríos,2021,18,83.29
Los Ríos,2021,19,89.86
Los Ríos,2021,20,90.29
Los Ríos,2021,21,90.86
Los Ríos,2021,22,92.0
Los Ríos,2021,23,88.43
Los Ríos,2021,24,80.14
Los Ríos,2021,25,87.43
Los Ríos,2021,26,88.29
Los Ríos,2021,27,90.14
Los Ríos,2021,28,90.29
Los Ríos,2021,29,88.86
Los Ríos,2021,30,84.71
Los Ríos,2021,31,86.86
Los Ríos,2021,32,85.57
Los Ríos,2021,33,87.0
Los Ríos,2021,34,85.86
Los Ríos,2021,35,88.43
Los Ríos,2021,36,86.71
Los Ríos,2021,37,85.86
Los Ríos,2021,38,80.14
Los Ríos,2021,39,81.71
Los Ríos,2021,40,73.14
Los Ríos,2021,41,81.14
Los Ríos,2021,42,80.71
Los Ríos,2021,43,78.29
Los Ríos,2021,44,76.57
Los Ríos,2021,45,81.43
Los Ríos,2021,46,74.29
Los Ríos,2021,47,72.86
Los Ríos,2021,48,63.57
Los Ríos,2021,49,72.86
Los Ríos,2021,50,70.86
Los Ríos,2021,51,63.86
Los Ríos,2021,52,76.71
Los Ríos,2022,1,78.86
Los Ríos,2022,2,74.43
Los Ríos,2022,3,75.0
Los Ríos,2022,4,75.86
Los Ríos,2022,5,69.57
Los Ríos,2022,6,60.29
Los Ríos,2022,7,73.71
Los Ríos,2022,8,75.29
Los Ríos,2022,9,83.86
Los Ríos,2022,10,76.71
Los Ríos,2022,11,76.29
Los Ríos,2022,12,80.29
Los Ríos,2022,13,79.14
Los Ríos,2022,14,90.0
Los Ríos,2022,15,85.71
Los Ríos,2022,16,87.86
Los Ríos,2022,17,84.29
Los Ríos,2022,18,92.29
Los Ríos,2022,19,84.86
Los Ríos,2022,20,82.57
Los Ríos,2022,21,85.57
Los Ríos,2022,22,88.57
Los Ríos,2022,23,88.14
Los Ríos,2022,24,91.29
Los Ríos,2022,25,75.57
Los Ríos,2022,26,90.0
Los Ríos,2022,27,85.14
Los Ríos,2022,28,87.14
Los Ríos,2022,29,92.14
Los Ríos,2022,30,87.0
Los Ríos,2022,31,87.86
Los Ríos,2022,32,86.71
Los Ríos,2022,33,85.43
Los Ríos,2022,34,83.86
Los Ríos,2022,35,83.0
Los Ríos,2022,36,83.0
Los Ríos,2022,37,85.14
Los Ríos,2022,38,85.43
Los Ríos,2022,39,78.71
Los Ríos,2022,40,82.29
Los Ríos,2022,41,76.86
Los Ríos,2022,42,76.29
Los Ríos,2022,43,81.43
Los Ríos,2022,44,77.86
Los Ríos,2022,45,85.71
Los Ríos,2022,46,83.0
Los Ríos,2022,47,67.29
Los Ríos,2022,48,72.29
Los Ríos,2022,49,83.29
Los Ríos,2022,50,72.86
Los Ríos,2022,51,69.57
Los Ríos,2022,52,64.43
Los Ríos,2023,1,75.43
Los Ríos,2023,2,66.57
Los Ríos,2023,3,70.43
Los Ríos,2023,4,71.0
Los Ríos,2023,5,57.0
Los Ríos,2023,6,71.57
Los Ríos,2023,7,63.86
Los Ríos,2023,8,65.43
Los Ríos,2023,9,68.29
Los Ríos,2023,10,85.43
Los Ríos,2023,11,82.0
Los Ríos,2023,12,73.57
Los Ríos,2023,13,79.29
Los Ríos,2023,14,81.57
Los Ríos,2023,15,81.57
Los Ríos,2023,16,87.57
Los Ríos,2023,17,88.57
Los Ríos,2023,18,85.57
Los Ríos,2023,19,92.29
Los Ríos,2023,20,88.29
Los Ríos,2023,21,85.14
Los Ríos,2023,22,88.29
Los Ríos,2023,23,87.43
Los Ríos,2023,24,85.57
Los Ríos,2023,25,90.29
Los Ríos,2023,26,89.57
Los Ríos,2023,27,88.0
Los Ríos,2023,28,88.57
Los Ríos,2023,29,90.29
Los Ríos,2023,30,92.71
Los Ríos,2023,31,81.0
Los Ríos,2023,32,86.57
Los Ríos,2023,33,89.71
Los Ríos,2023,34,82.14
Los Ríos,2023,35,80.71
Los Ríos,2023,36,86.0
Los Ríos,2023,37,87.29
Los Ríos,2023,38,79.43
Los Ríos,2023,39,78.57
Los Ríos,2023,40,80.14
Los Ríos,2023,41,73.29
Los Ríos,2023,42,71.71
Los Ríos,2023,43,76.29
Los Ríos,2023,44,78.14
Los Ríos,2023,45,79.71
Los Ríos,2023,46,85.29
Los Ríos,2023,47,76.57
Los Ríos,2023,48,78.29
Los Ríos,2023,49,76.71
Los Ríos,2023,50,75.86
Los Ríos,2023,51,70.71
Los Ríos,2023,52,66.86
Los Ríos,2024,1,74.43
Los Ríos,2024,2,65.14
Los Ríos,2024,3,59.86
Los Ríos,2024,4,63.29
Los Ríos,2024,5,64.86
Los Ríos,2024,6,75.14
Los Ríos,2024,7,62.14
Los Ríos,2024,8,68.57
Los Ríos,2024,9,68.57
Los Ríos,2024,10,71.0
Los Ríos,2024,11,81.57
Los Ríos,2024,12,83.86
Los Ríos,2024,13,80.14
Los Ríos,2024,14,86.43
Los Ríos,2024,15,73.14
Los Ríos,2024,16,87.0
Los Ríos,2024,17,86.86
Los Ríos,2024,18,87.14
Los Ríos,2024,19,88.57
Los Ríos,2024,20,86.86
Los Ríos,2024,21,87.71
Los Ríos,2024,22,90.14
Los Ríos,2024,23,87.0
Los Ríos,2024,24,90.43
Los Ríos,2024,25,89.57
Los Ríos,2024,26,90.14
Los Ríos,2024,27,88.71
Los Ríos,2024,28,85.0
Los Ríos,2024,29,86.29
Los Ríos,2024,30,86.43
Los Ríos,2024,31,83.29
Los Ríos,2024,32,89.29
Los Ríos,2024,33,87.0
Los Ríos,2024,34,86.71
Los Ríos,2024,35,83.43
Los Ríos,2024,36,86.71
Los Ríos,2024,37,85.57
Los Ríos,2024,38,82.86
Los Ríos,2024,39,86.57
Los Ríos,2024,40,75.71
Los Ríos,2024,41,78.86
Los Ríos,2024,42,85.0
Los Ríos,2024,43,75.71
Los Ríos,2024,44,76.29
Los Ríos,2024,45,81.43
Los Ríos,2024,46,76.14
Los Ríos,2024,47,80.57
Los Ríos,2024,48,78.0
Los Ríos,2024,49,72.29
Los Ríos,2024,50,70.57
Los Ríos,2024,51,74.29
Los Ríos,2024,52,63.14
Los Ríos,2025,1,67.71
Los Ríos,2025,2,65.29
Los Ríos,2025,3,64.14
Los Ríos,2025,4,71.86
Los Ríos,2025,5,64.86
Los Ríos,2025,6,67.43
Los Ríos,2025,7,63.57
Los Ríos,2025,8,73.0
Los Ríos,2025,9,79.29
Los Ríos,2025,10,81.14
Los Ríos,2025,11,68.57
Los Ríos,2025,12,75.14
Los Ríos,2025,13,80.0
Los Ríos,2025,14,76.86
Los Ríos,2025,15,86.86
Los Ríos,2025,16,86.57
Los Ríos,2025,17,92.0
Los Ríos,2025,18,88.14
Los Ríos,2025,19,87.0
Los Ríos,2025,20,90.71
Los Ríos,2025,21,91.43
Los Ríos,2025,22,88.86
Los Ríos,2025,23,90.86
Los Ríos,2025,24,92.57
Los Ríos,2025,25,89.43
Los Ríos,2025,26,86.14
Los Ríos,2025,27,81.0
Los Ríos,2025,28,88.57
Los Ríos,2025,29,89.14
Los Ríos,2025,30,84.86
Los Ríos,2025,31,92.71
Los Ríos,2025,32,89.86
Los Ríos,2025,33,85.71
Los Ríos,2025,34,91.29
Los Ríos,2025,35,83.29
Los Ríos,2025,36,78.14
Los Ríos,2025,37,85.57
Los Ríos,2025,38,90.14
Los Ríos,2025,39,82.0
Los Ríos,2025,40,82.57
Los Ríos,2025,41,86.29
Los Ríos,2025,42,78.29
Los Ríos,2025,43,82.57
Los Ríos,2025,44,72.71
Los Ríos,2025,45,75.14
Los Ríos,2025,46,76.57
Los Ríos,2025,47,72.29
Los Ríos,2025,48,76.14
Los Ríos,2025,49,68.43
Los Ríos,2025,50,70.43
Los Ríos,2025,51,75.86
Los Ríos,2025,52,73.0
Los Ríos,2026,1,65.57
Los Ríos,2026,2,64.14
Los Ríos,2026,3,65.43
Los Ríos,2026,4,67.14
Los Ríos,2026,5,75.86
Los Ríos,2026,6,76.14
Los Ríos,2026,7,78.0
Los Ríos,2026,8,69.0
Los Ríos,2026,9,77.86
Los Ríos,2026,10,76.43
Los Ríos,2026,11,85.14
Los Ríos,2026,12,87.29
Los Ríos,2026,13,82.57
Los Ríos,2026,14,79.86
Los Ríos,2026,15,79.29
Los Ríos,2026,16,86.29
Los Ríos,2026,17,85.29
Los Ríos,2026,18,89.43
Los Ríos,2026,19,84.86
Los Ríos,2026,20,83.57
Los Ríos,2026,21,83.71
Los Ríos,2026,22,88.86
Los Ríos,2026,23,91.43
Los Ríos,2026,24,91.43
Los Ríos,2026,25,87.0
Magallanes,2014,1,73.0
Magallanes,2014,2,75.29
Magallanes,2014,3,72.0
Magallanes,2014,4,73.29
Magallanes,2014,5,72.71
Magallanes,2014,6,75.86
Magallanes,2014,7,76.14
Magallanes,2014,8,75.57
Magallanes,2014,9,79.0
Magallanes,2014,10,76.86
Magallanes,2014,11,74.57
Magallanes,2014,12,73.14
Magallanes,2014,13,77.43
Magallanes,2014,14,80.43
Magallanes,2014,15,78.0
Magallanes,2014,16,79.14
Magallanes,2014,17,80.14
Magallanes,2014,18,76.14
Magallanes,2014,19,78.14
Magallanes,2014,20,81.29
Magallanes,2014,21,82.86
Magallanes,2014,22,81.14
Magallanes,2014,23,83.86
Magallanes,2014,24,85.57
Magallanes,2014,25,84.43
Magallanes,2014,26,83.14
Magallanes,2014,27,74.43
Magallanes,2014,28,84.14
Magallanes,2014,29,88.43
Magallanes,2014,30,75.0
Magallanes,2014,31,91.14
Magallanes,2014,32,80.57
Magallanes,2014,33,81.14
Magallanes,2014,34,87.14
Magallanes,2014,35,91.71
Magallanes,2014,36,91.43
Magallanes,2014,37,80.29
Magallanes,2014,38,78.14
Magallanes,2014,39,74.71
Magallanes,2014,40,72.57
Magallanes,2014,41,74.29
Magallanes,2014,42,74.29
Magallanes,2014,43,73.86
Magallanes,2014,44,66.86
Magallanes,2014,45,72.57
Magallanes,2014,46,74.86
Magallanes,2014,47,74.14
Magallanes,2014,48,77.0
Magallanes,2014,49,75.86
Magallanes,2014,50,74.57
Magallanes,2014,51,72.29
Magallanes,2014,52,72.86
Magallanes,2015,1,73.43
Magallanes,2015,2,71.86
Magallanes,2015,3,69.14
Magallanes,2015,4,68.29
Magallanes,2015,5,66.86
Magallanes,2015,6,69.71
Magallanes,2015,7,72.0
Magallanes,2015,8,74.0
Magallanes,2015,9,72.86
Magallanes,2015,10,74.71
Magallanes,2015,11,73.43
Magallanes,2015,12,76.86
Magallanes,2015,13,84.29
Magallanes,2015,14,76.57
Magallanes,2015,15,81.29
Magallanes,2015,16,78.43
Magallanes,2015,17,81.57
Magallanes,2015,18,76.14
Magallanes,2015,19,84.57
Magallanes,2015,20,88.29
Magallanes,2015,21,83.14
Magallanes,2015,22,88.57
Magallanes,2015,23,89.43
Magallanes,2015,24,79.43
Magallanes,2015,25,79.86
Magallanes,2015,26,79.29
Magallanes,2015,27,85.0
Magallanes,2015,28,84.0
Magallanes,2015,29,78.29
Magallanes,2015,30,85.29
Magallanes,2015,31,88.29
Magallanes,2015,32,76.86
Magallanes,2015,33,77.71
Magallanes,2015,34,69.29
Magallanes,2015,35,87.86
Magallanes,2015,36,79.57
Magallanes,2015,37,73.14
Magallanes,2015,38,70.0
Magallanes,2015,39,81.57
Magallanes,2015,40,73.43
Magallanes,2015,41,74.29
Magallanes,2015,42,70.0
Magallanes,2015,43,67.14
Magallanes,2015,44,73.0
Magallanes,2015,45,75.0
Magallanes,2015,46,70.43
Magallanes,2015,47,65.86
Magallanes,2015,48,70.57
Magallanes,2015,49,65.86
Magallanes,2015,50,64.29
Magallanes,2015,51,71.14
Magallanes,2015,52,67.29
Magallanes,2015,53,65.86
Magallanes,2016,1,66.14
Magallanes,2016,2,62.0
Magallanes,2016,3,66.57
Magallanes,2016,4,67.29
Magallanes,2016,5,73.43
Magallanes,2016,6,70.57
Magallanes,2016,7,70.29
Magallanes,2016,8,73.0
Magallanes,2016,9,71.57
Magallanes,2016,10,71.0
Magallanes,2016,11,73.0
Magallanes,2016,12,70.86
Magallanes,2016,13,72.29
Magallanes,2016,14,72.86
Magallanes,2016,15,73.57
Magallanes,2016,16,81.71
Magallanes,2016,17,79.0
Magallanes,2016,18,84.71
Magallanes,2016,19,87.29
Magallanes,2016,20,86.14
Magallanes,2016,21,88.0
Magallanes,2016,22,90.57
Magallanes,2016,23,81.57
Magallanes,2016,24,80.14
Magallanes,2016,25,87.0
Magallanes,2016,26,83.29
Magallanes,2016,27,88.29
Magallanes,2016,28,86.71
Magallanes,2016,29,81.71
Magallanes,2016,30,90.0
Magallanes,2016,31,86.71
Magallanes,2016,32,81.57
Magallanes,2016,33,78.86
Magallanes,2016,34,83.57
Magallanes,2016,35,73.57
Magallanes,2016,36,68.43
Magallanes,2016,37,76.29
Magallanes,2016,38,70.57
Magallanes,2016,39,76.57
Magallanes,2016,40,75.71
Magallanes,2016,41,69.71
Magallanes,2016,42,74.57
Magallanes,2016,43,71.57
Magallanes,2016,44,73.0
Magallanes,2016,45,73.57
Magallanes,2016,46,73.0
Magallanes,2016,47,71.29
Magallanes,2016,48,69.43
Magallanes,2016,49,69.57
Magallanes,2016,50,66.57
Magallanes,2016,51,70.29
Magallanes,2016,52,72.71
Magallanes,2017,1,68.29
Magallanes,2017,2,74.57
Magallanes,2017,3,72.43
Magallanes,2017,4,69.57
Magallanes,2017,5,68.14
Magallanes,2017,6,72.86
Magallanes,2017,7,69.14
Magallanes,2017,8,74.71
Magallanes,2017,9,80.43
Magallanes,2017,10,77.86
Magallanes,2017,11,73.0
Magallanes,2017,12,78.29
Magallanes,2017,13,86.29
Magallanes,2017,14,76.57
Magallanes,2017,15,79.71
Magallanes,2017,16,82.14
Magallanes,2017,17,84.29
Magallanes,2017,18,84.57
Magallanes,2017,19,87.29
Magallanes,2017,20,82.43
Magallanes,2017,21,77.14
Magallanes,2017,22,87.43
Magallanes,2017,23,83.57
Magallanes,2017,24,80.29
Magallanes,2017,25,75.57
Magallanes,2017,26,81.57
Magallanes,2017,27,77.43
Magallanes,2017,28,74.57
Magallanes,2017,29,88.57
Magallanes,2017,30,77.29
Magallanes,2017,31,79.14
Magallanes,2017,32,85.29
Magallanes,2017,33,78.0
Magallanes,2017,34,78.86
Magallanes,2017,35,77.86
Magallanes,2017,36,65.43
Magallanes,2017,37,75.43
Magallanes,2017,38,78.57
Magallanes,2017,39,78.29
Magallanes,2017,40,74.14
Magallanes,2017,41,73.43
Magallanes,2017,42,70.86
Magallanes,2017,43,78.14
Magallanes,2017,44,76.14
Magallanes,2017,45,78.71
Magallanes,2017,46,71.43
Magallanes,2017,47,73.71
Magallanes,2017,48,69.0
Magallanes,2017,49,74.0
Magallanes,2017,50,71.71
Magallanes,2017,51,72.57
Magallanes,2017,52,72.57
Magallanes,2018,1,74.29
Magallanes,2018,2,75.86
Magallanes,2018,3,74.43
Magallanes,2018,4,72.57
Magallanes,2018,5,75.86
Magallanes,2018,6,69.57
Magallanes,2018,7,76.0
Magallanes,2018,8,71.14
Magallanes,2018,9,71.57
Magallanes,2018,10,76.71
Magallanes,2018,11,75.0
Magallanes,2018,12,71.86
Magallanes,2018,13,73.0
Magallanes,2018,14,81.57
Magallanes,2018,15,76.86
Magallanes,2018,16,79.29
Magallanes,2018,17,82.43
Magallanes,2018,18,80.14
Magallanes,2018,19,85.57
Magallanes,2018,20,87.29
Magallanes,2018,21,86.43
Magallanes,2018,22,77.14
Magallanes,2018,23,87.0
Magallanes,2018,24,85.86
Magallanes,2018,25,79.29
Magallanes,2018,26,85.0
Magallanes,2018,27,88.0
Magallanes,2018,28,81.57
Magallanes,2018,29,80.86
Magallanes,2018,30,78.29
Magallanes,2018,31,78.14
Magallanes,2018,32,85.43
Magallanes,2018,33,77.0
Magallanes,2018,34,79.0
Magallanes,2018,35,75.29
Magallanes,2018,36,76.29
Magallanes,2018,37,78.14
Magallanes,2018,38,73.57
Magallanes,2018,39,71.14
Magallanes,2018,40,76.0
Magallanes,2018,41,72.57
Magallanes,2018,42,73.86
Magallanes,2018,43,77.29
Magallanes,2018,44,68.0
Magallanes,2018,45,72.29
Magallanes,2018,46,68.86
Magallanes,2018,47,72.57
Magallanes,2018,48,71.14
Magallanes,2018,49,70.43
Magallanes,2018,50,70.0
Magallanes,2018,51,73.0
Magallanes,2018,52,72.86
Magallanes,2019,1,71.43
Magallanes,2019,2,69.14
Magallanes,2019,3,68.0
Magallanes,2019,4,67.14
Magallanes,2019,5,72.14
Magallanes,2019,6,67.86
Magallanes,2019,7,69.86
Magallanes,2019,8,68.71
Magallanes,2019,9,77.29
Magallanes,2019,10,71.71
Magallanes,2019,11,82.86
Magallanes,2019,12,77.14
Magallanes,2019,13,76.57
Magallanes,2019,14,78.57
Magallanes,2019,15,80.43
Magallanes,2019,16,82.0
Magallanes,2019,17,82.71
Magallanes,2019,18,79.0
Magallanes,2019,19,78.43
Magallanes,2019,20,82.43
Magallanes,2019,21,86.71
Magallanes,2019,22,82.86
Magallanes,2019,23,87.29
Magallanes,2019,24,84.43
Magallanes,2019,25,83.86
Magallanes,2019,26,80.29
Magallanes,2019,27,88.14
Magallanes,2019,28,96.0
Magallanes,2019,29,81.57
Magallanes,2019,30,81.29
Magallanes,2019,31,86.86
Magallanes,2019,32,75.29
Magallanes,2019,33,77.0
Magallanes,2019,34,86.57
Magallanes,2019,35,76.14
Magallanes,2019,36,79.14
Magallanes,2019,37,73.86
Magallanes,2019,38,79.14
Magallanes,2019,39,73.86
Magallanes,2019,40,70.86
Magallanes,2019,41,69.57
Magallanes,2019,42,79.86
Magallanes,2019,43,70.0
Magallanes,2019,44,71.57
Magallanes,2019,45,76.43
Magallanes,2019,46,78.57
Magallanes,2019,47,72.57
Magallanes,2019,48,74.43
Magallanes,2019,49,74.86
Magallanes,2019,50,72.29
Magallanes,2019,51,76.57
Magallanes,2019,52,71.0
Magallanes,2020,1,67.86
Magallanes,2020,2,74.29
Magallanes,2020,3,76.14
Magallanes,2020,4,74.86
Magallanes,2020,5,73.14
Magallanes,2020,6,74.14
Magallanes,2020,7,72.57
Magallanes,2020,8,73.86
Magallanes,2020,9,75.57
Magallanes,2020,10,80.14
Magallanes,2020,11,80.43
Magallanes,2020,12,76.43
Magallanes,2020,13,74.29
Magallanes,2020,14,77.71
Magallanes,2020,15,77.14
Magallanes,2020,16,77.71
Magallanes,2020,17,77.0
Magallanes,2020,18,88.0
Magallanes,2020,19,85.14
Magallanes,2020,20,85.14
Magallanes,2020,21,87.86
Magallanes,2020,22,85.14
Magallanes,2020,23,82.43
Magallanes,2020,24,80.0
Magallanes,2020,25,90.14
Magallanes,2020,26,82.86
Magallanes,2020,27,94.71
Magallanes,2020,28,83.71
Magallanes,2020,29,84.71
Magallanes,2020,30,84.0
Magallanes,2020,31,85.14
Magallanes,2020,32,75.71
Magallanes,2020,33,80.43
Magallanes,2020,34,80.29
Magallanes,2020,35,74.0
Magallanes,2020,36,83.43
Magallanes,2020,37,78.14
Magallanes,2020,38,72.57
Magallanes,2020,39,79.14
Magallanes,2020,40,70.57
Magallanes,2020,41,77.57
Magallanes,2020,42,78.43
Magallanes,2020,43,77.71
Magallanes,2020,44,75.14
Magallanes,2020,45,76.43
Magallanes,2020,46,75.57
Magallanes,2020,47,73.43
Magallanes,2020,48,75.14
Magallanes,2020,49,74.14
Magallanes,2020,50,79.43
Magallanes,2020,51,74.71
Magallanes,2020,52,69.43
Magallanes,2020,53,71.0
Magallanes,2021,1,72.0
Magallanes,2021,2,78.29
Magallanes,2021,3,68.43
Magallanes,2021,4,71.57
Magallanes,2021,5,71.14
Magallanes,2021,6,67.29
Magallanes,2021,7,69.86
Magallanes,2021,8,72.14
Magallanes,2021,9,67.14
Magallanes,2021,10,73.71
Magallanes,2021,11,75.71
Magallanes,2021,12,74.57
Magallanes,2021,13,79.14
Magallanes,2021,14,77.71
Magallanes,2021,15,76.29
Magallanes,2021,16,82.0
Magallanes,2021,17,86.43
Magallanes,2021,18,80.71
Magallanes,2021,19,86.0
Magallanes,2021,20,91.86
Magallanes,2021,21,72.14
Magallanes,2021,22,86.86
Magallanes,2021,23,86.57
Magallanes,2021,24,85.57
Magallanes,2021,25,81.29
Magallanes,2021,26,84.29
Magallanes,2021,27,81.0
Magallanes,2021,28,88.43
Magallanes,2021,29,86.0
Magallanes,2021,30,79.0
Magallanes,2021,31,75.71
Magallanes,2021,32,80.43
Magallanes,2021,33,80.71
Magallanes,2021,34,82.0
Magallanes,2021,35,75.71
Magallanes,2021,36,67.43
Magallanes,2021,37,80.86
Magallanes,2021,38,79.14
Magallanes,2021,39,73.71
Magallanes,2021,40,72.0
Magallanes,2021,41,70.0
Magallanes,2021,42,72.86
Magallanes,2021,43,72.71
Magallanes,2021,44,72.86
Magallanes,2021,45,66.71
Magallanes,2021,46,68.86
Magallanes,2021,47,69.86
Magallanes,2021,48,70.29
Magallanes,2021,49,69.71
Magallanes,2021,50,74.43
Magallanes,2021,51,69.0
Magallanes,2021,52,67.57
Magallanes,2022,1,69.14
Magallanes,2022,2,65.57
Magallanes,2022,3,68.29
Magallanes,2022,4,65.71
Magallanes,2022,5,72.43
Magallanes,2022,6,70.71
Magallanes,2022,7,75.86
Magallanes,2022,8,75.71
Magallanes,2022,9,74.29
Magallanes,2022,10,73.43
Magallanes,2022,11,73.14
Magallanes,2022,12,71.29
Magallanes,2022,13,75.86
Magallanes,2022,14,77.29
Magallanes,2022,15,78.86
Magallanes,2022,16,83.0
Magallanes,2022,17,79.14
Magallanes,2022,18,82.57
Magallanes,2022,19,84.43
Magallanes,2022,20,85.29
Magallanes,2022,21,76.0
Magallanes,2022,22,77.57
Magallanes,2022,23,78.43
Magallanes,2022,24,79.0
Magallanes,2022,25,79.43
Magallanes,2022,26,81.86
Magallanes,2022,27,85.43
Magallanes,2022,28,86.14
Magallanes,2022,29,78.14
Magallanes,2022,30,77.86
Magallanes,2022,31,86.71
Magallanes,2022,32,85.43
Magallanes,2022,33,82.43
Magallanes,2022,34,76.14
Magallanes,2022,35,81.86
Magallanes,2022,36,76.14
Magallanes,2022,37,72.57
Magallanes,2022,38,70.57
Magallanes,2022,39,73.71
Magallanes,2022,40,76.29
Magallanes,2022,41,71.86
Magallanes,2022,42,71.86
Magallanes,2022,43,72.86
Magallanes,2022,44,76.86
Magallanes,2022,45,68.0
Magallanes,2022,46,64.14
Magallanes,2022,47,66.29
Magallanes,2022,48,70.71
Magallanes,2022,49,63.57
Magallanes,2022,50,68.29
Magallanes,2022,51,65.0
Magallanes,2022,52,73.14
Magallanes,2023,1,68.71
Magallanes,2023,2,69.14
Magallanes,2023,3,66.57
Magallanes,2023,4,63.86
Magallanes,2023,5,68.0
Magallanes,2023,6,69.14
Magallanes,2023,7,67.57
Magallanes,2023,8,72.0
Magallanes,2023,9,76.29
Magallanes,2023,10,71.43
Magallanes,2023,11,75.43
Magallanes,2023,12,75.0
Magallanes,2023,13,73.29
Magallanes,2023,14,71.29
Magallanes,2023,15,75.71
Magallanes,2023,16,78.86
Magallanes,2023,17,82.71
Magallanes,2023,18,78.0
Magallanes,2023,19,81.14
Magallanes,2023,20,82.14
Magallanes,2023,21,80.14
Magallanes,2023,22,82.43
Magallanes,2023,23,83.14
Magallanes,2023,24,79.57
Magallanes,2023,25,87.29
Magallanes,2023,26,90.43
Magallanes,2023,27,83.14
Magallanes,2023,28,85.29
Magallanes,2023,29,79.29
Magallanes,2023,30,82.14
Magallanes,2023,31,80.43
Magallanes,2023,32,84.0
Magallanes,2023,33,84.29
Magallanes,2023,34,79.43
Magallanes,2023,35,77.71
Magallanes,2023,36,88.29
Magallanes,2023,37,77.86
Magallanes,2023,38,74.14
Magallanes,2023,39,69.43
Magallanes,2023,40,77.0
Magallanes,2023,41,74.57
Magallanes,2023,42,71.0
Magallanes,2023,43,69.43
Magallanes,2023,44,68.14
Magallanes,2023,45,64.86
Magallanes,2023,46,69.57
Magallanes,2023,47,74.71
Magallanes,2023,48,69.71
Magallanes,2023,49,74.86
Magallanes,2023,50,67.29
Magallanes,2023,51,70.14
Magallanes,2023,52,66.86
Magallanes,2024,1,68.71
Magallanes,2024,2,67.71
Magallanes,2024,3,73.86
Magallanes,2024,4,65.0
Magallanes,2024,5,72.86
Magallanes,2024,6,69.0
Magallanes,2024,7,75.57
Magallanes,2024,8,75.43
Magallanes,2024,9,77.57
Magallanes,2024,10,79.0
Magallanes,2024,11,71.0
Magallanes,2024,12,79.29
Magallanes,2024,13,76.29
Magallanes,2024,14,75.71
Magallanes,2024,15,77.43
Magallanes,2024,16,78.29
Magallanes,2024,17,81.29
Magallanes,2024,18,81.71
Magallanes,2024,19,83.71
Magallanes,2024,20,82.0
Magallanes,2024,21,81.43
Magallanes,2024,22,87.43
Magallanes,2024,23,89.0
Magallanes,2024,24,83.86
Magallanes,2024,25,80.71
Magallanes,2024,26,88.71
Magallanes,2024,27,85.43
Magallanes,2024,28,81.86
Magallanes,2024,29,80.0
Magallanes,2024,30,77.71
Magallanes,2024,31,89.43
Magallanes,2024,32,85.86
Magallanes,2024,33,88.0
Magallanes,2024,34,85.29
Magallanes,2024,35,76.0
Magallanes,2024,36,74.0
Magallanes,2024,37,75.86
Magallanes,2024,38,68.29
Magallanes,2024,39,72.0
Magallanes,2024,40,75.29
Magallanes,2024,41,75.57
Magallanes,2024,42,74.29
Magallanes,2024,43,77.14
Magallanes,2024,44,72.71
Magallanes,2024,45,75.14
Magallanes,2024,46,73.0
Magallanes,2024,47,63.57
Magallanes,2024,48,70.14
Magallanes,2024,49,66.14
Magallanes,2024,50,61.71
Magallanes,2024,51,70.57
Magallanes,2024,52,71.43
Magallanes,2025,1,68.57
Magallanes,2025,2,63.57
Magallanes,2025,3,72.71
Magallanes,2025,4,74.14
Magallanes,2025,5,73.71
Magallanes,2025,6,69.86
Magallanes,2025,7,70.0
Magallanes,2025,8,67.57
Magallanes,2025,9,73.14
Magallanes,2025,10,78.14
Magallanes,2025,11,69.14
Magallanes,2025,12,72.14
Magallanes,2025,13,75.29
Magallanes,2025,14,69.29
Magallanes,2025,15,72.43
Magallanes,2025,16,87.14
Magallanes,2025,17,79.71
Magallanes,2025,18,82.29
Magallanes,2025,19,85.29
Magallanes,2025,20,77.57
Magallanes,2025,21,81.29
Magallanes,2025,22,85.86
Magallanes,2025,23,86.86
Magallanes,2025,24,91.57
Magallanes,2025,25,81.14
Magallanes,2025,26,77.71
Magallanes,2025,27,84.14
Magallanes,2025,28,80.29
Magallanes,2025,29,83.0
Magallanes,2025,30,77.57
Magallanes,2025,31,90.43
Magallanes,2025,32,80.86
Magallanes,2025,33,85.0
Magallanes,2025,34,81.86
Magallanes,2025,35,77.14
Magallanes,2025,36,75.0
Magallanes,2025,37,80.0
Magallanes,2025,38,72.86
Magallanes,2025,39,71.14
Magallanes,2025,40,71.0
Magallanes,2025,41,78.43
Magallanes,2025,42,73.0
Magallanes,2025,43,65.57
Magallanes,2025,44,64.86
Magallanes,2025,45,70.29
Magallanes,2025,46,72.71
Magallanes,2025,47,75.14
Magallanes,2025,48,65.86
Magallanes,2025,49,68.71
Magallanes,2025,50,72.86
Magallanes,2025,51,68.29
Magallanes,2025,52,76.43
Magallanes,2026,1,74.29
Magallanes,2026,2,65.0
Magallanes,2026,3,70.43
Magallanes,2026,4,70.0
Magallanes,2026,5,61.86
Magallanes,2026,6,66.14
Magallanes,2026,7,61.86
Magallanes,2026,8,71.0
Magallanes,2026,9,66.0
Magallanes,2026,10,76.86
Magallanes,2026,11,75.0
Magallanes,2026,12,76.43
Magallanes,2026,13,78.71
Magallanes,2026,14,78.0
Magallanes,2026,15,75.29
Magallanes,2026,16,74.57
Magallanes,2026,17,76.14
Magallanes,2026,18,81.43
Magallanes,2026,19,92.57
Magallanes,2026,20,80.29
Magallanes,2026,21,84.29
Magallanes,2026,22,93.57
Magallanes,2026,23,91.29
Magallanes,2026,24,87.29
Magallanes,2026,25,86.0
Maule,2014,1,45.8
Maule,2014,2,48.57
Maule,2014,3,54.14
Maule,2014,4,56.86
Maule,2014,5,52.29
Maule,2014,6,54.14
Maule,2014,7,54.43
Maule,2014,8,52.71
Maule,2014,9,56.57
Maule,2014,10,54.57
Maule,2014,11,56.43
Maule,2014,12,56.29
Maule,2014,13,68.86
Maule,2014,14,74.43
Maule,2014,15,70.14
Maule,2014,16,67.29
Maule,2014,17,78.43
Maule,2014,18,79.29
Maule,2014,19,85.57
Maule,2014,20,81.57
Maule,2014,21,81.71
Maule,2014,22,83.86
Maule,2014,23,87.86
Maule,2014,24,85.14
Maule,2014,25,80.71
Maule,2014,26,84.57
Maule,2014,27,84.86
Maule,2014,28,84.29
Maule,2014,29,83.0
Maule,2014,30,83.43
Maule,2014,31,90.14
Maule,2014,32,82.0
Maule,2014,33,75.0
Maule,2014,34,87.0
Maule,2014,35,82.71
Maule,2014,36,85.14
Maule,2014,37,77.86
Maule,2014,38,83.14
Maule,2014,39,78.57
Maule,2014,40,79.71
Maule,2014,41,68.29
Maule,2014,42,67.86
Maule,2014,43,62.57
Maule,2014,44,61.0
Maule,2014,45,56.86
Maule,2014,46,58.29
Maule,2014,47,56.14
Maule,2014,48,55.14
Maule,2014,49,54.57
Maule,2014,50,56.71
Maule,2014,51,54.0
Maule,2014,52,47.86
Maule,2015,1,52.71
Maule,2015,2,48.57
Maule,2015,3,52.43
Maule,2015,4,60.0
Maule,2015,5,49.57
Maule,2015,6,46.71
Maule,2015,7,42.14
Maule,2015,8,50.0
Maule,2015,9,65.14
Maule,2015,10,56.71
Maule,2015,11,42.71
Maule,2015,12,53.86
Maule,2015,13,70.43
Maule,2015,14,63.71
Maule,2015,15,65.71
Maule,2015,16,65.43
Maule,2015,17,75.57
Maule,2015,18,73.57
Maule,2015,19,78.43
Maule,2015,20,83.71
Maule,2015,21,82.0
Maule,2015,22,83.14
Maule,2015,23,89.71
Maule,2015,24,84.57
Maule,2015,25,78.29
Maule,2015,26,84.43
Maule,2015,27,84.43
Maule,2015,28,88.86
Maule,2015,29,81.14
Maule,2015,30,84.57
Maule,2015,31,90.43
Maule,2015,32,83.43
Maule,2015,33,79.43
Maule,2015,34,81.57
Maule,2015,35,83.29
Maule,2015,36,78.14
Maule,2015,37,75.57
Maule,2015,38,78.29
Maule,2015,39,79.57
Maule,2015,40,86.14
Maule,2015,41,71.29
Maule,2015,42,76.29
Maule,2015,43,78.57
Maule,2015,44,71.29
Maule,2015,45,76.14
Maule,2015,46,65.14
Maule,2015,47,60.86
Maule,2015,48,57.71
Maule,2015,49,61.0
Maule,2015,50,51.71
Maule,2015,51,50.0
Maule,2015,52,49.0
Maule,2015,53,52.29
Maule,2016,1,57.0
Maule,2016,2,52.0
Maule,2016,3,54.29
Maule,2016,4,58.43
Maule,2016,5,55.86
Maule,2016,6,53.43
Maule,2016,7,52.57
Maule,2016,8,44.43
Maule,2016,9,52.43
Maule,2016,10,62.71
Maule,2016,11,58.86
Maule,2016,12,64.43
Maule,2016,13,68.0
Maule,2016,14,68.43
Maule,2016,15,83.29
Maule,2016,16,82.29
Maule,2016,17,79.57
Maule,2016,18,86.14
Maule,2016,19,86.0
Maule,2016,20,88.0
Maule,2016,21,88.57
Maule,2016,22,87.57
Maule,2016,23,84.0
Maule,2016,24,85.57
Maule,2016,25,90.0
Maule,2016,26,88.0
Maule,2016,27,89.14
Maule,2016,28,84.29
Maule,2016,29,88.43
Maule,2016,30,80.14
Maule,2016,31,83.14
Maule,2016,32,82.43
Maule,2016,33,81.0
Maule,2016,34,76.43
Maule,2016,35,67.71
Maule,2016,36,73.57
Maule,2016,37,80.43
Maule,2016,38,73.57
Maule,2016,39,69.29
Maule,2016,40,57.71
Maule,2016,41,75.0
Maule,2016,42,73.43
Maule,2016,43,73.14
Maule,2016,44,60.86
Maule,2016,45,50.71
Maule,2016,46,53.0
Maule,2016,47,60.86
Maule,2016,48,57.0
Maule,2016,49,54.0
Maule,2016,50,48.86
Maule,2016,51,50.14
Maule,2016,52,63.14
Maule,2017,1,42.14
Maule,2017,2,40.14
Maule,2017,3,36.71
Maule,2017,4,44.71
Maule,2017,5,46.29
Maule,2017,6,44.14
Maule,2017,7,54.14
Maule,2017,8,56.0
Maule,2017,9,50.0
Maule,2017,10,47.14
Maule,2017,11,52.0
Maule,2017,12,59.57
Maule,2017,13,57.0
Maule,2017,14,65.86
Maule,2017,15,71.0
Maule,2017,16,73.29
Maule,2017,17,72.29
Maule,2017,18,80.0
Maule,2017,19,78.71
Maule,2017,20,80.0
Maule,2017,21,84.14
Maule,2017,22,85.57
Maule,2017,23,83.14
Maule,2017,24,84.86
Maule,2017,25,84.71
Maule,2017,26,86.86
Maule,2017,27,86.86
Maule,2017,28,80.57
Maule,2017,29,83.57
Maule,2017,30,82.29
Maule,2017,31,85.43
Maule,2017,32,83.14
Maule,2017,33,82.0
Maule,2017,34,81.43
Maule,2017,35,79.57
Maule,2017,36,75.57
Maule,2017,37,77.0
Maule,2017,38,75.43
Maule,2017,39,76.57
Maule,2017,40,78.71
Maule,2017,41,73.43
Maule,2017,42,69.0
Maule,2017,43,65.29
Maule,2017,44,71.14
Maule,2017,45,68.57
Maule,2017,46,54.14
Maule,2017,47,46.0
Maule,2017,48,56.0
Maule,2017,49,55.14
Maule,2017,50,54.71
Maule,2017,51,39.43
Maule,2017,52,48.43
Maule,2018,1,47.86
Maule,2018,2,52.86
Maule,2018,3,56.29
Maule,2018,4,50.0
Maule,2018,5,49.29
Maule,2018,6,46.0
Maule,2018,7,50.14
Maule,2018,8,58.0
Maule,2018,9,56.71
Maule,2018,10,54.57
Maule,2018,11,59.71
Maule,2018,12,61.71
Maule,2018,13,58.71
Maule,2018,14,65.29
Maule,2018,15,78.86
Maule,2018,16,79.0
Maule,2018,17,74.43
Maule,2018,18,79.71
Maule,2018,19,85.57
Maule,2018,20,82.14
Maule,2018,21,84.29
Maule,2018,22,83.86
Maule,2018,23,84.29
Maule,2018,24,83.71
Maule,2018,25,86.57
Maule,2018,26,87.57
Maule,2018,27,83.57
Maule,2018,28,89.71
Maule,2018,29,79.57
Maule,2018,30,86.29
Maule,2018,31,84.29
Maule,2018,32,84.43
Maule,2018,33,75.14
Maule,2018,34,81.29
Maule,2018,35,87.57
Maule,2018,36,75.43
Maule,2018,37,79.71
Maule,2018,38,81.86
Maule,2018,39,76.43
Maule,2018,40,73.86
Maule,2018,41,73.14
Maule,2018,42,71.29
Maule,2018,43,70.14
Maule,2018,44,78.57
Maule,2018,45,67.14
Maule,2018,46,67.86
Maule,2018,47,52.71
Maule,2018,48,47.14
Maule,2018,49,57.71
Maule,2018,50,48.43
Maule,2018,51,47.86
Maule,2018,52,46.86
Maule,2019,1,46.71
Maule,2019,2,50.86
Maule,2019,3,46.29
Maule,2019,4,39.0
Maule,2019,5,44.14
Maule,2019,6,43.0
Maule,2019,7,54.71
Maule,2019,8,57.14
Maule,2019,9,48.14
Maule,2019,10,53.0
Maule,2019,11,54.0
Maule,2019,12,49.29
Maule,2019,13,69.71
Maule,2019,14,67.0
Maule,2019,15,75.14
Maule,2019,16,72.71
Maule,2019,17,79.71
Maule,2019,18,74.14
Maule,2019,19,86.43
Maule,2019,20,85.29
Maule,2019,21,85.0
Maule,2019,22,85.0
Maule,2019,23,88.57
Maule,2019,24,86.0
Maule,2019,25,86.43
Maule,2019,26,82.43
Maule,2019,27,83.86
Maule,2019,28,89.57
Maule,2019,29,82.0
Maule,2019,30,84.43
Maule,2019,31,80.71
Maule,2019,32,83.86
Maule,2019,33,83.0
Maule,2019,34,82.43
Maule,2019,35,78.43
Maule,2019,36,79.0
Maule,2019,37,80.14
Maule,2019,38,72.0
Maule,2019,39,83.86
Maule,2019,40,75.29
Maule,2019,41,67.14
Maule,2019,42,70.57
Maule,2019,43,59.86
Maule,2019,44,61.43
Maule,2019,45,50.57
Maule,2019,46,53.14
Maule,2019,47,49.14
Maule,2019,48,44.57
Maule,2019,49,44.43
Maule,2019,50,43.71
Maule,2019,51,42.57
Maule,2019,52,42.71
Maule,2020,1,44.14
Maule,2020,2,47.14
Maule,2020,3,42.43
Maule,2020,4,45.29
Maule,2020,5,39.71
Maule,2020,6,42.86
Maule,2020,7,43.14
Maule,2020,8,46.86
Maule,2020,9,46.71
Maule,2020,10,45.43
Maule,2020,11,42.71
Maule,2020,12,51.43
Maule,2020,13,65.14
Maule,2020,14,45.43
Maule,2020,15,55.57
Maule,2020,16,58.14
Maule,2020,17,63.43
Maule,2020,18,78.86
Maule,2020,19,74.43
Maule,2020,20,74.29
Maule,2020,21,79.86
Maule,2020,22,79.29
Maule,2020,23,85.0
Maule,2020,24,83.29
Maule,2020,25,87.43
Maule,2020,26,86.86
Maule,2020,27,84.71
Maule,2020,28,81.86
Maule,2020,29,88.57
Maule,2020,30,86.14
Maule,2020,31,84.71
Maule,2020,32,81.57
Maule,2020,33,72.86
Maule,2020,34,80.0
Maule,2020,35,78.43
Maule,2020,36,80.57
Maule,2020,37,79.43
Maule,2020,38,73.29
Maule,2020,39,75.43
Maule,2020,40,67.86
Maule,2020,41,62.29
Maule,2020,42,68.43
Maule,2020,43,58.0
Maule,2020,44,61.71
Maule,2020,45,57.0
Maule,2020,46,57.57
Maule,2020,47,57.71
Maule,2020,48,45.14
Maule,2020,49,44.29
Maule,2020,50,47.71
Maule,2020,51,46.14
Maule,2020,52,45.29
Maule,2020,53,44.14
Maule,2021,1,42.0
Maule,2021,2,37.71
Maule,2021,3,52.71
Maule,2021,4,57.29
Maule,2021,5,78.29
Maule,2021,6,73.57
Maule,2021,7,60.29
Maule,2021,8,54.57
Maule,2021,9,60.0
Maule,2021,10,57.57
Maule,2021,11,61.43
Maule,2021,12,54.14
Maule,2021,13,72.14
Maule,2021,14,65.57
Maule,2021,15,72.57
Maule,2021,16,80.0
Maule,2021,17,84.43
Maule,2021,18,85.86
Maule,2021,19,85.29
Maule,2021,20,85.14
Maule,2021,21,87.0
Maule,2021,22,86.29
Maule,2021,23,86.14
Maule,2021,24,86.57
Maule,2021,25,82.14
Maule,2021,26,86.57
Maule,2021,27,86.14
Maule,2021,28,86.71
Maule,2021,29,87.29
Maule,2021,30,82.14
Maule,2021,31,84.71
Maule,2021,32,87.14
Maule,2021,33,85.14
Maule,2021,34,79.43
Maule,2021,35,81.86
Maule,2021,36,81.57
Maule,2021,37,78.0
Maule,2021,38,76.43
Maule,2021,39,68.57
Maule,2021,40,68.29
Maule,2021,41,66.43
Maule,2021,42,62.71
Maule,2021,43,57.29
Maule,2021,44,58.43
Maule,2021,45,57.86
Maule,2021,46,50.0
Maule,2021,47,49.86
Maule,2021,48,51.0
Maule,2021,49,61.71
Maule,2021,50,46.29
Maule,2021,51,42.29
Maule,2021,52,52.86
Maule,2022,1,51.71
Maule,2022,2,54.86
Maule,2022,3,43.71
Maule,2022,4,55.0
Maule,2022,5,50.0
Maule,2022,6,48.57
Maule,2022,7,49.57
Maule,2022,8,61.86
Maule,2022,9,48.86
Maule,2022,10,55.14
Maule,2022,11,47.57
Maule,2022,12,57.0
Maule,2022,13,51.43
Maule,2022,14,62.71
Maule,2022,15,63.43
Maule,2022,16,82.29
Maule,2022,17,80.43
Maule,2022,18,85.14
Maule,2022,19,83.57
Maule,2022,20,85.0
Maule,2022,21,86.86
Maule,2022,22,84.14
Maule,2022,23,88.86
Maule,2022,24,90.0
Maule,2022,25,86.71
Maule,2022,26,86.29
Maule,2022,27,84.29
Maule,2022,28,87.29
Maule,2022,29,89.0
Maule,2022,30,86.14
Maule,2022,31,85.86
Maule,2022,32,87.14
Maule,2022,33,80.29
Maule,2022,34,81.0
Maule,2022,35,80.86
Maule,2022,36,81.71
Maule,2022,37,82.29
Maule,2022,38,79.14
Maule,2022,39,82.57
Maule,2022,40,74.71
Maule,2022,41,67.0
Maule,2022,42,68.14
Maule,2022,43,61.57
Maule,2022,44,54.43
Maule,2022,45,69.0
Maule,2022,46,58.57
Maule,2022,47,50.43
Maule,2022,48,47.43
Maule,2022,49,44.0
Maule,2022,50,45.86
Maule,2022,51,46.57
Maule,2022,52,48.71
Maule,2023,1,51.43
Maule,2023,2,41.86
Maule,2023,3,49.14
Maule,2023,4,43.14
Maule,2023,5,47.71
Maule,2023,6,40.0
Maule,2023,7,40.86
Maule,2023,8,45.71
Maule,2023,9,43.86
Maule,2023,10,62.0
Maule,2023,11,56.71
Maule,2023,12,42.71
Maule,2023,13,50.29
Maule,2023,14,54.14
Maule,2023,15,71.71
Maule,2023,16,67.57
Maule,2023,17,78.0
Maule,2023,18,83.14
Maule,2023,19,79.29
Maule,2023,20,82.57
Maule,2023,21,84.29
Maule,2023,22,86.71
Maule,2023,23,82.43
Maule,2023,24,85.43
Maule,2023,25,91.43
Maule,2023,26,85.14
Maule,2023,27,87.43
Maule,2023,28,85.57
Maule,2023,29,86.43
Maule,2023,30,88.57
Maule,2023,31,82.86
Maule,2023,32,80.43
Maule,2023,33,87.43
Maule,2023,34,82.0
Maule,2023,35,84.14
Maule,2023,36,85.29
Maule,2023,37,80.29
Maule,2023,38,76.57
Maule,2023,39,75.29
Maule,2023,40,72.57
Maule,2023,41,63.29
Maule,2023,42,65.86
Maule,2023,43,70.86
Maule,2023,44,68.86
Maule,2023,45,68.71
Maule,2023,46,67.86
Maule,2023,47,64.57
Maule,2023,48,56.0
Maule,2023,49,51.71
Maule,2023,50,52.29
Maule,2023,51,50.43
Maule,2023,52,62.14
Maule,2024,1,57.14
Maule,2024,2,43.86
Maule,2024,3,41.86
Maule,2024,4,51.29
Maule,2024,5,39.29
Maule,2024,6,50.14
Maule,2024,7,49.71
Maule,2024,8,53.29
Maule,2024,9,40.71
Maule,2024,10,49.71
Maule,2024,11,52.0
Maule,2024,12,60.0
Maule,2024,13,56.86
Maule,2024,14,66.14
Maule,2024,15,76.71
Maule,2024,16,71.43
Maule,2024,17,74.29
Maule,2024,18,80.14
Maule,2024,19,81.71
Maule,2024,20,84.43
Maule,2024,21,87.14
Maule,2024,22,88.86
Maule,2024,23,87.57
Maule,2024,24,83.71
Maule,2024,25,88.0
Maule,2024,26,80.43
Maule,2024,27,82.0
Maule,2024,28,90.0
Maule,2024,29,86.43
Maule,2024,30,83.43
Maule,2024,31,81.86
Maule,2024,32,82.29
Maule,2024,33,78.57
Maule,2024,34,81.86
Maule,2024,35,84.57
Maule,2024,36,79.86
Maule,2024,37,70.14
Maule,2024,38,79.43
Maule,2024,39,74.29
Maule,2024,40,75.43
Maule,2024,41,75.71
Maule,2024,42,71.57
Maule,2024,43,66.71
Maule,2024,44,65.14
Maule,2024,45,57.71
Maule,2024,46,55.71
Maule,2024,47,53.86
Maule,2024,48,46.57
Maule,2024,49,50.0
Maule,2024,50,43.71
Maule,2024,51,46.57
Maule,2024,52,52.43
Maule,2025,1,44.0
Maule,2025,2,43.29
Maule,2025,3,43.57
Maule,2025,4,44.86
Maule,2025,5,41.57
Maule,2025,6,38.86
Maule,2025,7,42.57
Maule,2025,8,49.14
Maule,2025,9,53.57
Maule,2025,10,57.29
Maule,2025,11,57.86
Maule,2025,12,52.57
Maule,2025,13,67.57
Maule,2025,14,69.0
Maule,2025,15,75.43
Maule,2025,16,76.86
Maule,2025,17,80.14
Maule,2025,18,82.14
Maule,2025,19,82.14
Maule,2025,20,87.14
Maule,2025,21,80.86
Maule,2025,22,76.86
Maule,2025,23,88.29
Maule,2025,24,87.14
Maule,2025,25,84.71
Maule,2025,26,81.57
Maule,2025,27,80.71
Maule,2025,28,87.57
Maule,2025,29,80.57
Maule,2025,30,88.71
Maule,2025,31,88.14
Maule,2025,32,83.57
Maule,2025,33,83.57
Maule,2025,34,84.43
Maule,2025,35,84.29
Maule,2025,36,81.29
Maule,2025,37,76.14
Maule,2025,38,80.0
Maule,2025,39,76.86
Maule,2025,40,73.86
Maule,2025,41,71.14
Maule,2025,42,70.71
Maule,2025,43,61.0
Maule,2025,44,55.86
Maule,2025,45,62.43
Maule,2025,46,53.57
Maule,2025,47,47.29
Maule,2025,48,63.29
Maule,2025,49,48.14
Maule,2025,50,58.0
Maule,2025,51,50.86
Maule,2025,52,40.71
Maule,2026,1,52.14
Maule,2026,2,48.14
Maule,2026,3,37.57
Maule,2026,4,49.86
Maule,2026,5,55.71
Maule,2026,6,56.71
Maule,2026,7,46.86
Maule,2026,8,50.71
Maule,2026,9,51.29
Maule,2026,10,64.0
Maule,2026,11,56.14
Maule,2026,12,78.57
Maule,2026,13,69.71
Maule,2026,14,71.29
Maule,2026,15,79.0
Maule,2026,16,83.71
Maule,2026,17,72.14
Maule,2026,18,77.71
Maule,2026,19,78.86
Maule,2026,20,84.57
Maule,2026,21,89.71
Maule,2026,22,88.43
Maule,2026,23,91.71
Maule,2026,24,92.14
Maule,2026,25,88.33
Metropolitana,2014,1,41.4
Metropolitana,2014,2,48.0
Metropolitana,2014,3,62.0
Metropolitana,2014,4,56.71
Metropolitana,2014,5,54.57
Metropolitana,2014,6,49.71
Metropolitana,2014,7,59.14
Metropolitana,2014,8,50.71
Metropolitana,2014,9,55.57
Metropolitana,2014,10,47.14
Metropolitana,2014,11,50.29
Metropolitana,2014,12,41.57
Metropolitana,2014,13,55.43
Metropolitana,2014,14,58.43
Metropolitana,2014,15,46.43
Metropolitana,2014,16,42.43
Metropolitana,2014,17,48.43
Metropolitana,2014,18,61.0
Metropolitana,2014,19,60.57
Metropolitana,2014,20,54.71
Metropolitana,2014,21,57.14
Metropolitana,2014,22,58.71
Metropolitana,2014,23,72.14
Metropolitana,2014,24,62.57
Metropolitana,2014,25,57.29
Metropolitana,2014,26,55.0
Metropolitana,2014,27,69.0
Metropolitana,2014,28,56.71
Metropolitana,2014,29,66.29
Metropolitana,2014,30,68.29
Metropolitana,2014,31,70.14
Metropolitana,2014,32,57.71
Metropolitana,2014,33,56.43
Metropolitana,2014,34,71.0
Metropolitana,2014,35,64.29
Metropolitana,2014,36,79.0
Metropolitana,2014,37,74.14
Metropolitana,2014,38,72.0
Metropolitana,2014,39,73.43
Metropolitana,2014,40,75.71
Metropolitana,2014,41,68.14
Metropolitana,2014,42,60.43
Metropolitana,2014,43,62.86
Metropolitana,2014,44,62.0
Metropolitana,2014,45,47.57
Metropolitana,2014,46,52.57
Metropolitana,2014,47,62.14
Metropolitana,2014,48,62.71
Metropolitana,2014,49,55.0
Metropolitana,2014,50,60.0
Metropolitana,2014,51,57.14
Metropolitana,2014,52,46.43
Metropolitana,2015,1,51.43
Metropolitana,2015,2,49.0
Metropolitana,2015,3,53.57
Metropolitana,2015,4,62.71
Metropolitana,2015,5,52.86
Metropolitana,2015,6,52.0
Metropolitana,2015,7,41.71
Metropolitana,2015,8,51.57
Metropolitana,2015,9,66.29
Metropolitana,2015,10,58.14
Metropolitana,2015,11,44.0
Metropolitana,2015,12,43.86
Metropolitana,2015,13,57.57
Metropolitana,2015,14,48.71
Metropolitana,2015,15,49.14
Metropolitana,2015,16,52.43
Metropolitana,2015,17,43.14
Metropolitana,2015,18,50.29
Metropolitana,2015,19,47.0
Metropolitana,2015,20,46.0
Metropolitana,2015,21,55.86
Metropolitana,2015,22,50.43
Metropolitana,2015,23,52.86
Metropolitana,2015,24,58.14
Metropolitana,2015,25,42.57
Metropolitana,2015,26,49.57
Metropolitana,2015,27,47.71
Metropolitana,2015,28,68.57
Metropolitana,2015,29,65.14
Metropolitana,2015,30,52.14
Metropolitana,2015,31,73.57
Metropolitana,2015,32,74.29
Metropolitana,2015,33,71.14
Metropolitana,2015,34,69.14
Metropolitana,2015,35,60.86
Metropolitana,2015,36,63.0
Metropolitana,2015,37,66.14
Metropolitana,2015,38,70.43
Metropolitana,2015,39,74.29
Metropolitana,2015,40,75.0
Metropolitana,2015,41,73.57
Metropolitana,2015,42,68.14
Metropolitana,2015,43,73.43
Metropolitana,2015,44,74.71
Metropolitana,2015,45,73.14
Metropolitana,2015,46,70.71
Metropolitana,2015,47,65.0
Metropolitana,2015,48,54.14
Metropolitana,2015,49,57.14
Metropolitana,2015,50,53.43
Metropolitana,2015,51,48.43
Metropolitana,2015,52,48.57
Metropolitana,2015,53,55.43
Metropolitana,2016,1,55.0
Metropolitana,2016,2,52.43
Metropolitana,2016,3,59.71
Metropolitana,2016,4,57.57
Metropolitana,2016,5,57.86
Metropolitana,2016,6,53.0
Metropolitana,2016,7,46.71
Metropolitana,2016,8,41.57
Metropolitana,2016,9,45.86
Metropolitana,2016,10,51.71
Metropolitana,2016,11,53.14
Metropolitana,2016,12,54.29
Metropolitana,2016,13,64.71
Metropolitana,2016,14,63.57
Metropolitana,2016,15,75.14
Metropolitana,2016,16,75.0
Metropolitana,2016,17,59.57
Metropolitana,2016,18,72.86
Metropolitana,2016,19,71.14
Metropolitana,2016,20,71.57
Metropolitana,2016,21,65.43
Metropolitana,2016,22,76.57
Metropolitana,2016,23,53.0
Metropolitana,2016,24,61.14
Metropolitana,2016,25,62.57
Metropolitana,2016,26,61.57
Metropolitana,2016,27,60.57
Metropolitana,2016,28,66.71
Metropolitana,2016,29,67.0
Metropolitana,2016,30,65.71
Metropolitana,2016,31,57.86
Metropolitana,2016,32,60.29
Metropolitana,2016,33,63.71
Metropolitana,2016,34,71.57
Metropolitana,2016,35,66.57
Metropolitana,2016,36,58.0
Metropolitana,2016,37,64.0
Metropolitana,2016,38,55.0
Metropolitana,2016,39,61.29
Metropolitana,2016,40,50.86
Metropolitana,2016,41,60.71
Metropolitana,2016,42,71.71
Metropolitana,2016,43,63.86
Metropolitana,2016,44,53.43
Metropolitana,2016,45,44.0
Metropolitana,2016,46,45.14
Metropolitana,2016,47,64.86
Metropolitana,2016,48,55.71
Metropolitana,2016,49,58.86
Metropolitana,2016,50,52.43
Metropolitana,2016,51,50.29
Metropolitana,2016,52,61.0
Metropolitana,2017,1,48.14
Metropolitana,2017,2,47.29
Metropolitana,2017,3,42.71
Metropolitana,2017,4,54.43
Metropolitana,2017,5,52.86
Metropolitana,2017,6,52.0
Metropolitana,2017,7,56.14
Metropolitana,2017,8,59.57
Metropolitana,2017,9,61.43
Metropolitana,2017,10,41.86
Metropolitana,2017,11,58.71
Metropolitana,2017,12,67.0
Metropolitana,2017,13,64.0
Metropolitana,2017,14,61.14
Metropolitana,2017,15,59.29
Metropolitana,2017,16,73.14
Metropolitana,2017,17,47.14
Metropolitana,2017,18,66.86
Metropolitana,2017,19,76.71
Metropolitana,2017,20,66.43
Metropolitana,2017,21,66.43
Metropolitana,2017,22,63.14
Metropolitana,2017,23,55.43
Metropolitana,2017,24,71.29
Metropolitana,2017,25,59.71
Metropolitana,2017,26,56.0
Metropolitana,2017,27,68.71
Metropolitana,2017,28,74.14
Metropolitana,2017,29,48.57
Metropolitana,2017,30,75.71
Metropolitana,2017,31,76.29
Metropolitana,2017,32,75.14
Metropolitana,2017,33,65.86
Metropolitana,2017,34,72.29
Metropolitana,2017,35,76.0
Metropolitana,2017,36,78.29
Metropolitana,2017,37,69.71
Metropolitana,2017,38,78.14
Metropolitana,2017,39,79.57
Metropolitana,2017,40,75.43
Metropolitana,2017,41,70.43
Metropolitana,2017,42,73.57
Metropolitana,2017,43,69.14
Metropolitana,2017,44,69.57
Metropolitana,2017,45,64.43
Metropolitana,2017,46,57.86
Metropolitana,2017,47,50.14
Metropolitana,2017,48,65.86
Metropolitana,2017,49,61.71
Metropolitana,2017,50,59.14
Metropolitana,2017,51,47.43
Metropolitana,2017,52,54.57
Metropolitana,2018,1,51.57
Metropolitana,2018,2,65.57
Metropolitana,2018,3,62.29
Metropolitana,2018,4,60.29
Metropolitana,2018,5,56.57
Metropolitana,2018,6,53.86
Metropolitana,2018,7,57.57
Metropolitana,2018,8,61.71
Metropolitana,2018,9,65.0
Metropolitana,2018,10,60.29
Metropolitana,2018,11,47.86
Metropolitana,2018,12,57.0
Metropolitana,2018,13,52.86
Metropolitana,2018,14,67.14
Metropolitana,2018,15,69.0
Metropolitana,2018,16,65.14
Metropolitana,2018,17,59.57
Metropolitana,2018,18,66.57
Metropolitana,2018,19,66.0
Metropolitana,2018,20,54.57
Metropolitana,2018,21,48.86
Metropolitana,2018,22,70.43
Metropolitana,2018,23,49.71
Metropolitana,2018,24,46.71
Metropolitana,2018,25,61.57
Metropolitana,2018,26,71.0
Metropolitana,2018,27,62.86
Metropolitana,2018,28,69.57
Metropolitana,2018,29,69.57
Metropolitana,2018,30,60.0
Metropolitana,2018,31,61.57
Metropolitana,2018,32,60.71
Metropolitana,2018,33,69.71
Metropolitana,2018,34,59.71
Metropolitana,2018,35,80.57
Metropolitana,2018,36,68.57
Metropolitana,2018,37,71.0
Metropolitana,2018,38,73.29
Metropolitana,2018,39,80.29
Metropolitana,2018,40,68.57
Metropolitana,2018,41,75.71
Metropolitana,2018,42,70.86
Metropolitana,2018,43,56.71
Metropolitana,2018,44,71.43
Metropolitana,2018,45,46.43
Metropolitana,2018,46,50.71
Metropolitana,2018,47,39.43
Metropolitana,2018,48,49.29
Metropolitana,2018,49,62.43
Metropolitana,2018,50,51.14
Metropolitana,2018,51,54.14
Metropolitana,2018,52,52.86
Metropolitana,2019,1,45.57
Metropolitana,2019,2,56.86
Metropolitana,2019,3,50.71
Metropolitana,2019,4,46.43
Metropolitana,2019,5,47.29
Metropolitana,2019,6,52.86
Metropolitana,2019,7,57.43
Metropolitana,2019,8,62.14
Metropolitana,2019,9,47.14
Metropolitana,2019,10,53.57
Metropolitana,2019,11,55.29
Metropolitana,2019,12,38.71
Metropolitana,2019,13,64.29
Metropolitana,2019,14,60.43
Metropolitana,2019,15,72.43
Metropolitana,2019,16,62.43
Metropolitana,2019,17,74.29
Metropolitana,2019,18,60.71
Metropolitana,2019,19,70.0
Metropolitana,2019,20,62.14
Metropolitana,2019,21,51.29
Metropolitana,2019,22,59.86
Metropolitana,2019,23,53.86
Metropolitana,2019,24,68.57
Metropolitana,2019,25,52.86
Metropolitana,2019,26,72.0
Metropolitana,2019,27,52.0
Metropolitana,2019,28,72.43
Metropolitana,2019,29,61.14
Metropolitana,2019,30,62.0
Metropolitana,2019,31,57.29
Metropolitana,2019,32,71.86
Metropolitana,2019,33,66.29
Metropolitana,2019,34,61.14
Metropolitana,2019,35,57.57
Metropolitana,2019,36,62.29
Metropolitana,2019,37,60.86
Metropolitana,2019,38,59.0
Metropolitana,2019,39,66.86
Metropolitana,2019,40,59.14
Metropolitana,2019,41,44.57
Metropolitana,2019,42,68.0
Metropolitana,2019,43,48.29
Metropolitana,2019,44,49.0
Metropolitana,2019,45,42.29
Metropolitana,2019,46,48.86
Metropolitana,2019,47,43.86
Metropolitana,2019,48,41.0
Metropolitana,2019,49,44.57
Metropolitana,2019,50,45.57
Metropolitana,2019,51,37.29
Metropolitana,2019,52,39.29
Metropolitana,2020,1,45.43
Metropolitana,2020,2,44.86
Metropolitana,2020,3,43.29
Metropolitana,2020,4,49.0
Metropolitana,2020,5,45.14
Metropolitana,2020,6,39.0
Metropolitana,2020,7,44.29
Metropolitana,2020,8,47.57
Metropolitana,2020,9,47.71
Metropolitana,2020,10,51.0
Metropolitana,2020,11,48.43
Metropolitana,2020,12,57.57
Metropolitana,2020,13,62.43
Metropolitana,2020,14,45.57
Metropolitana,2020,15,59.71
Metropolitana,2020,16,56.57
Metropolitana,2020,17,64.29
Metropolitana,2020,18,57.0
Metropolitana,2020,19,52.57
Metropolitana,2020,20,50.57
Metropolitana,2020,21,59.86
Metropolitana,2020,22,71.14
Metropolitana,2020,23,64.43
Metropolitana,2020,24,55.57
Metropolitana,2020,25,71.71
Metropolitana,2020,26,68.43
Metropolitana,2020,27,70.57
Metropolitana,2020,28,67.0
Metropolitana,2020,29,59.29
Metropolitana,2020,30,61.86
Metropolitana,2020,31,57.86
Metropolitana,2020,32,73.0
Metropolitana,2020,33,74.43
Metropolitana,2020,34,62.57
Metropolitana,2020,35,71.29
Metropolitana,2020,36,73.43
Metropolitana,2020,37,69.86
Metropolitana,2020,38,63.71
Metropolitana,2020,39,66.29
Metropolitana,2020,40,63.29
Metropolitana,2020,41,54.0
Metropolitana,2020,42,61.43
Metropolitana,2020,43,61.57
Metropolitana,2020,44,54.14
Metropolitana,2020,45,57.0
Metropolitana,2020,46,62.14
Metropolitana,2020,47,61.0
Metropolitana,2020,48,42.86
Metropolitana,2020,49,45.14
Metropolitana,2020,50,46.86
Metropolitana,2020,51,43.14
Metropolitana,2020,52,46.14
Metropolitana,2020,53,48.29
Metropolitana,2021,1,49.14
Metropolitana,2021,2,39.14
Metropolitana,2021,3,53.0
Metropolitana,2021,4,60.71
Metropolitana,2021,5,77.0
Metropolitana,2021,6,74.43
Metropolitana,2021,7,63.86
Metropolitana,2021,8,54.71
Metropolitana,2021,9,60.86
Metropolitana,2021,10,59.29
Metropolitana,2021,11,68.14
Metropolitana,2021,12,53.71
Metropolitana,2021,13,71.86
Metropolitana,2021,14,63.29
Metropolitana,2021,15,61.0
Metropolitana,2021,16,71.0
Metropolitana,2021,17,68.29
Metropolitana,2021,18,66.14
Metropolitana,2021,19,52.0
Metropolitana,2021,20,65.43
Metropolitana,2021,21,58.57
Metropolitana,2021,22,71.43
Metropolitana,2021,23,57.71
Metropolitana,2021,24,70.14
Metropolitana,2021,25,67.14
Metropolitana,2021,26,48.29
Metropolitana,2021,27,61.57
Metropolitana,2021,28,63.0
Metropolitana,2021,29,54.14
Metropolitana,2021,30,46.14
Metropolitana,2021,31,66.14
Metropolitana,2021,32,70.43
Metropolitana,2021,33,77.14
Metropolitana,2021,34,75.71
Metropolitana,2021,35,84.0
Metropolitana,2021,36,70.57
Metropolitana,2021,37,68.29
Metropolitana,2021,38,68.0
Metropolitana,2021,39,55.86
Metropolitana,2021,40,59.29
Metropolitana,2021,41,60.57
Metropolitana,2021,42,56.86
Metropolitana,2021,43,50.86
Metropolitana,2021,44,60.57
Metropolitana,2021,45,57.14
Metropolitana,2021,46,49.86
Metropolitana,2021,47,55.43
Metropolitana,2021,48,48.0
Metropolitana,2021,49,60.29
Metropolitana,2021,50,49.43
Metropolitana,2021,51,48.14
Metropolitana,2021,52,53.71
Metropolitana,2022,1,55.71
Metropolitana,2022,2,60.43
Metropolitana,2022,3,43.43
Metropolitana,2022,4,58.43
Metropolitana,2022,5,53.14
Metropolitana,2022,6,53.29
Metropolitana,2022,7,53.0
Metropolitana,2022,8,57.86
Metropolitana,2022,9,47.0
Metropolitana,2022,10,47.29
Metropolitana,2022,11,51.14
Metropolitana,2022,12,50.14
Metropolitana,2022,13,40.43
Metropolitana,2022,14,51.43
Metropolitana,2022,15,52.43
Metropolitana,2022,16,60.86
Metropolitana,2022,17,63.43
Metropolitana,2022,18,61.0
Metropolitana,2022,19,60.71
Metropolitana,2022,20,63.43
Metropolitana,2022,21,72.0
Metropolitana,2022,22,70.29
Metropolitana,2022,23,62.14
Metropolitana,2022,24,64.43
Metropolitana,2022,25,68.86
Metropolitana,2022,26,63.14
Metropolitana,2022,27,64.86
Metropolitana,2022,28,62.71
Metropolitana,2022,29,56.43
Metropolitana,2022,30,72.86
Metropolitana,2022,31,80.57
Metropolitana,2022,32,59.86
Metropolitana,2022,33,64.0
Metropolitana,2022,34,70.0
Metropolitana,2022,35,62.43
Metropolitana,2022,36,64.0
Metropolitana,2022,37,74.29
Metropolitana,2022,38,71.0
Metropolitana,2022,39,73.0
Metropolitana,2022,40,66.43
Metropolitana,2022,41,57.71
Metropolitana,2022,42,61.86
Metropolitana,2022,43,58.14
Metropolitana,2022,44,51.14
Metropolitana,2022,45,66.14
Metropolitana,2022,46,51.0
Metropolitana,2022,47,48.0
Metropolitana,2022,48,55.14
Metropolitana,2022,49,41.86
Metropolitana,2022,50,41.0
Metropolitana,2022,51,46.29
Metropolitana,2022,52,55.0
Metropolitana,2023,1,52.29
Metropolitana,2023,2,46.57
Metropolitana,2023,3,51.71
Metropolitana,2023,4,41.43
Metropolitana,2023,5,47.0
Metropolitana,2023,6,41.86
Metropolitana,2023,7,42.29
Metropolitana,2023,8,44.57
Metropolitana,2023,9,43.43
Metropolitana,2023,10,57.57
Metropolitana,2023,11,56.43
Metropolitana,2023,12,41.86
Metropolitana,2023,13,41.71
Metropolitana,2023,14,37.14
Metropolitana,2023,15,65.71
Metropolitana,2023,16,54.86
Metropolitana,2023,17,68.86
Metropolitana,2023,18,67.71
Metropolitana,2023,19,48.0
Metropolitana,2023,20,78.0
Metropolitana,2023,21,73.57
Metropolitana,2023,22,64.57
Metropolitana,2023,23,69.71
Metropolitana,2023,24,45.29
Metropolitana,2023,25,83.29
Metropolitana,2023,26,62.86
Metropolitana,2023,27,67.14
Metropolitana,2023,28,61.71
Metropolitana,2023,29,63.71
Metropolitana,2023,30,62.14
Metropolitana,2023,31,67.57
Metropolitana,2023,32,64.71
Metropolitana,2023,33,76.43
Metropolitana,2023,34,74.29
Metropolitana,2023,35,73.29
Metropolitana,2023,36,77.43
Metropolitana,2023,37,73.29
Metropolitana,2023,38,80.86
Metropolitana,2023,39,73.43
Metropolitana,2023,40,69.0
Metropolitana,2023,41,61.29
Metropolitana,2023,42,67.43
Metropolitana,2023,43,69.71
Metropolitana,2023,44,65.86
Metropolitana,2023,45,68.71
Metropolitana,2023,46,62.14
Metropolitana,2023,47,58.86
Metropolitana,2023,48,59.43
Metropolitana,2023,49,46.43
Metropolitana,2023,50,51.71
Metropolitana,2023,51,47.86
Metropolitana,2023,52,59.71
Metropolitana,2024,1,57.86
Metropolitana,2024,2,46.86
Metropolitana,2024,3,42.86
Metropolitana,2024,4,53.71
Metropolitana,2024,5,39.57
Metropolitana,2024,6,47.0
Metropolitana,2024,7,50.86
Metropolitana,2024,8,62.43
Metropolitana,2024,9,45.86
Metropolitana,2024,10,46.86
Metropolitana,2024,11,48.86
Metropolitana,2024,12,48.57
Metropolitana,2024,13,53.86
Metropolitana,2024,14,50.86
Metropolitana,2024,15,59.43
Metropolitana,2024,16,55.43
Metropolitana,2024,17,60.57
Metropolitana,2024,18,64.14
Metropolitana,2024,19,62.43
Metropolitana,2024,20,48.43
Metropolitana,2024,21,73.0
Metropolitana,2024,22,50.86
Metropolitana,2024,23,59.71
Metropolitana,2024,24,67.0
Metropolitana,2024,25,76.14
Metropolitana,2024,26,61.0
Metropolitana,2024,27,45.57
Metropolitana,2024,28,51.57
Metropolitana,2024,29,62.29
Metropolitana,2024,30,64.29
Metropolitana,2024,31,66.14
Metropolitana,2024,32,56.86
Metropolitana,2024,33,74.29
Metropolitana,2024,34,65.14
Metropolitana,2024,35,67.0
Metropolitana,2024,36,72.57
Metropolitana,2024,37,69.0
Metropolitana,2024,38,65.57
Metropolitana,2024,39,65.29
Metropolitana,2024,40,60.0
Metropolitana,2024,41,80.29
Metropolitana,2024,42,62.57
Metropolitana,2024,43,64.86
Metropolitana,2024,44,64.71
Metropolitana,2024,45,49.29
Metropolitana,2024,46,51.14
Metropolitana,2024,47,47.57
Metropolitana,2024,48,43.29
Metropolitana,2024,49,48.0
Metropolitana,2024,50,43.43
Metropolitana,2024,51,44.57
Metropolitana,2024,52,53.14
Metropolitana,2025,1,44.29
Metropolitana,2025,2,49.57
Metropolitana,2025,3,41.29
Metropolitana,2025,4,44.43
Metropolitana,2025,5,43.14
Metropolitana,2025,6,38.29
Metropolitana,2025,7,42.14
Metropolitana,2025,8,45.0
Metropolitana,2025,9,46.86
Metropolitana,2025,10,50.29
Metropolitana,2025,11,51.14
Metropolitana,2025,12,51.71
Metropolitana,2025,13,59.29
Metropolitana,2025,14,62.14
Metropolitana,2025,15,63.57
Metropolitana,2025,16,50.14
Metropolitana,2025,17,66.29
Metropolitana,2025,18,62.14
Metropolitana,2025,19,69.14
Metropolitana,2025,20,82.57
Metropolitana,2025,21,64.43
Metropolitana,2025,22,63.57
Metropolitana,2025,23,64.14
Metropolitana,2025,24,59.0
Metropolitana,2025,25,58.29
Metropolitana,2025,26,65.86
Metropolitana,2025,27,64.43
Metropolitana,2025,28,71.57
Metropolitana,2025,29,64.43
Metropolitana,2025,30,74.71
Metropolitana,2025,31,70.0
Metropolitana,2025,32,72.57
Metropolitana,2025,33,67.29
Metropolitana,2025,34,74.86
Metropolitana,2025,35,77.43
Metropolitana,2025,36,82.14
Metropolitana,2025,37,57.71
Metropolitana,2025,38,69.57
Metropolitana,2025,39,67.29
Metropolitana,2025,40,68.43
Metropolitana,2025,41,58.29
Metropolitana,2025,42,52.71
Metropolitana,2025,43,53.0
Metropolitana,2025,44,53.29
Metropolitana,2025,45,61.43
Metropolitana,2025,46,50.29
Metropolitana,2025,47,46.57
Metropolitana,2025,48,63.0
Metropolitana,2025,49,53.14
Metropolitana,2025,50,64.0
Metropolitana,2025,51,50.43
Metropolitana,2025,52,43.86
Metropolitana,2026,1,52.86
Metropolitana,2026,2,56.57
Metropolitana,2026,3,41.71
Metropolitana,2026,4,54.29
Metropolitana,2026,5,60.14
Metropolitana,2026,6,52.0
Metropolitana,2026,7,42.0
Metropolitana,2026,8,39.71
Metropolitana,2026,9,40.0
Metropolitana,2026,10,50.86
Metropolitana,2026,11,47.86
Metropolitana,2026,12,64.29
Metropolitana,2026,13,57.57
Metropolitana,2026,14,53.14
Metropolitana,2026,15,61.43
Metropolitana,2026,16,59.71
Metropolitana,2026,17,65.29
Metropolitana,2026,18,56.29
Metropolitana,2026,19,62.86
Metropolitana,2026,20,66.43
Metropolitana,2026,21,69.14
Metropolitana,2026,22,53.57
Metropolitana,2026,23,62.57
Metropolitana,2026,24,57.71
Metropolitana,2026,25,53.33
O'Higgins,2014,1,47.0
O'Higgins,2014,2,49.0
O'Higgins,2014,3,65.71
O'Higgins,2014,4,57.71
O'Higgins,2014,5,51.57
O'Higgins,2014,6,50.86
O'Higgins,2014,7,56.43
O'Higgins,2014,8,51.71
O'Higgins,2014,9,57.57
O'Higgins,2014,10,51.43
O'Higgins,2014,11,48.57
O'Higgins,2014,12,42.71
O'Higgins,2014,13,58.43
O'Higgins,2014,14,65.57
O'Higgins,2014,15,56.0
O'Higgins,2014,16,56.14
O'Higgins,2014,17,55.43
O'Higgins,2014,18,69.29
O'Higgins,2014,19,67.0
O'Higgins,2014,20,62.0
O'Higgins,2014,21,63.86
O'Higgins,2014,22,66.0
O'Higgins,2014,23,78.0
O'Higgins,2014,24,69.71
O'Higgins,2014,25,62.43
O'Higgins,2014,26,63.29
O'Higgins,2014,27,69.29
O'Higgins,2014,28,58.43
O'Higgins,2014,29,67.86
O'Higgins,2014,30,68.0
O'Higgins,2014,31,73.57
O'Higgins,2014,32,59.14
O'Higgins,2014,33,55.86
O'Higgins,2014,34,67.29
O'Higgins,2014,35,63.71
O'Higgins,2014,36,76.86
O'Higgins,2014,37,74.14
O'Higgins,2014,38,69.71
O'Higgins,2014,39,76.14
O'Higgins,2014,40,71.0
O'Higgins,2014,41,72.86
O'Higgins,2014,42,65.71
O'Higgins,2014,43,64.57
O'Higgins,2014,44,65.29
O'Higgins,2014,45,52.86
O'Higgins,2014,46,56.29
O'Higgins,2014,47,64.29
O'Higgins,2014,48,64.57
O'Higgins,2014,49,60.57
O'Higgins,2014,50,62.57
O'Higgins,2014,51,59.29
O'Higgins,2014,52,48.86
O'Higgins,2015,1,54.14
O'Higgins,2015,2,48.71
O'Higgins,2015,3,51.0
O'Higgins,2015,4,61.86
O'Higgins,2015,5,52.14
O'Higgins,2015,6,49.71
O'Higgins,2015,7,42.14
O'Higgins,2015,8,48.29
O'Higgins,2015,9,65.86
O'Higgins,2015,10,55.86
O'Higgins,2015,11,48.0
O'Higgins,2015,12,44.43
O'Higgins,2015,13,61.43
O'Higgins,2015,14,55.43
O'Higgins,2015,15,53.0
O'Higgins,2015,16,60.71
O'Higgins,2015,17,48.57
O'Higgins,2015,18,55.86
O'Higgins,2015,19,54.86
O'Higgins,2015,20,52.43
O'Higgins,2015,21,64.0
O'Higgins,2015,22,60.0
O'Higgins,2015,23,63.86
O'Higgins,2015,24,72.86
O'Higgins,2015,25,56.86
O'Higgins,2015,26,58.86
O'Higgins,2015,27,56.29
O'Higgins,2015,28,77.14
O'Higgins,2015,29,70.29
O'Higgins,2015,30,59.0
O'Higgins,2015,31,75.43
O'Higgins,2015,32,73.57
O'Higgins,2015,33,70.43
O'Higgins,2015,34,67.0
O'Higgins,2015,35,65.0
O'Higgins,2015,36,65.0
O'Higgins,2015,37,67.57
O'Higgins,2015,38,72.57
O'Higgins,2015,39,72.43
O'Higgins,2015,40,73.14
O'Higgins,2015,41,70.71
O'Higgins,2015,42,67.86
O'Higgins,2015,43,71.57
O'Higgins,2015,44,74.0
O'Higgins,2015,45,70.57
O'Higgins,2015,46,74.14
O'Higgins,2015,47,69.57
O'Higgins,2015,48,58.14
O'Higgins,2015,49,61.0
O'Higgins,2015,50,57.0
O'Higgins,2015,51,54.0
O'Higgins,2015,52,54.14
O'Higgins,2015,53,59.14
O'Higgins,2016,1,56.86
O'Higgins,2016,2,53.0
O'Higgins,2016,3,61.57
O'Higgins,2016,4,58.71
O'Higgins,2016,5,60.57
O'Higgins,2016,6,54.86
O'Higgins,2016,7,50.71
O'Higgins,2016,8,43.86
O'Higgins,2016,9,48.14
O'Higgins,2016,10,56.0
O'Higgins,2016,11,57.29
O'Higgins,2016,12,56.71
O'Higgins,2016,13,69.0
O'Higgins,2016,14,67.71
O'Higgins,2016,15,74.71
O'Higgins,2016,16,75.0
O'Higgins,2016,17,61.71
O'Higgins,2016,18,71.29
O'Higgins,2016,19,70.71
O'Higgins,2016,20,69.14
O'Higgins,2016,21,68.0
O'Higgins,2016,22,76.57
O'Higgins,2016,23,62.29
O'Higgins,2016,24,66.14
O'Higgins,2016,25,66.57
O'Higgins,2016,26,65.57
O'Higgins,2016,27,64.86
O'Higgins,2016,28,71.0
O'Higgins,2016,29,70.0
O'Higgins,2016,30,71.57
O'Higgins,2016,31,64.14
O'Higgins,2016,32,62.43
O'Higgins,2016,33,74.14
O'Higgins,2016,34,70.43
O'Higgins,2016,35,62.71
O'Higgins,2016,36,58.86
O'Higgins,2016,37,69.14
O'Higgins,2016,38,55.29
O'Higgins,2016,39,65.71
O'Higgins,2016,40,53.71
O'Higgins,2016,41,60.71
O'Higgins,2016,42,72.0
O'Higgins,2016,43,66.43
O'Higgins,2016,44,62.29
O'Higgins,2016,45,50.57
O'Higgins,2016,46,51.71
O'Higgins,2016,47,64.57
O'Higgins,2016,48,60.0
O'Higgins,2016,49,62.14
O'Higgins,2016,50,51.86
O'Higgins,2016,51,49.86
O'Higgins,2016,52,59.57
O'Higgins,2017,1,47.0
O'Higgins,2017,2,43.57
O'Higgins,2017,3,37.0
O'Higgins,2017,4,52.71
O'Higgins,2017,5,53.71
O'Higgins,2017,6,50.43
O'Higgins,2017,7,57.43
O'Higgins,2017,8,61.29
O'Higgins,2017,9,64.86
O'Higgins,2017,10,41.43
O'Higgins,2017,11,58.86
O'Higgins,2017,12,67.29
O'Higgins,2017,13,65.0
O'Higgins,2017,14,62.29
O'Higgins,2017,15,63.71
O'Higgins,2017,16,78.57
O'Higgins,2017,17,61.43
O'Higgins,2017,18,72.71
O'Higgins,2017,19,79.29
O'Higgins,2017,20,74.86
O'Higgins,2017,21,78.57
O'Higgins,2017,22,77.57
O'Higgins,2017,23,70.71
O'Higgins,2017,24,75.86
O'Higgins,2017,25,66.0
O'Higgins,2017,26,69.0
O'Higgins,2017,27,76.43
O'Higgins,2017,28,79.43
O'Higgins,2017,29,59.71
O'Higgins,2017,30,79.71
O'Higgins,2017,31,78.71
O'Higgins,2017,32,80.86
O'Higgins,2017,33,75.43
O'Higgins,2017,34,73.71
O'Higgins,2017,35,76.29
O'Higgins,2017,36,77.71
O'Higgins,2017,37,73.29
O'Higgins,2017,38,77.71
O'Higgins,2017,39,82.86
O'Higgins,2017,40,78.0
O'Higgins,2017,41,73.43
O'Higgins,2017,42,77.71
O'Higgins,2017,43,75.0
O'Higgins,2017,44,73.0
O'Higgins,2017,45,73.14
O'Higgins,2017,46,66.71
O'Higgins,2017,47,56.71
O'Higgins,2017,48,69.0
O'Higgins,2017,49,63.43
O'Higgins,2017,50,61.57
O'Higgins,2017,51,43.0
O'Higgins,2017,52,54.57
O'Higgins,2018,1,57.14
O'Higgins,2018,2,67.43
O'Higgins,2018,3,64.43
O'Higgins,2018,4,59.86
O'Higgins,2018,5,55.29
O'Higgins,2018,6,52.86
O'Higgins,2018,7,54.71
O'Higgins,2018,8,64.29
O'Higgins,2018,9,62.86
O'Higgins,2018,10,58.14
O'Higgins,2018,11,50.71
O'Higgins,2018,12,64.71
O'Higgins,2018,13,56.14
O'Higgins,2018,14,70.57
O'Higgins,2018,15,75.0
O'Higgins,2018,16,74.29
O'Higgins,2018,17,68.0
O'Higgins,2018,18,72.43
O'Higgins,2018,19,73.43
O'Higgins,2018,20,64.86
O'Higgins,2018,21,54.86
O'Higgins,2018,22,79.43
O'Higgins,2018,23,58.0
O'Higgins,2018,24,60.29
O'Higgins,2018,25,71.0
O'Higgins,2018,26,83.43
O'Higgins,2018,27,76.29
O'Higgins,2018,28,77.71
O'Higgins,2018,29,76.14
O'Higgins,2018,30,70.29
O'Higgins,2018,31,71.86
O'Higgins,2018,32,69.71
O'Higgins,2018,33,70.29
O'Higgins,2018,34,66.71
O'Higgins,2018,35,80.43
O'Higgins,2018,36,74.29
O'Higgins,2018,37,78.57
O'Higgins,2018,38,78.43
O'Higgins,2018,39,84.0
O'Higgins,2018,40,76.43
O'Higgins,2018,41,79.57
O'Higgins,2018,42,79.71
O'Higgins,2018,43,71.0
O'Higgins,2018,44,81.43
O'Higgins,2018,45,67.0
O'Higgins,2018,46,69.86
O'Higgins,2018,47,58.43
O'Higgins,2018,48,55.71
O'Higgins,2018,49,66.29
O'Higgins,2018,50,56.0
O'Higgins,2018,51,56.43
O'Higgins,2018,52,53.71
O'Higgins,2019,1,47.43
O'Higgins,2019,2,61.43
O'Higgins,2019,3,51.14
O'Higgins,2019,4,42.57
O'Higgins,2019,5,47.86
O'Higgins,2019,6,52.57
O'Higgins,2019,7,61.86
O'Higgins,2019,8,64.14
O'Higgins,2019,9,48.29
O'Higgins,2019,10,56.14
O'Higgins,2019,11,54.14
O'Higgins,2019,12,41.71
O'Higgins,2019,13,69.43
O'Higgins,2019,14,63.14
O'Higgins,2019,15,77.14
O'Higgins,2019,16,66.29
O'Higgins,2019,17,81.29
O'Higgins,2019,18,70.71
O'Higgins,2019,19,79.86
O'Higgins,2019,20,74.29
O'Higgins,2019,21,64.43
O'Higgins,2019,22,73.71
O'Higgins,2019,23,62.71
O'Higgins,2019,24,77.29
O'Higgins,2019,25,65.86
O'Higgins,2019,26,73.57
O'Higgins,2019,27,70.71
O'Higgins,2019,28,85.29
O'Higgins,2019,29,72.0
O'Higgins,2019,30,74.14
O'Higgins,2019,31,64.43
O'Higgins,2019,32,78.14
O'Higgins,2019,33,72.71
O'Higgins,2019,34,71.14
O'Higgins,2019,35,71.86
O'Higgins,2019,36,68.71
O'Higgins,2019,37,71.71
O'Higgins,2019,38,69.43
O'Higgins,2019,39,81.0
O'Higgins,2019,40,69.86
O'Higgins,2019,41,62.86
O'Higgins,2019,42,77.0
O'Higgins,2019,43,61.57
O'Higgins,2019,44,53.71
O'Higgins,2019,45,44.86
O'Higgins,2019,46,50.86
O'Higgins,2019,47,46.29
O'Higgins,2019,48,45.43
O'Higgins,2019,49,44.71
O'Higgins,2019,50,48.86
O'Higgins,2019,51,38.0
O'Higgins,2019,52,42.14
O'Higgins,2020,1,46.71
O'Higgins,2020,2,48.43
O'Higgins,2020,3,45.29
O'Higgins,2020,4,49.57
O'Higgins,2020,5,46.43
O'Higgins,2020,6,38.86
O'Higgins,2020,7,44.57
O'Higgins,2020,8,49.14
O'Higgins,2020,9,48.14
O'Higgins,2020,10,46.71
O'Higgins,2020,11,41.71
O'Higgins,2020,12,54.71
O'Higgins,2020,13,60.14
O'Higgins,2020,14,44.86
O'Higgins,2020,15,55.71
O'Higgins,2020,16,58.57
O'Higgins,2020,17,61.0
O'Higgins,2020,18,62.43
O'Higgins,2020,19,60.43
O'Higgins,2020,20,63.0
O'Higgins,2020,21,64.43
O'Higgins,2020,22,76.86
O'Higgins,2020,23,78.0
O'Higgins,2020,24,71.14
O'Higgins,2020,25,80.29
O'Higgins,2020,26,78.29
O'Higgins,2020,27,79.43
O'Higgins,2020,28,79.14
O'Higgins,2020,29,67.0
O'Higgins,2020,30,70.14
O'Higgins,2020,31,62.29
O'Higgins,2020,32,77.71
O'Higgins,2020,33,82.0
O'Higgins,2020,34,70.71
O'Higgins,2020,35,74.86
O'Higgins,2020,36,77.71
O'Higgins,2020,37,79.71
O'Higgins,2020,38,72.29
O'Higgins,2020,39,73.57
O'Higgins,2020,40,66.86
O'Higgins,2020,41,60.29
O'Higgins,2020,42,68.86
O'Higgins,2020,43,64.0
O'Higgins,2020,44,62.71
O'Higgins,2020,45,62.29
O'Higgins,2020,46,65.14
O'Higgins,2020,47,63.43
O'Higgins,2020,48,47.0
O'Higgins,2020,49,45.14
O'Higgins,2020,50,49.14
O'Higgins,2020,51,47.86
O'Higgins,2020,52,44.71
O'Higgins,2020,53,47.57
O'Higgins,2021,1,48.57
O'Higgins,2021,2,38.29
O'Higgins,2021,3,53.29
O'Higgins,2021,4,59.43
O'Higgins,2021,5,76.14
O'Higgins,2021,6,76.86
O'Higgins,2021,7,68.14
O'Higgins,2021,8,53.71
O'Higgins,2021,9,60.0
O'Higgins,2021,10,57.0
O'Higgins,2021,11,73.86
O'Higgins,2021,12,57.57
O'Higgins,2021,13,77.0
O'Higgins,2021,14,70.86
O'Higgins,2021,15,66.57
O'Higgins,2021,16,75.29
O'Higgins,2021,17,74.86
O'Higgins,2021,18,75.29
O'Higgins,2021,19,66.0
O'Higgins,2021,20,75.71
O'Higgins,2021,21,69.0
O'Higgins,2021,22,82.29
O'Higgins,2021,23,72.0
O'Higgins,2021,24,80.14
O'Higgins,2021,25,74.71
O'Higgins,2021,26,47.29
O'Higgins,2021,27,62.14
O'Higgins,2021,28,69.86
O'Higgins,2021,29,59.71
O'Higgins,2021,30,51.29
O'Higgins,2021,31,69.43
O'Higgins,2021,32,72.43
O'Higgins,2021,33,78.86
O'Higgins,2021,34,77.43
O'Higgins,2021,35,85.14
O'Higgins,2021,36,76.0
O'Higgins,2021,37,74.0
O'Higgins,2021,38,73.29
O'Higgins,2021,39,66.43
O'Higgins,2021,40,67.57
O'Higgins,2021,41,66.14
O'Higgins,2021,42,65.29
O'Higgins,2021,43,57.43
O'Higgins,2021,44,63.71
O'Higgins,2021,45,61.43
O'Higgins,2021,46,55.43
O'Higgins,2021,47,56.57
O'Higgins,2021,48,52.29
O'Higgins,2021,49,66.57
O'Higgins,2021,50,51.71
O'Higgins,2021,51,45.0
O'Higgins,2021,52,53.57
O'Higgins,2022,1,55.71
O'Higgins,2022,2,59.0
O'Higgins,2022,3,44.57
O'Higgins,2022,4,56.57
O'Higgins,2022,5,52.14
O'Higgins,2022,6,50.57
O'Higgins,2022,7,52.0
O'Higgins,2022,8,58.71
O'Higgins,2022,9,48.71
O'Higgins,2022,10,47.14
O'Higgins,2022,11,53.71
O'Higgins,2022,12,49.29
O'Higgins,2022,13,41.43
O'Higgins,2022,14,50.86
O'Higgins,2022,15,53.43
O'Higgins,2022,16,72.14
O'Higgins,2022,17,71.43
O'Higgins,2022,18,69.86
O'Higgins,2022,19,72.57
O'Higgins,2022,20,73.0
O'Higgins,2022,21,80.71
O'Higgins,2022,22,76.14
O'Higgins,2022,23,75.71
O'Higgins,2022,24,79.14
O'Higgins,2022,25,75.86
O'Higgins,2022,26,73.86
O'Higgins,2022,27,75.14
O'Higgins,2022,28,77.57
O'Higgins,2022,29,66.86
O'Higgins,2022,30,77.29
O'Higgins,2022,31,84.86
O'Higgins,2022,32,71.29
O'Higgins,2022,33,68.29
O'Higgins,2022,34,78.14
O'Higgins,2022,35,70.57
O'Higgins,2022,36,71.43
O'Higgins,2022,37,79.57
O'Higgins,2022,38,78.29
O'Higgins,2022,39,79.14
O'Higgins,2022,40,75.14
O'Higgins,2022,41,69.14
O'Higgins,2022,42,67.86
O'Higgins,2022,43,63.14
O'Higgins,2022,44,52.86
O'Higgins,2022,45,69.57
O'Higgins,2022,46,55.14
O'Higgins,2022,47,50.14
O'Higgins,2022,48,55.86
O'Higgins,2022,49,41.57
O'Higgins,2022,50,41.57
O'Higgins,2022,51,46.57
O'Higgins,2022,52,55.43
O'Higgins,2023,1,52.71
O'Higgins,2023,2,51.57
O'Higgins,2023,3,54.43
O'Higgins,2023,4,43.86
O'Higgins,2023,5,46.14
O'Higgins,2023,6,39.29
O'Higgins,2023,7,41.71
O'Higgins,2023,8,44.86
O'Higgins,2023,9,40.86
O'Higgins,2023,10,58.14
O'Higgins,2023,11,56.57
O'Higgins,2023,12,39.14
O'Higgins,2023,13,46.0
O'Higgins,2023,14,36.43
O'Higgins,2023,15,64.71
O'Higgins,2023,16,59.0
O'Higgins,2023,17,71.14
O'Higgins,2023,18,75.71
O'Higgins,2023,19,54.71
O'Higgins,2023,20,83.71
O'Higgins,2023,21,81.43
O'Higgins,2023,22,74.14
O'Higgins,2023,23,74.86
O'Higgins,2023,24,53.29
O'Higgins,2023,25,85.43
O'Higgins,2023,26,69.43
O'Higgins,2023,27,76.0
O'Higgins,2023,28,73.0
O'Higgins,2023,29,70.43
O'Higgins,2023,30,67.29
O'Higgins,2023,31,69.71
O'Higgins,2023,32,73.57
O'Higgins,2023,33,79.14
O'Higgins,2023,34,74.14
O'Higgins,2023,35,76.57
O'Higgins,2023,36,79.86
O'Higgins,2023,37,75.57
O'Higgins,2023,38,80.0
O'Higgins,2023,39,75.14
O'Higgins,2023,40,72.43
O'Higgins,2023,41,62.14
O'Higgins,2023,42,69.14
O'Higgins,2023,43,75.43
O'Higgins,2023,44,76.29
O'Higgins,2023,45,77.43
O'Higgins,2023,46,73.43
O'Higgins,2023,47,71.43
O'Higgins,2023,48,66.57
O'Higgins,2023,49,50.43
O'Higgins,2023,50,56.43
O'Higgins,2023,51,51.43
O'Higgins,2023,52,62.71
O'Higgins,2024,1,58.57
O'Higgins,2024,2,46.86
O'Higgins,2024,3,40.57
O'Higgins,2024,4,53.86
O'Higgins,2024,5,40.14
O'Higgins,2024,6,47.57
O'Higgins,2024,7,47.57
O'Higgins,2024,8,64.29
O'Higgins,2024,9,45.43
O'Higgins,2024,10,51.0
O'Higgins,2024,11,51.14
O'Higgins,2024,12,54.86
O'Higgins,2024,13,58.71
O'Higgins,2024,14,65.0
O'Higgins,2024,15,68.29
O'Higgins,2024,16,64.71
O'Higgins,2024,17,71.0
O'Higgins,2024,18,72.57
O'Higgins,2024,19,75.57
O'Higgins,2024,20,66.57
O'Higgins,2024,21,77.29
O'Higgins,2024,22,66.43
O'Higgins,2024,23,68.71
O'Higgins,2024,24,76.29
O'Higgins,2024,25,82.57
O'Higgins,2024,26,69.14
O'Higgins,2024,27,51.57
O'Higgins,2024,28,48.71
O'Higgins,2024,29,62.71
O'Higgins,2024,30,73.14
O'Higgins,2024,31,67.14
O'Higgins,2024,32,64.29
O'Higgins,2024,33,78.57
O'Higgins,2024,34,68.43
O'Higgins,2024,35,72.71
O'Higgins,2024,36,77.43
O'Higgins,2024,37,73.14
O'Higgins,2024,38,71.29
O'Higgins,2024,39,69.0
O'Higgins,2024,40,69.14
O'Higgins,2024,41,83.43
O'Higgins,2024,42,69.0
O'Higgins,2024,43,70.0
O'Higgins,2024,44,67.14
O'Higgins,2024,45,56.71
O'Higgins,2024,46,64.86
O'Higgins,2024,47,57.0
O'Higgins,2024,48,50.43
O'Higgins,2024,49,54.0
O'Higgins,2024,50,48.86
O'Higgins,2024,51,50.86
O'Higgins,2024,52,54.0
O'Higgins,2025,1,48.0
O'Higgins,2025,2,50.43
O'Higgins,2025,3,48.14
O'Higgins,2025,4,46.86
O'Higgins,2025,5,45.14
O'Higgins,2025,6,38.29
O'Higgins,2025,7,43.29
O'Higgins,2025,8,47.29
O'Higgins,2025,9,50.14
O'Higgins,2025,10,54.0
O'Higgins,2025,11,54.14
O'Higgins,2025,12,51.0
O'Higgins,2025,13,60.86
O'Higgins,2025,14,62.43
O'Higgins,2025,15,66.71
O'Higgins,2025,16,63.43
O'Higgins,2025,17,71.86
O'Higgins,2025,18,67.71
O'Higgins,2025,19,72.57
O'Higgins,2025,20,80.43
O'Higgins,2025,21,69.57
O'Higgins,2025,22,60.57
O'Higgins,2025,23,70.57
O'Higgins,2025,24,66.29
O'Higgins,2025,25,67.71
O'Higgins,2025,26,74.57
O'Higgins,2025,27,54.43
O'Higgins,2025,28,67.0
O'Higgins,2025,29,58.43
O'Higgins,2025,30,74.43
O'Higgins,2025,31,76.14
O'Higgins,2025,32,72.29
O'Higgins,2025,33,69.86
O'Higgins,2025,34,78.43
O'Higgins,2025,35,76.0
O'Higgins,2025,36,79.71
O'Higgins,2025,37,71.14
O'Higgins,2025,38,79.14
O'Higgins,2025,39,69.29
O'Higgins,2025,40,71.0
O'Higgins,2025,41,63.14
O'Higgins,2025,42,67.43
O'Higgins,2025,43,66.0
O'Higgins,2025,44,62.43
O'Higgins,2025,45,67.57
O'Higgins,2025,46,56.43
O'Higgins,2025,47,52.14
O'Higgins,2025,48,68.43
O'Higgins,2025,49,56.0
O'Higgins,2025,50,69.71
O'Higgins,2025,51,60.29
O'Higgins,2025,52,50.43
O'Higgins,2026,1,57.29
O'Higgins,2026,2,60.57
O'Higgins,2026,3,44.71
O'Higgins,2026,4,60.29
O'Higgins,2026,5,62.86
O'Higgins,2026,6,61.43
O'Higgins,2026,7,48.29
O'Higgins,2026,8,48.29
O'Higgins,2026,9,46.29
O'Higgins,2026,10,59.43
O'Higgins,2026,11,53.43
O'Higgins,2026,12,72.57
O'Higgins,2026,13,72.43
O'Higgins,2026,14,63.29
O'Higgins,2026,15,71.86
O'Higgins,2026,16,67.43
O'Higgins,2026,17,72.57
O'Higgins,2026,18,68.43
O'Higgins,2026,19,63.57
O'Higgins,2026,20,66.43
O'Higgins,2026,21,72.71
O'Higgins,2026,22,69.14
O'Higgins,2026,23,81.71
O'Higgins,2026,24,72.86
O'Higgins,2026,25,65.67
Tarapacá,2014,1,72.6
Tarapacá,2014,2,73.0
Tarapacá,2014,3,71.43
Tarapacá,2014,4,70.57
Tarapacá,2014,5,69.57
Tarapacá,2014,6,72.43
Tarapacá,2014,7,73.86
Tarapacá,2014,8,72.43
Tarapacá,2014,9,74.57
Tarapacá,2014,10,77.86
Tarapacá,2014,11,77.57
Tarapacá,2014,12,77.43
Tarapacá,2014,13,77.14
Tarapacá,2014,14,74.57
Tarapacá,2014,15,79.57
Tarapacá,2014,16,78.86
Tarapacá,2014,17,80.86
Tarapacá,2014,18,80.71
Tarapacá,2014,19,81.57
Tarapacá,2014,20,80.86
Tarapacá,2014,21,79.0
Tarapacá,2014,22,77.14
Tarapacá,2014,23,81.71
Tarapacá,2014,24,78.14
Tarapacá,2014,25,79.14
Tarapacá,2014,26,80.0
Tarapacá,2014,27,81.14
Tarapacá,2014,28,76.71
Tarapacá,2014,29,77.86
Tarapacá,2014,30,75.0
Tarapacá,2014,31,71.86
Tarapacá,2014,32,78.29
Tarapacá,2014,33,73.29
Tarapacá,2014,34,79.0
Tarapacá,2014,35,72.29
Tarapacá,2014,36,76.43
Tarapacá,2014,37,78.0
Tarapacá,2014,38,77.29
Tarapacá,2014,39,77.71
Tarapacá,2014,40,76.71
Tarapacá,2014,41,77.0
Tarapacá,2014,42,75.57
Tarapacá,2014,43,74.71
Tarapacá,2014,44,75.71
Tarapacá,2014,45,76.86
Tarapacá,2014,46,74.14
Tarapacá,2014,47,73.86
Tarapacá,2014,48,75.43
Tarapacá,2014,49,74.29
Tarapacá,2014,50,76.57
Tarapacá,2014,51,75.14
Tarapacá,2014,52,74.43
Tarapacá,2015,1,75.71
Tarapacá,2015,2,74.71
Tarapacá,2015,3,77.57
Tarapacá,2015,4,75.71
Tarapacá,2015,5,74.71
Tarapacá,2015,6,78.14
Tarapacá,2015,7,72.0
Tarapacá,2015,8,70.71
Tarapacá,2015,9,72.86
Tarapacá,2015,10,74.43
Tarapacá,2015,11,75.29
Tarapacá,2015,12,76.71
Tarapacá,2015,13,78.0
Tarapacá,2015,14,79.29
Tarapacá,2015,15,79.29
Tarapacá,2015,16,79.14
Tarapacá,2015,17,80.0
Tarapacá,2015,18,79.43
Tarapacá,2015,19,80.43
Tarapacá,2015,20,81.0
Tarapacá,2015,21,79.86
Tarapacá,2015,22,81.86
Tarapacá,2015,23,80.86
Tarapacá,2015,24,81.0
Tarapacá,2015,25,78.14
Tarapacá,2015,26,78.43
Tarapacá,2015,27,76.57
Tarapacá,2015,28,79.71
Tarapacá,2015,29,78.0
Tarapacá,2015,30,76.86
Tarapacá,2015,31,78.86
Tarapacá,2015,32,73.57
Tarapacá,2015,33,79.86
Tarapacá,2015,34,75.14
Tarapacá,2015,35,73.0
Tarapacá,2015,36,77.14
Tarapacá,2015,37,77.0
Tarapacá,2015,38,75.0
Tarapacá,2015,39,77.0
Tarapacá,2015,40,75.71
Tarapacá,2015,41,77.86
Tarapacá,2015,42,75.57
Tarapacá,2015,43,74.29
Tarapacá,2015,44,76.14
Tarapacá,2015,45,75.29
Tarapacá,2015,46,74.29
Tarapacá,2015,47,76.14
Tarapacá,2015,48,76.29
Tarapacá,2015,49,74.29
Tarapacá,2015,50,75.86
Tarapacá,2015,51,75.43
Tarapacá,2015,52,72.29
Tarapacá,2015,53,73.29
Tarapacá,2016,1,74.14
Tarapacá,2016,2,74.43
Tarapacá,2016,3,75.29
Tarapacá,2016,4,75.0
Tarapacá,2016,5,72.71
Tarapacá,2016,6,75.0
Tarapacá,2016,7,81.86
Tarapacá,2016,8,74.86
Tarapacá,2016,9,78.29
Tarapacá,2016,10,74.14
Tarapacá,2016,11,75.86
Tarapacá,2016,12,76.14
Tarapacá,2016,13,75.0
Tarapacá,2016,14,79.0
Tarapacá,2016,15,75.43
Tarapacá,2016,16,78.71
Tarapacá,2016,17,78.71
Tarapacá,2016,18,78.71
Tarapacá,2016,19,76.0
Tarapacá,2016,20,78.71
Tarapacá,2016,21,78.0
Tarapacá,2016,22,74.0
Tarapacá,2016,23,78.71
Tarapacá,2016,24,80.29
Tarapacá,2016,25,81.0
Tarapacá,2016,26,74.71
Tarapacá,2016,27,73.14
Tarapacá,2016,28,81.29
Tarapacá,2016,29,76.29
Tarapacá,2016,30,79.0
Tarapacá,2016,31,81.0
Tarapacá,2016,32,78.29
Tarapacá,2016,33,78.43
Tarapacá,2016,34,76.43
Tarapacá,2016,35,73.14
Tarapacá,2016,36,71.57
Tarapacá,2016,37,78.29
Tarapacá,2016,38,75.71
Tarapacá,2016,39,77.0
Tarapacá,2016,40,76.71
Tarapacá,2016,41,73.71
Tarapacá,2016,42,76.0
Tarapacá,2016,43,77.0
Tarapacá,2016,44,74.43
Tarapacá,2016,45,76.29
Tarapacá,2016,46,70.29
Tarapacá,2016,47,74.86
Tarapacá,2016,48,73.14
Tarapacá,2016,49,73.14
Tarapacá,2016,50,72.29
Tarapacá,2016,51,73.86
Tarapacá,2016,52,72.86
Tarapacá,2017,1,74.14
Tarapacá,2017,2,73.0
Tarapacá,2017,3,68.86
Tarapacá,2017,4,71.71
Tarapacá,2017,5,74.57
Tarapacá,2017,6,72.29
Tarapacá,2017,7,68.29
Tarapacá,2017,8,70.29
Tarapacá,2017,9,72.71
Tarapacá,2017,10,76.71
Tarapacá,2017,11,76.43
Tarapacá,2017,12,77.43
Tarapacá,2017,13,80.14
Tarapacá,2017,14,80.57
Tarapacá,2017,15,83.0
Tarapacá,2017,16,79.14
Tarapacá,2017,17,86.43
Tarapacá,2017,18,82.86
Tarapacá,2017,19,79.57
Tarapacá,2017,20,81.86
Tarapacá,2017,21,84.57
Tarapacá,2017,22,87.71
Tarapacá,2017,23,87.0
Tarapacá,2017,24,91.29
Tarapacá,2017,25,89.43
Tarapacá,2017,26,90.29
Tarapacá,2017,27,92.43
Tarapacá,2017,28,86.14
Tarapacá,2017,29,87.86
Tarapacá,2017,30,87.71
Tarapacá,2017,31,89.71
Tarapacá,2017,32,83.57
Tarapacá,2017,33,87.14
Tarapacá,2017,34,86.29
Tarapacá,2017,35,86.86
Tarapacá,2017,36,83.14
Tarapacá,2017,37,81.14
Tarapacá,2017,38,85.71
Tarapacá,2017,39,86.71
Tarapacá,2017,40,83.57
Tarapacá,2017,41,82.71
Tarapacá,2017,42,86.14
Tarapacá,2017,43,83.0
Tarapacá,2017,44,86.14
Tarapacá,2017,45,82.14
Tarapacá,2017,46,79.57
Tarapacá,2017,47,81.29
Tarapacá,2017,48,78.29
Tarapacá,2017,49,83.86
Tarapacá,2017,50,75.29
Tarapacá,2017,51,80.29
Tarapacá,2017,52,71.71
Tarapacá,2018,1,71.57
Tarapacá,2018,2,76.14
Tarapacá,2018,3,73.57
Tarapacá,2018,4,80.43
Tarapacá,2018,5,73.43
Tarapacá,2018,6,70.71
Tarapacá,2018,7,73.29
Tarapacá,2018,8,66.0
Tarapacá,2018,9,70.86
Tarapacá,2018,10,72.57
Tarapacá,2018,11,76.14
Tarapacá,2018,12,76.0
Tarapacá,2018,13,86.0
Tarapacá,2018,14,81.86
Tarapacá,2018,15,81.71
Tarapacá,2018,16,84.0
Tarapacá,2018,17,86.71
Tarapacá,2018,18,84.86
Tarapacá,2018,19,86.43
Tarapacá,2018,20,87.71
Tarapacá,2018,21,92.29
Tarapacá,2018,22,89.57
Tarapacá,2018,23,89.57
Tarapacá,2018,24,91.57
Tarapacá,2018,25,88.57
Tarapacá,2018,26,86.29
Tarapacá,2018,27,90.86
Tarapacá,2018,28,87.71
Tarapacá,2018,29,90.14
Tarapacá,2018,30,91.29
Tarapacá,2018,31,89.0
Tarapacá,2018,32,91.71
Tarapacá,2018,33,88.14
Tarapacá,2018,34,88.29
Tarapacá,2018,35,89.29
Tarapacá,2018,36,87.29
Tarapacá,2018,37,81.0
Tarapacá,2018,38,85.86
Tarapacá,2018,39,85.14
Tarapacá,2018,40,80.86
Tarapacá,2018,41,83.71
Tarapacá,2018,42,80.14
Tarapacá,2018,43,81.0
Tarapacá,2018,44,79.57
Tarapacá,2018,45,77.57
Tarapacá,2018,46,76.0
Tarapacá,2018,47,78.43
Tarapacá,2018,48,75.57
Tarapacá,2018,49,78.29
Tarapacá,2018,50,73.14
Tarapacá,2018,51,80.29
Tarapacá,2018,52,75.57
Tarapacá,2019,1,78.57
Tarapacá,2019,2,77.0
Tarapacá,2019,3,72.71
Tarapacá,2019,4,74.86
Tarapacá,2019,5,79.86
Tarapacá,2019,6,75.86
Tarapacá,2019,7,78.0
Tarapacá,2019,8,80.0
Tarapacá,2019,9,80.0
Tarapacá,2019,10,80.57
Tarapacá,2019,11,81.14
Tarapacá,2019,12,75.43
Tarapacá,2019,13,78.14
Tarapacá,2019,14,73.43
Tarapacá,2019,15,80.0
Tarapacá,2019,16,84.0
Tarapacá,2019,17,82.0
Tarapacá,2019,18,83.86
Tarapacá,2019,19,83.29
Tarapacá,2019,20,87.86
Tarapacá,2019,21,86.14
Tarapacá,2019,22,86.29
Tarapacá,2019,23,83.14
Tarapacá,2019,24,88.14
Tarapacá,2019,25,88.29
Tarapacá,2019,26,86.71
Tarapacá,2019,27,91.14
Tarapacá,2019,28,90.14
Tarapacá,2019,29,89.43
Tarapacá,2019,30,82.86
Tarapacá,2019,31,87.43
Tarapacá,2019,32,84.57
Tarapacá,2019,33,88.86
Tarapacá,2019,34,87.71
Tarapacá,2019,35,85.86
Tarapacá,2019,36,86.43
Tarapacá,2019,37,86.43
Tarapacá,2019,38,83.14
Tarapacá,2019,39,84.71
Tarapacá,2019,40,86.43
Tarapacá,2019,41,85.14
Tarapacá,2019,42,83.14
Tarapacá,2019,43,83.57
Tarapacá,2019,44,80.43
Tarapacá,2019,45,85.57
Tarapacá,2019,46,81.71
Tarapacá,2019,47,79.57
Tarapacá,2019,48,76.71
Tarapacá,2019,49,82.86
Tarapacá,2019,50,79.0
Tarapacá,2019,51,78.57
Tarapacá,2019,52,79.71
Tarapacá,2020,1,76.0
Tarapacá,2020,2,78.29
Tarapacá,2020,3,75.29
Tarapacá,2020,4,79.14
Tarapacá,2020,5,76.86
Tarapacá,2020,6,74.14
Tarapacá,2020,7,74.43
Tarapacá,2020,8,78.86
Tarapacá,2020,9,77.43
Tarapacá,2020,10,77.0
Tarapacá,2020,11,81.71
Tarapacá,2020,12,80.57
Tarapacá,2020,13,80.29
Tarapacá,2020,14,80.29
Tarapacá,2020,15,82.57
Tarapacá,2020,16,83.14
Tarapacá,2020,17,85.14
Tarapacá,2020,18,86.0
Tarapacá,2020,19,87.29
Tarapacá,2020,20,87.86
Tarapacá,2020,21,88.14
Tarapacá,2020,22,85.43
Tarapacá,2020,23,85.0
Tarapacá,2020,24,90.57
Tarapacá,2020,25,87.29
Tarapacá,2020,26,87.14
Tarapacá,2020,27,88.86
Tarapacá,2020,28,87.43
Tarapacá,2020,29,90.14
Tarapacá,2020,30,84.0
Tarapacá,2020,31,89.29
Tarapacá,2020,32,87.86
Tarapacá,2020,33,84.86
Tarapacá,2020,34,85.43
Tarapacá,2020,35,87.71
Tarapacá,2020,36,84.57
Tarapacá,2020,37,84.86
Tarapacá,2020,38,88.14
Tarapacá,2020,39,87.29
Tarapacá,2020,40,85.86
Tarapacá,2020,41,83.29
Tarapacá,2020,42,84.29
Tarapacá,2020,43,82.57
Tarapacá,2020,44,84.29
Tarapacá,2020,45,82.0
Tarapacá,2020,46,78.29
Tarapacá,2020,47,79.43
Tarapacá,2020,48,78.14
Tarapacá,2020,49,81.29
Tarapacá,2020,50,78.29
Tarapacá,2020,51,80.29
Tarapacá,2020,52,73.86
Tarapacá,2020,53,77.14
Tarapacá,2021,1,78.43
Tarapacá,2021,2,74.71
Tarapacá,2021,3,80.0
Tarapacá,2021,4,83.43
Tarapacá,2021,5,75.0
Tarapacá,2021,6,71.71
Tarapacá,2021,7,79.0
Tarapacá,2021,8,72.86
Tarapacá,2021,9,78.0
Tarapacá,2021,10,79.43
Tarapacá,2021,11,79.14
Tarapacá,2021,12,77.86
Tarapacá,2021,13,80.71
Tarapacá,2021,14,84.29
Tarapacá,2021,15,83.43
Tarapacá,2021,16,80.57
Tarapacá,2021,17,86.71
Tarapacá,2021,18,85.43
Tarapacá,2021,19,88.86
Tarapacá,2021,20,87.57
Tarapacá,2021,21,86.57
Tarapacá,2021,22,88.86
Tarapacá,2021,23,89.57
Tarapacá,2021,24,88.57
Tarapacá,2021,25,84.29
Tarapacá,2021,26,89.57
Tarapacá,2021,27,86.57
Tarapacá,2021,28,88.71
Tarapacá,2021,29,89.57
Tarapacá,2021,30,89.86
Tarapacá,2021,31,91.29
Tarapacá,2021,32,86.57
Tarapacá,2021,33,85.57
Tarapacá,2021,34,83.43
Tarapacá,2021,35,87.71
Tarapacá,2021,36,85.14
Tarapacá,2021,37,85.86
Tarapacá,2021,38,85.0
Tarapacá,2021,39,86.57
Tarapacá,2021,40,84.71
Tarapacá,2021,41,82.14
Tarapacá,2021,42,83.57
Tarapacá,2021,43,85.14
Tarapacá,2021,44,83.86
Tarapacá,2021,45,80.29
Tarapacá,2021,46,80.57
Tarapacá,2021,47,77.43
Tarapacá,2021,48,81.86
Tarapacá,2021,49,78.57
Tarapacá,2021,50,80.43
Tarapacá,2021,51,80.57
Tarapacá,2021,52,76.43
Tarapacá,2022,1,76.86
Tarapacá,2022,2,76.86
Tarapacá,2022,3,77.43
Tarapacá,2022,4,76.29
Tarapacá,2022,5,81.0
Tarapacá,2022,6,79.0
Tarapacá,2022,7,74.86
Tarapacá,2022,8,75.0
Tarapacá,2022,9,75.14
Tarapacá,2022,10,80.29
Tarapacá,2022,11,86.29
Tarapacá,2022,12,82.29
Tarapacá,2022,13,82.43
Tarapacá,2022,14,87.0
Tarapacá,2022,15,79.29
Tarapacá,2022,16,85.29
Tarapacá,2022,17,85.43
Tarapacá,2022,18,85.0
Tarapacá,2022,19,88.57
Tarapacá,2022,20,89.0
Tarapacá,2022,21,91.29
Tarapacá,2022,22,85.86
Tarapacá,2022,23,88.71
Tarapacá,2022,24,82.0
Tarapacá,2022,25,84.14
Tarapacá,2022,26,86.43
Tarapacá,2022,27,88.86
Tarapacá,2022,28,83.43
Tarapacá,2022,29,90.0
Tarapacá,2022,30,89.43
Tarapacá,2022,31,87.57
Tarapacá,2022,32,86.43
Tarapacá,2022,33,84.86
Tarapacá,2022,34,87.43
Tarapacá,2022,35,86.0
Tarapacá,2022,36,84.29
Tarapacá,2022,37,82.57
Tarapacá,2022,38,82.29
Tarapacá,2022,39,85.57
Tarapacá,2022,40,80.86
Tarapacá,2022,41,81.43
Tarapacá,2022,42,83.57
Tarapacá,2022,43,81.29
Tarapacá,2022,44,83.43
Tarapacá,2022,45,82.71
Tarapacá,2022,46,76.14
Tarapacá,2022,47,82.57
Tarapacá,2022,48,79.86
Tarapacá,2022,49,79.14
Tarapacá,2022,50,77.71
Tarapacá,2022,51,81.71
Tarapacá,2022,52,79.29
Tarapacá,2023,1,80.57
Tarapacá,2023,2,78.86
Tarapacá,2023,3,75.71
Tarapacá,2023,4,77.14
Tarapacá,2023,5,77.0
Tarapacá,2023,6,81.29
Tarapacá,2023,7,74.57
Tarapacá,2023,8,79.0
Tarapacá,2023,9,77.0
Tarapacá,2023,10,72.57
Tarapacá,2023,11,77.57
Tarapacá,2023,12,76.57
Tarapacá,2023,13,77.43
Tarapacá,2023,14,81.71
Tarapacá,2023,15,83.29
Tarapacá,2023,16,81.0
Tarapacá,2023,17,84.57
Tarapacá,2023,18,82.86
Tarapacá,2023,19,86.86
Tarapacá,2023,20,84.57
Tarapacá,2023,21,86.0
Tarapacá,2023,22,87.0
Tarapacá,2023,23,85.0
Tarapacá,2023,24,87.0
Tarapacá,2023,25,89.43
Tarapacá,2023,26,80.43
Tarapacá,2023,27,79.0
Tarapacá,2023,28,79.43
Tarapacá,2023,29,80.29
Tarapacá,2023,30,81.29
Tarapacá,2023,31,80.14
Tarapacá,2023,32,81.57
Tarapacá,2023,33,81.0
Tarapacá,2023,34,78.86
Tarapacá,2023,35,79.71
Tarapacá,2023,36,79.43
Tarapacá,2023,37,79.0
Tarapacá,2023,38,81.86
Tarapacá,2023,39,77.86
Tarapacá,2023,40,79.0
Tarapacá,2023,41,80.43
Tarapacá,2023,42,79.29
Tarapacá,2023,43,75.86
Tarapacá,2023,44,76.57
Tarapacá,2023,45,77.14
Tarapacá,2023,46,78.57
Tarapacá,2023,47,76.14
Tarapacá,2023,48,76.0
Tarapacá,2023,49,73.86
Tarapacá,2023,50,75.29
Tarapacá,2023,51,74.14
Tarapacá,2023,52,70.43
Tarapacá,2024,1,75.29
Tarapacá,2024,2,74.14
Tarapacá,2024,3,73.57
Tarapacá,2024,4,75.0
Tarapacá,2024,5,75.14
Tarapacá,2024,6,71.43
Tarapacá,2024,7,74.71
Tarapacá,2024,8,69.57
Tarapacá,2024,9,71.14
Tarapacá,2024,10,76.86
Tarapacá,2024,11,75.43
Tarapacá,2024,12,78.29
Tarapacá,2024,13,77.71
Tarapacá,2024,14,77.86
Tarapacá,2024,15,77.86
Tarapacá,2024,16,71.57
Tarapacá,2024,17,79.86
Tarapacá,2024,18,79.14
Tarapacá,2024,19,79.57
Tarapacá,2024,20,79.71
Tarapacá,2024,21,80.14
Tarapacá,2024,22,83.43
Tarapacá,2024,23,81.0
Tarapacá,2024,24,85.57
Tarapacá,2024,25,82.57
Tarapacá,2024,26,81.57
Tarapacá,2024,27,83.29
Tarapacá,2024,28,74.43
Tarapacá,2024,29,77.57
Tarapacá,2024,30,84.71
Tarapacá,2024,31,84.29
Tarapacá,2024,32,80.43
Tarapacá,2024,33,83.57
Tarapacá,2024,34,81.29
Tarapacá,2024,35,80.0
Tarapacá,2024,36,82.0
Tarapacá,2024,37,81.86
Tarapacá,2024,38,80.57
Tarapacá,2024,39,81.14
Tarapacá,2024,40,81.14
Tarapacá,2024,41,76.71
Tarapacá,2024,42,79.86
Tarapacá,2024,43,78.57
Tarapacá,2024,44,79.71
Tarapacá,2024,45,77.71
Tarapacá,2024,46,76.29
Tarapacá,2024,47,76.14
Tarapacá,2024,48,73.86
Tarapacá,2024,49,77.14
Tarapacá,2024,50,74.71
Tarapacá,2024,51,78.0
Tarapacá,2024,52,76.86
Tarapacá,2025,1,73.29
Tarapacá,2025,2,73.57
Tarapacá,2025,3,74.57
Tarapacá,2025,4,71.43
Tarapacá,2025,5,72.43
Tarapacá,2025,6,68.57
Tarapacá,2025,7,68.43
Tarapacá,2025,8,68.14
Tarapacá,2025,9,69.71
Tarapacá,2025,10,68.43
Tarapacá,2025,11,74.0
Tarapacá,2025,12,71.86
Tarapacá,2025,13,72.29
Tarapacá,2025,14,73.86
Tarapacá,2025,15,74.86
Tarapacá,2025,16,76.0
Tarapacá,2025,17,76.43
Tarapacá,2025,18,78.29
Tarapacá,2025,19,78.14
Tarapacá,2025,20,79.43
Tarapacá,2025,21,81.43
Tarapacá,2025,22,78.57
Tarapacá,2025,23,83.71
Tarapacá,2025,24,79.86
Tarapacá,2025,25,80.57
Tarapacá,2025,26,79.71
Tarapacá,2025,27,81.29
Tarapacá,2025,28,81.43
Tarapacá,2025,29,82.57
Tarapacá,2025,30,82.14
Tarapacá,2025,31,85.57
Tarapacá,2025,32,82.43
Tarapacá,2025,33,80.29
Tarapacá,2025,34,74.86
Tarapacá,2025,35,72.57
Tarapacá,2025,36,77.43
Tarapacá,2025,37,80.0
Tarapacá,2025,38,82.0
Tarapacá,2025,39,80.14
Tarapacá,2025,40,80.71
Tarapacá,2025,41,75.0
Tarapacá,2025,42,79.71
Tarapacá,2025,43,76.57
Tarapacá,2025,44,78.57
Tarapacá,2025,45,77.86
Tarapacá,2025,46,76.86
Tarapacá,2025,47,75.43
Tarapacá,2025,48,77.29
Tarapacá,2025,49,75.71
Tarapacá,2025,50,72.57
Tarapacá,2025,51,64.29
Tarapacá,2025,52,69.14
Tarapacá,2026,1,74.57
Tarapacá,2026,2,69.71
Tarapacá,2026,3,72.14
Tarapacá,2026,4,68.57
Tarapacá,2026,5,65.57
Tarapacá,2026,6,64.29
Tarapacá,2026,7,68.14
Tarapacá,2026,8,72.86
Tarapacá,2026,9,70.14
Tarapacá,2026,10,62.14
Tarapacá,2026,11,66.57
Tarapacá,2026,12,69.57
Tarapacá,2026,13,70.14
Tarapacá,2026,14,72.43
Tarapacá,2026,15,74.71
Tarapacá,2026,16,73.0
Tarapacá,2026,17,74.71
Tarapacá,2026,18,76.86
Tarapacá,2026,19,77.29
Tarapacá,2026,20,83.43
Tarapacá,2026,21,80.43
Tarapacá,2026,22,88.43
Tarapacá,2026,23,87.71
Tarapacá,2026,24,83.14
Tarapacá,2026,25,90.0
Valparaíso,2014,1,69.2
Valparaíso,2014,2,79.0
Valparaíso,2014,3,84.14
Valparaíso,2014,4,77.71
Valparaíso,2014,5,78.71
Valparaíso,2014,6,79.14
Valparaíso,2014,7,83.71
Valparaíso,2014,8,82.43
Valparaíso,2014,9,80.43
Valparaíso,2014,10,77.71
Valparaíso,2014,11,82.57
Valparaíso,2014,12,82.0
Valparaíso,2014,13,83.0
Valparaíso,2014,14,80.86
Valparaíso,2014,15,69.0
Valparaíso,2014,16,72.71
Valparaíso,2014,17,84.43
Valparaíso,2014,18,85.57
Valparaíso,2014,19,89.14
Valparaíso,2014,20,86.29
Valparaíso,2014,21,85.0
Valparaíso,2014,22,85.86
Valparaíso,2014,23,81.71
Valparaíso,2014,24,84.0
Valparaíso,2014,25,85.57
Valparaíso,2014,26,86.14
Valparaíso,2014,27,81.14
Valparaíso,2014,28,86.14
Valparaíso,2014,29,85.71
Valparaíso,2014,30,80.14
Valparaíso,2014,31,90.14
Valparaíso,2014,32,84.29
Valparaíso,2014,33,80.43
Valparaíso,2014,34,87.86
Valparaíso,2014,35,85.71
Valparaíso,2014,36,89.14
Valparaíso,2014,37,83.43
Valparaíso,2014,38,88.29
Valparaíso,2014,39,81.71
Valparaíso,2014,40,87.0
Valparaíso,2014,41,77.43
Valparaíso,2014,42,78.86
Valparaíso,2014,43,82.0
Valparaíso,2014,44,75.86
Valparaíso,2014,45,75.14
Valparaíso,2014,46,80.14
Valparaíso,2014,47,81.86
Valparaíso,2014,48,80.86
Valparaíso,2014,49,79.86
Valparaíso,2014,50,83.0
Valparaíso,2014,51,76.86
Valparaíso,2014,52,76.57
Valparaíso,2015,1,80.57
Valparaíso,2015,2,81.0
Valparaíso,2015,3,83.0
Valparaíso,2015,4,83.43
Valparaíso,2015,5,81.86
Valparaíso,2015,6,84.43
Valparaíso,2015,7,77.57
Valparaíso,2015,8,78.86
Valparaíso,2015,9,82.29
Valparaíso,2015,10,82.43
Valparaíso,2015,11,76.71
Valparaíso,2015,12,83.14
Valparaíso,2015,13,84.29
Valparaíso,2015,14,82.71
Valparaíso,2015,15,82.14
Valparaíso,2015,16,79.57
Valparaíso,2015,17,87.0
Valparaíso,2015,18,82.71
Valparaíso,2015,19,83.14
Valparaíso,2015,20,86.86
Valparaíso,2015,21,83.14
Valparaíso,2015,22,81.86
Valparaíso,2015,23,84.29
Valparaíso,2015,24,77.57
Valparaíso,2015,25,73.86
Valparaíso,2015,26,86.14
Valparaíso,2015,27,83.43
Valparaíso,2015,28,86.86
Valparaíso,2015,29,79.86
Valparaíso,2015,30,85.71
Valparaíso,2015,31,89.43
Valparaíso,2015,32,86.43
Valparaíso,2015,33,79.86
Valparaíso,2015,34,86.71
Valparaíso,2015,35,86.71
Valparaíso,2015,36,85.43
Valparaíso,2015,37,79.71
Valparaíso,2015,38,85.71
Valparaíso,2015,39,82.57
Valparaíso,2015,40,89.14
Valparaíso,2015,41,78.86
Valparaíso,2015,42,83.29
Valparaíso,2015,43,82.57
Valparaíso,2015,44,81.43
Valparaíso,2015,45,85.57
Valparaíso,2015,46,81.0
Valparaíso,2015,47,76.0
Valparaíso,2015,48,75.71
Valparaíso,2015,49,81.86
Valparaíso,2015,50,79.71
Valparaíso,2015,51,76.29
Valparaíso,2015,52,76.29
Valparaíso,2015,53,84.14
Valparaíso,2016,1,81.57
Valparaíso,2016,2,76.14
Valparaíso,2016,3,83.29
Valparaíso,2016,4,80.14
Valparaíso,2016,5,83.71
Valparaíso,2016,6,78.86
Valparaíso,2016,7,79.86
Valparaíso,2016,8,78.57
Valparaíso,2016,9,83.14
Valparaíso,2016,10,83.57
Valparaíso,2016,11,82.86
Valparaíso,2016,12,86.14
Valparaíso,2016,13,83.0
Valparaíso,2016,14,82.29
Valparaíso,2016,15,91.14
Valparaíso,2016,16,87.71
Valparaíso,2016,17,84.43
Valparaíso,2016,18,89.86
Valparaíso,2016,19,89.71
Valparaíso,2016,20,90.14
Valparaíso,2016,21,89.43
Valparaíso,2016,22,87.0
Valparaíso,2016,23,82.14
Valparaíso,2016,24,87.29
Valparaíso,2016,25,87.0
Valparaíso,2016,26,87.71
Valparaíso,2016,27,89.0
Valparaíso,2016,28,86.29
Valparaíso,2016,29,90.57
Valparaíso,2016,30,86.0
Valparaíso,2016,31,85.86
Valparaíso,2016,32,87.71
Valparaíso,2016,33,79.71
Valparaíso,2016,34,84.86
Valparaíso,2016,35,81.86
Valparaíso,2016,36,83.57
Valparaíso,2016,37,82.43
Valparaíso,2016,38,84.86
Valparaíso,2016,39,84.57
Valparaíso,2016,40,73.57
Valparaíso,2016,41,83.86
Valparaíso,2016,42,75.14
Valparaíso,2016,43,80.29
Valparaíso,2016,44,68.57
Valparaíso,2016,45,74.29
Valparaíso,2016,46,73.0
Valparaíso,2016,47,78.29
Valparaíso,2016,48,78.43
Valparaíso,2016,49,75.86
Valparaíso,2016,50,75.29
Valparaíso,2016,51,74.43
Valparaíso,2016,52,79.71
Valparaíso,2017,1,74.0
Valparaíso,2017,2,74.14
Valparaíso,2017,3,72.86
Valparaíso,2017,4,82.14
Valparaíso,2017,5,76.86
Valparaíso,2017,6,80.57
Valparaíso,2017,7,80.43
Valparaíso,2017,8,87.71
Valparaíso,2017,9,78.43
Valparaíso,2017,10,66.43
Valparaíso,2017,11,87.0
Valparaíso,2017,12,84.57
Valparaíso,2017,13,80.0
Valparaíso,2017,14,78.86
Valparaíso,2017,15,83.0
Valparaíso,2017,16,81.0
Valparaíso,2017,17,70.29
Valparaíso,2017,18,86.43
Valparaíso,2017,19,85.43
Valparaíso,2017,20,81.43
Valparaíso,2017,21,82.43
Valparaíso,2017,22,78.71
Valparaíso,2017,23,75.86
Valparaíso,2017,24,83.29
Valparaíso,2017,25,78.71
Valparaíso,2017,26,83.14
Valparaíso,2017,27,81.71
Valparaíso,2017,28,80.29
Valparaíso,2017,29,73.29
Valparaíso,2017,30,82.14
Valparaíso,2017,31,83.29
Valparaíso,2017,32,84.14
Valparaíso,2017,33,81.29
Valparaíso,2017,34,83.0
Valparaíso,2017,35,82.0
Valparaíso,2017,36,80.57
Valparaíso,2017,37,82.57
Valparaíso,2017,38,83.86
Valparaíso,2017,39,85.71
Valparaíso,2017,40,83.57
Valparaíso,2017,41,81.57
Valparaíso,2017,42,80.57
Valparaíso,2017,43,79.86
Valparaíso,2017,44,79.14
Valparaíso,2017,45,82.43
Valparaíso,2017,46,77.0
Valparaíso,2017,47,79.0
Valparaíso,2017,48,84.57
Valparaíso,2017,49,84.57
Valparaíso,2017,50,79.71
Valparaíso,2017,51,75.14
Valparaíso,2017,52,83.86
Valparaíso,2018,1,77.43
Valparaíso,2018,2,88.29
Valparaíso,2018,3,83.86
Valparaíso,2018,4,79.14
Valparaíso,2018,5,83.71
Valparaíso,2018,6,75.86
Valparaíso,2018,7,83.86
Valparaíso,2018,8,83.86
Valparaíso,2018,9,86.0
Valparaíso,2018,10,79.57
Valparaíso,2018,11,76.14
Valparaíso,2018,12,77.0
Valparaíso,2018,13,81.43
Valparaíso,2018,14,85.71
Valparaíso,2018,15,85.14
Valparaíso,2018,16,85.29
Valparaíso,2018,17,82.29
Valparaíso,2018,18,86.0
Valparaíso,2018,19,85.71
Valparaíso,2018,20,75.86
Valparaíso,2018,21,81.57
Valparaíso,2018,22,83.14
Valparaíso,2018,23,65.71
Valparaíso,2018,24,71.43
Valparaíso,2018,25,84.86
Valparaíso,2018,26,84.43
Valparaíso,2018,27,87.29
Valparaíso,2018,28,87.29
Valparaíso,2018,29,71.14
Valparaíso,2018,30,86.57
Valparaíso,2018,31,82.0
Valparaíso,2018,32,84.14
Valparaíso,2018,33,76.71
Valparaíso,2018,34,80.14
Valparaíso,2018,35,88.86
Valparaíso,2018,36,76.71
Valparaíso,2018,37,83.0
Valparaíso,2018,38,80.43
Valparaíso,2018,39,82.14
Valparaíso,2018,40,78.43
Valparaíso,2018,41,81.43
Valparaíso,2018,42,81.71
Valparaíso,2018,43,78.0
Valparaíso,2018,44,84.14
Valparaíso,2018,45,75.0
Valparaíso,2018,46,76.57
Valparaíso,2018,47,76.14
Valparaíso,2018,48,83.14
Valparaíso,2018,49,81.71
Valparaíso,2018,50,76.71
Valparaíso,2018,51,84.14
Valparaíso,2018,52,82.57
Valparaíso,2019,1,76.29
Valparaíso,2019,2,80.71
Valparaíso,2019,3,80.71
Valparaíso,2019,4,80.29
Valparaíso,2019,5,84.14
Valparaíso,2019,6,84.86
Valparaíso,2019,7,81.43
Valparaíso,2019,8,83.43
Valparaíso,2019,9,80.29
Valparaíso,2019,10,76.86
Valparaíso,2019,11,83.14
Valparaíso,2019,12,71.57
Valparaíso,2019,13,89.43
Valparaíso,2019,14,85.14
Valparaíso,2019,15,86.14
Valparaíso,2019,16,81.71
Valparaíso,2019,17,83.43
Valparaíso,2019,18,77.43
Valparaíso,2019,19,84.14
Valparaíso,2019,20,86.43
Valparaíso,2019,21,79.29
Valparaíso,2019,22,81.29
Valparaíso,2019,23,80.14
Valparaíso,2019,24,84.57
Valparaíso,2019,25,73.0
Valparaíso,2019,26,78.86
Valparaíso,2019,27,79.57
Valparaíso,2019,28,88.29
Valparaíso,2019,29,80.14
Valparaíso,2019,30,82.43
Valparaíso,2019,31,75.0
Valparaíso,2019,32,83.14
Valparaíso,2019,33,78.43
Valparaíso,2019,34,78.29
Valparaíso,2019,35,74.43
Valparaíso,2019,36,78.71
Valparaíso,2019,37,82.29
Valparaíso,2019,38,75.43
Valparaíso,2019,39,85.71
Valparaíso,2019,40,76.43
Valparaíso,2019,41,73.43
Valparaíso,2019,42,82.86
Valparaíso,2019,43,78.57
Valparaíso,2019,44,78.0
Valparaíso,2019,45,79.29
Valparaíso,2019,46,80.86
Valparaíso,2019,47,77.29
Valparaíso,2019,48,70.86
Valparaíso,2019,49,79.0
Valparaíso,2019,50,75.57
Valparaíso,2019,51,72.14
Valparaíso,2019,52,76.0
Valparaíso,2020,1,83.71
Valparaíso,2020,2,76.86
Valparaíso,2020,3,79.43
Valparaíso,2020,4,84.29
Valparaíso,2020,5,81.57
Valparaíso,2020,6,77.0
Valparaíso,2020,7,79.71
Valparaíso,2020,8,79.29
Valparaíso,2020,9,84.29
Valparaíso,2020,10,81.86
Valparaíso,2020,11,80.86
Valparaíso,2020,12,83.29
Valparaíso,2020,13,81.71
Valparaíso,2020,14,74.14
Valparaíso,2020,15,79.43
Valparaíso,2020,16,80.71
Valparaíso,2020,17,81.86
Valparaíso,2020,18,76.57
Valparaíso,2020,19,75.43
Valparaíso,2020,20,72.14
Valparaíso,2020,21,71.86
Valparaíso,2020,22,82.0
Valparaíso,2020,23,81.57
Valparaíso,2020,24,74.86
Valparaíso,2020,25,84.86
Valparaíso,2020,26,79.43
Valparaíso,2020,27,84.71
Valparaíso,2020,28,80.86
Valparaíso,2020,29,81.71
Valparaíso,2020,30,78.29
Valparaíso,2020,31,80.43
Valparaíso,2020,32,82.0
Valparaíso,2020,33,77.29
Valparaíso,2020,34,83.86
Valparaíso,2020,35,82.57
Valparaíso,2020,36,81.29
Valparaíso,2020,37,82.57
Valparaíso,2020,38,83.86
Valparaíso,2020,39,83.86
Valparaíso,2020,40,78.43
Valparaíso,2020,41,75.43
Valparaíso,2020,42,88.71
Valparaíso,2020,43,83.0
Valparaíso,2020,44,81.43
Valparaíso,2020,45,83.29
Valparaíso,2020,46,85.57
Valparaíso,2020,47,82.71
Valparaíso,2020,48,75.71
Valparaíso,2020,49,81.14
Valparaíso,2020,50,77.86
Valparaíso,2020,51,78.14
Valparaíso,2020,52,84.86
Valparaíso,2020,53,78.57
Valparaíso,2021,1,81.14
Valparaíso,2021,2,73.71
Valparaíso,2021,3,87.86
Valparaíso,2021,4,83.43
Valparaíso,2021,5,85.43
Valparaíso,2021,6,85.57
Valparaíso,2021,7,80.71
Valparaíso,2021,8,83.14
Valparaíso,2021,9,87.71
Valparaíso,2021,10,85.0
Valparaíso,2021,11,78.43
Valparaíso,2021,12,80.43
Valparaíso,2021,13,86.29
Valparaíso,2021,14,77.0
Valparaíso,2021,15,84.14
Valparaíso,2021,16,88.14
Valparaíso,2021,17,88.86
Valparaíso,2021,18,82.29
Valparaíso,2021,19,83.0
Valparaíso,2021,20,80.71
Valparaíso,2021,21,77.57
Valparaíso,2021,22,81.57
Valparaíso,2021,23,76.71
Valparaíso,2021,24,87.0
Valparaíso,2021,25,78.86
Valparaíso,2021,26,77.14
Valparaíso,2021,27,83.71
Valparaíso,2021,28,75.71
Valparaíso,2021,29,85.14
Valparaíso,2021,30,82.29
Valparaíso,2021,31,87.86
Valparaíso,2021,32,84.71
Valparaíso,2021,33,87.71
Valparaíso,2021,34,81.57
Valparaíso,2021,35,83.29
Valparaíso,2021,36,82.29
Valparaíso,2021,37,81.29
Valparaíso,2021,38,81.29
Valparaíso,2021,39,71.43
Valparaíso,2021,40,77.29
Valparaíso,2021,41,78.0
Valparaíso,2021,42,78.86
Valparaíso,2021,43,79.29
Valparaíso,2021,44,80.71
Valparaíso,2021,45,80.86
Valparaíso,2021,46,81.71
Valparaíso,2021,47,82.71
Valparaíso,2021,48,80.0
Valparaíso,2021,49,82.14
Valparaíso,2021,50,80.43
Valparaíso,2021,51,85.57
Valparaíso,2021,52,80.57
Valparaíso,2022,1,83.86
Valparaíso,2022,2,82.57
Valparaíso,2022,3,73.29
Valparaíso,2022,4,83.29
Valparaíso,2022,5,82.71
Valparaíso,2022,6,82.0
Valparaíso,2022,7,82.43
Valparaíso,2022,8,77.71
Valparaíso,2022,9,77.86
Valparaíso,2022,10,81.29
Valparaíso,2022,11,81.57
Valparaíso,2022,12,75.29
Valparaíso,2022,13,74.43
Valparaíso,2022,14,84.14
Valparaíso,2022,15,78.86
Valparaíso,2022,16,84.29
Valparaíso,2022,17,82.86
Valparaíso,2022,18,85.0
Valparaíso,2022,19,87.14
Valparaíso,2022,20,85.57
Valparaíso,2022,21,83.14
Valparaíso,2022,22,77.29
Valparaíso,2022,23,89.29
Valparaíso,2022,24,83.71
Valparaíso,2022,25,85.43
Valparaíso,2022,26,80.29
Valparaíso,2022,27,83.29
Valparaíso,2022,28,79.86
Valparaíso,2022,29,85.0
Valparaíso,2022,30,86.29
Valparaíso,2022,31,85.71
Valparaíso,2022,32,85.57
Valparaíso,2022,33,78.71
Valparaíso,2022,34,84.71
Valparaíso,2022,35,86.71
Valparaíso,2022,36,86.43
Valparaíso,2022,37,85.43
Valparaíso,2022,38,79.86
Valparaíso,2022,39,89.0
Valparaíso,2022,40,81.29
Valparaíso,2022,41,81.29
Valparaíso,2022,42,82.14
Valparaíso,2022,43,81.71
Valparaíso,2022,44,75.57
Valparaíso,2022,45,85.86
Valparaíso,2022,46,79.71
Valparaíso,2022,47,86.14
Valparaíso,2022,48,84.57
Valparaíso,2022,49,77.14
Valparaíso,2022,50,77.14
Valparaíso,2022,51,77.29
Valparaíso,2022,52,82.43
Valparaíso,2023,1,86.0
Valparaíso,2023,2,80.71
Valparaíso,2023,3,82.14
Valparaíso,2023,4,79.14
Valparaíso,2023,5,81.57
Valparaíso,2023,6,79.43
Valparaíso,2023,7,74.57
Valparaíso,2023,8,79.86
Valparaíso,2023,9,82.14
Valparaíso,2023,10,85.14
Valparaíso,2023,11,78.0
Valparaíso,2023,12,75.0
Valparaíso,2023,13,69.29
Valparaíso,2023,14,77.43
Valparaíso,2023,15,86.43
Valparaíso,2023,16,80.0
Valparaíso,2023,17,90.29
Valparaíso,2023,18,87.43
Valparaíso,2023,19,76.71
Valparaíso,2023,20,87.14
Valparaíso,2023,21,84.43
Valparaíso,2023,22,84.43
Valparaíso,2023,23,80.71
Valparaíso,2023,24,79.14
Valparaíso,2023,25,92.29
Valparaíso,2023,26,75.43
Valparaíso,2023,27,84.71
Valparaíso,2023,28,81.43
Valparaíso,2023,29,82.29
Valparaíso,2023,30,79.14
Valparaíso,2023,31,85.14
Valparaíso,2023,32,78.57
Valparaíso,2023,33,85.29
Valparaíso,2023,34,81.71
Valparaíso,2023,35,80.86
Valparaíso,2023,36,84.86
Valparaíso,2023,37,80.86
Valparaíso,2023,38,82.86
Valparaíso,2023,39,82.57
Valparaíso,2023,40,78.29
Valparaíso,2023,41,76.43
Valparaíso,2023,42,80.0
Valparaíso,2023,43,80.71
Valparaíso,2023,44,76.14
Valparaíso,2023,45,76.86
Valparaíso,2023,46,76.57
Valparaíso,2023,47,79.71
Valparaíso,2023,48,75.71
Valparaíso,2023,49,73.43
Valparaíso,2023,50,74.0
Valparaíso,2023,51,75.86
Valparaíso,2023,52,80.29
Valparaíso,2024,1,80.43
Valparaíso,2024,2,74.57
Valparaíso,2024,3,73.86
Valparaíso,2024,4,85.0
Valparaíso,2024,5,71.14
Valparaíso,2024,6,77.14
Valparaíso,2024,7,75.86
Valparaíso,2024,8,78.0
Valparaíso,2024,9,73.43
Valparaíso,2024,10,73.86
Valparaíso,2024,11,72.0
Valparaíso,2024,12,71.29
Valparaíso,2024,13,75.14
Valparaíso,2024,14,69.43
Valparaíso,2024,15,82.0
Valparaíso,2024,16,74.71
Valparaíso,2024,17,73.0
Valparaíso,2024,18,75.29
Valparaíso,2024,19,76.57
Valparaíso,2024,20,75.0
Valparaíso,2024,21,79.57
Valparaíso,2024,22,81.0
Valparaíso,2024,23,85.43
Valparaíso,2024,24,86.57
Valparaíso,2024,25,88.14
Valparaíso,2024,26,73.0
Valparaíso,2024,27,71.71
Valparaíso,2024,28,80.43
Valparaíso,2024,29,77.57
Valparaíso,2024,30,80.57
Valparaíso,2024,31,85.86
Valparaíso,2024,32,77.71
Valparaíso,2024,33,84.14
Valparaíso,2024,34,75.57
Valparaíso,2024,35,81.29
Valparaíso,2024,36,81.0
Valparaíso,2024,37,76.86
Valparaíso,2024,38,83.57
Valparaíso,2024,39,76.57
Valparaíso,2024,40,74.43
Valparaíso,2024,41,82.14
Valparaíso,2024,42,80.14
Valparaíso,2024,43,79.0
Valparaíso,2024,44,81.57
Valparaíso,2024,45,70.43
Valparaíso,2024,46,72.71
Valparaíso,2024,47,75.29
Valparaíso,2024,48,70.43
Valparaíso,2024,49,73.43
Valparaíso,2024,50,75.14
Valparaíso,2024,51,71.86
Valparaíso,2024,52,80.86
Valparaíso,2025,1,76.57
Valparaíso,2025,2,76.29
Valparaíso,2025,3,73.57
Valparaíso,2025,4,74.57
Valparaíso,2025,5,75.29
Valparaíso,2025,6,71.86
Valparaíso,2025,7,73.86
Valparaíso,2025,8,77.14
Valparaíso,2025,9,77.0
Valparaíso,2025,10,72.71
Valparaíso,2025,11,76.29
Valparaíso,2025,12,76.71
Valparaíso,2025,13,78.86
Valparaíso,2025,14,73.0
Valparaíso,2025,15,76.71
Valparaíso,2025,16,79.29
Valparaíso,2025,17,79.29
Valparaíso,2025,18,78.43
Valparaíso,2025,19,82.71
Valparaíso,2025,20,90.43
Valparaíso,2025,21,83.0
Valparaíso,2025,22,75.57
Valparaíso,2025,23,87.71
Valparaíso,2025,24,82.43
Valparaíso,2025,25,81.43
Valparaíso,2025,26,75.86
Valparaíso,2025,27,73.0
Valparaíso,2025,28,86.29
Valparaíso,2025,29,73.43
Valparaíso,2025,30,86.14
Valparaíso,2025,31,86.86
Valparaíso,2025,32,81.0
Valparaíso,2025,33,83.43
Valparaíso,2025,34,78.0
Valparaíso,2025,35,83.0
Valparaíso,2025,36,80.57
Valparaíso,2025,37,77.0
Valparaíso,2025,38,80.71
Valparaíso,2025,39,78.71
Valparaíso,2025,40,79.14
Valparaíso,2025,41,75.71
Valparaíso,2025,42,76.71
Valparaíso,2025,43,73.0
Valparaíso,2025,44,76.43
Valparaíso,2025,45,77.43
Valparaíso,2025,46,74.0
Valparaíso,2025,47,74.29
Valparaíso,2025,48,76.0
Valparaíso,2025,49,80.71
Valparaíso,2025,50,78.71
Valparaíso,2025,51,76.0
Valparaíso,2025,52,71.71
Valparaíso,2026,1,83.43
Valparaíso,2026,2,80.14
Valparaíso,2026,3,73.0
Valparaíso,2026,4,82.14
Valparaíso,2026,5,83.29
Valparaíso,2026,6,74.29
Valparaíso,2026,7,66.29
Valparaíso,2026,8,68.86
Valparaíso,2026,9,74.71
Valparaíso,2026,10,76.14
Valparaíso,2026,11,71.57
Valparaíso,2026,12,76.14
Valparaíso,2026,13,73.29
Valparaíso,2026,14,74.86
Valparaíso,2026,15,81.14
Valparaíso,2026,16,84.86
Valparaíso,2026,17,71.57
Valparaíso,2026,18,72.71
Valparaíso,2026,19,79.29
Valparaíso,2026,20,85.71
Valparaíso,2026,21,85.14
Valparaíso,2026,22,81.43
Valparaíso,2026,23,82.43
Valparaíso,2026,24,86.57
Valparaíso,2026,25,91.33
Ñuble,2014,1,50.8
Ñuble,2014,2,52.29
Ñuble,2014,3,56.86
Ñuble,2014,4,63.43
Ñuble,2014,5,59.57
Ñuble,2014,6,63.0
Ñuble,2014,7,60.0
Ñuble,2014,8,56.14
Ñuble,2014,9,62.14
Ñuble,2014,10,59.14
Ñuble,2014,11,63.29
Ñuble,2014,12,61.0
Ñuble,2014,13,71.86
Ñuble,2014,14,80.43
Ñuble,2014,15,74.0
Ñuble,2014,16,70.86
Ñuble,2014,17,80.0
Ñuble,2014,18,82.86
Ñuble,2014,19,85.29
Ñuble,2014,20,81.57
Ñuble,2014,21,78.86
Ñuble,2014,22,80.14
Ñuble,2014,23,88.43
Ñuble,2014,24,86.0
Ñuble,2014,25,79.29
Ñuble,2014,26,83.29
Ñuble,2014,27,84.29
Ñuble,2014,28,78.71
Ñuble,2014,29,80.29
Ñuble,2014,30,82.43
Ñuble,2014,31,89.0
Ñuble,2014,32,81.0
Ñuble,2014,33,74.14
Ñuble,2014,34,86.14
Ñuble,2014,35,81.14
Ñuble,2014,36,85.0
Ñuble,2014,37,76.29
Ñuble,2014,38,81.14
Ñuble,2014,39,81.43
Ñuble,2014,40,78.86
Ñuble,2014,41,70.86
Ñuble,2014,42,72.86
Ñuble,2014,43,71.71
Ñuble,2014,44,64.86
Ñuble,2014,45,64.71
Ñuble,2014,46,64.29
Ñuble,2014,47,61.43
Ñuble,2014,48,57.43
Ñuble,2014,49,58.0
Ñuble,2014,50,53.0
Ñuble,2014,51,53.71
Ñuble,2014,52,53.43
Ñuble,2015,1,62.43
Ñuble,2015,2,50.86
Ñuble,2015,3,55.0
Ñuble,2015,4,60.86
Ñuble,2015,5,53.0
Ñuble,2015,6,51.0
Ñuble,2015,7,48.43
Ñuble,2015,8,52.57
Ñuble,2015,9,63.57
Ñuble,2015,10,61.43
Ñuble,2015,11,48.0
Ñuble,2015,12,55.57
Ñuble,2015,13,67.71
Ñuble,2015,14,65.43
Ñuble,2015,15,67.43
Ñuble,2015,16,69.86
Ñuble,2015,17,75.14
Ñuble,2015,18,76.0
Ñuble,2015,19,77.29
Ñuble,2015,20,83.71
Ñuble,2015,21,83.0
Ñuble,2015,22,84.57
Ñuble,2015,23,89.43
Ñuble,2015,24,84.29
Ñuble,2015,25,75.86
Ñuble,2015,26,80.57
Ñuble,2015,27,82.29
Ñuble,2015,28,88.86
Ñuble,2015,29,83.29
Ñuble,2015,30,81.14
Ñuble,2015,31,89.0
Ñuble,2015,32,81.57
Ñuble,2015,33,77.14
Ñuble,2015,34,83.43
Ñuble,2015,35,86.71
Ñuble,2015,36,75.71
Ñuble,2015,37,75.14
Ñuble,2015,38,74.0
Ñuble,2015,39,79.71
Ñuble,2015,40,86.57
Ñuble,2015,41,72.29
Ñuble,2015,42,77.71
Ñuble,2015,43,77.43
Ñuble,2015,44,73.29
Ñuble,2015,45,77.86
Ñuble,2015,46,72.71
Ñuble,2015,47,65.43
Ñuble,2015,48,65.57
Ñuble,2015,49,64.14
Ñuble,2015,50,57.57
Ñuble,2015,51,55.43
Ñuble,2015,52,58.86
Ñuble,2015,53,53.86
Ñuble,2016,1,56.0
Ñuble,2016,2,55.71
Ñuble,2016,3,52.0
Ñuble,2016,4,61.57
Ñuble,2016,5,54.71
Ñuble,2016,6,56.71
Ñuble,2016,7,55.71
Ñuble,2016,8,50.0
Ñuble,2016,9,54.86
Ñuble,2016,10,58.71
Ñuble,2016,11,58.57
Ñuble,2016,12,62.57
Ñuble,2016,13,70.71
Ñuble,2016,14,72.43
Ñuble,2016,15,80.71
Ñuble,2016,16,82.29
Ñuble,2016,17,75.29
Ñuble,2016,18,84.71
Ñuble,2016,19,82.43
Ñuble,2016,20,85.57
Ñuble,2016,21,85.71
Ñuble,2016,22,86.0
Ñuble,2016,23,80.14
Ñuble,2016,24,81.71
Ñuble,2016,25,85.0
Ñuble,2016,26,86.43
Ñuble,2016,27,87.71
Ñuble,2016,28,83.29
Ñuble,2016,29,87.0
Ñuble,2016,30,80.86
Ñuble,2016,31,85.57
Ñuble,2016,32,81.29
Ñuble,2016,33,80.29
Ñuble,2016,34,77.86
Ñuble,2016,35,64.57
Ñuble,2016,36,73.71
Ñuble,2016,37,81.0
Ñuble,2016,38,71.14
Ñuble,2016,39,73.43
Ñuble,2016,40,67.57
Ñuble,2016,41,83.43
Ñuble,2016,42,76.86
Ñuble,2016,43,75.71
Ñuble,2016,44,71.57
Ñuble,2016,45,60.86
Ñuble,2016,46,58.86
Ñuble,2016,47,63.86
Ñuble,2016,48,60.0
Ñuble,2016,49,62.57
Ñuble,2016,50,55.0
Ñuble,2016,51,58.43
Ñuble,2016,52,65.43
Ñuble,2017,1,50.29
Ñuble,2017,2,47.57
Ñuble,2017,3,41.71
Ñuble,2017,4,42.14
Ñuble,2017,5,50.0
Ñuble,2017,6,47.86
Ñuble,2017,7,62.43
Ñuble,2017,8,64.0
Ñuble,2017,9,60.14
Ñuble,2017,10,61.43
Ñuble,2017,11,62.29
Ñuble,2017,12,65.29
Ñuble,2017,13,65.71
Ñuble,2017,14,69.71
Ñuble,2017,15,74.29
Ñuble,2017,16,77.29
Ñuble,2017,17,75.29
Ñuble,2017,18,83.29
Ñuble,2017,19,78.71
Ñuble,2017,20,82.14
Ñuble,2017,21,84.0
Ñuble,2017,22,87.57
Ñuble,2017,23,81.86
Ñuble,2017,24,85.71
Ñuble,2017,25,85.86
Ñuble,2017,26,86.14
Ñuble,2017,27,85.57
Ñuble,2017,28,80.71
Ñuble,2017,29,82.0
Ñuble,2017,30,82.0
Ñuble,2017,31,84.57
Ñuble,2017,32,84.43
Ñuble,2017,33,83.29
Ñuble,2017,34,85.14
Ñuble,2017,35,78.86
Ñuble,2017,36,77.29
Ñuble,2017,37,78.0
Ñuble,2017,38,78.0
Ñuble,2017,39,77.86
Ñuble,2017,40,81.57
Ñuble,2017,41,76.86
Ñuble,2017,42,71.86
Ñuble,2017,43,73.0
Ñuble,2017,44,79.43
Ñuble,2017,45,78.14
Ñuble,2017,46,65.86
Ñuble,2017,47,58.43
Ñuble,2017,48,60.71
Ñuble,2017,49,60.29
Ñuble,2017,50,62.14
Ñuble,2017,51,48.0
Ñuble,2017,52,57.29
Ñuble,2018,1,57.0
Ñuble,2018,2,56.29
Ñuble,2018,3,56.57
Ñuble,2018,4,50.86
Ñuble,2018,5,49.86
Ñuble,2018,6,49.43
Ñuble,2018,7,53.14
Ñuble,2018,8,64.57
Ñuble,2018,9,59.86
Ñuble,2018,10,57.0
Ñuble,2018,11,67.29
Ñuble,2018,12,70.29
Ñuble,2018,13,70.14
Ñuble,2018,14,74.71
Ñuble,2018,15,80.43
Ñuble,2018,16,81.14
Ñuble,2018,17,79.14
Ñuble,2018,18,83.29
Ñuble,2018,19,90.0
Ñuble,2018,20,85.14
Ñuble,2018,21,86.43
Ñuble,2018,22,79.57
Ñuble,2018,23,86.14
Ñuble,2018,24,84.86
Ñuble,2018,25,85.0
Ñuble,2018,26,90.71
Ñuble,2018,27,83.71
Ñuble,2018,28,89.0
Ñuble,2018,29,82.57
Ñuble,2018,30,85.29
Ñuble,2018,31,85.29
Ñuble,2018,32,84.86
Ñuble,2018,33,77.71
Ñuble,2018,34,80.29
Ñuble,2018,35,89.57
Ñuble,2018,36,78.29
Ñuble,2018,37,78.14
Ñuble,2018,38,83.43
Ñuble,2018,39,77.71
Ñuble,2018,40,75.43
Ñuble,2018,41,76.29
Ñuble,2018,42,78.71
Ñuble,2018,43,78.71
Ñuble,2018,44,82.57
Ñuble,2018,45,76.29
Ñuble,2018,46,79.29
Ñuble,2018,47,70.43
Ñuble,2018,48,63.0
Ñuble,2018,49,66.71
Ñuble,2018,50,63.0
Ñuble,2018,51,57.0
Ñuble,2018,52,55.0
Ñuble,2019,1,52.71
Ñuble,2019,2,64.0
Ñuble,2019,3,53.71
Ñuble,2019,4,47.71
Ñuble,2019,5,49.0
Ñuble,2019,6,51.29
Ñuble,2019,7,56.43
Ñuble,2019,8,65.57
Ñuble,2019,9,55.43
Ñuble,2019,10,58.14
Ñuble,2019,11,63.14
Ñuble,2019,12,54.71
Ñuble,2019,13,71.71
Ñuble,2019,14,67.71
Ñuble,2019,15,76.71
Ñuble,2019,16,79.86
Ñuble,2019,17,83.57
Ñuble,2019,18,78.43
Ñuble,2019,19,88.0
Ñuble,2019,20,84.14
Ñuble,2019,21,86.43
Ñuble,2019,22,86.14
Ñuble,2019,23,89.14
Ñuble,2019,24,86.43
Ñuble,2019,25,85.86
Ñuble,2019,26,86.86
Ñuble,2019,27,82.29
Ñuble,2019,28,88.14
Ñuble,2019,29,85.71
Ñuble,2019,30,81.43
Ñuble,2019,31,82.86
Ñuble,2019,32,81.86
Ñuble,2019,33,83.71
Ñuble,2019,34,83.43
Ñuble,2019,35,79.57
Ñuble,2019,36,79.14
Ñuble,2019,37,82.86
Ñuble,2019,38,72.14
Ñuble,2019,39,81.29
Ñuble,2019,40,78.57
Ñuble,2019,41,70.43
Ñuble,2019,42,70.71
Ñuble,2019,43,68.86
Ñuble,2019,44,71.29
Ñuble,2019,45,58.57
Ñuble,2019,46,62.0
Ñuble,2019,47,54.43
Ñuble,2019,48,52.71
Ñuble,2019,49,49.57
Ñuble,2019,50,52.71
Ñuble,2019,51,50.57
Ñuble,2019,52,51.0
Ñuble,2020,1,49.57
Ñuble,2020,2,56.57
Ñuble,2020,3,49.0
Ñuble,2020,4,47.29
Ñuble,2020,5,46.14
Ñuble,2020,6,50.29
Ñuble,2020,7,49.57
Ñuble,2020,8,51.0
Ñuble,2020,9,53.71
Ñuble,2020,10,50.14
Ñuble,2020,11,53.57
Ñuble,2020,12,58.29
Ñuble,2020,13,71.14
Ñuble,2020,14,54.57
Ñuble,2020,15,64.43
Ñuble,2020,16,70.86
Ñuble,2020,17,71.0
Ñuble,2020,18,84.29
Ñuble,2020,19,80.29
Ñuble,2020,20,80.43
Ñuble,2020,21,83.86
Ñuble,2020,22,79.86
Ñuble,2020,23,89.43
Ñuble,2020,24,84.71
Ñuble,2020,25,89.29
Ñuble,2020,26,88.43
Ñuble,2020,27,88.0
Ñuble,2020,28,84.43
Ñuble,2020,29,90.0
Ñuble,2020,30,82.0
Ñuble,2020,31,83.43
Ñuble,2020,32,83.0
Ñuble,2020,33,74.57
Ñuble,2020,34,78.0
Ñuble,2020,35,77.86
Ñuble,2020,36,82.43
Ñuble,2020,37,79.71
Ñuble,2020,38,72.71
Ñuble,2020,39,77.14
Ñuble,2020,40,71.57
Ñuble,2020,41,62.0
Ñuble,2020,42,67.0
Ñuble,2020,43,63.57
Ñuble,2020,44,68.14
Ñuble,2020,45,60.71
Ñuble,2020,46,58.43
Ñuble,2020,47,61.57
Ñuble,2020,48,53.57
Ñuble,2020,49,48.29
Ñuble,2020,50,57.71
Ñuble,2020,51,54.43
Ñuble,2020,52,51.71
Ñuble,2020,53,50.86
Ñuble,2021,1,48.29
Ñuble,2021,2,44.43
Ñuble,2021,3,49.71
Ñuble,2021,4,62.0
Ñuble,2021,5,75.0
Ñuble,2021,6,67.57
Ñuble,2021,7,60.71
Ñuble,2021,8,56.71
Ñuble,2021,9,59.29
Ñuble,2021,10,63.29
Ñuble,2021,11,66.43
Ñuble,2021,12,59.14
Ñuble,2021,13,72.29
Ñuble,2021,14,71.43
Ñuble,2021,15,72.29
Ñuble,2021,16,79.86
Ñuble,2021,17,84.43
Ñuble,2021,18,85.29
Ñuble,2021,19,85.57
Ñuble,2021,20,85.71
Ñuble,2021,21,88.0
Ñuble,2021,22,88.43
Ñuble,2021,23,86.86
Ñuble,2021,24,82.57
Ñuble,2021,25,83.71
Ñuble,2021,26,83.86
Ñuble,2021,27,85.71
Ñuble,2021,28,84.43
Ñuble,2021,29,85.43
Ñuble,2021,30,79.0
Ñuble,2021,31,79.86
Ñuble,2021,32,85.86
Ñuble,2021,33,86.14
Ñuble,2021,34,81.71
Ñuble,2021,35,84.29
Ñuble,2021,36,84.29
Ñuble,2021,37,78.86
Ñuble,2021,38,75.86
Ñuble,2021,39,73.57
Ñuble,2021,40,70.86
Ñuble,2021,41,69.43
Ñuble,2021,42,67.43
Ñuble,2021,43,64.0
Ñuble,2021,44,65.0
Ñuble,2021,45,64.14
Ñuble,2021,46,55.14
Ñuble,2021,47,55.43
Ñuble,2021,48,53.14
Ñuble,2021,49,59.29
Ñuble,2021,50,52.0
Ñuble,2021,51,46.86
Ñuble,2021,52,55.57
Ñuble,2022,1,58.14
Ñuble,2022,2,57.29
Ñuble,2022,3,49.14
Ñuble,2022,4,60.14
Ñuble,2022,5,50.57
Ñuble,2022,6,39.71
Ñuble,2022,7,51.57
Ñuble,2022,8,64.43
Ñuble,2022,9,54.57
Ñuble,2022,10,57.29
Ñuble,2022,11,55.29
Ñuble,2022,12,68.43
Ñuble,2022,13,61.57
Ñuble,2022,14,69.29
Ñuble,2022,15,72.57
Ñuble,2022,16,87.86
Ñuble,2022,17,82.14
Ñuble,2022,18,85.86
Ñuble,2022,19,85.14
Ñuble,2022,20,86.0
Ñuble,2022,21,85.0
Ñuble,2022,22,84.71
Ñuble,2022,23,88.0
Ñuble,2022,24,88.29
Ñuble,2022,25,84.71
Ñuble,2022,26,86.86
Ñuble,2022,27,85.43
Ñuble,2022,28,90.43
Ñuble,2022,29,90.0
Ñuble,2022,30,84.57
Ñuble,2022,31,86.29
Ñuble,2022,32,85.71
Ñuble,2022,33,83.14
Ñuble,2022,34,81.43
Ñuble,2022,35,78.57
Ñuble,2022,36,79.71
Ñuble,2022,37,82.14
Ñuble,2022,38,76.86
Ñuble,2022,39,79.43
Ñuble,2022,40,77.29
Ñuble,2022,41,70.14
Ñuble,2022,42,72.43
Ñuble,2022,43,73.14
Ñuble,2022,44,60.14
Ñuble,2022,45,70.0
Ñuble,2022,46,66.71
Ñuble,2022,47,52.57
Ñuble,2022,48,50.71
Ñuble,2022,49,54.0
Ñuble,2022,50,50.43
Ñuble,2022,51,52.86
Ñuble,2022,52,50.14
Ñuble,2023,1,54.0
Ñuble,2023,2,46.71
Ñuble,2023,3,51.0
Ñuble,2023,4,49.14
Ñuble,2023,5,49.71
Ñuble,2023,6,47.29
Ñuble,2023,7,40.14
Ñuble,2023,8,44.71
Ñuble,2023,9,45.86
Ñuble,2023,10,67.57
Ñuble,2023,11,62.57
Ñuble,2023,12,54.14
Ñuble,2023,13,57.29
Ñuble,2023,14,62.29
Ñuble,2023,15,77.43
Ñuble,2023,16,71.43
Ñuble,2023,17,83.86
Ñuble,2023,18,82.86
Ñuble,2023,19,81.86
Ñuble,2023,20,82.43
Ñuble,2023,21,86.0
Ñuble,2023,22,87.71
Ñuble,2023,23,85.0
Ñuble,2023,24,82.14
Ñuble,2023,25,90.86
Ñuble,2023,26,86.71
Ñuble,2023,27,88.0
Ñuble,2023,28,82.57
Ñuble,2023,29,85.14
Ñuble,2023,30,88.71
Ñuble,2023,31,81.0
Ñuble,2023,32,80.57
Ñuble,2023,33,88.43
Ñuble,2023,34,82.57
Ñuble,2023,35,83.29
Ñuble,2023,36,84.43
Ñuble,2023,37,81.14
Ñuble,2023,38,76.14
Ñuble,2023,39,74.43
Ñuble,2023,40,74.43
Ñuble,2023,41,66.43
Ñuble,2023,42,64.71
Ñuble,2023,43,71.14
Ñuble,2023,44,70.57
Ñuble,2023,45,70.0
Ñuble,2023,46,70.29
Ñuble,2023,47,68.71
Ñuble,2023,48,58.86
Ñuble,2023,49,55.0
Ñuble,2023,50,57.0
Ñuble,2023,51,53.0
Ñuble,2023,52,60.14
Ñuble,2024,1,54.43
Ñuble,2024,2,43.57
Ñuble,2024,3,43.86
Ñuble,2024,4,48.29
Ñuble,2024,5,40.29
Ñuble,2024,6,52.43
Ñuble,2024,7,50.43
Ñuble,2024,8,49.86
Ñuble,2024,9,43.43
Ñuble,2024,10,51.57
Ñuble,2024,11,55.0
Ñuble,2024,12,71.43
Ñuble,2024,13,64.57
Ñuble,2024,14,70.57
Ñuble,2024,15,74.71
Ñuble,2024,16,72.0
Ñuble,2024,17,77.71
Ñuble,2024,18,82.43
Ñuble,2024,19,82.57
Ñuble,2024,20,82.71
Ñuble,2024,21,85.86
Ñuble,2024,22,89.71
Ñuble,2024,23,87.29
Ñuble,2024,24,86.14
Ñuble,2024,25,87.86
Ñuble,2024,26,80.71
Ñuble,2024,27,77.86
Ñuble,2024,28,85.43
Ñuble,2024,29,83.43
Ñuble,2024,30,80.57
Ñuble,2024,31,84.14
Ñuble,2024,32,82.86
Ñuble,2024,33,77.86
Ñuble,2024,34,79.43
Ñuble,2024,35,84.86
Ñuble,2024,36,79.29
Ñuble,2024,37,73.14
Ñuble,2024,38,80.57
Ñuble,2024,39,78.14
Ñuble,2024,40,79.57
Ñuble,2024,41,79.14
Ñuble,2024,42,75.57
Ñuble,2024,43,74.0
Ñuble,2024,44,72.14
Ñuble,2024,45,66.57
Ñuble,2024,46,62.29
Ñuble,2024,47,62.71
Ñuble,2024,48,55.57
Ñuble,2024,49,53.71
Ñuble,2024,50,49.14
Ñuble,2024,51,53.0
Ñuble,2024,52,54.14
Ñuble,2025,1,46.71
Ñuble,2025,2,44.57
Ñuble,2025,3,47.0
Ñuble,2025,4,50.71
Ñuble,2025,5,45.86
Ñuble,2025,6,43.0
Ñuble,2025,7,45.43
Ñuble,2025,8,52.57
Ñuble,2025,9,57.0
Ñuble,2025,10,62.14
Ñuble,2025,11,55.0
Ñuble,2025,12,55.14
Ñuble,2025,13,63.57
Ñuble,2025,14,68.14
Ñuble,2025,15,74.86
Ñuble,2025,16,80.43
Ñuble,2025,17,82.29
Ñuble,2025,18,82.86
Ñuble,2025,19,83.71
Ñuble,2025,20,86.86
Ñuble,2025,21,83.29
Ñuble,2025,22,74.71
Ñuble,2025,23,86.14
Ñuble,2025,24,86.57
Ñuble,2025,25,83.29
Ñuble,2025,26,79.14
Ñuble,2025,27,82.29
Ñuble,2025,28,83.0
Ñuble,2025,29,77.57
Ñuble,2025,30,89.57
Ñuble,2025,31,88.14
Ñuble,2025,32,82.71
Ñuble,2025,33,83.14
Ñuble,2025,34,85.0
Ñuble,2025,35,81.71
Ñuble,2025,36,78.71
Ñuble,2025,37,74.29
Ñuble,2025,38,80.14
Ñuble,2025,39,77.29
Ñuble,2025,40,74.86
Ñuble,2025,41,72.43
Ñuble,2025,42,70.71
Ñuble,2025,43,63.57
Ñuble,2025,44,55.57
Ñuble,2025,45,64.14
Ñuble,2025,46,59.29
Ñuble,2025,47,49.71
Ñuble,2025,48,64.86
Ñuble,2025,49,53.86
Ñuble,2025,50,59.43
Ñuble,2025,51,56.86
Ñuble,2025,52,52.14
Ñuble,2026,1,50.29
Ñuble,2026,2,52.14
Ñuble,2026,3,42.43
Ñuble,2026,4,52.14
Ñuble,2026,5,59.71
Ñuble,2026,6,65.86
Ñuble,2026,7,55.14
Ñuble,2026,8,58.71
Ñuble,2026,9,61.71
Ñuble,2026,10,63.57
Ñuble,2026,11,63.57
Ñuble,2026,12,78.57
Ñuble,2026,13,71.14
Ñuble,2026,14,71.0
Ñuble,2026,15,76.0
Ñuble,2026,16,79.14
Ñuble,2026,17,71.86
Ñuble,2026,18,77.14
Ñuble,2026,19,77.29
Ñuble,2026,20,78.29
Ñuble,2026,21,89.0
Ñuble,2026,22,87.86
Ñuble,2026,23,91.14
Ñuble,2026,24,91.43
Ñuble,2026,25,87.67
