region,anio,semana,codigo_region,temp_promedio_semanal
Antofagasta,2014,1,2,21.7
Antofagasta,2014,2,2,21.91
Antofagasta,2014,3,2,22.21
Antofagasta,2014,4,2,21.87
Antofagasta,2014,5,2,21.4
Antofagasta,2014,6,2,21.36
Antofagasta,2014,7,2,20.53
Antofagasta,2014,8,2,20.56
Antofagasta,2014,9,2,20.26
Antofagasta,2014,10,2,20.53
Antofagasta,2014,11,2,20.24
Antofagasta,2014,12,2,20.11
Antofagasta,2014,13,2,19.59
Antofagasta,2014,14,2,19.47
Antofagasta,2014,15,2,18.81
Antofagasta,2014,16,2,18.56
Antofagasta,2014,17,2,18.31
Antofagasta,2014,18,2,17.94
Antofagasta,2014,19,2,17.64
Antofagasta,2014,20,2,17.74
Antofagasta,2014,21,2,16.53
Antofagasta,2014,22,2,16.81
Antofagasta,2014,23,2,15.67
Antofagasta,2014,24,2,16.36
Antofagasta,2014,25,2,16.67
Antofagasta,2014,26,2,15.11
Antofagasta,2014,27,2,15.01
Antofagasta,2014,28,2,15.49
Antofagasta,2014,29,2,16.51
Antofagasta,2014,30,2,15.04
Antofagasta,2014,31,2,16.7
Antofagasta,2014,32,2,15.86
Antofagasta,2014,33,2,17.03
Antofagasta,2014,34,2,15.99
Antofagasta,2014,35,2,17.63
Antofagasta,2014,36,2,17.73
Antofagasta,2014,37,2,16.27
Antofagasta,2014,38,2,16.9
Antofagasta,2014,39,2,16.61
Antofagasta,2014,40,2,16.93
Antofagasta,2014,41,2,16.5
Antofagasta,2014,42,2,17.61
Antofagasta,2014,43,2,18.4
Antofagasta,2014,44,2,17.4
Antofagasta,2014,45,2,17.49
Antofagasta,2014,46,2,18.51
Antofagasta,2014,47,2,18.2
Antofagasta,2014,48,2,18.14
Antofagasta,2014,49,2,18.4
Antofagasta,2014,50,2,19.03
Antofagasta,2014,51,2,18.79
Antofagasta,2014,52,2,19.36
Antofagasta,2015,1,2,20.03
Antofagasta,2015,2,2,20.23
Antofagasta,2015,3,2,20.34
Antofagasta,2015,4,2,20.6
Antofagasta,2015,5,2,21.93
Antofagasta,2015,6,2,21.87
Antofagasta,2015,7,2,22.56
Antofagasta,2015,8,2,22.11
Antofagasta,2015,9,2,20.64
Antofagasta,2015,10,2,20.5
Antofagasta,2015,11,2,21.83
Antofagasta,2015,12,2,22.0
Antofagasta,2015,13,2,21.87
Antofagasta,2015,14,2,20.39
Antofagasta,2015,15,2,20.24
Antofagasta,2015,16,2,20.24
Antofagasta,2015,17,2,18.86
Antofagasta,2015,18,2,18.9
Antofagasta,2015,19,2,19.71
Antofagasta,2015,20,2,18.49
Antofagasta,2015,21,2,18.14
Antofagasta,2015,22,2,17.49
Antofagasta,2015,23,2,17.43
Antofagasta,2015,24,2,17.56
Antofagasta,2015,25,2,17.26
Antofagasta,2015,26,2,17.34
Antofagasta,2015,27,2,16.93
Antofagasta,2015,28,2,16.96
Antofagasta,2015,29,2,16.54
Antofagasta,2015,30,2,16.6
Antofagasta,2015,31,2,16.44
Antofagasta,2015,32,2,17.49
Antofagasta,2015,33,2,15.64
Antofagasta,2015,34,2,17.14
Antofagasta,2015,35,2,17.54
Antofagasta,2015,36,2,17.59
Antofagasta,2015,37,2,19.1
Antofagasta,2015,38,2,18.59
Antofagasta,2015,39,2,17.54
Antofagasta,2015,40,2,18.67
Antofagasta,2015,41,2,17.67
Antofagasta,2015,42,2,17.73
Antofagasta,2015,43,2,19.29
Antofagasta,2015,44,2,18.4
Antofagasta,2015,45,2,17.89
Antofagasta,2015,46,2,18.53
Antofagasta,2015,47,2,18.76
Antofagasta,2015,48,2,19.0
Antofagasta,2015,49,2,19.64
Antofagasta,2015,50,2,20.21
Antofagasta,2015,51,2,19.67
Antofagasta,2015,52,2,20.67
Antofagasta,2015,53,2,20.87
Antofagasta,2016,1,2,21.47
Antofagasta,2016,2,2,21.19
Antofagasta,2016,3,2,21.74
Antofagasta,2016,4,2,22.37
Antofagasta,2016,5,2,22.79
Antofagasta,2016,6,2,22.04
Antofagasta,2016,7,2,21.6
Antofagasta,2016,8,2,23.04
Antofagasta,2016,9,2,21.64
Antofagasta,2016,10,2,21.84
Antofagasta,2016,11,2,21.31
Antofagasta,2016,12,2,20.56
Antofagasta,2016,13,2,21.1
Antofagasta,2016,14,2,20.43
Antofagasta,2016,15,2,19.33
Antofagasta,2016,16,2,18.93
Antofagasta,2016,17,2,18.77
Antofagasta,2016,18,2,18.79
Antofagasta,2016,19,2,19.64
Antofagasta,2016,20,2,18.64
Antofagasta,2016,21,2,18.71
Antofagasta,2016,22,2,18.66
Antofagasta,2016,23,2,18.06
Antofagasta,2016,24,2,17.47
Antofagasta,2016,25,2,16.11
Antofagasta,2016,26,2,16.53
Antofagasta,2016,27,2,17.61
Antofagasta,2016,28,2,16.34
Antofagasta,2016,29,2,16.9
Antofagasta,2016,30,2,16.63
Antofagasta,2016,31,2,16.47
Antofagasta,2016,32,2,16.9
Antofagasta,2016,33,2,17.39
Antofagasta,2016,34,2,16.86
Antofagasta,2016,35,2,16.76
Antofagasta,2016,36,2,17.76
Antofagasta,2016,37,2,16.2
Antofagasta,2016,38,2,16.93
Antofagasta,2016,39,2,16.56
Antofagasta,2016,40,2,17.69
Antofagasta,2016,41,2,19.07
Antofagasta,2016,42,2,17.59
Antofagasta,2016,43,2,18.03
Antofagasta,2016,44,2,18.67
Antofagasta,2016,45,2,19.1
Antofagasta,2016,46,2,19.69
Antofagasta,2016,47,2,19.07
Antofagasta,2016,48,2,19.79
Antofagasta,2016,49,2,19.9
Antofagasta,2016,50,2,20.61
Antofagasta,2016,51,2,20.56
Antofagasta,2016,52,2,20.1
Antofagasta,2017,1,2,21.31
Antofagasta,2017,2,2,21.91
Antofagasta,2017,3,2,23.59
Antofagasta,2017,4,2,24.41
Antofagasta,2017,5,2,23.71
Antofagasta,2017,6,2,21.81
Antofagasta,2017,7,2,22.11
Antofagasta,2017,8,2,22.84
Antofagasta,2017,9,2,23.44
Antofagasta,2017,10,2,21.04
Antofagasta,2017,11,2,21.06
Antofagasta,2017,12,2,20.21
Antofagasta,2017,13,2,19.29
Antofagasta,2017,14,2,18.76
Antofagasta,2017,15,2,18.24
Antofagasta,2017,16,2,18.64
Antofagasta,2017,17,2,17.0
Antofagasta,2017,18,2,16.63
Antofagasta,2017,19,2,19.2
Antofagasta,2017,20,2,16.89
Antofagasta,2017,21,2,16.3
Antofagasta,2017,22,2,15.4
Antofagasta,2017,23,2,15.71
Antofagasta,2017,24,2,15.47
Antofagasta,2017,25,2,14.8
Antofagasta,2017,26,2,15.24
Antofagasta,2017,27,2,14.79
Antofagasta,2017,28,2,14.69
Antofagasta,2017,29,2,13.97
Antofagasta,2017,30,2,14.46
Antofagasta,2017,31,2,14.03
Antofagasta,2017,32,2,14.53
Antofagasta,2017,33,2,14.37
Antofagasta,2017,34,2,14.67
Antofagasta,2017,35,2,14.7
Antofagasta,2017,36,2,14.39
Antofagasta,2017,37,2,14.47
Antofagasta,2017,38,2,14.89
Antofagasta,2017,39,2,15.39
Antofagasta,2017,40,2,15.19
Antofagasta,2017,41,2,14.91
Antofagasta,2017,42,2,15.16
Antofagasta,2017,43,2,15.37
Antofagasta,2017,44,2,15.46
Antofagasta,2017,45,2,16.71
Antofagasta,2017,46,2,17.23
Antofagasta,2017,47,2,16.8
Antofagasta,2017,48,2,17.26
Antofagasta,2017,49,2,17.71
Antofagasta,2017,50,2,18.44
Antofagasta,2017,51,2,19.51
Antofagasta,2017,52,2,19.89
Antofagasta,2018,1,2,20.76
Antofagasta,2018,2,2,20.87
Antofagasta,2018,3,2,20.14
Antofagasta,2018,4,2,20.4
Antofagasta,2018,5,2,20.6
Antofagasta,2018,6,2,21.87
Antofagasta,2018,7,2,21.66
Antofagasta,2018,8,2,21.84
Antofagasta,2018,9,2,20.8
Antofagasta,2018,10,2,20.53
Antofagasta,2018,11,2,20.2
Antofagasta,2018,12,2,18.71
Antofagasta,2018,13,2,18.3
Antofagasta,2018,14,2,18.93
Antofagasta,2018,15,2,18.5
Antofagasta,2018,16,2,17.94
Antofagasta,2018,17,2,17.39
Antofagasta,2018,18,2,16.06
Antofagasta,2018,19,2,16.34
Antofagasta,2018,20,2,15.11
Antofagasta,2018,21,2,15.07
Antofagasta,2018,22,2,15.4
Antofagasta,2018,23,2,15.57
Antofagasta,2018,24,2,15.2
Antofagasta,2018,25,2,14.13
Antofagasta,2018,26,2,13.67
Antofagasta,2018,27,2,14.57
Antofagasta,2018,28,2,14.23
Antofagasta,2018,29,2,14.47
Antofagasta,2018,30,2,14.07
Antofagasta,2018,31,2,13.5
Antofagasta,2018,32,2,14.14
Antofagasta,2018,33,2,13.61
Antofagasta,2018,34,2,13.79
Antofagasta,2018,35,2,14.09
Antofagasta,2018,36,2,14.04
Antofagasta,2018,37,2,14.06
Antofagasta,2018,38,2,14.61
Antofagasta,2018,39,2,14.93
Antofagasta,2018,40,2,15.91
Antofagasta,2018,41,2,15.87
Antofagasta,2018,42,2,14.94
Antofagasta,2018,43,2,15.64
Antofagasta,2018,44,2,16.7
Antofagasta,2018,45,2,16.59
Antofagasta,2018,46,2,17.51
Antofagasta,2018,47,2,17.84
Antofagasta,2018,48,2,18.06
Antofagasta,2018,49,2,18.66
Antofagasta,2018,50,2,18.49
Antofagasta,2018,51,2,18.17
Antofagasta,2018,52,2,18.67
Antofagasta,2019,1,2,20.06
Antofagasta,2019,2,2,20.67
Antofagasta,2019,3,2,19.89
Antofagasta,2019,4,2,20.54
Antofagasta,2019,5,2,23.1
Antofagasta,2019,6,2,22.41
Antofagasta,2019,7,2,20.71
Antofagasta,2019,8,2,21.34
Antofagasta,2019,9,2,21.06
Antofagasta,2019,10,2,20.3
Antofagasta,2019,11,2,19.63
Antofagasta,2019,12,2,19.07
Antofagasta,2019,13,2,19.14
Antofagasta,2019,14,2,19.87
Antofagasta,2019,15,2,17.96
Antofagasta,2019,16,2,17.13
Antofagasta,2019,17,2,18.07
Antofagasta,2019,18,2,17.3
Antofagasta,2019,19,2,16.66
Antofagasta,2019,20,2,15.56
Antofagasta,2019,21,2,14.91
Antofagasta,2019,22,2,15.53
Antofagasta,2019,23,2,14.7
Antofagasta,2019,24,2,14.61
Antofagasta,2019,25,2,15.04
Antofagasta,2019,26,2,14.24
Antofagasta,2019,27,2,14.17
Antofagasta,2019,28,2,13.94
Antofagasta,2019,29,2,13.79
Antofagasta,2019,30,2,13.53
Antofagasta,2019,31,2,14.34
Antofagasta,2019,32,2,13.83
Antofagasta,2019,33,2,14.29
Antofagasta,2019,34,2,13.73
Antofagasta,2019,35,2,14.6
Antofagasta,2019,36,2,14.19
Antofagasta,2019,37,2,14.59
Antofagasta,2019,38,2,14.13
Antofagasta,2019,39,2,14.39
Antofagasta,2019,40,2,14.89
Antofagasta,2019,41,2,15.11
Antofagasta,2019,42,2,16.03
Antofagasta,2019,43,2,15.31
Antofagasta,2019,44,2,15.71
Antofagasta,2019,45,2,16.44
Antofagasta,2019,46,2,17.39
Antofagasta,2019,47,2,18.54
Antofagasta,2019,48,2,18.33
Antofagasta,2019,49,2,17.96
Antofagasta,2019,50,2,18.33
Antofagasta,2019,51,2,19.01
Antofagasta,2019,52,2,19.49
Antofagasta,2020,1,2,20.3
Antofagasta,2020,2,2,20.69
Antofagasta,2020,3,2,21.07
Antofagasta,2020,4,2,23.34
Antofagasta,2020,5,2,21.53
Antofagasta,2020,6,2,20.79
Antofagasta,2020,7,2,21.29
Antofagasta,2020,8,2,21.43
Antofagasta,2020,9,2,21.06
Antofagasta,2020,10,2,20.37
Antofagasta,2020,11,2,20.76
Antofagasta,2020,12,2,19.9
Antofagasta,2020,13,2,18.63
Antofagasta,2020,14,2,19.23
Antofagasta,2020,15,2,19.54
Antofagasta,2020,16,2,18.66
Antofagasta,2020,17,2,17.97
Antofagasta,2020,18,2,17.39
Antofagasta,2020,19,2,16.84
Antofagasta,2020,20,2,16.5
Antofagasta,2020,21,2,16.2
Antofagasta,2020,22,2,17.31
Antofagasta,2020,23,2,16.4
Antofagasta,2020,24,2,15.87
Antofagasta,2020,25,2,15.43
Antofagasta,2020,26,2,15.19
Antofagasta,2020,27,2,14.96
Antofagasta,2020,28,2,14.66
Antofagasta,2020,29,2,14.31
Antofagasta,2020,30,2,14.49
Antofagasta,2020,31,2,14.06
Antofagasta,2020,32,2,14.47
Antofagasta,2020,33,2,14.14
Antofagasta,2020,34,2,13.74
Antofagasta,2020,35,2,14.53
Antofagasta,2020,36,2,14.31
Antofagasta,2020,37,2,14.46
Antofagasta,2020,38,2,14.71
Antofagasta,2020,39,2,14.81
Antofagasta,2020,40,2,14.83
Antofagasta,2020,41,2,14.96
Antofagasta,2020,42,2,15.27
Antofagasta,2020,43,2,15.56
Antofagasta,2020,44,2,15.61
Antofagasta,2020,45,2,16.16
Antofagasta,2020,46,2,16.59
Antofagasta,2020,47,2,16.6
Antofagasta,2020,48,2,17.59
Antofagasta,2020,49,2,17.51
Antofagasta,2020,50,2,17.89
Antofagasta,2020,51,2,18.26
Antofagasta,2020,52,2,19.07
Antofagasta,2020,53,2,20.37
Antofagasta,2021,1,2,20.1
Antofagasta,2021,2,2,19.33
Antofagasta,2021,3,2,19.66
Antofagasta,2021,4,2,20.1
Antofagasta,2021,5,2,20.07
Antofagasta,2021,6,2,20.96
Antofagasta,2021,7,2,20.37
Antofagasta,2021,8,2,20.41
Antofagasta,2021,9,2,21.3
Antofagasta,2021,10,2,21.0
Antofagasta,2021,11,2,20.0
Antofagasta,2021,12,2,18.71
Antofagasta,2021,13,2,17.91
Antofagasta,2021,14,2,18.56
Antofagasta,2021,15,2,17.6
Antofagasta,2021,16,2,17.83
Antofagasta,2021,17,2,17.37
Antofagasta,2021,18,2,17.16
Antofagasta,2021,19,2,16.89
Antofagasta,2021,20,2,16.37
Antofagasta,2021,21,2,16.31
Antofagasta,2021,22,2,15.79
Antofagasta,2021,23,2,15.1
Antofagasta,2021,24,2,15.4
Antofagasta,2021,25,2,15.1
Antofagasta,2021,26,2,13.79
Antofagasta,2021,27,2,14.43
Antofagasta,2021,28,2,14.31
Antofagasta,2021,29,2,14.14
Antofagasta,2021,30,2,14.1
Antofagasta,2021,31,2,13.9
Antofagasta,2021,32,2,13.81
Antofagasta,2021,33,2,14.36
Antofagasta,2021,34,2,13.87
Antofagasta,2021,35,2,14.34
Antofagasta,2021,36,2,14.21
Antofagasta,2021,37,2,14.19
Antofagasta,2021,38,2,14.36
Antofagasta,2021,39,2,14.64
Antofagasta,2021,40,2,14.66
Antofagasta,2021,41,2,14.56
Antofagasta,2021,42,2,14.5
Antofagasta,2021,43,2,15.69
Antofagasta,2021,44,2,16.1
Antofagasta,2021,45,2,15.99
Antofagasta,2021,46,2,15.83
Antofagasta,2021,47,2,16.43
Antofagasta,2021,48,2,17.1
Antofagasta,2021,49,2,17.4
Antofagasta,2021,50,2,17.84
Antofagasta,2021,51,2,19.93
Antofagasta,2021,52,2,19.47
Antofagasta,2022,1,2,19.64
Antofagasta,2022,2,2,20.26
Antofagasta,2022,3,2,19.39
Antofagasta,2022,4,2,19.1
Antofagasta,2022,5,2,19.21
Antofagasta,2022,6,2,19.37
Antofagasta,2022,7,2,20.2
Antofagasta,2022,8,2,19.61
Antofagasta,2022,9,2,20.16
Antofagasta,2022,10,2,19.44
Antofagasta,2022,11,2,18.67
Antofagasta,2022,12,2,17.64
Antofagasta,2022,13,2,17.03
Antofagasta,2022,14,2,16.64
Antofagasta,2022,15,2,15.96
Antofagasta,2022,16,2,16.33
Antofagasta,2022,17,2,16.19
Antofagasta,2022,18,2,15.84
Antofagasta,2022,19,2,15.26
Antofagasta,2022,20,2,15.01
Antofagasta,2022,21,2,14.46
Antofagasta,2022,22,2,14.63
Antofagasta,2022,23,2,14.44
Antofagasta,2022,24,2,13.61
Antofagasta,2022,25,2,13.86
Antofagasta,2022,26,2,14.39
Antofagasta,2022,27,2,13.86
Antofagasta,2022,28,2,13.87
Antofagasta,2022,29,2,13.61
Antofagasta,2022,30,2,13.47
Antofagasta,2022,31,2,13.87
Antofagasta,2022,32,2,13.47
Antofagasta,2022,33,2,13.63
Antofagasta,2022,34,2,13.34
Antofagasta,2022,35,2,13.71
Antofagasta,2022,36,2,13.54
Antofagasta,2022,37,2,13.77
Antofagasta,2022,38,2,13.74
Antofagasta,2022,39,2,13.94
Antofagasta,2022,40,2,14.71
Antofagasta,2022,41,2,14.3
Antofagasta,2022,42,2,14.79
Antofagasta,2022,43,2,14.89
Antofagasta,2022,44,2,15.49
Antofagasta,2022,45,2,16.56
Antofagasta,2022,46,2,17.0
Antofagasta,2022,47,2,17.99
Antofagasta,2022,48,2,17.84
Antofagasta,2022,49,2,18.77
Antofagasta,2022,50,2,20.29
Antofagasta,2022,51,2,19.47
Antofagasta,2022,52,2,19.71
Antofagasta,2023,1,2,20.04
Antofagasta,2023,2,2,20.09
Antofagasta,2023,3,2,20.34
Antofagasta,2023,4,2,20.73
Antofagasta,2023,5,2,21.41
Antofagasta,2023,6,2,21.83
Antofagasta,2023,7,2,22.29
Antofagasta,2023,8,2,21.53
Antofagasta,2023,9,2,20.71
Antofagasta,2023,10,2,22.57
Antofagasta,2023,11,2,21.26
Antofagasta,2023,12,2,21.5
Antofagasta,2023,13,2,21.13
Antofagasta,2023,14,2,20.53
Antofagasta,2023,15,2,18.9
Antofagasta,2023,16,2,18.03
Antofagasta,2023,17,2,17.51
Antofagasta,2023,18,2,16.1
Antofagasta,2023,19,2,16.47
Antofagasta,2023,20,2,17.16
Antofagasta,2023,21,2,16.44
Antofagasta,2023,22,2,16.07
Antofagasta,2023,23,2,15.9
Antofagasta,2023,24,2,15.01
Antofagasta,2023,25,2,16.36
Antofagasta,2023,26,2,16.04
Antofagasta,2023,27,2,15.46
Antofagasta,2023,28,2,15.9
Antofagasta,2023,29,2,16.41
Antofagasta,2023,30,2,16.44
Antofagasta,2023,31,2,16.34
Antofagasta,2023,32,2,16.46
Antofagasta,2023,33,2,16.63
Antofagasta,2023,34,2,16.09
Antofagasta,2023,35,2,16.19
Antofagasta,2023,36,2,17.1
Antofagasta,2023,37,2,16.93
Antofagasta,2023,38,2,16.43
Antofagasta,2023,39,2,15.86
Antofagasta,2023,40,2,16.2
Antofagasta,2023,41,2,16.51
Antofagasta,2023,42,2,16.99
Antofagasta,2023,43,2,16.97
Antofagasta,2023,44,2,16.81
Antofagasta,2023,45,2,17.7
Antofagasta,2023,46,2,16.84
Antofagasta,2023,47,2,17.3
Antofagasta,2023,48,2,17.76
Antofagasta,2023,49,2,17.89
Antofagasta,2023,50,2,19.17
Antofagasta,2023,51,2,18.93
Antofagasta,2023,52,2,19.84
Antofagasta,2024,1,2,19.86
Antofagasta,2024,2,2,20.36
Antofagasta,2024,3,2,21.0
Antofagasta,2024,4,2,21.41
Antofagasta,2024,5,2,21.67
Antofagasta,2024,6,2,23.31
Antofagasta,2024,7,2,21.71
Antofagasta,2024,8,2,22.17
Antofagasta,2024,9,2,20.83
Antofagasta,2024,10,2,20.87
Antofagasta,2024,11,2,19.77
Antofagasta,2024,12,2,19.7
Antofagasta,2024,13,2,19.91
Antofagasta,2024,14,2,18.87
Antofagasta,2024,15,2,18.33
Antofagasta,2024,16,2,18.77
Antofagasta,2024,17,2,17.87
Antofagasta,2024,18,2,16.79
Antofagasta,2024,19,2,15.69
Antofagasta,2024,20,2,15.41
Antofagasta,2024,21,2,14.76
Antofagasta,2024,22,2,14.57
Antofagasta,2024,23,2,15.21
Antofagasta,2024,24,2,15.79
Antofagasta,2024,25,2,15.1
Antofagasta,2024,26,2,14.34
Antofagasta,2024,27,2,13.91
Antofagasta,2024,28,2,13.14
Antofagasta,2024,29,2,14.01
Antofagasta,2024,30,2,14.6
Antofagasta,2024,31,2,14.39
Antofagasta,2024,32,2,14.13
Antofagasta,2024,33,2,14.1
Antofagasta,2024,34,2,14.51
Antofagasta,2024,35,2,13.69
Antofagasta,2024,36,2,14.29
Antofagasta,2024,37,2,14.81
Antofagasta,2024,38,2,14.76
Antofagasta,2024,39,2,14.9
Antofagasta,2024,40,2,15.87
Antofagasta,2024,41,2,16.74
Antofagasta,2024,42,2,15.91
Antofagasta,2024,43,2,16.03
Antofagasta,2024,44,2,16.44
Antofagasta,2024,45,2,17.01
Antofagasta,2024,46,2,17.63
Antofagasta,2024,47,2,17.66
Antofagasta,2024,48,2,17.9
Antofagasta,2024,49,2,17.17
Antofagasta,2024,50,2,17.36
Antofagasta,2024,51,2,18.09
Antofagasta,2024,52,2,18.99
Antofagasta,2025,1,2,20.04
Antofagasta,2025,2,2,20.11
Antofagasta,2025,3,2,21.03
Antofagasta,2025,4,2,20.76
Antofagasta,2025,5,2,20.83
Antofagasta,2025,6,2,21.67
Antofagasta,2025,7,2,22.56
Antofagasta,2025,8,2,21.06
Antofagasta,2025,9,2,21.31
Antofagasta,2025,10,2,20.23
Antofagasta,2025,11,2,20.06
Antofagasta,2025,12,2,19.26
Antofagasta,2025,13,2,19.59
Antofagasta,2025,14,2,17.79
Antofagasta,2025,15,2,17.47
Antofagasta,2025,16,2,16.89
Antofagasta,2025,17,2,17.44
Antofagasta,2025,18,2,16.27
Antofagasta,2025,19,2,16.27
Antofagasta,2025,20,2,15.6
Antofagasta,2025,21,2,15.44
Antofagasta,2025,22,2,15.21
Antofagasta,2025,23,2,15.11
Antofagasta,2025,24,2,15.41
Antofagasta,2025,25,2,14.23
Antofagasta,2025,26,2,14.57
Antofagasta,2025,27,2,14.13
Antofagasta,2025,28,2,13.76
Antofagasta,2025,29,2,13.93
Antofagasta,2025,30,2,13.77
Antofagasta,2025,31,2,15.19
Antofagasta,2025,32,2,14.23
Antofagasta,2025,33,2,14.43
Antofagasta,2025,34,2,15.36
Antofagasta,2025,35,2,14.03
Antofagasta,2025,36,2,14.43
Antofagasta,2025,37,2,15.17
Antofagasta,2025,38,2,15.1
Antofagasta,2025,39,2,15.49
Antofagasta,2025,40,2,15.64
Antofagasta,2025,41,2,15.4
Antofagasta,2025,42,2,16.14
Antofagasta,2025,43,2,16.39
Antofagasta,2025,44,2,16.79
Antofagasta,2025,45,2,16.99
Antofagasta,2025,46,2,16.64
Antofagasta,2025,47,2,17.99
Antofagasta,2025,48,2,18.31
Antofagasta,2025,49,2,19.04
Antofagasta,2025,50,2,19.43
Antofagasta,2025,51,2,20.14
Antofagasta,2025,52,2,20.39
Antofagasta,2026,1,2,20.1
Antofagasta,2026,2,2,20.73
Antofagasta,2026,3,2,21.53
Antofagasta,2026,4,2,22.09
Antofagasta,2026,5,2,21.99
Antofagasta,2026,6,2,22.74
Antofagasta,2026,7,2,22.19
Antofagasta,2026,8,2,23.06
Antofagasta,2026,9,2,22.76
Antofagasta,2026,10,2,21.33
Antofagasta,2026,11,2,21.11
Antofagasta,2026,12,2,20.41
Antofagasta,2026,13,2,19.11
Antofagasta,2026,14,2,19.5
Antofagasta,2026,15,2,18.64
Antofagasta,2026,16,2,18.59
Antofagasta,2026,17,2,17.76
Antofagasta,2026,18,2,16.33
Antofagasta,2026,19,2,17.27
Antofagasta,2026,20,2,16.53
Antofagasta,2026,21,2,15.56
Antofagasta,2026,22,2,16.44
Antofagasta,2026,23,2,16.33
Antofagasta,2026,24,2,15.84
Antofagasta,2026,25,2,15.67
Arica y Parinacota,2014,1,15,23.0
Arica y Parinacota,2014,2,15,23.27
Arica y Parinacota,2014,3,15,24.06
Arica y Parinacota,2014,4,15,23.93
Arica y Parinacota,2014,5,15,22.81
Arica y Parinacota,2014,6,15,22.61
Arica y Parinacota,2014,7,15,22.47
Arica y Parinacota,2014,8,15,21.96
Arica y Parinacota,2014,9,15,22.43
Arica y Parinacota,2014,10,15,22.5
Arica y Parinacota,2014,11,15,22.57
Arica y Parinacota,2014,12,15,21.33
Arica y Parinacota,2014,13,15,20.57
Arica y Parinacota,2014,14,15,20.76
Arica y Parinacota,2014,15,15,19.64
Arica y Parinacota,2014,16,15,19.7
Arica y Parinacota,2014,17,15,18.73
Arica y Parinacota,2014,18,15,18.04
Arica y Parinacota,2014,19,15,17.73
Arica y Parinacota,2014,20,15,17.4
Arica y Parinacota,2014,21,15,16.9
Arica y Parinacota,2014,22,15,16.36
Arica y Parinacota,2014,23,15,15.36
Arica y Parinacota,2014,24,15,14.93
Arica y Parinacota,2014,25,15,15.81
Arica y Parinacota,2014,26,15,14.81
Arica y Parinacota,2014,27,15,14.34
Arica y Parinacota,2014,28,15,14.31
Arica y Parinacota,2014,29,15,15.07
Arica y Parinacota,2014,30,15,14.0
Arica y Parinacota,2014,31,15,14.81
Arica y Parinacota,2014,32,15,14.61
Arica y Parinacota,2014,33,15,15.13
Arica y Parinacota,2014,34,15,14.84
Arica y Parinacota,2014,35,15,15.6
Arica y Parinacota,2014,36,15,15.61
Arica y Parinacota,2014,37,15,15.01
Arica y Parinacota,2014,38,15,15.44
Arica y Parinacota,2014,39,15,15.24
Arica y Parinacota,2014,40,15,15.69
Arica y Parinacota,2014,41,15,15.8
Arica y Parinacota,2014,42,15,16.89
Arica y Parinacota,2014,43,15,17.91
Arica y Parinacota,2014,44,15,17.86
Arica y Parinacota,2014,45,15,17.71
Arica y Parinacota,2014,46,15,19.31
Arica y Parinacota,2014,47,15,18.93
Arica y Parinacota,2014,48,15,19.04
Arica y Parinacota,2014,49,15,19.13
Arica y Parinacota,2014,50,15,20.06
Arica y Parinacota,2014,51,15,20.09
Arica y Parinacota,2014,52,15,19.91
Arica y Parinacota,2015,1,15,20.84
Arica y Parinacota,2015,2,15,21.5
Arica y Parinacota,2015,3,15,21.0
Arica y Parinacota,2015,4,15,22.27
Arica y Parinacota,2015,5,15,23.19
Arica y Parinacota,2015,6,15,23.76
Arica y Parinacota,2015,7,15,24.23
Arica y Parinacota,2015,8,15,24.44
Arica y Parinacota,2015,9,15,23.4
Arica y Parinacota,2015,10,15,23.07
Arica y Parinacota,2015,11,15,23.97
Arica y Parinacota,2015,12,15,24.46
Arica y Parinacota,2015,13,15,23.93
Arica y Parinacota,2015,14,15,22.3
Arica y Parinacota,2015,15,15,21.41
Arica y Parinacota,2015,16,15,21.33
Arica y Parinacota,2015,17,15,19.99
Arica y Parinacota,2015,18,15,19.47
Arica y Parinacota,2015,19,15,19.29
Arica y Parinacota,2015,20,15,18.49
Arica y Parinacota,2015,21,15,18.16
Arica y Parinacota,2015,22,15,17.5
Arica y Parinacota,2015,23,15,16.63
Arica y Parinacota,2015,24,15,17.01
Arica y Parinacota,2015,25,15,16.23
Arica y Parinacota,2015,26,15,15.96
Arica y Parinacota,2015,27,15,16.06
Arica y Parinacota,2015,28,15,15.41
Arica y Parinacota,2015,29,15,14.93
Arica y Parinacota,2015,30,15,14.83
Arica y Parinacota,2015,31,15,14.86
Arica y Parinacota,2015,32,15,15.6
Arica y Parinacota,2015,33,15,14.46
Arica y Parinacota,2015,34,15,15.33
Arica y Parinacota,2015,35,15,15.2
Arica y Parinacota,2015,36,15,16.47
Arica y Parinacota,2015,37,15,16.09
Arica y Parinacota,2015,38,15,16.74
Arica y Parinacota,2015,39,15,16.29
Arica y Parinacota,2015,40,15,17.04
Arica y Parinacota,2015,41,15,16.79
Arica y Parinacota,2015,42,15,16.64
Arica y Parinacota,2015,43,15,17.94
Arica y Parinacota,2015,44,15,17.84
Arica y Parinacota,2015,45,15,17.5
Arica y Parinacota,2015,46,15,18.03
Arica y Parinacota,2015,47,15,18.56
Arica y Parinacota,2015,48,15,19.06
Arica y Parinacota,2015,49,15,19.33
Arica y Parinacota,2015,50,15,20.51
Arica y Parinacota,2015,51,15,20.47
Arica y Parinacota,2015,52,15,21.06
Arica y Parinacota,2015,53,15,21.34
Arica y Parinacota,2016,1,15,22.56
Arica y Parinacota,2016,2,15,22.0
Arica y Parinacota,2016,3,15,22.87
Arica y Parinacota,2016,4,15,23.73
Arica y Parinacota,2016,5,15,24.09
Arica y Parinacota,2016,6,15,23.2
Arica y Parinacota,2016,7,15,23.86
Arica y Parinacota,2016,8,15,24.56
Arica y Parinacota,2016,9,15,24.14
Arica y Parinacota,2016,10,15,24.4
Arica y Parinacota,2016,11,15,23.29
Arica y Parinacota,2016,12,15,22.34
Arica y Parinacota,2016,13,15,22.7
Arica y Parinacota,2016,14,15,21.56
Arica y Parinacota,2016,15,15,20.3
Arica y Parinacota,2016,16,15,18.89
Arica y Parinacota,2016,17,15,18.44
Arica y Parinacota,2016,18,15,18.99
Arica y Parinacota,2016,19,15,18.47
Arica y Parinacota,2016,20,15,17.21
Arica y Parinacota,2016,21,15,17.07
Arica y Parinacota,2016,22,15,16.84
Arica y Parinacota,2016,23,15,16.09
Arica y Parinacota,2016,24,15,16.81
Arica y Parinacota,2016,25,15,15.41
Arica y Parinacota,2016,26,15,15.8
Arica y Parinacota,2016,27,15,16.19
Arica y Parinacota,2016,28,15,14.84
Arica y Parinacota,2016,29,15,15.49
Arica y Parinacota,2016,30,15,15.03
Arica y Parinacota,2016,31,15,15.3
Arica y Parinacota,2016,32,15,15.53
Arica y Parinacota,2016,33,15,15.17
Arica y Parinacota,2016,34,15,16.13
Arica y Parinacota,2016,35,15,15.06
Arica y Parinacota,2016,36,15,15.73
Arica y Parinacota,2016,37,15,15.37
Arica y Parinacota,2016,38,15,16.17
Arica y Parinacota,2016,39,15,16.39
Arica y Parinacota,2016,40,15,16.81
Arica y Parinacota,2016,41,15,17.83
Arica y Parinacota,2016,42,15,16.87
Arica y Parinacota,2016,43,15,17.4
Arica y Parinacota,2016,44,15,18.29
Arica y Parinacota,2016,45,15,19.21
Arica y Parinacota,2016,46,15,20.06
Arica y Parinacota,2016,47,15,19.1
Arica y Parinacota,2016,48,15,19.97
Arica y Parinacota,2016,49,15,20.3
Arica y Parinacota,2016,50,15,21.01
Arica y Parinacota,2016,51,15,22.01
Arica y Parinacota,2016,52,15,21.91
Arica y Parinacota,2017,1,15,23.26
Arica y Parinacota,2017,2,15,23.54
Arica y Parinacota,2017,3,15,24.97
Arica y Parinacota,2017,4,15,25.47
Arica y Parinacota,2017,5,15,25.63
Arica y Parinacota,2017,6,15,24.59
Arica y Parinacota,2017,7,15,24.29
Arica y Parinacota,2017,8,15,24.43
Arica y Parinacota,2017,9,15,25.0
Arica y Parinacota,2017,10,15,23.99
Arica y Parinacota,2017,11,15,23.63
Arica y Parinacota,2017,12,15,22.44
Arica y Parinacota,2017,13,15,21.77
Arica y Parinacota,2017,14,15,20.66
Arica y Parinacota,2017,15,15,19.81
Arica y Parinacota,2017,16,15,20.57
Arica y Parinacota,2017,17,15,19.44
Arica y Parinacota,2017,18,15,18.99
Arica y Parinacota,2017,19,15,20.73
Arica y Parinacota,2017,20,15,18.69
Arica y Parinacota,2017,21,15,18.3
Arica y Parinacota,2017,22,15,16.69
Arica y Parinacota,2017,23,15,16.89
Arica y Parinacota,2017,24,15,15.74
Arica y Parinacota,2017,25,15,16.13
Arica y Parinacota,2017,26,15,16.44
Arica y Parinacota,2017,27,15,15.29
Arica y Parinacota,2017,28,15,15.57
Arica y Parinacota,2017,29,15,14.9
Arica y Parinacota,2017,30,15,14.69
Arica y Parinacota,2017,31,15,14.6
Arica y Parinacota,2017,32,15,15.09
Arica y Parinacota,2017,33,15,14.81
Arica y Parinacota,2017,34,15,15.23
Arica y Parinacota,2017,35,15,15.41
Arica y Parinacota,2017,36,15,15.94
Arica y Parinacota,2017,37,15,15.31
Arica y Parinacota,2017,38,15,15.66
Arica y Parinacota,2017,39,15,15.07
Arica y Parinacota,2017,40,15,15.77
Arica y Parinacota,2017,41,15,16.33
Arica y Parinacota,2017,42,15,16.51
Arica y Parinacota,2017,43,15,16.67
Arica y Parinacota,2017,44,15,16.36
Arica y Parinacota,2017,45,15,17.73
Arica y Parinacota,2017,46,15,18.96
Arica y Parinacota,2017,47,15,18.56
Arica y Parinacota,2017,48,15,19.06
Arica y Parinacota,2017,49,15,19.34
Arica y Parinacota,2017,50,15,19.5
Arica y Parinacota,2017,51,15,20.57
Arica y Parinacota,2017,52,15,21.54
Arica y Parinacota,2018,1,15,22.3
Arica y Parinacota,2018,2,15,22.06
Arica y Parinacota,2018,3,15,22.1
Arica y Parinacota,2018,4,15,22.33
Arica y Parinacota,2018,5,15,22.66
Arica y Parinacota,2018,6,15,23.69
Arica y Parinacota,2018,7,15,23.63
Arica y Parinacota,2018,8,15,23.91
Arica y Parinacota,2018,9,15,23.4
Arica y Parinacota,2018,10,15,22.63
Arica y Parinacota,2018,11,15,22.54
Arica y Parinacota,2018,12,15,22.09
Arica y Parinacota,2018,13,15,21.64
Arica y Parinacota,2018,14,15,21.13
Arica y Parinacota,2018,15,15,20.67
Arica y Parinacota,2018,16,15,20.37
Arica y Parinacota,2018,17,15,20.07
Arica y Parinacota,2018,18,15,19.73
Arica y Parinacota,2018,19,15,19.06
Arica y Parinacota,2018,20,15,17.27
Arica y Parinacota,2018,21,15,16.54
Arica y Parinacota,2018,22,15,16.67
Arica y Parinacota,2018,23,15,16.56
Arica y Parinacota,2018,24,15,16.21
Arica y Parinacota,2018,25,15,15.87
Arica y Parinacota,2018,26,15,15.94
Arica y Parinacota,2018,27,15,14.83
Arica y Parinacota,2018,28,15,15.29
Arica y Parinacota,2018,29,15,15.06
Arica y Parinacota,2018,30,15,14.63
Arica y Parinacota,2018,31,15,14.56
Arica y Parinacota,2018,32,15,14.19
Arica y Parinacota,2018,33,15,14.39
Arica y Parinacota,2018,34,15,14.53
Arica y Parinacota,2018,35,15,14.3
Arica y Parinacota,2018,36,15,14.63
Arica y Parinacota,2018,37,15,15.7
Arica y Parinacota,2018,38,15,15.59
Arica y Parinacota,2018,39,15,15.73
Arica y Parinacota,2018,40,15,17.34
Arica y Parinacota,2018,41,15,18.6
Arica y Parinacota,2018,42,15,17.67
Arica y Parinacota,2018,43,15,17.69
Arica y Parinacota,2018,44,15,18.6
Arica y Parinacota,2018,45,15,18.84
Arica y Parinacota,2018,46,15,19.33
Arica y Parinacota,2018,47,15,20.11
Arica y Parinacota,2018,48,15,20.6
Arica y Parinacota,2018,49,15,20.23
Arica y Parinacota,2018,50,15,21.27
Arica y Parinacota,2018,51,15,21.9
Arica y Parinacota,2018,52,15,21.46
Arica y Parinacota,2019,1,15,22.37
Arica y Parinacota,2019,2,15,23.01
Arica y Parinacota,2019,3,15,22.49
Arica y Parinacota,2019,4,15,23.13
Arica y Parinacota,2019,5,15,24.49
Arica y Parinacota,2019,6,15,24.2
Arica y Parinacota,2019,7,15,23.59
Arica y Parinacota,2019,8,15,23.49
Arica y Parinacota,2019,9,15,22.9
Arica y Parinacota,2019,10,15,22.73
Arica y Parinacota,2019,11,15,22.46
Arica y Parinacota,2019,12,15,21.44
Arica y Parinacota,2019,13,15,21.23
Arica y Parinacota,2019,14,15,21.79
Arica y Parinacota,2019,15,15,20.26
Arica y Parinacota,2019,16,15,19.61
Arica y Parinacota,2019,17,15,19.73
Arica y Parinacota,2019,18,15,18.53
Arica y Parinacota,2019,19,15,18.23
Arica y Parinacota,2019,20,15,16.94
Arica y Parinacota,2019,21,15,16.4
Arica y Parinacota,2019,22,15,16.5
Arica y Parinacota,2019,23,15,16.13
Arica y Parinacota,2019,24,15,16.13
Arica y Parinacota,2019,25,15,15.31
Arica y Parinacota,2019,26,15,15.99
Arica y Parinacota,2019,27,15,15.24
Arica y Parinacota,2019,28,15,15.29
Arica y Parinacota,2019,29,15,14.8
Arica y Parinacota,2019,30,15,14.26
Arica y Parinacota,2019,31,15,13.9
Arica y Parinacota,2019,32,15,14.14
Arica y Parinacota,2019,33,15,14.39
Arica y Parinacota,2019,34,15,14.13
Arica y Parinacota,2019,35,15,14.69
Arica y Parinacota,2019,36,15,15.34
Arica y Parinacota,2019,37,15,15.46
Arica y Parinacota,2019,38,15,15.23
Arica y Parinacota,2019,39,15,15.36
Arica y Parinacota,2019,40,15,16.59
Arica y Parinacota,2019,41,15,15.47
Arica y Parinacota,2019,42,15,17.24
Arica y Parinacota,2019,43,15,16.49
Arica y Parinacota,2019,44,15,17.64
Arica y Parinacota,2019,45,15,18.34
Arica y Parinacota,2019,46,15,19.26
Arica y Parinacota,2019,47,15,19.9
Arica y Parinacota,2019,48,15,20.09
Arica y Parinacota,2019,49,15,20.63
Arica y Parinacota,2019,50,15,20.51
Arica y Parinacota,2019,51,15,20.79
Arica y Parinacota,2019,52,15,21.39
Arica y Parinacota,2020,1,15,22.36
Arica y Parinacota,2020,2,15,22.76
Arica y Parinacota,2020,3,15,22.94
Arica y Parinacota,2020,4,15,24.21
Arica y Parinacota,2020,5,15,24.33
Arica y Parinacota,2020,6,15,22.94
Arica y Parinacota,2020,7,15,23.16
Arica y Parinacota,2020,8,15,23.91
Arica y Parinacota,2020,9,15,24.1
Arica y Parinacota,2020,10,15,23.0
Arica y Parinacota,2020,11,15,23.26
Arica y Parinacota,2020,12,15,23.77
Arica y Parinacota,2020,13,15,22.56
Arica y Parinacota,2020,14,15,21.97
Arica y Parinacota,2020,15,15,22.13
Arica y Parinacota,2020,16,15,20.31
Arica y Parinacota,2020,17,15,19.06
Arica y Parinacota,2020,18,15,18.83
Arica y Parinacota,2020,19,15,18.13
Arica y Parinacota,2020,20,15,17.44
Arica y Parinacota,2020,21,15,16.29
Arica y Parinacota,2020,22,15,17.67
Arica y Parinacota,2020,23,15,17.41
Arica y Parinacota,2020,24,15,17.39
Arica y Parinacota,2020,25,15,16.54
Arica y Parinacota,2020,26,15,15.53
Arica y Parinacota,2020,27,15,15.16
Arica y Parinacota,2020,28,15,14.76
Arica y Parinacota,2020,29,15,14.26
Arica y Parinacota,2020,30,15,14.84
Arica y Parinacota,2020,31,15,13.96
Arica y Parinacota,2020,32,15,14.64
Arica y Parinacota,2020,33,15,14.96
Arica y Parinacota,2020,34,15,15.21
Arica y Parinacota,2020,35,15,16.07
Arica y Parinacota,2020,36,15,15.01
Arica y Parinacota,2020,37,15,14.71
Arica y Parinacota,2020,38,15,15.23
Arica y Parinacota,2020,39,15,15.36
Arica y Parinacota,2020,40,15,16.2
Arica y Parinacota,2020,41,15,16.19
Arica y Parinacota,2020,42,15,16.71
Arica y Parinacota,2020,43,15,17.3
Arica y Parinacota,2020,44,15,16.84
Arica y Parinacota,2020,45,15,17.24
Arica y Parinacota,2020,46,15,17.93
Arica y Parinacota,2020,47,15,17.51
Arica y Parinacota,2020,48,15,18.19
Arica y Parinacota,2020,49,15,19.77
Arica y Parinacota,2020,50,15,19.57
Arica y Parinacota,2020,51,15,20.17
Arica y Parinacota,2020,52,15,20.97
Arica y Parinacota,2020,53,15,22.01
Arica y Parinacota,2021,1,15,22.19
Arica y Parinacota,2021,2,15,21.79
Arica y Parinacota,2021,3,15,21.4
Arica y Parinacota,2021,4,15,21.04
Arica y Parinacota,2021,5,15,22.14
Arica y Parinacota,2021,6,15,22.97
Arica y Parinacota,2021,7,15,21.2
Arica y Parinacota,2021,8,15,21.76
Arica y Parinacota,2021,9,15,22.94
Arica y Parinacota,2021,10,15,22.29
Arica y Parinacota,2021,11,15,21.41
Arica y Parinacota,2021,12,15,20.64
Arica y Parinacota,2021,13,15,19.79
Arica y Parinacota,2021,14,15,19.7
Arica y Parinacota,2021,15,15,18.46
Arica y Parinacota,2021,16,15,18.89
Arica y Parinacota,2021,17,15,18.26
Arica y Parinacota,2021,18,15,18.2
Arica y Parinacota,2021,19,15,17.66
Arica y Parinacota,2021,20,15,16.91
Arica y Parinacota,2021,21,15,17.26
Arica y Parinacota,2021,22,15,16.53
Arica y Parinacota,2021,23,15,15.37
Arica y Parinacota,2021,24,15,15.83
Arica y Parinacota,2021,25,15,15.83
Arica y Parinacota,2021,26,15,14.36
Arica y Parinacota,2021,27,15,14.86
Arica y Parinacota,2021,28,15,15.0
Arica y Parinacota,2021,29,15,14.2
Arica y Parinacota,2021,30,15,14.54
Arica y Parinacota,2021,31,15,14.4
Arica y Parinacota,2021,32,15,14.69
Arica y Parinacota,2021,33,15,14.44
Arica y Parinacota,2021,34,15,14.61
Arica y Parinacota,2021,35,15,14.5
Arica y Parinacota,2021,36,15,14.73
Arica y Parinacota,2021,37,15,14.99
Arica y Parinacota,2021,38,15,15.26
Arica y Parinacota,2021,39,15,15.47
Arica y Parinacota,2021,40,15,15.86
Arica y Parinacota,2021,41,15,16.23
Arica y Parinacota,2021,42,15,15.29
Arica y Parinacota,2021,43,15,15.67
Arica y Parinacota,2021,44,15,16.83
Arica y Parinacota,2021,45,15,17.47
Arica y Parinacota,2021,46,15,18.01
Arica y Parinacota,2021,47,15,18.17
Arica y Parinacota,2021,48,15,18.93
Arica y Parinacota,2021,49,15,19.64
Arica y Parinacota,2021,50,15,20.1
Arica y Parinacota,2021,51,15,20.83
Arica y Parinacota,2021,52,15,21.43
Arica y Parinacota,2022,1,15,21.39
Arica y Parinacota,2022,2,15,21.9
Arica y Parinacota,2022,3,15,21.79
Arica y Parinacota,2022,4,15,20.97
Arica y Parinacota,2022,5,15,20.71
Arica y Parinacota,2022,6,15,20.41
Arica y Parinacota,2022,7,15,21.43
Arica y Parinacota,2022,8,15,22.29
Arica y Parinacota,2022,9,15,22.47
Arica y Parinacota,2022,10,15,22.13
Arica y Parinacota,2022,11,15,20.31
Arica y Parinacota,2022,12,15,19.03
Arica y Parinacota,2022,13,15,18.4
Arica y Parinacota,2022,14,15,18.63
Arica y Parinacota,2022,15,15,17.8
Arica y Parinacota,2022,16,15,17.99
Arica y Parinacota,2022,17,15,17.41
Arica y Parinacota,2022,18,15,17.41
Arica y Parinacota,2022,19,15,15.99
Arica y Parinacota,2022,20,15,15.67
Arica y Parinacota,2022,21,15,15.47
Arica y Parinacota,2022,22,15,15.93
Arica y Parinacota,2022,23,15,15.43
Arica y Parinacota,2022,24,15,14.87
Arica y Parinacota,2022,25,15,14.04
Arica y Parinacota,2022,26,15,15.01
Arica y Parinacota,2022,27,15,14.61
Arica y Parinacota,2022,28,15,14.84
Arica y Parinacota,2022,29,15,13.96
Arica y Parinacota,2022,30,15,13.89
Arica y Parinacota,2022,31,15,14.77
Arica y Parinacota,2022,32,15,14.06
Arica y Parinacota,2022,33,15,13.96
Arica y Parinacota,2022,34,15,13.07
Arica y Parinacota,2022,35,15,14.1
Arica y Parinacota,2022,36,15,14.2
Arica y Parinacota,2022,37,15,14.59
Arica y Parinacota,2022,38,15,14.84
Arica y Parinacota,2022,39,15,14.11
Arica y Parinacota,2022,40,15,14.44
Arica y Parinacota,2022,41,15,15.06
Arica y Parinacota,2022,42,15,15.54
Arica y Parinacota,2022,43,15,15.74
Arica y Parinacota,2022,44,15,15.96
Arica y Parinacota,2022,45,15,16.99
Arica y Parinacota,2022,46,15,18.36
Arica y Parinacota,2022,47,15,19.14
Arica y Parinacota,2022,48,15,19.24
Arica y Parinacota,2022,49,15,19.93
Arica y Parinacota,2022,50,15,21.81
Arica y Parinacota,2022,51,15,21.21
Arica y Parinacota,2022,52,15,21.49
Arica y Parinacota,2023,1,15,21.19
Arica y Parinacota,2023,2,15,20.73
Arica y Parinacota,2023,3,15,21.71
Arica y Parinacota,2023,4,15,22.64
Arica y Parinacota,2023,5,15,23.69
Arica y Parinacota,2023,6,15,23.76
Arica y Parinacota,2023,7,15,24.5
Arica y Parinacota,2023,8,15,23.17
Arica y Parinacota,2023,9,15,22.64
Arica y Parinacota,2023,10,15,24.33
Arica y Parinacota,2023,11,15,23.4
Arica y Parinacota,2023,12,15,23.47
Arica y Parinacota,2023,13,15,23.84
Arica y Parinacota,2023,14,15,23.26
Arica y Parinacota,2023,15,15,21.54
Arica y Parinacota,2023,16,15,20.5
Arica y Parinacota,2023,17,15,19.89
Arica y Parinacota,2023,18,15,19.07
Arica y Parinacota,2023,19,15,17.9
Arica y Parinacota,2023,20,15,18.84
Arica y Parinacota,2023,21,15,18.07
Arica y Parinacota,2023,22,15,17.7
Arica y Parinacota,2023,23,15,16.87
Arica y Parinacota,2023,24,15,15.83
Arica y Parinacota,2023,25,15,16.67
Arica y Parinacota,2023,26,15,16.53
Arica y Parinacota,2023,27,15,16.7
Arica y Parinacota,2023,28,15,16.63
Arica y Parinacota,2023,29,15,16.17
Arica y Parinacota,2023,30,15,16.84
Arica y Parinacota,2023,31,15,16.04
Arica y Parinacota,2023,32,15,17.03
Arica y Parinacota,2023,33,15,16.81
Arica y Parinacota,2023,34,15,16.94
Arica y Parinacota,2023,35,15,17.66
Arica y Parinacota,2023,36,15,17.36
Arica y Parinacota,2023,37,15,17.63
Arica y Parinacota,2023,38,15,17.99
Arica y Parinacota,2023,39,15,18.41
Arica y Parinacota,2023,40,15,18.77
Arica y Parinacota,2023,41,15,17.31
Arica y Parinacota,2023,42,15,18.84
Arica y Parinacota,2023,43,15,19.26
Arica y Parinacota,2023,44,15,18.3
Arica y Parinacota,2023,45,15,19.14
Arica y Parinacota,2023,46,15,19.6
Arica y Parinacota,2023,47,15,19.3
Arica y Parinacota,2023,48,15,19.96
Arica y Parinacota,2023,49,15,20.06
Arica y Parinacota,2023,50,15,21.37
Arica y Parinacota,2023,51,15,21.73
Arica y Parinacota,2023,52,15,21.91
Arica y Parinacota,2024,1,15,21.7
Arica y Parinacota,2024,2,15,22.59
Arica y Parinacota,2024,3,15,23.36
Arica y Parinacota,2024,4,15,23.46
Arica y Parinacota,2024,5,15,23.23
Arica y Parinacota,2024,6,15,24.7
Arica y Parinacota,2024,7,15,24.01
Arica y Parinacota,2024,8,15,24.69
Arica y Parinacota,2024,9,15,23.31
Arica y Parinacota,2024,10,15,23.17
Arica y Parinacota,2024,11,15,22.31
Arica y Parinacota,2024,12,15,22.43
Arica y Parinacota,2024,13,15,22.09
Arica y Parinacota,2024,14,15,21.49
Arica y Parinacota,2024,15,15,21.16
Arica y Parinacota,2024,16,15,19.87
Arica y Parinacota,2024,17,15,19.83
Arica y Parinacota,2024,18,15,19.87
Arica y Parinacota,2024,19,15,17.96
Arica y Parinacota,2024,20,15,17.31
Arica y Parinacota,2024,21,15,15.81
Arica y Parinacota,2024,22,15,14.73
Arica y Parinacota,2024,23,15,15.61
Arica y Parinacota,2024,24,15,15.67
Arica y Parinacota,2024,25,15,15.84
Arica y Parinacota,2024,26,15,15.03
Arica y Parinacota,2024,27,15,14.17
Arica y Parinacota,2024,28,15,14.24
Arica y Parinacota,2024,29,15,14.33
Arica y Parinacota,2024,30,15,14.2
Arica y Parinacota,2024,31,15,14.86
Arica y Parinacota,2024,32,15,14.53
Arica y Parinacota,2024,33,15,13.99
Arica y Parinacota,2024,34,15,15.06
Arica y Parinacota,2024,35,15,14.99
Arica y Parinacota,2024,36,15,14.79
Arica y Parinacota,2024,37,15,15.21
Arica y Parinacota,2024,38,15,15.5
Arica y Parinacota,2024,39,15,15.74
Arica y Parinacota,2024,40,15,16.31
Arica y Parinacota,2024,41,15,17.81
Arica y Parinacota,2024,42,15,16.73
Arica y Parinacota,2024,43,15,17.1
Arica y Parinacota,2024,44,15,17.99
Arica y Parinacota,2024,45,15,18.49
Arica y Parinacota,2024,46,15,19.44
Arica y Parinacota,2024,47,15,19.79
Arica y Parinacota,2024,48,15,21.03
Arica y Parinacota,2024,49,15,19.83
Arica y Parinacota,2024,50,15,19.01
Arica y Parinacota,2024,51,15,19.7
Arica y Parinacota,2024,52,15,20.4
Arica y Parinacota,2025,1,15,21.39
Arica y Parinacota,2025,2,15,21.94
Arica y Parinacota,2025,3,15,21.67
Arica y Parinacota,2025,4,15,22.34
Arica y Parinacota,2025,5,15,23.09
Arica y Parinacota,2025,6,15,23.71
Arica y Parinacota,2025,7,15,25.06
Arica y Parinacota,2025,8,15,23.73
Arica y Parinacota,2025,9,15,24.03
Arica y Parinacota,2025,10,15,22.91
Arica y Parinacota,2025,11,15,22.47
Arica y Parinacota,2025,12,15,21.33
Arica y Parinacota,2025,13,15,21.63
Arica y Parinacota,2025,14,15,20.79
Arica y Parinacota,2025,15,15,20.2
Arica y Parinacota,2025,16,15,18.76
Arica y Parinacota,2025,17,15,18.74
Arica y Parinacota,2025,18,15,18.3
Arica y Parinacota,2025,19,15,17.63
Arica y Parinacota,2025,20,15,17.36
Arica y Parinacota,2025,21,15,17.21
Arica y Parinacota,2025,22,15,16.04
Arica y Parinacota,2025,23,15,15.69
Arica y Parinacota,2025,24,15,16.83
Arica y Parinacota,2025,25,15,16.06
Arica y Parinacota,2025,26,15,16.23
Arica y Parinacota,2025,27,15,15.0
Arica y Parinacota,2025,28,15,14.8
Arica y Parinacota,2025,29,15,14.34
Arica y Parinacota,2025,30,15,13.81
Arica y Parinacota,2025,31,15,14.9
Arica y Parinacota,2025,32,15,14.67
Arica y Parinacota,2025,33,15,14.9
Arica y Parinacota,2025,34,15,15.47
Arica y Parinacota,2025,35,15,14.71
Arica y Parinacota,2025,36,15,14.87
Arica y Parinacota,2025,37,15,15.5
Arica y Parinacota,2025,38,15,15.2
Arica y Parinacota,2025,39,15,16.09
Arica y Parinacota,2025,40,15,16.3
Arica y Parinacota,2025,41,15,16.87
Arica y Parinacota,2025,42,15,16.8
Arica y Parinacota,2025,43,15,17.84
Arica y Parinacota,2025,44,15,17.9
Arica y Parinacota,2025,45,15,18.13
Arica y Parinacota,2025,46,15,18.2
Arica y Parinacota,2025,47,15,18.86
Arica y Parinacota,2025,48,15,18.96
Arica y Parinacota,2025,49,15,19.66
Arica y Parinacota,2025,50,15,19.56
Arica y Parinacota,2025,51,15,20.41
Arica y Parinacota,2025,52,15,21.09
Arica y Parinacota,2026,1,15,20.99
Arica y Parinacota,2026,2,15,22.23
Arica y Parinacota,2026,3,15,23.16
Arica y Parinacota,2026,4,15,23.83
Arica y Parinacota,2026,5,15,23.67
Arica y Parinacota,2026,6,15,24.31
Arica y Parinacota,2026,7,15,24.43
Arica y Parinacota,2026,8,15,25.0
Arica y Parinacota,2026,9,15,24.9
Arica y Parinacota,2026,10,15,23.19
Arica y Parinacota,2026,11,15,23.36
Arica y Parinacota,2026,12,15,23.16
Arica y Parinacota,2026,13,15,22.36
Arica y Parinacota,2026,14,15,22.73
Arica y Parinacota,2026,15,15,22.24
Arica y Parinacota,2026,16,15,20.96
Arica y Parinacota,2026,17,15,20.11
Arica y Parinacota,2026,18,15,18.74
Arica y Parinacota,2026,19,15,19.36
Arica y Parinacota,2026,20,15,18.57
Arica y Parinacota,2026,21,15,17.76
Arica y Parinacota,2026,22,15,17.5
Arica y Parinacota,2026,23,15,17.23
Arica y Parinacota,2026,24,15,17.0
Arica y Parinacota,2026,25,15,16.4
Atacama,2014,1,3,23.82
Atacama,2014,2,3,23.13
Atacama,2014,3,3,23.61
Atacama,2014,4,3,22.81
Atacama,2014,5,3,22.37
Atacama,2014,6,3,23.54
Atacama,2014,7,3,22.07
Atacama,2014,8,3,22.16
Atacama,2014,9,3,21.44
Atacama,2014,10,3,22.9
Atacama,2014,11,3,21.91
Atacama,2014,12,3,22.77
Atacama,2014,13,3,21.23
Atacama,2014,14,3,21.31
Atacama,2014,15,3,21.27
Atacama,2014,16,3,21.47
Atacama,2014,17,3,20.11
Atacama,2014,18,3,19.41
Atacama,2014,19,3,19.99
Atacama,2014,20,3,20.33
Atacama,2014,21,3,15.19
Atacama,2014,22,3,15.07
Atacama,2014,23,3,13.24
Atacama,2014,24,3,16.16
Atacama,2014,25,3,17.54
Atacama,2014,26,3,14.53
Atacama,2014,27,3,14.2
Atacama,2014,28,3,16.37
Atacama,2014,29,3,18.4
Atacama,2014,30,3,14.46
Atacama,2014,31,3,20.3
Atacama,2014,32,3,18.66
Atacama,2014,33,3,21.1
Atacama,2014,34,3,18.1
Atacama,2014,35,3,19.66
Atacama,2014,36,3,19.31
Atacama,2014,37,3,17.4
Atacama,2014,38,3,18.67
Atacama,2014,39,3,18.99
Atacama,2014,40,3,20.16
Atacama,2014,41,3,20.21
Atacama,2014,42,3,22.59
Atacama,2014,43,3,22.84
Atacama,2014,44,3,20.87
Atacama,2014,45,3,23.03
Atacama,2014,46,3,21.41
Atacama,2014,47,3,21.23
Atacama,2014,48,3,21.84
Atacama,2014,49,3,22.2
Atacama,2014,50,3,21.4
Atacama,2014,51,3,20.63
Atacama,2014,52,3,23.23
Atacama,2015,1,3,22.97
Atacama,2015,2,3,24.19
Atacama,2015,3,3,22.43
Atacama,2015,4,3,21.77
Atacama,2015,5,3,23.84
Atacama,2015,6,3,23.41
Atacama,2015,7,3,24.26
Atacama,2015,8,3,23.24
Atacama,2015,9,3,21.64
Atacama,2015,10,3,22.1
Atacama,2015,11,3,23.91
Atacama,2015,12,3,22.93
Atacama,2015,13,3,20.39
Atacama,2015,14,3,20.8
Atacama,2015,15,3,21.44
Atacama,2015,16,3,21.87
Atacama,2015,17,3,20.59
Atacama,2015,18,3,20.71
Atacama,2015,19,3,20.87
Atacama,2015,20,3,20.69
Atacama,2015,21,3,19.96
Atacama,2015,22,3,18.66
Atacama,2015,23,3,18.64
Atacama,2015,24,3,18.7
Atacama,2015,25,3,18.0
Atacama,2015,26,3,19.61
Atacama,2015,27,3,17.66
Atacama,2015,28,3,17.61
Atacama,2015,29,3,13.71
Atacama,2015,30,3,16.1
Atacama,2015,31,3,18.36
Atacama,2015,32,3,18.67
Atacama,2015,33,3,13.97
Atacama,2015,34,3,18.06
Atacama,2015,35,3,21.14
Atacama,2015,36,3,19.69
Atacama,2015,37,3,19.74
Atacama,2015,38,3,21.57
Atacama,2015,39,3,18.7
Atacama,2015,40,3,22.4
Atacama,2015,41,3,19.6
Atacama,2015,42,3,19.63
Atacama,2015,43,3,20.39
Atacama,2015,44,3,21.3
Atacama,2015,45,3,19.49
Atacama,2015,46,3,21.1
Atacama,2015,47,3,21.91
Atacama,2015,48,3,22.66
Atacama,2015,49,3,23.21
Atacama,2015,50,3,23.31
Atacama,2015,51,3,22.87
Atacama,2015,52,3,24.91
Atacama,2015,53,3,24.2
Atacama,2016,1,3,23.97
Atacama,2016,2,3,23.79
Atacama,2016,3,3,23.01
Atacama,2016,4,3,24.13
Atacama,2016,5,3,24.27
Atacama,2016,6,3,23.79
Atacama,2016,7,3,23.93
Atacama,2016,8,3,24.69
Atacama,2016,9,3,24.34
Atacama,2016,10,3,23.61
Atacama,2016,11,3,23.03
Atacama,2016,12,3,22.89
Atacama,2016,13,3,22.5
Atacama,2016,14,3,22.51
Atacama,2016,15,3,21.51
Atacama,2016,16,3,20.06
Atacama,2016,17,3,20.64
Atacama,2016,18,3,20.84
Atacama,2016,19,3,19.87
Atacama,2016,20,3,19.57
Atacama,2016,21,3,20.61
Atacama,2016,22,3,17.79
Atacama,2016,23,3,18.51
Atacama,2016,24,3,19.43
Atacama,2016,25,3,14.87
Atacama,2016,26,3,15.7
Atacama,2016,27,3,16.8
Atacama,2016,28,3,16.39
Atacama,2016,29,3,18.04
Atacama,2016,30,3,18.34
Atacama,2016,31,3,18.3
Atacama,2016,32,3,18.96
Atacama,2016,33,3,20.33
Atacama,2016,34,3,18.81
Atacama,2016,35,3,18.16
Atacama,2016,36,3,20.61
Atacama,2016,37,3,19.83
Atacama,2016,38,3,21.3
Atacama,2016,39,3,19.77
Atacama,2016,40,3,22.09
Atacama,2016,41,3,21.53
Atacama,2016,42,3,19.0
Atacama,2016,43,3,21.34
Atacama,2016,44,3,22.41
Atacama,2016,45,3,22.71
Atacama,2016,46,3,22.3
Atacama,2016,47,3,20.57
Atacama,2016,48,3,22.99
Atacama,2016,49,3,21.24
Atacama,2016,50,3,23.3
Atacama,2016,51,3,22.2
Atacama,2016,52,3,21.7
Atacama,2017,1,3,21.96
Atacama,2017,2,3,22.04
Atacama,2017,3,3,23.3
Atacama,2017,4,3,24.53
Atacama,2017,5,3,22.84
Atacama,2017,6,3,21.59
Atacama,2017,7,3,22.17
Atacama,2017,8,3,23.71
Atacama,2017,9,3,23.2
Atacama,2017,10,3,22.31
Atacama,2017,11,3,20.66
Atacama,2017,12,3,19.9
Atacama,2017,13,3,19.89
Atacama,2017,14,3,19.73
Atacama,2017,15,3,19.59
Atacama,2017,16,3,19.67
Atacama,2017,17,3,19.56
Atacama,2017,18,3,16.6
Atacama,2017,19,3,17.31
Atacama,2017,20,3,14.83
Atacama,2017,21,3,14.07
Atacama,2017,22,3,15.66
Atacama,2017,23,3,15.4
Atacama,2017,24,3,15.61
Atacama,2017,25,3,14.96
Atacama,2017,26,3,15.81
Atacama,2017,27,3,16.04
Atacama,2017,28,3,13.71
Atacama,2017,29,3,16.13
Atacama,2017,30,3,15.81
Atacama,2017,31,3,14.31
Atacama,2017,32,3,14.06
Atacama,2017,33,3,16.86
Atacama,2017,34,3,14.84
Atacama,2017,35,3,15.63
Atacama,2017,36,3,15.31
Atacama,2017,37,3,15.66
Atacama,2017,38,3,16.46
Atacama,2017,39,3,18.84
Atacama,2017,40,3,18.63
Atacama,2017,41,3,17.34
Atacama,2017,42,3,19.34
Atacama,2017,43,3,17.34
Atacama,2017,44,3,18.76
Atacama,2017,45,3,20.1
Atacama,2017,46,3,18.77
Atacama,2017,47,3,18.71
Atacama,2017,48,3,18.4
Atacama,2017,49,3,19.04
Atacama,2017,50,3,19.47
Atacama,2017,51,3,20.64
Atacama,2017,52,3,20.14
Atacama,2018,1,3,21.17
Atacama,2018,2,3,20.83
Atacama,2018,3,3,20.29
Atacama,2018,4,3,21.24
Atacama,2018,5,3,20.93
Atacama,2018,6,3,22.16
Atacama,2018,7,3,21.11
Atacama,2018,8,3,21.64
Atacama,2018,9,3,20.03
Atacama,2018,10,3,20.94
Atacama,2018,11,3,20.31
Atacama,2018,12,3,19.41
Atacama,2018,13,3,19.41
Atacama,2018,14,3,18.71
Atacama,2018,15,3,18.59
Atacama,2018,16,3,18.47
Atacama,2018,17,3,19.09
Atacama,2018,18,3,18.16
Atacama,2018,19,3,16.99
Atacama,2018,20,3,16.74
Atacama,2018,21,3,16.97
Atacama,2018,22,3,15.6
Atacama,2018,23,3,18.16
Atacama,2018,24,3,16.64
Atacama,2018,25,3,14.93
Atacama,2018,26,3,13.76
Atacama,2018,27,3,15.69
Atacama,2018,28,3,15.83
Atacama,2018,29,3,13.47
Atacama,2018,30,3,15.47
Atacama,2018,31,3,13.96
Atacama,2018,32,3,17.73
Atacama,2018,33,3,16.13
Atacama,2018,34,3,16.03
Atacama,2018,35,3,14.53
Atacama,2018,36,3,16.69
Atacama,2018,37,3,14.26
Atacama,2018,38,3,19.27
Atacama,2018,39,3,18.17
Atacama,2018,40,3,19.74
Atacama,2018,41,3,18.4
Atacama,2018,42,3,16.96
Atacama,2018,43,3,18.13
Atacama,2018,44,3,18.89
Atacama,2018,45,3,19.43
Atacama,2018,46,3,20.37
Atacama,2018,47,3,19.26
Atacama,2018,48,3,18.41
Atacama,2018,49,3,20.03
Atacama,2018,50,3,20.53
Atacama,2018,51,3,19.59
Atacama,2018,52,3,19.84
Atacama,2019,1,3,21.27
Atacama,2019,2,3,20.03
Atacama,2019,3,3,20.3
Atacama,2019,4,3,21.24
Atacama,2019,5,3,23.57
Atacama,2019,6,3,23.11
Atacama,2019,7,3,21.13
Atacama,2019,8,3,21.66
Atacama,2019,9,3,20.91
Atacama,2019,10,3,20.17
Atacama,2019,11,3,19.53
Atacama,2019,12,3,19.59
Atacama,2019,13,3,18.21
Atacama,2019,14,3,19.86
Atacama,2019,15,3,17.69
Atacama,2019,16,3,17.3
Atacama,2019,17,3,17.6
Atacama,2019,18,3,17.36
Atacama,2019,19,3,16.01
Atacama,2019,20,3,16.71
Atacama,2019,21,3,15.69
Atacama,2019,22,3,16.29
Atacama,2019,23,3,16.6
Atacama,2019,24,3,12.54
Atacama,2019,25,3,17.51
Atacama,2019,26,3,13.49
Atacama,2019,27,3,15.77
Atacama,2019,28,3,14.59
Atacama,2019,29,3,15.84
Atacama,2019,30,3,13.01
Atacama,2019,31,3,19.09
Atacama,2019,32,3,13.33
Atacama,2019,33,3,17.03
Atacama,2019,34,3,18.36
Atacama,2019,35,3,19.54
Atacama,2019,36,3,14.34
Atacama,2019,37,3,14.2
Atacama,2019,38,3,14.47
Atacama,2019,39,3,15.57
Atacama,2019,40,3,15.66
Atacama,2019,41,3,18.5
Atacama,2019,42,3,16.03
Atacama,2019,43,3,18.44
Atacama,2019,44,3,18.54
Atacama,2019,45,3,18.27
Atacama,2019,46,3,19.24
Atacama,2019,47,3,20.04
Atacama,2019,48,3,20.54
Atacama,2019,49,3,19.6
Atacama,2019,50,3,19.61
Atacama,2019,51,3,21.69
Atacama,2019,52,3,21.23
Atacama,2020,1,3,20.1
Atacama,2020,2,3,21.49
Atacama,2020,3,3,21.69
Atacama,2020,4,3,23.47
Atacama,2020,5,3,21.99
Atacama,2020,6,3,20.9
Atacama,2020,7,3,21.76
Atacama,2020,8,3,21.39
Atacama,2020,9,3,21.73
Atacama,2020,10,3,20.61
Atacama,2020,11,3,21.56
Atacama,2020,12,3,19.1
Atacama,2020,13,3,19.44
Atacama,2020,14,3,20.23
Atacama,2020,15,3,19.14
Atacama,2020,16,3,18.53
Atacama,2020,17,3,18.21
Atacama,2020,18,3,17.91
Atacama,2020,19,3,18.04
Atacama,2020,20,3,17.79
Atacama,2020,21,3,16.94
Atacama,2020,22,3,16.23
Atacama,2020,23,3,14.96
Atacama,2020,24,3,16.27
Atacama,2020,25,3,15.51
Atacama,2020,26,3,14.86
Atacama,2020,27,3,16.61
Atacama,2020,28,3,15.97
Atacama,2020,29,3,15.31
Atacama,2020,30,3,14.56
Atacama,2020,31,3,18.69
Atacama,2020,32,3,16.84
Atacama,2020,33,3,14.0
Atacama,2020,34,3,13.34
Atacama,2020,35,3,14.09
Atacama,2020,36,3,14.5
Atacama,2020,37,3,16.33
Atacama,2020,38,3,17.04
Atacama,2020,39,3,16.8
Atacama,2020,40,3,15.96
Atacama,2020,41,3,19.7
Atacama,2020,42,3,17.6
Atacama,2020,43,3,17.4
Atacama,2020,44,3,17.73
Atacama,2020,45,3,17.49
Atacama,2020,46,3,16.89
Atacama,2020,47,3,17.77
Atacama,2020,48,3,20.11
Atacama,2020,49,3,18.84
Atacama,2020,50,3,18.99
Atacama,2020,51,3,19.37
Atacama,2020,52,3,19.64
Atacama,2020,53,3,20.77
Atacama,2021,1,3,20.11
Atacama,2021,2,3,19.69
Atacama,2021,3,3,20.93
Atacama,2021,4,3,21.07
Atacama,2021,5,3,20.33
Atacama,2021,6,3,21.11
Atacama,2021,7,3,20.59
Atacama,2021,8,3,20.26
Atacama,2021,9,3,21.09
Atacama,2021,10,3,20.53
Atacama,2021,11,3,19.09
Atacama,2021,12,3,19.47
Atacama,2021,13,3,17.8
Atacama,2021,14,3,18.87
Atacama,2021,15,3,18.07
Atacama,2021,16,3,16.44
Atacama,2021,17,3,16.77
Atacama,2021,18,3,16.9
Atacama,2021,19,3,18.74
Atacama,2021,20,3,16.77
Atacama,2021,21,3,19.67
Atacama,2021,22,3,17.97
Atacama,2021,23,3,16.9
Atacama,2021,24,3,13.64
Atacama,2021,25,3,13.4
Atacama,2021,26,3,15.64
Atacama,2021,27,3,15.37
Atacama,2021,28,3,13.81
Atacama,2021,29,3,15.57
Atacama,2021,30,3,15.73
Atacama,2021,31,3,15.01
Atacama,2021,32,3,12.64
Atacama,2021,33,3,18.8
Atacama,2021,34,3,13.77
Atacama,2021,35,3,15.89
Atacama,2021,36,3,14.94
Atacama,2021,37,3,15.21
Atacama,2021,38,3,16.81
Atacama,2021,39,3,19.81
Atacama,2021,40,3,15.91
Atacama,2021,41,3,15.84
Atacama,2021,42,3,15.86
Atacama,2021,43,3,18.04
Atacama,2021,44,3,16.83
Atacama,2021,45,3,17.5
Atacama,2021,46,3,17.11
Atacama,2021,47,3,17.84
Atacama,2021,48,3,18.24
Atacama,2021,49,3,17.57
Atacama,2021,50,3,18.43
Atacama,2021,51,3,21.17
Atacama,2021,52,3,19.43
Atacama,2022,1,3,20.09
Atacama,2022,2,3,20.2
Atacama,2022,3,3,18.8
Atacama,2022,4,3,18.73
Atacama,2022,5,3,20.29
Atacama,2022,6,3,19.71
Atacama,2022,7,3,20.01
Atacama,2022,8,3,20.03
Atacama,2022,9,3,21.04
Atacama,2022,10,3,20.36
Atacama,2022,11,3,21.03
Atacama,2022,12,3,18.11
Atacama,2022,13,3,17.11
Atacama,2022,14,3,20.06
Atacama,2022,15,3,15.24
Atacama,2022,16,3,16.69
Atacama,2022,17,3,16.89
Atacama,2022,18,3,15.66
Atacama,2022,19,3,16.04
Atacama,2022,20,3,15.83
Atacama,2022,21,3,15.49
Atacama,2022,22,3,14.13
Atacama,2022,23,3,14.73
Atacama,2022,24,3,12.36
Atacama,2022,25,3,12.89
Atacama,2022,26,3,14.66
Atacama,2022,27,3,13.93
Atacama,2022,28,3,11.69
Atacama,2022,29,3,13.79
Atacama,2022,30,3,13.33
Atacama,2022,31,3,13.03
Atacama,2022,32,3,14.84
Atacama,2022,33,3,15.64
Atacama,2022,34,3,14.89
Atacama,2022,35,3,14.99
Atacama,2022,36,3,13.64
Atacama,2022,37,3,14.06
Atacama,2022,38,3,14.66
Atacama,2022,39,3,14.96
Atacama,2022,40,3,16.21
Atacama,2022,41,3,15.59
Atacama,2022,42,3,16.09
Atacama,2022,43,3,15.76
Atacama,2022,44,3,17.04
Atacama,2022,45,3,17.21
Atacama,2022,46,3,18.99
Atacama,2022,47,3,19.34
Atacama,2022,48,3,18.64
Atacama,2022,49,3,19.86
Atacama,2022,50,3,21.59
Atacama,2022,51,3,21.04
Atacama,2022,52,3,20.19
Atacama,2023,1,3,20.9
Atacama,2023,2,3,19.87
Atacama,2023,3,3,19.8
Atacama,2023,4,3,21.1
Atacama,2023,5,3,21.93
Atacama,2023,6,3,22.56
Atacama,2023,7,3,22.1
Atacama,2023,8,3,21.71
Atacama,2023,9,3,20.79
Atacama,2023,10,3,22.07
Atacama,2023,11,3,21.26
Atacama,2023,12,3,22.31
Atacama,2023,13,3,20.8
Atacama,2023,14,3,20.46
Atacama,2023,15,3,18.34
Atacama,2023,16,3,17.39
Atacama,2023,17,3,17.11
Atacama,2023,18,3,15.16
Atacama,2023,19,3,19.13
Atacama,2023,20,3,16.34
Atacama,2023,21,3,17.74
Atacama,2023,22,3,18.17
Atacama,2023,23,3,16.09
Atacama,2023,24,3,15.8
Atacama,2023,25,3,19.51
Atacama,2023,26,3,18.6
Atacama,2023,27,3,15.56
Atacama,2023,28,3,15.93
Atacama,2023,29,3,18.19
Atacama,2023,30,3,16.34
Atacama,2023,31,3,15.97
Atacama,2023,32,3,17.09
Atacama,2023,33,3,18.2
Atacama,2023,34,3,19.97
Atacama,2023,35,3,16.74
Atacama,2023,36,3,20.69
Atacama,2023,37,3,19.17
Atacama,2023,38,3,18.5
Atacama,2023,39,3,15.99
Atacama,2023,40,3,15.99
Atacama,2023,41,3,17.77
Atacama,2023,42,3,17.89
Atacama,2023,43,3,16.79
Atacama,2023,44,3,18.39
Atacama,2023,45,3,18.91
Atacama,2023,46,3,17.41
Atacama,2023,47,3,17.69
Atacama,2023,48,3,18.1
Atacama,2023,49,3,18.27
Atacama,2023,50,3,19.66
Atacama,2023,51,3,18.8
Atacama,2023,52,3,19.89
Atacama,2024,1,3,19.71
Atacama,2024,2,3,20.13
Atacama,2024,3,3,20.79
Atacama,2024,4,3,21.81
Atacama,2024,5,3,21.49
Atacama,2024,6,3,23.57
Atacama,2024,7,3,20.63
Atacama,2024,8,3,21.04
Atacama,2024,9,3,20.26
Atacama,2024,10,3,20.63
Atacama,2024,11,3,19.56
Atacama,2024,12,3,20.23
Atacama,2024,13,3,20.67
Atacama,2024,14,3,18.94
Atacama,2024,15,3,16.21
Atacama,2024,16,3,17.81
Atacama,2024,17,3,17.16
Atacama,2024,18,3,16.34
Atacama,2024,19,3,14.49
Atacama,2024,20,3,14.34
Atacama,2024,21,3,16.14
Atacama,2024,22,3,18.4
Atacama,2024,23,3,16.33
Atacama,2024,24,3,15.2
Atacama,2024,25,3,14.93
Atacama,2024,26,3,16.01
Atacama,2024,27,3,15.73
Atacama,2024,28,3,11.3
Atacama,2024,29,3,14.09
Atacama,2024,30,3,16.59
Atacama,2024,31,3,14.6
Atacama,2024,32,3,15.27
Atacama,2024,33,3,15.83
Atacama,2024,34,3,14.86
Atacama,2024,35,3,14.81
Atacama,2024,36,3,16.66
Atacama,2024,37,3,16.84
Atacama,2024,38,3,18.47
Atacama,2024,39,3,17.8
Atacama,2024,40,3,18.71
Atacama,2024,41,3,17.26
Atacama,2024,42,3,17.91
Atacama,2024,43,3,17.43
Atacama,2024,44,3,17.0
Atacama,2024,45,3,18.96
Atacama,2024,46,3,18.81
Atacama,2024,47,3,18.1
Atacama,2024,48,3,19.03
Atacama,2024,49,3,18.26
Atacama,2024,50,3,18.09
Atacama,2024,51,3,18.99
Atacama,2024,52,3,19.19
Atacama,2025,1,3,20.47
Atacama,2025,2,3,20.03
Atacama,2025,3,3,21.34
Atacama,2025,4,3,20.71
Atacama,2025,5,3,20.36
Atacama,2025,6,3,21.87
Atacama,2025,7,3,21.44
Atacama,2025,8,3,20.31
Atacama,2025,9,3,21.21
Atacama,2025,10,3,20.23
Atacama,2025,11,3,19.8
Atacama,2025,12,3,19.14
Atacama,2025,13,3,18.73
Atacama,2025,14,3,18.91
Atacama,2025,15,3,17.54
Atacama,2025,16,3,17.41
Atacama,2025,17,3,18.36
Atacama,2025,18,3,15.87
Atacama,2025,19,3,17.03
Atacama,2025,20,3,14.81
Atacama,2025,21,3,16.73
Atacama,2025,22,3,15.49
Atacama,2025,23,3,14.96
Atacama,2025,24,3,14.31
Atacama,2025,25,3,13.2
Atacama,2025,26,3,13.6
Atacama,2025,27,3,16.81
Atacama,2025,28,3,12.03
Atacama,2025,29,3,13.83
Atacama,2025,30,3,13.61
Atacama,2025,31,3,16.26
Atacama,2025,32,3,15.96
Atacama,2025,33,3,15.23
Atacama,2025,34,3,13.26
Atacama,2025,35,3,13.64
Atacama,2025,36,3,13.87
Atacama,2025,37,3,17.74
Atacama,2025,38,3,16.43
Atacama,2025,39,3,18.59
Atacama,2025,40,3,16.56
Atacama,2025,41,3,16.89
Atacama,2025,42,3,16.77
Atacama,2025,43,3,17.19
Atacama,2025,44,3,18.07
Atacama,2025,45,3,17.29
Atacama,2025,46,3,17.7
Atacama,2025,47,3,18.59
Atacama,2025,48,3,18.04
Atacama,2025,49,3,19.7
Atacama,2025,50,3,19.43
Atacama,2025,51,3,20.66
Atacama,2025,52,3,20.7
Atacama,2026,1,3,20.33
Atacama,2026,2,3,20.83
Atacama,2026,3,3,21.71
Atacama,2026,4,3,21.56
Atacama,2026,5,3,21.79
Atacama,2026,6,3,22.74
Atacama,2026,7,3,22.49
Atacama,2026,8,3,22.93
Atacama,2026,9,3,22.87
Atacama,2026,10,3,21.27
Atacama,2026,11,3,21.3
Atacama,2026,12,3,20.27
Atacama,2026,13,3,19.39
Atacama,2026,14,3,19.29
Atacama,2026,15,3,17.24
Atacama,2026,16,3,18.27
Atacama,2026,17,3,18.33
Atacama,2026,18,3,16.89
Atacama,2026,19,3,17.06
Atacama,2026,20,3,15.66
Atacama,2026,21,3,13.24
Atacama,2026,22,3,17.03
Atacama,2026,23,3,16.17
Atacama,2026,24,3,14.57
Atacama,2026,25,3,15.27
Aysén,2014,1,14,8.66
Aysén,2014,2,14,11.3
Aysén,2014,3,14,14.2
Aysén,2014,4,14,8.79
Aysén,2014,5,14,9.83
Aysén,2014,6,14,8.94
Aysén,2014,7,14,15.01
Aysén,2014,8,14,12.49
Aysén,2014,9,14,14.04
Aysén,2014,10,14,9.99
Aysén,2014,11,14,8.26
Aysén,2014,12,14,8.81
Aysén,2014,13,14,8.09
Aysén,2014,14,14,9.59
Aysén,2014,15,14,7.64
Aysén,2014,16,14,4.07
Aysén,2014,17,14,7.27
Aysén,2014,18,14,4.36
Aysén,2014,19,14,4.59
Aysén,2014,20,14,2.69
Aysén,2014,21,14,2.01
Aysén,2014,22,14,4.41
Aysén,2014,23,14,0.44
Aysén,2014,24,14,1.4
Aysén,2014,25,14,2.36
Aysén,2014,26,14,3.37
Aysén,2014,27,14,1.34
Aysén,2014,28,14,0.5
Aysén,2014,29,14,3.26
Aysén,2014,30,14,-0.26
Aysén,2014,31,14,2.47
Aysén,2014,32,14,2.71
Aysén,2014,33,14,2.74
Aysén,2014,34,14,4.17
Aysén,2014,35,14,5.09
Aysén,2014,36,14,5.83
Aysén,2014,37,14,3.84
Aysén,2014,38,14,5.06
Aysén,2014,39,14,2.37
Aysén,2014,40,14,6.93
Aysén,2014,41,14,4.83
Aysén,2014,42,14,6.19
Aysén,2014,43,14,8.13
Aysén,2014,44,14,5.41
Aysén,2014,45,14,6.16
Aysén,2014,46,14,8.61
Aysén,2014,47,14,8.51
Aysén,2014,48,14,8.19
Aysén,2014,49,14,11.37
Aysén,2014,50,14,11.01
Aysén,2014,51,14,9.11
Aysén,2014,52,14,10.2
Aysén,2015,1,14,11.59
Aysén,2015,2,14,9.41
Aysén,2015,3,14,12.09
Aysén,2015,4,14,16.86
Aysén,2015,5,14,13.74
Aysén,2015,6,14,14.59
Aysén,2015,7,14,11.07
Aysén,2015,8,14,10.5
Aysén,2015,9,14,15.77
Aysén,2015,10,14,11.17
Aysén,2015,11,14,10.2
Aysén,2015,12,14,9.09
Aysén,2015,13,14,12.5
Aysén,2015,14,14,6.97
Aysén,2015,15,14,9.66
Aysén,2015,16,14,6.86
Aysén,2015,17,14,7.99
Aysén,2015,18,14,5.99
Aysén,2015,19,14,5.77
Aysén,2015,20,14,7.59
Aysén,2015,21,14,4.36
Aysén,2015,22,14,4.21
Aysén,2015,23,14,3.44
Aysén,2015,24,14,1.13
Aysén,2015,25,14,1.31
Aysén,2015,26,14,1.57
Aysén,2015,27,14,0.11
Aysén,2015,28,14,0.34
Aysén,2015,29,14,0.54
Aysén,2015,30,14,3.73
Aysén,2015,31,14,3.13
Aysén,2015,32,14,1.27
Aysén,2015,33,14,1.67
Aysén,2015,34,14,1.71
Aysén,2015,35,14,3.51
Aysén,2015,36,14,2.23
Aysén,2015,37,14,1.21
Aysén,2015,38,14,1.96
Aysén,2015,39,14,5.2
Aysén,2015,40,14,5.26
Aysén,2015,41,14,5.44
Aysén,2015,42,14,5.4
Aysén,2015,43,14,6.31
Aysén,2015,44,14,6.06
Aysén,2015,45,14,11.31
Aysén,2015,46,14,9.13
Aysén,2015,47,14,5.37
Aysén,2015,48,14,9.71
Aysén,2015,49,14,14.47
Aysén,2015,50,14,8.6
Aysén,2015,51,14,9.27
Aysén,2015,52,14,9.99
Aysén,2015,53,14,13.03
Aysén,2016,1,14,16.17
Aysén,2016,2,14,12.99
Aysén,2016,3,14,16.73
Aysén,2016,4,14,14.14
Aysén,2016,5,14,15.56
Aysén,2016,6,14,12.97
Aysén,2016,7,14,10.4
Aysén,2016,8,14,9.86
Aysén,2016,9,14,14.5
Aysén,2016,10,14,12.33
Aysén,2016,11,14,10.34
Aysén,2016,12,14,11.87
Aysén,2016,13,14,10.33
Aysén,2016,14,14,7.41
Aysén,2016,15,14,7.44
Aysén,2016,16,14,4.63
Aysén,2016,17,14,5.64
Aysén,2016,18,14,7.69
Aysén,2016,19,14,6.84
Aysén,2016,20,14,4.79
Aysén,2016,21,14,3.7
Aysén,2016,22,14,4.37
Aysén,2016,23,14,2.77
Aysén,2016,24,14,4.37
Aysén,2016,25,14,3.9
Aysén,2016,26,14,2.27
Aysén,2016,27,14,5.53
Aysén,2016,28,14,2.44
Aysén,2016,29,14,-0.4
Aysén,2016,30,14,-0.33
Aysén,2016,31,14,1.87
Aysén,2016,32,14,3.97
Aysén,2016,33,14,1.6
Aysén,2016,34,14,4.13
Aysén,2016,35,14,2.0
Aysén,2016,36,14,4.71
Aysén,2016,37,14,5.46
Aysén,2016,38,14,7.03
Aysén,2016,39,14,8.04
Aysén,2016,40,14,6.21
Aysén,2016,41,14,4.67
Aysén,2016,42,14,11.23
Aysén,2016,43,14,10.56
Aysén,2016,44,14,6.86
Aysén,2016,45,14,7.07
Aysén,2016,46,14,8.69
Aysén,2016,47,14,15.51
Aysén,2016,48,14,13.21
Aysén,2016,49,14,11.1
Aysén,2016,50,14,10.43
Aysén,2016,51,14,10.4
Aysén,2016,52,14,12.69
Aysén,2017,1,14,9.9
Aysén,2017,2,14,10.74
Aysén,2017,3,14,13.01
Aysén,2017,4,14,14.21
Aysén,2017,5,14,11.96
Aysén,2017,6,14,13.21
Aysén,2017,7,14,13.39
Aysén,2017,8,14,16.33
Aysén,2017,9,14,11.3
Aysén,2017,10,14,10.0
Aysén,2017,11,14,12.27
Aysén,2017,12,14,12.03
Aysén,2017,13,14,12.2
Aysén,2017,14,14,8.29
Aysén,2017,15,14,8.34
Aysén,2017,16,14,8.36
Aysén,2017,17,14,9.51
Aysén,2017,18,14,8.24
Aysén,2017,19,14,6.86
Aysén,2017,20,14,5.19
Aysén,2017,21,14,3.36
Aysén,2017,22,14,2.53
Aysén,2017,23,14,5.27
Aysén,2017,24,14,-0.39
Aysén,2017,25,14,-0.06
Aysén,2017,26,14,2.61
Aysén,2017,27,14,1.96
Aysén,2017,28,14,-0.53
Aysén,2017,29,14,3.97
Aysén,2017,30,14,2.5
Aysén,2017,31,14,3.49
Aysén,2017,32,14,3.01
Aysén,2017,33,14,3.01
Aysén,2017,34,14,2.49
Aysén,2017,35,14,2.87
Aysén,2017,36,14,2.91
Aysén,2017,37,14,5.04
Aysén,2017,38,14,5.61
Aysén,2017,39,14,5.84
Aysén,2017,40,14,5.3
Aysén,2017,41,14,6.9
Aysén,2017,42,14,6.1
Aysén,2017,43,14,7.03
Aysén,2017,44,14,9.83
Aysén,2017,45,14,10.34
Aysén,2017,46,14,8.21
Aysén,2017,47,14,9.03
Aysén,2017,48,14,13.06
Aysén,2017,49,14,13.67
Aysén,2017,50,14,11.97
Aysén,2017,51,14,9.63
Aysén,2017,52,14,11.57
Aysén,2018,1,14,11.3
Aysén,2018,2,14,14.61
Aysén,2018,3,14,14.26
Aysén,2018,4,14,12.43
Aysén,2018,5,14,14.53
Aysén,2018,6,14,11.44
Aysén,2018,7,14,15.33
Aysén,2018,8,14,13.33
Aysén,2018,9,14,12.7
Aysén,2018,10,14,11.64
Aysén,2018,11,14,8.37
Aysén,2018,12,14,7.8
Aysén,2018,13,14,9.76
Aysén,2018,14,14,8.07
Aysén,2018,15,14,6.87
Aysén,2018,16,14,8.46
Aysén,2018,17,14,5.67
Aysén,2018,18,14,5.57
Aysén,2018,19,14,6.97
Aysén,2018,20,14,5.03
Aysén,2018,21,14,6.73
Aysén,2018,22,14,0.57
Aysén,2018,23,14,1.39
Aysén,2018,24,14,-1.04
Aysén,2018,25,14,2.47
Aysén,2018,26,14,2.01
Aysén,2018,27,14,-2.7
Aysén,2018,28,14,3.11
Aysén,2018,29,14,-0.21
Aysén,2018,30,14,2.4
Aysén,2018,31,14,3.34
Aysén,2018,32,14,3.31
Aysén,2018,33,14,3.39
Aysén,2018,34,14,3.63
Aysén,2018,35,14,3.1
Aysén,2018,36,14,5.36
Aysén,2018,37,14,6.76
Aysén,2018,38,14,5.53
Aysén,2018,39,14,4.57
Aysén,2018,40,14,6.1
Aysén,2018,41,14,6.1
Aysén,2018,42,14,6.0
Aysén,2018,43,14,9.89
Aysén,2018,44,14,8.91
Aysén,2018,45,14,9.76
Aysén,2018,46,14,9.04
Aysén,2018,47,14,8.93
Aysén,2018,48,14,11.6
Aysén,2018,49,14,16.17
Aysén,2018,50,14,11.19
Aysén,2018,51,14,13.53
Aysén,2018,52,14,12.17
Aysén,2019,1,14,10.46
Aysén,2019,2,14,9.36
Aysén,2019,3,14,13.59
Aysén,2019,4,14,10.39
Aysén,2019,5,14,14.01
Aysén,2019,6,14,14.44
Aysén,2019,7,14,15.7
Aysén,2019,8,14,9.11
Aysén,2019,9,14,11.36
Aysén,2019,10,14,11.39
Aysén,2019,11,14,12.54
Aysén,2019,12,14,9.41
Aysén,2019,13,14,11.73
Aysén,2019,14,14,10.91
Aysén,2019,15,14,9.67
Aysén,2019,16,14,8.66
Aysén,2019,17,14,7.67
Aysén,2019,18,14,6.23
Aysén,2019,19,14,7.56
Aysén,2019,20,14,5.61
Aysén,2019,21,14,4.77
Aysén,2019,22,14,2.84
Aysén,2019,23,14,4.41
Aysén,2019,24,14,2.07
Aysén,2019,25,14,3.87
Aysén,2019,26,14,0.89
Aysén,2019,27,14,3.0
Aysén,2019,28,14,3.96
Aysén,2019,29,14,2.79
Aysén,2019,30,14,3.91
Aysén,2019,31,14,4.81
Aysén,2019,32,14,4.27
Aysén,2019,33,14,3.64
Aysén,2019,34,14,5.2
Aysén,2019,35,14,3.89
Aysén,2019,36,14,2.53
Aysén,2019,37,14,4.09
Aysén,2019,38,14,5.27
Aysén,2019,39,14,9.29
Aysén,2019,40,14,4.7
Aysén,2019,41,14,6.86
Aysén,2019,42,14,8.99
Aysén,2019,43,14,8.11
Aysén,2019,44,14,6.77
Aysén,2019,45,14,8.6
Aysén,2019,46,14,11.5
Aysén,2019,47,14,10.94
Aysén,2019,48,14,8.81
Aysén,2019,49,14,12.3
Aysén,2019,50,14,11.36
Aysén,2019,51,14,11.66
Aysén,2019,52,14,11.29
Aysén,2020,1,14,14.39
Aysén,2020,2,14,10.87
Aysén,2020,3,14,12.79
Aysén,2020,4,14,15.11
Aysén,2020,5,14,12.06
Aysén,2020,6,14,11.16
Aysén,2020,7,14,12.83
Aysén,2020,8,14,12.74
Aysén,2020,9,14,14.06
Aysén,2020,10,14,14.01
Aysén,2020,11,14,11.96
Aysén,2020,12,14,12.24
Aysén,2020,13,14,11.36
Aysén,2020,14,14,8.37
Aysén,2020,15,14,9.19
Aysén,2020,16,14,10.33
Aysén,2020,17,14,7.69
Aysén,2020,18,14,8.47
Aysén,2020,19,14,7.16
Aysén,2020,20,14,6.87
Aysén,2020,21,14,5.33
Aysén,2020,22,14,4.63
Aysén,2020,23,14,4.43
Aysén,2020,24,14,3.51
Aysén,2020,25,14,3.31
Aysén,2020,26,14,-0.16
Aysén,2020,27,14,2.46
Aysén,2020,28,14,0.96
Aysén,2020,29,14,2.0
Aysén,2020,30,14,0.33
Aysén,2020,31,14,2.7
Aysén,2020,32,14,2.73
Aysén,2020,33,14,3.44
Aysén,2020,34,14,3.41
Aysén,2020,35,14,2.91
Aysén,2020,36,14,5.04
Aysén,2020,37,14,4.73
Aysén,2020,38,14,4.69
Aysén,2020,39,14,6.46
Aysén,2020,40,14,4.27
Aysén,2020,41,14,6.57
Aysén,2020,42,14,7.99
Aysén,2020,43,14,7.74
Aysén,2020,44,14,9.44
Aysén,2020,45,14,10.89
Aysén,2020,46,14,11.41
Aysén,2020,47,14,13.56
Aysén,2020,48,14,7.84
Aysén,2020,49,14,11.13
Aysén,2020,50,14,11.1
Aysén,2020,51,14,10.53
Aysén,2020,52,14,13.84
Aysén,2020,53,14,12.79
Aysén,2021,1,14,11.31
Aysén,2021,2,14,12.11
Aysén,2021,3,14,15.41
Aysén,2021,4,14,11.39
Aysén,2021,5,14,17.7
Aysén,2021,6,14,16.69
Aysén,2021,7,14,11.53
Aysén,2021,8,14,15.31
Aysén,2021,9,14,14.67
Aysén,2021,10,14,11.6
Aysén,2021,11,14,10.86
Aysén,2021,12,14,10.51
Aysén,2021,13,14,12.04
Aysén,2021,14,14,10.29
Aysén,2021,15,14,10.77
Aysén,2021,16,14,8.03
Aysén,2021,17,14,9.57
Aysén,2021,18,14,3.99
Aysén,2021,19,14,5.07
Aysén,2021,20,14,6.13
Aysén,2021,21,14,4.96
Aysén,2021,22,14,5.2
Aysén,2021,23,14,4.77
Aysén,2021,24,14,0.6
Aysén,2021,25,14,2.37
Aysén,2021,26,14,3.04
Aysén,2021,27,14,4.39
Aysén,2021,28,14,3.69
Aysén,2021,29,14,4.43
Aysén,2021,30,14,3.29
Aysén,2021,31,14,4.36
Aysén,2021,32,14,4.1
Aysén,2021,33,14,3.5
Aysén,2021,34,14,3.41
Aysén,2021,35,14,6.24
Aysén,2021,36,14,5.69
Aysén,2021,37,14,5.81
Aysén,2021,38,14,7.29
Aysén,2021,39,14,5.23
Aysén,2021,40,14,7.41
Aysén,2021,41,14,7.31
Aysén,2021,42,14,8.16
Aysén,2021,43,14,9.13
Aysén,2021,44,14,10.01
Aysén,2021,45,14,10.63
Aysén,2021,46,14,9.81
Aysén,2021,47,14,11.2
Aysén,2021,48,14,11.09
Aysén,2021,49,14,15.53
Aysén,2021,50,14,15.2
Aysén,2021,51,14,16.24
Aysén,2021,52,14,11.74
Aysén,2022,1,14,14.11
Aysén,2022,2,14,12.89
Aysén,2022,3,14,12.51
Aysén,2022,4,14,15.13
Aysén,2022,5,14,14.36
Aysén,2022,6,14,13.99
Aysén,2022,7,14,13.3
Aysén,2022,8,14,13.21
Aysén,2022,9,14,10.53
Aysén,2022,10,14,11.4
Aysén,2022,11,14,10.87
Aysén,2022,12,14,9.51
Aysén,2022,13,14,7.7
Aysén,2022,14,14,9.24
Aysén,2022,15,14,9.27
Aysén,2022,16,14,7.1
Aysén,2022,17,14,3.44
Aysén,2022,18,14,8.14
Aysén,2022,19,14,5.17
Aysén,2022,20,14,3.53
Aysén,2022,21,14,1.4
Aysén,2022,22,14,0.27
Aysén,2022,23,14,1.56
Aysén,2022,24,14,2.94
Aysén,2022,25,14,-2.17
Aysén,2022,26,14,2.31
Aysén,2022,27,14,1.36
Aysén,2022,28,14,-1.01
Aysén,2022,29,14,0.97
Aysén,2022,30,14,2.36
Aysén,2022,31,14,2.36
Aysén,2022,32,14,3.87
Aysén,2022,33,14,4.64
Aysén,2022,34,14,4.69
Aysén,2022,35,14,6.4
Aysén,2022,36,14,4.71
Aysén,2022,37,14,4.47
Aysén,2022,38,14,4.87
Aysén,2022,39,14,7.63
Aysén,2022,40,14,6.86
Aysén,2022,41,14,7.09
Aysén,2022,42,14,8.66
Aysén,2022,43,14,7.39
Aysén,2022,44,14,13.27
Aysén,2022,45,14,11.6
Aysén,2022,46,14,10.63
Aysén,2022,47,14,11.43
Aysén,2022,48,14,11.07
Aysén,2022,49,14,10.96
Aysén,2022,50,14,11.69
Aysén,2022,51,14,13.44
Aysén,2022,52,14,11.31
Aysén,2023,1,14,15.09
Aysén,2023,2,14,12.37
Aysén,2023,3,14,16.69
Aysén,2023,4,14,13.13
Aysén,2023,5,14,15.37
Aysén,2023,6,14,14.09
Aysén,2023,7,14,9.7
Aysén,2023,8,14,11.73
Aysén,2023,9,14,12.4
Aysén,2023,10,14,11.24
Aysén,2023,11,14,8.84
Aysén,2023,12,14,9.11
Aysén,2023,13,14,6.1
Aysén,2023,14,14,8.83
Aysén,2023,15,14,5.76
Aysén,2023,16,14,8.77
Aysén,2023,17,14,7.66
Aysén,2023,18,14,7.99
Aysén,2023,19,14,8.61
Aysén,2023,20,14,5.79
Aysén,2023,21,14,1.84
Aysén,2023,22,14,5.11
Aysén,2023,23,14,3.9
Aysén,2023,24,14,1.43
Aysén,2023,25,14,2.07
Aysén,2023,26,14,2.49
Aysén,2023,27,14,1.7
Aysén,2023,28,14,0.89
Aysén,2023,29,14,0.24
Aysén,2023,30,14,2.73
Aysén,2023,31,14,3.83
Aysén,2023,32,14,3.69
Aysén,2023,33,14,0.97
Aysén,2023,34,14,3.97
Aysén,2023,35,14,3.67
Aysén,2023,36,14,3.61
Aysén,2023,37,14,4.66
Aysén,2023,38,14,1.91
Aysén,2023,39,14,5.51
Aysén,2023,40,14,6.09
Aysén,2023,41,14,5.7
Aysén,2023,42,14,8.81
Aysén,2023,43,14,7.47
Aysén,2023,44,14,6.9
Aysén,2023,45,14,7.59
Aysén,2023,46,14,6.11
Aysén,2023,47,14,9.31
Aysén,2023,48,14,7.99
Aysén,2023,49,14,12.31
Aysén,2023,50,14,9.17
Aysén,2023,51,14,13.23
Aysén,2023,52,14,14.96
Aysén,2024,1,14,14.41
Aysén,2024,2,14,11.6
Aysén,2024,3,14,13.51
Aysén,2024,4,14,16.03
Aysén,2024,5,14,15.13
Aysén,2024,6,14,13.84
Aysén,2024,7,14,15.01
Aysén,2024,8,14,13.11
Aysén,2024,9,14,11.84
Aysén,2024,10,14,10.31
Aysén,2024,11,14,8.9
Aysén,2024,12,14,9.36
Aysén,2024,13,14,9.87
Aysén,2024,14,14,7.89
Aysén,2024,15,14,5.99
Aysén,2024,16,14,7.1
Aysén,2024,17,14,4.21
Aysén,2024,18,14,3.89
Aysén,2024,19,14,1.37
Aysén,2024,20,14,1.54
Aysén,2024,21,14,1.19
Aysén,2024,22,14,2.49
Aysén,2024,23,14,3.1
Aysén,2024,24,14,4.69
Aysén,2024,25,14,-0.59
Aysén,2024,26,14,2.03
Aysén,2024,27,14,1.29
Aysén,2024,28,14,-0.59
Aysén,2024,29,14,1.81
Aysén,2024,30,14,3.84
Aysén,2024,31,14,3.09
Aysén,2024,32,14,2.53
Aysén,2024,33,14,3.51
Aysén,2024,34,14,2.31
Aysén,2024,35,14,4.37
Aysén,2024,36,14,5.3
Aysén,2024,37,14,4.49
Aysén,2024,38,14,5.3
Aysén,2024,39,14,4.13
Aysén,2024,40,14,4.59
Aysén,2024,41,14,7.51
Aysén,2024,42,14,9.39
Aysén,2024,43,14,9.41
Aysén,2024,44,14,9.73
Aysén,2024,45,14,7.13
Aysén,2024,46,14,8.84
Aysén,2024,47,14,11.1
Aysén,2024,48,14,9.81
Aysén,2024,49,14,9.21
Aysén,2024,50,14,11.59
Aysén,2024,51,14,11.96
Aysén,2024,52,14,15.9
Aysén,2025,1,14,13.91
Aysén,2025,2,14,14.79
Aysén,2025,3,14,12.56
Aysén,2025,4,14,13.53
Aysén,2025,5,14,12.46
Aysén,2025,6,14,10.87
Aysén,2025,7,14,11.37
Aysén,2025,8,14,13.37
Aysén,2025,9,14,11.49
Aysén,2025,10,14,10.17
Aysén,2025,11,14,10.06
Aysén,2025,12,14,10.49
Aysén,2025,13,14,11.81
Aysén,2025,14,14,7.61
Aysén,2025,15,14,8.96
Aysén,2025,16,14,7.57
Aysén,2025,17,14,7.6
Aysén,2025,18,14,7.46
Aysén,2025,19,14,6.84
Aysén,2025,20,14,6.14
Aysén,2025,21,14,4.77
Aysén,2025,22,14,5.81
Aysén,2025,23,14,4.97
Aysén,2025,24,14,4.04
Aysén,2025,25,14,4.4
Aysén,2025,26,14,0.11
Aysén,2025,27,14,1.29
Aysén,2025,28,14,5.87
Aysén,2025,29,14,5.6
Aysén,2025,30,14,-0.81
Aysén,2025,31,14,3.66
Aysén,2025,32,14,4.06
Aysén,2025,33,14,4.44
Aysén,2025,34,14,4.53
Aysén,2025,35,14,6.76
Aysén,2025,36,14,4.69
Aysén,2025,37,14,6.84
Aysén,2025,38,14,6.36
Aysén,2025,39,14,7.56
Aysén,2025,40,14,6.19
Aysén,2025,41,14,7.17
Aysén,2025,42,14,7.84
Aysén,2025,43,14,6.89
Aysén,2025,44,14,9.11
Aysén,2025,45,14,11.79
Aysén,2025,46,14,10.43
Aysén,2025,47,14,10.83
Aysén,2025,48,14,15.0
Aysén,2025,49,14,12.07
Aysén,2025,50,14,11.39
Aysén,2025,51,14,11.1
Aysén,2025,52,14,11.5
Aysén,2026,1,14,17.13
Aysén,2026,2,14,16.9
Aysén,2026,3,14,12.21
Aysén,2026,4,14,15.64
Aysén,2026,5,14,17.69
Aysén,2026,6,14,13.94
Aysén,2026,7,14,9.97
Aysén,2026,8,14,14.01
Aysén,2026,9,14,12.03
Aysén,2026,10,14,11.27
Aysén,2026,11,14,11.86
Aysén,2026,12,14,8.64
Aysén,2026,13,14,9.31
Aysén,2026,14,14,9.03
Aysén,2026,15,14,9.0
Aysén,2026,16,14,7.93
Aysén,2026,17,14,6.54
Aysén,2026,18,14,5.54
Aysén,2026,19,14,3.87
Aysén,2026,20,14,4.54
Aysén,2026,21,14,4.09
Aysén,2026,22,14,5.63
Aysén,2026,23,14,5.19
Aysén,2026,24,14,2.93
Aysén,2026,25,14,3.83
Bío Bío,2014,1,9,18.08
Bío Bío,2014,2,9,18.6
Bío Bío,2014,3,9,19.04
Bío Bío,2014,4,9,17.19
Bío Bío,2014,5,9,18.61
Bío Bío,2014,6,9,16.97
Bío Bío,2014,7,9,18.13
Bío Bío,2014,8,9,18.27
Bío Bío,2014,9,9,16.61
Bío Bío,2014,10,9,16.26
Bío Bío,2014,11,9,15.94
Bío Bío,2014,12,9,16.36
Bío Bío,2014,13,9,14.31
Bío Bío,2014,14,9,12.83
Bío Bío,2014,15,9,12.76
Bío Bío,2014,16,9,13.39
Bío Bío,2014,17,9,13.56
Bío Bío,2014,18,9,12.17
Bío Bío,2014,19,9,12.94
Bío Bío,2014,20,9,11.96
Bío Bío,2014,21,9,10.31
Bío Bío,2014,22,9,11.11
Bío Bío,2014,23,9,10.2
Bío Bío,2014,24,9,10.33
Bío Bío,2014,25,9,11.06
Bío Bío,2014,26,9,8.53
Bío Bío,2014,27,9,8.19
Bío Bío,2014,28,9,8.81
Bío Bío,2014,29,9,10.54
Bío Bío,2014,30,9,8.96
Bío Bío,2014,31,9,12.1
Bío Bío,2014,32,9,9.71
Bío Bío,2014,33,9,9.61
Bío Bío,2014,34,9,10.19
Bío Bío,2014,35,9,10.29
Bío Bío,2014,36,9,11.34
Bío Bío,2014,37,9,10.19
Bío Bío,2014,38,9,11.69
Bío Bío,2014,39,9,10.8
Bío Bío,2014,40,9,11.94
Bío Bío,2014,41,9,11.63
Bío Bío,2014,42,9,12.81
Bío Bío,2014,43,9,15.84
Bío Bío,2014,44,9,12.37
Bío Bío,2014,45,9,13.54
Bío Bío,2014,46,9,16.34
Bío Bío,2014,47,9,14.44
Bío Bío,2014,48,9,14.74
Bío Bío,2014,49,9,16.49
Bío Bío,2014,50,9,16.6
Bío Bío,2014,51,9,15.29
Bío Bío,2014,52,9,16.87
Bío Bío,2015,1,9,17.46
Bío Bío,2015,2,9,19.4
Bío Bío,2015,3,9,19.76
Bío Bío,2015,4,9,18.59
Bío Bío,2015,5,9,18.66
Bío Bío,2015,6,9,18.76
Bío Bío,2015,7,9,18.77
Bío Bío,2015,8,9,17.19
Bío Bío,2015,9,9,17.93
Bío Bío,2015,10,9,17.71
Bío Bío,2015,11,9,18.41
Bío Bío,2015,12,9,18.31
Bío Bío,2015,13,9,17.1
Bío Bío,2015,14,9,16.11
Bío Bío,2015,15,9,16.6
Bío Bío,2015,16,9,14.06
Bío Bío,2015,17,9,13.29
Bío Bío,2015,18,9,12.89
Bío Bío,2015,19,9,12.21
Bío Bío,2015,20,9,13.53
Bío Bío,2015,21,9,12.04
Bío Bío,2015,22,9,10.49
Bío Bío,2015,23,9,13.41
Bío Bío,2015,24,9,9.94
Bío Bío,2015,25,9,9.5
Bío Bío,2015,26,9,10.87
Bío Bío,2015,27,9,9.37
Bío Bío,2015,28,9,10.5
Bío Bío,2015,29,9,8.51
Bío Bío,2015,30,9,9.74
Bío Bío,2015,31,9,11.14
Bío Bío,2015,32,9,10.31
Bío Bío,2015,33,9,8.46
Bío Bío,2015,34,9,10.54
Bío Bío,2015,35,9,12.07
Bío Bío,2015,36,9,12.01
Bío Bío,2015,37,9,9.47
Bío Bío,2015,38,9,9.44
Bío Bío,2015,39,9,10.83
Bío Bío,2015,40,9,12.33
Bío Bío,2015,41,9,11.17
Bío Bío,2015,42,9,11.69
Bío Bío,2015,43,9,12.49
Bío Bío,2015,44,9,13.07
Bío Bío,2015,45,9,14.4
Bío Bío,2015,46,9,14.53
Bío Bío,2015,47,9,12.84
Bío Bío,2015,48,9,15.04
Bío Bío,2015,49,9,16.84
Bío Bío,2015,50,9,16.44
Bío Bío,2015,51,9,16.23
Bío Bío,2015,52,9,16.09
Bío Bío,2015,53,9,19.54
Bío Bío,2016,1,9,18.71
Bío Bío,2016,2,9,18.19
Bío Bío,2016,3,9,20.16
Bío Bío,2016,4,9,18.93
Bío Bío,2016,5,9,19.44
Bío Bío,2016,6,9,18.11
Bío Bío,2016,7,9,17.73
Bío Bío,2016,8,9,18.41
Bío Bío,2016,9,9,18.7
Bío Bío,2016,10,9,17.93
Bío Bío,2016,11,9,16.89
Bío Bío,2016,12,9,17.4
Bío Bío,2016,13,9,14.6
Bío Bío,2016,14,9,13.17
Bío Bío,2016,15,9,13.63
Bío Bío,2016,16,9,12.21
Bío Bío,2016,17,9,12.43
Bío Bío,2016,18,9,13.37
Bío Bío,2016,19,9,13.71
Bío Bío,2016,20,9,12.33
Bío Bío,2016,21,9,12.67
Bío Bío,2016,22,9,10.06
Bío Bío,2016,23,9,10.3
Bío Bío,2016,24,9,9.84
Bío Bío,2016,25,9,9.24
Bío Bío,2016,26,9,8.3
Bío Bío,2016,27,9,9.57
Bío Bío,2016,28,9,9.6
Bío Bío,2016,29,9,10.89
Bío Bío,2016,30,9,9.74
Bío Bío,2016,31,9,10.13
Bío Bío,2016,32,9,10.89
Bío Bío,2016,33,9,11.01
Bío Bío,2016,34,9,10.63
Bío Bío,2016,35,9,10.34
Bío Bío,2016,36,9,11.8
Bío Bío,2016,37,9,11.57
Bío Bío,2016,38,9,13.34
Bío Bío,2016,39,9,13.44
Bío Bío,2016,40,9,12.46
Bío Bío,2016,41,9,12.2
Bío Bío,2016,42,9,12.03
Bío Bío,2016,43,9,15.74
Bío Bío,2016,44,9,14.24
Bío Bío,2016,45,9,15.26
Bío Bío,2016,46,9,16.24
Bío Bío,2016,47,9,15.61
Bío Bío,2016,48,9,17.61
Bío Bío,2016,49,9,16.39
Bío Bío,2016,50,9,17.66
Bío Bío,2016,51,9,16.3
Bío Bío,2016,52,9,16.8
Bío Bío,2017,1,9,16.93
Bío Bío,2017,2,9,17.26
Bío Bío,2017,3,9,18.89
Bío Bío,2017,4,9,20.03
Bío Bío,2017,5,9,16.91
Bío Bío,2017,6,9,17.06
Bío Bío,2017,7,9,16.13
Bío Bío,2017,8,9,19.16
Bío Bío,2017,9,9,16.67
Bío Bío,2017,10,9,15.4
Bío Bío,2017,11,9,15.7
Bío Bío,2017,12,9,15.01
Bío Bío,2017,13,9,14.23
Bío Bío,2017,14,9,13.93
Bío Bío,2017,15,9,14.9
Bío Bío,2017,16,9,14.17
Bío Bío,2017,17,9,13.0
Bío Bío,2017,18,9,13.39
Bío Bío,2017,19,9,13.27
Bío Bío,2017,20,9,10.5
Bío Bío,2017,21,9,7.76
Bío Bío,2017,22,9,8.76
Bío Bío,2017,23,9,9.29
Bío Bío,2017,24,9,8.86
Bío Bío,2017,25,9,10.1
Bío Bío,2017,26,9,11.56
Bío Bío,2017,27,9,10.41
Bío Bío,2017,28,9,7.67
Bío Bío,2017,29,9,8.66
Bío Bío,2017,30,9,8.36
Bío Bío,2017,31,9,7.69
Bío Bío,2017,32,9,9.93
Bío Bío,2017,33,9,9.63
Bío Bío,2017,34,9,9.54
Bío Bío,2017,35,9,8.74
Bío Bío,2017,36,9,8.83
Bío Bío,2017,37,9,10.07
Bío Bío,2017,38,9,10.63
Bío Bío,2017,39,9,10.76
Bío Bío,2017,40,9,10.97
Bío Bío,2017,41,9,11.93
Bío Bío,2017,42,9,11.69
Bío Bío,2017,43,9,11.84
Bío Bío,2017,44,9,11.84
Bío Bío,2017,45,9,14.26
Bío Bío,2017,46,9,13.49
Bío Bío,2017,47,9,14.24
Bío Bío,2017,48,9,14.07
Bío Bío,2017,49,9,15.37
Bío Bío,2017,50,9,15.37
Bío Bío,2017,51,9,15.14
Bío Bío,2017,52,9,16.16
Bío Bío,2018,1,9,16.83
Bío Bío,2018,2,9,17.21
Bío Bío,2018,3,9,17.13
Bío Bío,2018,4,9,16.11
Bío Bío,2018,5,9,17.04
Bío Bío,2018,6,9,16.14
Bío Bío,2018,7,9,16.63
Bío Bío,2018,8,9,16.69
Bío Bío,2018,9,9,16.99
Bío Bío,2018,10,9,15.34
Bío Bío,2018,11,9,13.9
Bío Bío,2018,12,9,13.97
Bío Bío,2018,13,9,14.84
Bío Bío,2018,14,9,12.43
Bío Bío,2018,15,9,12.16
Bío Bío,2018,16,9,13.36
Bío Bío,2018,17,9,10.54
Bío Bío,2018,18,9,12.73
Bío Bío,2018,19,9,11.86
Bío Bío,2018,20,9,10.94
Bío Bío,2018,21,9,9.77
Bío Bío,2018,22,9,8.51
Bío Bío,2018,23,9,8.4
Bío Bío,2018,24,9,7.41
Bío Bío,2018,25,9,8.6
Bío Bío,2018,26,9,10.46
Bío Bío,2018,27,9,11.16
Bío Bío,2018,28,9,10.1
Bío Bío,2018,29,9,6.49
Bío Bío,2018,30,9,6.84
Bío Bío,2018,31,9,8.01
Bío Bío,2018,32,9,9.61
Bío Bío,2018,33,9,9.44
Bío Bío,2018,34,9,8.9
Bío Bío,2018,35,9,10.23
Bío Bío,2018,36,9,10.26
Bío Bío,2018,37,9,10.37
Bío Bío,2018,38,9,11.43
Bío Bío,2018,39,9,10.76
Bío Bío,2018,40,9,10.9
Bío Bío,2018,41,9,10.13
Bío Bío,2018,42,9,11.26
Bío Bío,2018,43,9,12.69
Bío Bío,2018,44,9,12.64
Bío Bío,2018,45,9,13.94
Bío Bío,2018,46,9,13.63
Bío Bío,2018,47,9,14.8
Bío Bío,2018,48,9,15.34
Bío Bío,2018,49,9,15.77
Bío Bío,2018,50,9,14.86
Bío Bío,2018,51,9,16.33
Bío Bío,2018,52,9,15.67
Bío Bío,2019,1,9,15.89
Bío Bío,2019,2,9,14.47
Bío Bío,2019,3,9,16.44
Bío Bío,2019,4,9,16.57
Bío Bío,2019,5,9,17.21
Bío Bío,2019,6,9,16.9
Bío Bío,2019,7,9,17.47
Bío Bío,2019,8,9,16.86
Bío Bío,2019,9,9,15.66
Bío Bío,2019,10,9,15.94
Bío Bío,2019,11,9,15.24
Bío Bío,2019,12,9,13.83
Bío Bío,2019,13,9,13.39
Bío Bío,2019,14,9,14.24
Bío Bío,2019,15,9,13.11
Bío Bío,2019,16,9,12.93
Bío Bío,2019,17,9,12.27
Bío Bío,2019,18,9,13.31
Bío Bío,2019,19,9,11.27
Bío Bío,2019,20,9,11.63
Bío Bío,2019,21,9,9.07
Bío Bío,2019,22,9,11.97
Bío Bío,2019,23,9,11.33
Bío Bío,2019,24,9,9.34
Bío Bío,2019,25,9,9.37
Bío Bío,2019,26,9,9.16
Bío Bío,2019,27,9,10.03
Bío Bío,2019,28,9,10.83
Bío Bío,2019,29,9,9.73
Bío Bío,2019,30,9,8.37
Bío Bío,2019,31,9,10.14
Bío Bío,2019,32,9,8.21
Bío Bío,2019,33,9,10.14
Bío Bío,2019,34,9,10.4
Bío Bío,2019,35,9,10.21
Bío Bío,2019,36,9,9.39
Bío Bío,2019,37,9,9.97
Bío Bío,2019,38,9,9.84
Bío Bío,2019,39,9,12.47
Bío Bío,2019,40,9,9.33
Bío Bío,2019,41,9,12.84
Bío Bío,2019,42,9,11.91
Bío Bío,2019,43,9,12.24
Bío Bío,2019,44,9,12.0
Bío Bío,2019,45,9,14.9
Bío Bío,2019,46,9,14.71
Bío Bío,2019,47,9,15.39
Bío Bío,2019,48,9,13.83
Bío Bío,2019,49,9,15.44
Bío Bío,2019,50,9,14.7
Bío Bío,2019,51,9,15.83
Bío Bío,2019,52,9,16.04
Bío Bío,2020,1,9,16.8
Bío Bío,2020,2,9,15.46
Bío Bío,2020,3,9,17.1
Bío Bío,2020,4,9,17.74
Bío Bío,2020,5,9,17.39
Bío Bío,2020,6,9,16.4
Bío Bío,2020,7,9,16.81
Bío Bío,2020,8,9,16.21
Bío Bío,2020,9,9,16.46
Bío Bío,2020,10,9,16.76
Bío Bío,2020,11,9,16.3
Bío Bío,2020,12,9,15.07
Bío Bío,2020,13,9,15.21
Bío Bío,2020,14,9,14.89
Bío Bío,2020,15,9,12.86
Bío Bío,2020,16,9,13.33
Bío Bío,2020,17,9,14.01
Bío Bío,2020,18,9,12.36
Bío Bío,2020,19,9,12.97
Bío Bío,2020,20,9,12.69
Bío Bío,2020,21,9,11.27
Bío Bío,2020,22,9,10.13
Bío Bío,2020,23,9,8.46
Bío Bío,2020,24,9,9.26
Bío Bío,2020,25,9,10.99
Bío Bío,2020,26,9,9.43
Bío Bío,2020,27,9,9.8
Bío Bío,2020,28,9,9.23
Bío Bío,2020,29,9,10.56
Bío Bío,2020,30,9,9.34
Bío Bío,2020,31,9,8.8
Bío Bío,2020,32,9,10.04
Bío Bío,2020,33,9,8.43
Bío Bío,2020,34,9,10.0
Bío Bío,2020,35,9,9.46
Bío Bío,2020,36,9,9.5
Bío Bío,2020,37,9,9.97
Bío Bío,2020,38,9,11.7
Bío Bío,2020,39,9,10.5
Bío Bío,2020,40,9,9.3
Bío Bío,2020,41,9,11.0
Bío Bío,2020,42,9,12.33
Bío Bío,2020,43,9,11.46
Bío Bío,2020,44,9,12.54
Bío Bío,2020,45,9,13.14
Bío Bío,2020,46,9,13.64
Bío Bío,2020,47,9,13.44
Bío Bío,2020,48,9,14.57
Bío Bío,2020,49,9,14.49
Bío Bío,2020,50,9,14.03
Bío Bío,2020,51,9,14.51
Bío Bío,2020,52,9,16.63
Bío Bío,2020,53,9,16.56
Bío Bío,2021,1,9,15.54
Bío Bío,2021,2,9,15.13
Bío Bío,2021,3,9,17.51
Bío Bío,2021,4,9,16.04
Bío Bío,2021,5,9,16.49
Bío Bío,2021,6,9,16.63
Bío Bío,2021,7,9,15.26
Bío Bío,2021,8,9,16.16
Bío Bío,2021,9,9,16.64
Bío Bío,2021,10,9,15.5
Bío Bío,2021,11,9,14.71
Bío Bío,2021,12,9,14.9
Bío Bío,2021,13,9,13.44
Bío Bío,2021,14,9,13.51
Bío Bío,2021,15,9,13.77
Bío Bío,2021,16,9,13.0
Bío Bío,2021,17,9,12.77
Bío Bío,2021,18,9,11.7
Bío Bío,2021,19,9,10.57
Bío Bío,2021,20,9,10.76
Bío Bío,2021,21,9,11.46
Bío Bío,2021,22,9,12.01
Bío Bío,2021,23,9,11.41
Bío Bío,2021,24,9,9.73
Bío Bío,2021,25,9,9.37
Bío Bío,2021,26,9,8.37
Bío Bío,2021,27,9,8.81
Bío Bío,2021,28,9,7.2
Bío Bío,2021,29,9,9.39
Bío Bío,2021,30,9,9.16
Bío Bío,2021,31,9,9.7
Bío Bío,2021,32,9,8.11
Bío Bío,2021,33,9,10.51
Bío Bío,2021,34,9,9.31
Bío Bío,2021,35,9,10.49
Bío Bío,2021,36,9,10.14
Bío Bío,2021,37,9,9.86
Bío Bío,2021,38,9,11.07
Bío Bío,2021,39,9,10.31
Bío Bío,2021,40,9,11.54
Bío Bío,2021,41,9,11.23
Bío Bío,2021,42,9,12.0
Bío Bío,2021,43,9,13.47
Bío Bío,2021,44,9,12.61
Bío Bío,2021,45,9,12.83
Bío Bío,2021,46,9,14.76
Bío Bío,2021,47,9,14.74
Bío Bío,2021,48,9,14.96
Bío Bío,2021,49,9,15.1
Bío Bío,2021,50,9,15.17
Bío Bío,2021,51,9,17.7
Bío Bío,2021,52,9,16.03
Bío Bío,2022,1,9,16.6
Bío Bío,2022,2,9,16.71
Bío Bío,2022,3,9,14.79
Bío Bío,2022,4,9,16.16
Bío Bío,2022,5,9,17.01
Bío Bío,2022,6,9,17.31
Bío Bío,2022,7,9,15.7
Bío Bío,2022,8,9,15.9
Bío Bío,2022,9,9,16.13
Bío Bío,2022,10,9,15.94
Bío Bío,2022,11,9,15.1
Bío Bío,2022,12,9,13.96
Bío Bío,2022,13,9,12.99
Bío Bío,2022,14,9,12.83
Bío Bío,2022,15,9,11.7
Bío Bío,2022,16,9,12.21
Bío Bío,2022,17,9,10.06
Bío Bío,2022,18,9,11.5
Bío Bío,2022,19,9,11.19
Bío Bío,2022,20,9,10.81
Bío Bío,2022,21,9,6.84
Bío Bío,2022,22,9,7.67
Bío Bío,2022,23,9,9.37
Bío Bío,2022,24,9,8.61
Bío Bío,2022,25,9,9.53
Bío Bío,2022,26,9,9.69
Bío Bío,2022,27,9,9.09
Bío Bío,2022,28,9,7.39
Bío Bío,2022,29,9,9.46
Bío Bío,2022,30,9,9.66
Bío Bío,2022,31,9,8.9
Bío Bío,2022,32,9,9.24
Bío Bío,2022,33,9,9.71
Bío Bío,2022,34,9,9.54
Bío Bío,2022,35,9,10.71
Bío Bío,2022,36,9,9.2
Bío Bío,2022,37,9,9.54
Bío Bío,2022,38,9,9.61
Bío Bío,2022,39,9,11.86
Bío Bío,2022,40,9,11.09
Bío Bío,2022,41,9,11.36
Bío Bío,2022,42,9,11.56
Bío Bío,2022,43,9,12.33
Bío Bío,2022,44,9,13.71
Bío Bío,2022,45,9,13.43
Bío Bío,2022,46,9,14.9
Bío Bío,2022,47,9,16.2
Bío Bío,2022,48,9,14.9
Bío Bío,2022,49,9,16.46
Bío Bío,2022,50,9,16.71
Bío Bío,2022,51,9,16.61
Bío Bío,2022,52,9,16.37
Bío Bío,2023,1,9,16.16
Bío Bío,2023,2,9,16.09
Bío Bío,2023,3,9,15.61
Bío Bío,2023,4,9,16.76
Bío Bío,2023,5,9,17.5
Bío Bío,2023,6,9,17.4
Bío Bío,2023,7,9,16.74
Bío Bío,2023,8,9,16.97
Bío Bío,2023,9,9,17.21
Bío Bío,2023,10,9,15.54
Bío Bío,2023,11,9,16.63
Bío Bío,2023,12,9,15.54
Bío Bío,2023,13,9,13.79
Bío Bío,2023,14,9,13.76
Bío Bío,2023,15,9,13.89
Bío Bío,2023,16,9,12.31
Bío Bío,2023,17,9,12.56
Bío Bío,2023,18,9,10.66
Bío Bío,2023,19,9,12.34
Bío Bío,2023,20,9,11.57
Bío Bío,2023,21,9,10.37
Bío Bío,2023,22,9,11.01
Bío Bío,2023,23,9,10.43
Bío Bío,2023,24,9,8.76
Bío Bío,2023,25,9,12.37
Bío Bío,2023,26,9,10.5
Bío Bío,2023,27,9,9.59
Bío Bío,2023,28,9,7.3
Bío Bío,2023,29,9,9.8
Bío Bío,2023,30,9,10.2
Bío Bío,2023,31,9,9.91
Bío Bío,2023,32,9,9.49
Bío Bío,2023,33,9,11.31
Bío Bío,2023,34,9,9.06
Bío Bío,2023,35,9,9.69
Bío Bío,2023,36,9,10.77
Bío Bío,2023,37,9,10.59
Bío Bío,2023,38,9,10.03
Bío Bío,2023,39,9,10.87
Bío Bío,2023,40,9,10.33
Bío Bío,2023,41,9,11.31
Bío Bío,2023,42,9,13.0
Bío Bío,2023,43,9,11.83
Bío Bío,2023,44,9,11.03
Bío Bío,2023,45,9,11.87
Bío Bío,2023,46,9,11.29
Bío Bío,2023,47,9,13.67
Bío Bío,2023,48,9,13.44
Bío Bío,2023,49,9,14.87
Bío Bío,2023,50,9,13.56
Bío Bío,2023,51,9,15.37
Bío Bío,2023,52,9,16.23
Bío Bío,2024,1,9,17.3
Bío Bío,2024,2,9,16.44
Bío Bío,2024,3,9,16.73
Bío Bío,2024,4,9,17.19
Bío Bío,2024,5,9,19.07
Bío Bío,2024,6,9,17.7
Bío Bío,2024,7,9,17.11
Bío Bío,2024,8,9,16.41
Bío Bío,2024,9,9,16.86
Bío Bío,2024,10,9,14.77
Bío Bío,2024,11,9,14.51
Bío Bío,2024,12,9,14.87
Bío Bío,2024,13,9,15.64
Bío Bío,2024,14,9,13.0
Bío Bío,2024,15,9,12.9
Bío Bío,2024,16,9,13.26
Bío Bío,2024,17,9,11.14
Bío Bío,2024,18,9,9.86
Bío Bío,2024,19,9,8.79
Bío Bío,2024,20,9,7.3
Bío Bío,2024,21,9,8.36
Bío Bío,2024,22,9,9.74
Bío Bío,2024,23,9,12.0
Bío Bío,2024,24,9,11.96
Bío Bío,2024,25,9,9.6
Bío Bío,2024,26,9,7.64
Bío Bío,2024,27,9,7.36
Bío Bío,2024,28,9,5.46
Bío Bío,2024,29,9,7.44
Bío Bío,2024,30,9,7.8
Bío Bío,2024,31,9,9.79
Bío Bío,2024,32,9,7.76
Bío Bío,2024,33,9,8.27
Bío Bío,2024,34,9,6.94
Bío Bío,2024,35,9,9.14
Bío Bío,2024,36,9,9.04
Bío Bío,2024,37,9,9.36
Bío Bío,2024,38,9,10.63
Bío Bío,2024,39,9,9.99
Bío Bío,2024,40,9,10.54
Bío Bío,2024,41,9,12.3
Bío Bío,2024,42,9,12.16
Bío Bío,2024,43,9,13.04
Bío Bío,2024,44,9,12.9
Bío Bío,2024,45,9,13.16
Bío Bío,2024,46,9,14.16
Bío Bío,2024,47,9,14.24
Bío Bío,2024,48,9,14.51
Bío Bío,2024,49,9,14.13
Bío Bío,2024,50,9,15.17
Bío Bío,2024,51,9,16.31
Bío Bío,2024,52,9,16.16
Bío Bío,2025,1,9,17.19
Bío Bío,2025,2,9,17.77
Bío Bío,2025,3,9,16.93
Bío Bío,2025,4,9,16.79
Bío Bío,2025,5,9,17.34
Bío Bío,2025,6,9,18.97
Bío Bío,2025,7,9,16.39
Bío Bío,2025,8,9,16.56
Bío Bío,2025,9,9,17.3
Bío Bío,2025,10,9,16.89
Bío Bío,2025,11,9,16.2
Bío Bío,2025,12,9,16.17
Bío Bío,2025,13,9,14.47
Bío Bío,2025,14,9,13.9
Bío Bío,2025,15,9,12.94
Bío Bío,2025,16,9,12.07
Bío Bío,2025,17,9,13.46
Bío Bío,2025,18,9,11.37
Bío Bío,2025,19,9,12.01
Bío Bío,2025,20,9,11.36
Bío Bío,2025,21,9,10.04
Bío Bío,2025,22,9,9.6
Bío Bío,2025,23,9,9.91
Bío Bío,2025,24,9,9.46
Bío Bío,2025,25,9,8.96
Bío Bío,2025,26,9,6.5
Bío Bío,2025,27,9,8.17
Bío Bío,2025,28,9,8.24
Bío Bío,2025,29,9,9.31
Bío Bío,2025,30,9,10.2
Bío Bío,2025,31,9,10.89
Bío Bío,2025,32,9,10.86
Bío Bío,2025,33,9,11.97
Bío Bío,2025,34,9,9.87
Bío Bío,2025,35,9,11.14
Bío Bío,2025,36,9,9.96
Bío Bío,2025,37,9,11.26
Bío Bío,2025,38,9,11.53
Bío Bío,2025,39,9,11.61
Bío Bío,2025,40,9,11.51
Bío Bío,2025,41,9,12.07
Bío Bío,2025,42,9,12.83
Bío Bío,2025,43,9,12.67
Bío Bío,2025,44,9,14.31
Bío Bío,2025,45,9,13.74
Bío Bío,2025,46,9,14.73
Bío Bío,2025,47,9,16.31
Bío Bío,2025,48,9,15.03
Bío Bío,2025,49,9,16.91
Bío Bío,2025,50,9,15.77
Bío Bío,2025,51,9,16.69
Bío Bío,2025,52,9,16.83
Bío Bío,2026,1,9,18.0
Bío Bío,2026,2,9,17.86
Bío Bío,2026,3,9,18.31
Bío Bío,2026,4,9,16.31
Bío Bío,2026,5,9,18.71
Bío Bío,2026,6,9,16.84
Bío Bío,2026,7,9,16.87
Bío Bío,2026,8,9,17.17
Bío Bío,2026,9,9,16.83
Bío Bío,2026,10,9,15.76
Bío Bío,2026,11,9,16.69
Bío Bío,2026,12,9,14.1
Bío Bío,2026,13,9,13.03
Bío Bío,2026,14,9,14.61
Bío Bío,2026,15,9,13.2
Bío Bío,2026,16,9,12.89
Bío Bío,2026,17,9,11.24
Bío Bío,2026,18,9,11.11
Bío Bío,2026,19,9,12.51
Bío Bío,2026,20,9,10.63
Bío Bío,2026,21,9,9.39
Bío Bío,2026,22,9,11.1
Bío Bío,2026,23,9,11.37
Bío Bío,2026,24,9,10.07
Bío Bío,2026,25,9,10.1
Coquimbo,2014,1,4,22.08
Coquimbo,2014,2,4,21.29
Coquimbo,2014,3,4,21.61
Coquimbo,2014,4,4,21.24
Coquimbo,2014,5,4,21.29
Coquimbo,2014,6,4,21.67
Coquimbo,2014,7,4,20.09
Coquimbo,2014,8,4,20.97
Coquimbo,2014,9,4,19.59
Coquimbo,2014,10,4,20.81
Coquimbo,2014,11,4,20.07
Coquimbo,2014,12,4,20.4
Coquimbo,2014,13,4,18.29
Coquimbo,2014,14,4,17.99
Coquimbo,2014,15,4,19.09
Coquimbo,2014,16,4,19.24
Coquimbo,2014,17,4,17.34
Coquimbo,2014,18,4,17.33
Coquimbo,2014,19,4,17.59
Coquimbo,2014,20,4,18.37
Coquimbo,2014,21,4,14.7
Coquimbo,2014,22,4,15.84
Coquimbo,2014,23,4,13.04
Coquimbo,2014,24,4,14.1
Coquimbo,2014,25,4,14.73
Coquimbo,2014,26,4,13.34
Coquimbo,2014,27,4,12.7
Coquimbo,2014,28,4,14.06
Coquimbo,2014,29,4,15.69
Coquimbo,2014,30,4,12.93
Coquimbo,2014,31,4,17.26
Coquimbo,2014,32,4,15.43
Coquimbo,2014,33,4,17.57
Coquimbo,2014,34,4,15.0
Coquimbo,2014,35,4,15.09
Coquimbo,2014,36,4,15.67
Coquimbo,2014,37,4,14.3
Coquimbo,2014,38,4,15.49
Coquimbo,2014,39,4,15.83
Coquimbo,2014,40,4,16.73
Coquimbo,2014,41,4,17.79
Coquimbo,2014,42,4,19.06
Coquimbo,2014,43,4,19.76
Coquimbo,2014,44,4,18.21
Coquimbo,2014,45,4,19.47
Coquimbo,2014,46,4,18.99
Coquimbo,2014,47,4,18.36
Coquimbo,2014,48,4,18.57
Coquimbo,2014,49,4,19.76
Coquimbo,2014,50,4,19.04
Coquimbo,2014,51,4,18.69
Coquimbo,2014,52,4,20.89
Coquimbo,2015,1,4,20.64
Coquimbo,2015,2,4,21.3
Coquimbo,2015,3,4,20.44
Coquimbo,2015,4,4,20.47
Coquimbo,2015,5,4,21.76
Coquimbo,2015,6,4,21.67
Coquimbo,2015,7,4,22.66
Coquimbo,2015,8,4,21.04
Coquimbo,2015,9,4,19.77
Coquimbo,2015,10,4,20.5
Coquimbo,2015,11,4,22.03
Coquimbo,2015,12,4,21.14
Coquimbo,2015,13,4,20.43
Coquimbo,2015,14,4,19.89
Coquimbo,2015,15,4,19.86
Coquimbo,2015,16,4,19.37
Coquimbo,2015,17,4,18.36
Coquimbo,2015,18,4,18.47
Coquimbo,2015,19,4,18.87
Coquimbo,2015,20,4,18.44
Coquimbo,2015,21,4,17.16
Coquimbo,2015,22,4,16.8
Coquimbo,2015,23,4,18.34
Coquimbo,2015,24,4,15.97
Coquimbo,2015,25,4,16.84
Coquimbo,2015,26,4,16.06
Coquimbo,2015,27,4,15.46
Coquimbo,2015,28,4,15.84
Coquimbo,2015,29,4,12.87
Coquimbo,2015,30,4,14.29
Coquimbo,2015,31,4,15.21
Coquimbo,2015,32,4,15.53
Coquimbo,2015,33,4,12.94
Coquimbo,2015,34,4,14.73
Coquimbo,2015,35,4,17.94
Coquimbo,2015,36,4,16.69
Coquimbo,2015,37,4,17.06
Coquimbo,2015,38,4,16.96
Coquimbo,2015,39,4,15.77
Coquimbo,2015,40,4,17.97
Coquimbo,2015,41,4,16.21
Coquimbo,2015,42,4,16.23
Coquimbo,2015,43,4,16.9
Coquimbo,2015,44,4,17.96
Coquimbo,2015,45,4,17.04
Coquimbo,2015,46,4,18.09
Coquimbo,2015,47,4,18.59
Coquimbo,2015,48,4,19.64
Coquimbo,2015,49,4,20.1
Coquimbo,2015,50,4,20.17
Coquimbo,2015,51,4,20.53
Coquimbo,2015,52,4,21.7
Coquimbo,2015,53,4,21.3
Coquimbo,2016,1,4,21.7
Coquimbo,2016,2,4,22.14
Coquimbo,2016,3,4,21.44
Coquimbo,2016,4,4,22.89
Coquimbo,2016,5,4,22.23
Coquimbo,2016,6,4,22.13
Coquimbo,2016,7,4,21.89
Coquimbo,2016,8,4,22.93
Coquimbo,2016,9,4,21.59
Coquimbo,2016,10,4,21.27
Coquimbo,2016,11,4,20.59
Coquimbo,2016,12,4,20.27
Coquimbo,2016,13,4,19.76
Coquimbo,2016,14,4,19.11
Coquimbo,2016,15,4,19.09
Coquimbo,2016,16,4,17.87
Coquimbo,2016,17,4,19.14
Coquimbo,2016,18,4,18.54
Coquimbo,2016,19,4,17.8
Coquimbo,2016,20,4,16.89
Coquimbo,2016,21,4,17.66
Coquimbo,2016,22,4,15.7
Coquimbo,2016,23,4,15.36
Coquimbo,2016,24,4,17.27
Coquimbo,2016,25,4,14.27
Coquimbo,2016,26,4,14.71
Coquimbo,2016,27,4,14.54
Coquimbo,2016,28,4,14.27
Coquimbo,2016,29,4,15.64
Coquimbo,2016,30,4,15.79
Coquimbo,2016,31,4,15.97
Coquimbo,2016,32,4,17.2
Coquimbo,2016,33,4,17.37
Coquimbo,2016,34,4,15.41
Coquimbo,2016,35,4,14.66
Coquimbo,2016,36,4,18.17
Coquimbo,2016,37,4,17.17
Coquimbo,2016,38,4,17.97
Coquimbo,2016,39,4,16.39
Coquimbo,2016,40,4,19.7
Coquimbo,2016,41,4,18.47
Coquimbo,2016,42,4,16.11
Coquimbo,2016,43,4,19.36
Coquimbo,2016,44,4,20.14
Coquimbo,2016,45,4,20.16
Coquimbo,2016,46,4,20.41
Coquimbo,2016,47,4,18.51
Coquimbo,2016,48,4,20.14
Coquimbo,2016,49,4,20.11
Coquimbo,2016,50,4,21.49
Coquimbo,2016,51,4,20.24
Coquimbo,2016,52,4,19.94
Coquimbo,2017,1,4,19.24
Coquimbo,2017,2,4,18.81
Coquimbo,2017,3,4,19.37
Coquimbo,2017,4,4,21.34
Coquimbo,2017,5,4,20.3
Coquimbo,2017,6,4,19.31
Coquimbo,2017,7,4,19.69
Coquimbo,2017,8,4,20.43
Coquimbo,2017,9,4,21.2
Coquimbo,2017,10,4,19.33
Coquimbo,2017,11,4,17.34
Coquimbo,2017,12,4,17.37
Coquimbo,2017,13,4,17.76
Coquimbo,2017,14,4,17.21
Coquimbo,2017,15,4,16.39
Coquimbo,2017,16,4,17.73
Coquimbo,2017,17,4,15.86
Coquimbo,2017,18,4,14.36
Coquimbo,2017,19,4,15.14
Coquimbo,2017,20,4,12.84
Coquimbo,2017,21,4,13.06
Coquimbo,2017,22,4,12.97
Coquimbo,2017,23,4,12.84
Coquimbo,2017,24,4,12.23
Coquimbo,2017,25,4,12.54
Coquimbo,2017,26,4,12.73
Coquimbo,2017,27,4,12.59
Coquimbo,2017,28,4,11.5
Coquimbo,2017,29,4,11.93
Coquimbo,2017,30,4,11.93
Coquimbo,2017,31,4,11.3
Coquimbo,2017,32,4,11.53
Coquimbo,2017,33,4,12.96
Coquimbo,2017,34,4,11.91
Coquimbo,2017,35,4,12.44
Coquimbo,2017,36,4,12.43
Coquimbo,2017,37,4,12.9
Coquimbo,2017,38,4,13.2
Coquimbo,2017,39,4,14.51
Coquimbo,2017,40,4,14.86
Coquimbo,2017,41,4,13.64
Coquimbo,2017,42,4,15.47
Coquimbo,2017,43,4,14.93
Coquimbo,2017,44,4,15.31
Coquimbo,2017,45,4,16.91
Coquimbo,2017,46,4,16.2
Coquimbo,2017,47,4,15.64
Coquimbo,2017,48,4,15.54
Coquimbo,2017,49,4,16.39
Coquimbo,2017,50,4,17.11
Coquimbo,2017,51,4,17.71
Coquimbo,2017,52,4,17.66
Coquimbo,2018,1,4,18.64
Coquimbo,2018,2,4,18.56
Coquimbo,2018,3,4,18.5
Coquimbo,2018,4,4,18.83
Coquimbo,2018,5,4,18.04
Coquimbo,2018,6,4,19.41
Coquimbo,2018,7,4,18.23
Coquimbo,2018,8,4,19.19
Coquimbo,2018,9,4,18.23
Coquimbo,2018,10,4,18.34
Coquimbo,2018,11,4,17.71
Coquimbo,2018,12,4,16.81
Coquimbo,2018,13,4,15.94
Coquimbo,2018,14,4,15.93
Coquimbo,2018,15,4,15.84
Coquimbo,2018,16,4,15.34
Coquimbo,2018,17,4,15.09
Coquimbo,2018,18,4,13.94
Coquimbo,2018,19,4,14.34
Coquimbo,2018,20,4,14.4
Coquimbo,2018,21,4,12.79
Coquimbo,2018,22,4,12.81
Coquimbo,2018,23,4,13.31
Coquimbo,2018,24,4,11.77
Coquimbo,2018,25,4,10.91
Coquimbo,2018,26,4,11.19
Coquimbo,2018,27,4,12.04
Coquimbo,2018,28,4,11.16
Coquimbo,2018,29,4,10.87
Coquimbo,2018,30,4,10.73
Coquimbo,2018,31,4,10.56
Coquimbo,2018,32,4,12.49
Coquimbo,2018,33,4,12.49
Coquimbo,2018,34,4,11.3
Coquimbo,2018,35,4,12.1
Coquimbo,2018,36,4,13.11
Coquimbo,2018,37,4,12.43
Coquimbo,2018,38,4,15.37
Coquimbo,2018,39,4,14.36
Coquimbo,2018,40,4,14.67
Coquimbo,2018,41,4,13.99
Coquimbo,2018,42,4,14.57
Coquimbo,2018,43,4,15.43
Coquimbo,2018,44,4,16.26
Coquimbo,2018,45,4,16.19
Coquimbo,2018,46,4,18.09
Coquimbo,2018,47,4,17.0
Coquimbo,2018,48,4,16.54
Coquimbo,2018,49,4,17.8
Coquimbo,2018,50,4,18.4
Coquimbo,2018,51,4,17.59
Coquimbo,2018,52,4,17.79
Coquimbo,2019,1,4,17.93
Coquimbo,2019,2,4,18.36
Coquimbo,2019,3,4,18.44
Coquimbo,2019,4,4,18.07
Coquimbo,2019,5,4,19.29
Coquimbo,2019,6,4,19.3
Coquimbo,2019,7,4,18.53
Coquimbo,2019,8,4,19.51
Coquimbo,2019,9,4,18.01
Coquimbo,2019,10,4,18.03
Coquimbo,2019,11,4,17.13
Coquimbo,2019,12,4,16.23
Coquimbo,2019,13,4,15.41
Coquimbo,2019,14,4,16.8
Coquimbo,2019,15,4,14.84
Coquimbo,2019,16,4,14.39
Coquimbo,2019,17,4,14.51
Coquimbo,2019,18,4,13.99
Coquimbo,2019,19,4,13.53
Coquimbo,2019,20,4,12.67
Coquimbo,2019,21,4,12.53
Coquimbo,2019,22,4,13.5
Coquimbo,2019,23,4,12.93
Coquimbo,2019,24,4,10.79
Coquimbo,2019,25,4,12.63
Coquimbo,2019,26,4,11.01
Coquimbo,2019,27,4,12.06
Coquimbo,2019,28,4,11.29
Coquimbo,2019,29,4,11.66
Coquimbo,2019,30,4,9.91
Coquimbo,2019,31,4,14.41
Coquimbo,2019,32,4,10.73
Coquimbo,2019,33,4,13.26
Coquimbo,2019,34,4,14.13
Coquimbo,2019,35,4,15.89
Coquimbo,2019,36,4,11.6
Coquimbo,2019,37,4,12.43
Coquimbo,2019,38,4,12.61
Coquimbo,2019,39,4,12.4
Coquimbo,2019,40,4,13.81
Coquimbo,2019,41,4,14.46
Coquimbo,2019,42,4,14.01
Coquimbo,2019,43,4,15.21
Coquimbo,2019,44,4,15.87
Coquimbo,2019,45,4,15.39
Coquimbo,2019,46,4,16.43
Coquimbo,2019,47,4,17.06
Coquimbo,2019,48,4,17.83
Coquimbo,2019,49,4,16.63
Coquimbo,2019,50,4,17.29
Coquimbo,2019,51,4,18.0
Coquimbo,2019,52,4,17.64
Coquimbo,2020,1,4,16.89
Coquimbo,2020,2,4,18.93
Coquimbo,2020,3,4,18.47
Coquimbo,2020,4,4,19.9
Coquimbo,2020,5,4,19.37
Coquimbo,2020,6,4,19.0
Coquimbo,2020,7,4,19.06
Coquimbo,2020,8,4,18.44
Coquimbo,2020,9,4,18.11
Coquimbo,2020,10,4,17.86
Coquimbo,2020,11,4,18.23
Coquimbo,2020,12,4,17.31
Coquimbo,2020,13,4,17.79
Coquimbo,2020,14,4,17.26
Coquimbo,2020,15,4,16.67
Coquimbo,2020,16,4,15.89
Coquimbo,2020,17,4,15.41
Coquimbo,2020,18,4,15.54
Coquimbo,2020,19,4,14.26
Coquimbo,2020,20,4,14.51
Coquimbo,2020,21,4,13.8
Coquimbo,2020,22,4,13.84
Coquimbo,2020,23,4,11.87
Coquimbo,2020,24,4,12.63
Coquimbo,2020,25,4,12.23
Coquimbo,2020,26,4,11.79
Coquimbo,2020,27,4,12.71
Coquimbo,2020,28,4,12.7
Coquimbo,2020,29,4,10.89
Coquimbo,2020,30,4,11.76
Coquimbo,2020,31,4,13.86
Coquimbo,2020,32,4,12.84
Coquimbo,2020,33,4,11.4
Coquimbo,2020,34,4,10.73
Coquimbo,2020,35,4,11.19
Coquimbo,2020,36,4,12.4
Coquimbo,2020,37,4,13.83
Coquimbo,2020,38,4,12.9
Coquimbo,2020,39,4,13.03
Coquimbo,2020,40,4,13.0
Coquimbo,2020,41,4,14.91
Coquimbo,2020,42,4,13.63
Coquimbo,2020,43,4,14.61
Coquimbo,2020,44,4,14.73
Coquimbo,2020,45,4,14.71
Coquimbo,2020,46,4,14.84
Coquimbo,2020,47,4,15.39
Coquimbo,2020,48,4,17.29
Coquimbo,2020,49,4,15.87
Coquimbo,2020,50,4,16.49
Coquimbo,2020,51,4,16.64
Coquimbo,2020,52,4,16.09
Coquimbo,2020,53,4,17.9
Coquimbo,2021,1,4,17.56
Coquimbo,2021,2,4,17.89
Coquimbo,2021,3,4,17.69
Coquimbo,2021,4,4,19.19
Coquimbo,2021,5,4,18.31
Coquimbo,2021,6,4,18.96
Coquimbo,2021,7,4,18.67
Coquimbo,2021,8,4,18.14
Coquimbo,2021,9,4,18.29
Coquimbo,2021,10,4,18.07
Coquimbo,2021,11,4,17.66
Coquimbo,2021,12,4,17.39
Coquimbo,2021,13,4,15.91
Coquimbo,2021,14,4,17.17
Coquimbo,2021,15,4,15.27
Coquimbo,2021,16,4,15.13
Coquimbo,2021,17,4,14.24
Coquimbo,2021,18,4,15.29
Coquimbo,2021,19,4,14.8
Coquimbo,2021,20,4,13.99
Coquimbo,2021,21,4,15.16
Coquimbo,2021,22,4,15.11
Coquimbo,2021,23,4,13.37
Coquimbo,2021,24,4,11.73
Coquimbo,2021,25,4,11.39
Coquimbo,2021,26,4,11.86
Coquimbo,2021,27,4,11.81
Coquimbo,2021,28,4,12.27
Coquimbo,2021,29,4,10.46
Coquimbo,2021,30,4,11.13
Coquimbo,2021,31,4,11.69
Coquimbo,2021,32,4,10.3
Coquimbo,2021,33,4,13.97
Coquimbo,2021,34,4,11.93
Coquimbo,2021,35,4,12.84
Coquimbo,2021,36,4,12.44
Coquimbo,2021,37,4,13.06
Coquimbo,2021,38,4,13.69
Coquimbo,2021,39,4,15.53
Coquimbo,2021,40,4,13.23
Coquimbo,2021,41,4,14.36
Coquimbo,2021,42,4,14.14
Coquimbo,2021,43,4,14.09
Coquimbo,2021,44,4,14.76
Coquimbo,2021,45,4,15.17
Coquimbo,2021,46,4,15.13
Coquimbo,2021,47,4,15.89
Coquimbo,2021,48,4,16.1
Coquimbo,2021,49,4,16.06
Coquimbo,2021,50,4,17.27
Coquimbo,2021,51,4,17.43
Coquimbo,2021,52,4,18.01
Coquimbo,2022,1,4,18.11
Coquimbo,2022,2,4,19.39
Coquimbo,2022,3,4,18.8
Coquimbo,2022,4,4,18.06
Coquimbo,2022,5,4,18.31
Coquimbo,2022,6,4,17.81
Coquimbo,2022,7,4,18.76
Coquimbo,2022,8,4,18.96
Coquimbo,2022,9,4,18.19
Coquimbo,2022,10,4,17.3
Coquimbo,2022,11,4,17.16
Coquimbo,2022,12,4,16.54
Coquimbo,2022,13,4,15.17
Coquimbo,2022,14,4,14.71
Coquimbo,2022,15,4,13.91
Coquimbo,2022,16,4,14.23
Coquimbo,2022,17,4,14.71
Coquimbo,2022,18,4,13.29
Coquimbo,2022,19,4,12.9
Coquimbo,2022,20,4,12.66
Coquimbo,2022,21,4,13.0
Coquimbo,2022,22,4,11.77
Coquimbo,2022,23,4,11.24
Coquimbo,2022,24,4,10.63
Coquimbo,2022,25,4,11.34
Coquimbo,2022,26,4,11.8
Coquimbo,2022,27,4,10.99
Coquimbo,2022,28,4,10.27
Coquimbo,2022,29,4,11.41
Coquimbo,2022,30,4,11.19
Coquimbo,2022,31,4,10.87
Coquimbo,2022,32,4,11.73
Coquimbo,2022,33,4,12.27
Coquimbo,2022,34,4,12.01
Coquimbo,2022,35,4,11.71
Coquimbo,2022,36,4,11.06
Coquimbo,2022,37,4,12.27
Coquimbo,2022,38,4,13.03
Coquimbo,2022,39,4,12.64
Coquimbo,2022,40,4,14.33
Coquimbo,2022,41,4,13.3
Coquimbo,2022,42,4,13.79
Coquimbo,2022,43,4,14.43
Coquimbo,2022,44,4,14.16
Coquimbo,2022,45,4,15.31
Coquimbo,2022,46,4,16.99
Coquimbo,2022,47,4,15.73
Coquimbo,2022,48,4,16.7
Coquimbo,2022,49,4,17.43
Coquimbo,2022,50,4,18.13
Coquimbo,2022,51,4,18.4
Coquimbo,2022,52,4,18.16
Coquimbo,2023,1,4,18.76
Coquimbo,2023,2,4,19.09
Coquimbo,2023,3,4,18.26
Coquimbo,2023,4,4,18.94
Coquimbo,2023,5,4,18.81
Coquimbo,2023,6,4,19.09
Coquimbo,2023,7,4,19.76
Coquimbo,2023,8,4,18.57
Coquimbo,2023,9,4,18.0
Coquimbo,2023,10,4,18.83
Coquimbo,2023,11,4,19.37
Coquimbo,2023,12,4,18.31
Coquimbo,2023,13,4,17.69
Coquimbo,2023,14,4,16.66
Coquimbo,2023,15,4,16.16
Coquimbo,2023,16,4,15.8
Coquimbo,2023,17,4,15.3
Coquimbo,2023,18,4,13.63
Coquimbo,2023,19,4,13.84
Coquimbo,2023,20,4,14.87
Coquimbo,2023,21,4,14.77
Coquimbo,2023,22,4,14.91
Coquimbo,2023,23,4,13.43
Coquimbo,2023,24,4,12.51
Coquimbo,2023,25,4,15.7
Coquimbo,2023,26,4,14.87
Coquimbo,2023,27,4,12.29
Coquimbo,2023,28,4,13.09
Coquimbo,2023,29,4,13.91
Coquimbo,2023,30,4,12.93
Coquimbo,2023,31,4,12.86
Coquimbo,2023,32,4,13.31
Coquimbo,2023,33,4,15.43
Coquimbo,2023,34,4,15.67
Coquimbo,2023,35,4,14.67
Coquimbo,2023,36,4,15.77
Coquimbo,2023,37,4,15.54
Coquimbo,2023,38,4,14.89
Coquimbo,2023,39,4,13.91
Coquimbo,2023,40,4,14.57
Coquimbo,2023,41,4,15.06
Coquimbo,2023,42,4,14.87
Coquimbo,2023,43,4,14.86
Coquimbo,2023,44,4,15.96
Coquimbo,2023,45,4,16.43
Coquimbo,2023,46,4,15.74
Coquimbo,2023,47,4,16.13
Coquimbo,2023,48,4,16.83
Coquimbo,2023,49,4,16.63
Coquimbo,2023,50,4,17.23
Coquimbo,2023,51,4,16.84
Coquimbo,2023,52,4,17.8
Coquimbo,2024,1,4,18.31
Coquimbo,2024,2,4,18.96
Coquimbo,2024,3,4,18.44
Coquimbo,2024,4,4,18.4
Coquimbo,2024,5,4,18.63
Coquimbo,2024,6,4,20.24
Coquimbo,2024,7,4,19.13
Coquimbo,2024,8,4,19.53
Coquimbo,2024,9,4,19.13
Coquimbo,2024,10,4,18.63
Coquimbo,2024,11,4,18.1
Coquimbo,2024,12,4,17.7
Coquimbo,2024,13,4,17.11
Coquimbo,2024,14,4,17.09
Coquimbo,2024,15,4,14.99
Coquimbo,2024,16,4,16.49
Coquimbo,2024,17,4,15.91
Coquimbo,2024,18,4,13.74
Coquimbo,2024,19,4,12.51
Coquimbo,2024,20,4,11.76
Coquimbo,2024,21,4,13.34
Coquimbo,2024,22,4,13.4
Coquimbo,2024,23,4,12.44
Coquimbo,2024,24,4,12.7
Coquimbo,2024,25,4,11.81
Coquimbo,2024,26,4,11.76
Coquimbo,2024,27,4,12.49
Coquimbo,2024,28,4,8.8
Coquimbo,2024,29,4,10.69
Coquimbo,2024,30,4,12.43
Coquimbo,2024,31,4,11.3
Coquimbo,2024,32,4,12.19
Coquimbo,2024,33,4,12.51
Coquimbo,2024,34,4,10.91
Coquimbo,2024,35,4,12.36
Coquimbo,2024,36,4,13.61
Coquimbo,2024,37,4,13.79
Coquimbo,2024,38,4,13.77
Coquimbo,2024,39,4,13.79
Coquimbo,2024,40,4,14.77
Coquimbo,2024,41,4,15.01
Coquimbo,2024,42,4,14.83
Coquimbo,2024,43,4,15.11
Coquimbo,2024,44,4,15.14
Coquimbo,2024,45,4,16.9
Coquimbo,2024,46,4,16.9
Coquimbo,2024,47,4,16.44
Coquimbo,2024,48,4,17.37
Coquimbo,2024,49,4,16.74
Coquimbo,2024,50,4,16.71
Coquimbo,2024,51,4,17.19
Coquimbo,2024,52,4,17.3
Coquimbo,2025,1,4,18.3
Coquimbo,2025,2,4,18.71
Coquimbo,2025,3,4,19.74
Coquimbo,2025,4,4,18.86
Coquimbo,2025,5,4,18.36
Coquimbo,2025,6,4,19.13
Coquimbo,2025,7,4,19.26
Coquimbo,2025,8,4,17.91
Coquimbo,2025,9,4,18.59
Coquimbo,2025,10,4,18.94
Coquimbo,2025,11,4,17.51
Coquimbo,2025,12,4,17.3
Coquimbo,2025,13,4,17.14
Coquimbo,2025,14,4,16.2
Coquimbo,2025,15,4,15.77
Coquimbo,2025,16,4,14.97
Coquimbo,2025,17,4,15.89
Coquimbo,2025,18,4,14.11
Coquimbo,2025,19,4,14.63
Coquimbo,2025,20,4,13.09
Coquimbo,2025,21,4,14.66
Coquimbo,2025,22,4,13.31
Coquimbo,2025,23,4,11.89
Coquimbo,2025,24,4,12.51
Coquimbo,2025,25,4,10.87
Coquimbo,2025,26,4,11.56
Coquimbo,2025,27,4,13.33
Coquimbo,2025,28,4,10.83
Coquimbo,2025,29,4,11.04
Coquimbo,2025,30,4,11.2
Coquimbo,2025,31,4,13.1
Coquimbo,2025,32,4,12.76
Coquimbo,2025,33,4,12.83
Coquimbo,2025,34,4,11.54
Coquimbo,2025,35,4,12.24
Coquimbo,2025,36,4,11.9
Coquimbo,2025,37,4,14.13
Coquimbo,2025,38,4,13.6
Coquimbo,2025,39,4,15.09
Coquimbo,2025,40,4,13.77
Coquimbo,2025,41,4,14.27
Coquimbo,2025,42,4,13.99
Coquimbo,2025,43,4,15.01
Coquimbo,2025,44,4,15.24
Coquimbo,2025,45,4,15.63
Coquimbo,2025,46,4,16.24
Coquimbo,2025,47,4,16.13
Coquimbo,2025,48,4,16.76
Coquimbo,2025,49,4,18.17
Coquimbo,2025,50,4,18.59
Coquimbo,2025,51,4,18.53
Coquimbo,2025,52,4,18.76
Coquimbo,2026,1,4,18.16
Coquimbo,2026,2,4,19.37
Coquimbo,2026,3,4,19.51
Coquimbo,2026,4,4,19.24
Coquimbo,2026,5,4,20.16
Coquimbo,2026,6,4,21.21
Coquimbo,2026,7,4,20.07
Coquimbo,2026,8,4,19.44
Coquimbo,2026,9,4,18.67
Coquimbo,2026,10,4,18.81
Coquimbo,2026,11,4,19.23
Coquimbo,2026,12,4,18.17
Coquimbo,2026,13,4,16.86
Coquimbo,2026,14,4,16.01
Coquimbo,2026,15,4,14.7
Coquimbo,2026,16,4,15.29
Coquimbo,2026,17,4,15.09
Coquimbo,2026,18,4,13.94
Coquimbo,2026,19,4,13.83
Coquimbo,2026,20,4,11.73
Coquimbo,2026,21,4,10.37
Coquimbo,2026,22,4,12.89
Coquimbo,2026,23,4,12.79
Coquimbo,2026,24,4,12.2
Coquimbo,2026,25,4,10.9
La Araucanía,2014,1,10,15.16
La Araucanía,2014,2,10,17.04
La Araucanía,2014,3,10,20.39
La Araucanía,2014,4,10,15.6
La Araucanía,2014,5,10,15.87
La Araucanía,2014,6,10,15.09
La Araucanía,2014,7,10,18.84
La Araucanía,2014,8,10,16.37
La Araucanía,2014,9,10,17.77
La Araucanía,2014,10,10,14.33
La Araucanía,2014,11,10,14.89
La Araucanía,2014,12,10,13.66
La Araucanía,2014,13,10,14.36
La Araucanía,2014,14,10,12.29
La Araucanía,2014,15,10,10.76
La Araucanía,2014,16,10,10.71
La Araucanía,2014,17,10,11.71
La Araucanía,2014,18,10,9.96
La Araucanía,2014,19,10,11.76
La Araucanía,2014,20,10,10.8
La Araucanía,2014,21,10,9.01
La Araucanía,2014,22,10,10.61
La Araucanía,2014,23,10,7.6
La Araucanía,2014,24,10,8.11
La Araucanía,2014,25,10,8.49
La Araucanía,2014,26,10,6.13
La Araucanía,2014,27,10,6.6
La Araucanía,2014,28,10,7.44
La Araucanía,2014,29,10,8.93
La Araucanía,2014,30,10,7.29
La Araucanía,2014,31,10,10.99
La Araucanía,2014,32,10,7.24
La Araucanía,2014,33,10,7.94
La Araucanía,2014,34,10,10.29
La Araucanía,2014,35,10,9.63
La Araucanía,2014,36,10,10.69
La Araucanía,2014,37,10,8.06
La Araucanía,2014,38,10,10.04
La Araucanía,2014,39,10,9.09
La Araucanía,2014,40,10,11.57
La Araucanía,2014,41,10,8.9
La Araucanía,2014,42,10,11.41
La Araucanía,2014,43,10,14.06
La Araucanía,2014,44,10,10.51
La Araucanía,2014,45,10,11.44
La Araucanía,2014,46,10,13.59
La Araucanía,2014,47,10,12.49
La Araucanía,2014,48,10,12.53
La Araucanía,2014,49,10,15.54
La Araucanía,2014,50,10,14.96
La Araucanía,2014,51,10,13.53
La Araucanía,2014,52,10,15.9
La Araucanía,2015,1,10,16.26
La Araucanía,2015,2,10,17.11
La Araucanía,2015,3,10,18.44
La Araucanía,2015,4,10,19.83
La Araucanía,2015,5,10,17.77
La Araucanía,2015,6,10,17.64
La Araucanía,2015,7,10,16.77
La Araucanía,2015,8,10,16.57
La Araucanía,2015,9,10,19.24
La Araucanía,2015,10,10,17.06
La Araucanía,2015,11,10,16.69
La Araucanía,2015,12,10,17.59
La Araucanía,2015,13,10,18.49
La Araucanía,2015,14,10,14.8
La Araucanía,2015,15,10,15.63
La Araucanía,2015,16,10,12.1
La Araucanía,2015,17,10,10.69
La Araucanía,2015,18,10,10.77
La Araucanía,2015,19,10,10.94
La Araucanía,2015,20,10,12.97
La Araucanía,2015,21,10,10.99
La Araucanía,2015,22,10,8.74
La Araucanía,2015,23,10,12.16
La Araucanía,2015,24,10,7.63
La Araucanía,2015,25,10,6.61
La Araucanía,2015,26,10,8.26
La Araucanía,2015,27,10,6.8
La Araucanía,2015,28,10,8.01
La Araucanía,2015,29,10,6.3
La Araucanía,2015,30,10,9.01
La Araucanía,2015,31,10,9.74
La Araucanía,2015,32,10,9.26
La Araucanía,2015,33,10,5.8
La Araucanía,2015,34,10,9.33
La Araucanía,2015,35,10,11.17
La Araucanía,2015,36,10,9.77
La Araucanía,2015,37,10,6.66
La Araucanía,2015,38,10,6.56
La Araucanía,2015,39,10,10.11
La Araucanía,2015,40,10,11.76
La Araucanía,2015,41,10,9.46
La Araucanía,2015,42,10,9.96
La Araucanía,2015,43,10,11.79
La Araucanía,2015,44,10,10.96
La Araucanía,2015,45,10,13.84
La Araucanía,2015,46,10,13.24
La Araucanía,2015,47,10,10.77
La Araucanía,2015,48,10,13.46
La Araucanía,2015,49,10,16.87
La Araucanía,2015,50,10,14.27
La Araucanía,2015,51,10,13.06
La Araucanía,2015,52,10,14.26
La Araucanía,2015,53,10,18.59
La Araucanía,2016,1,10,19.56
La Araucanía,2016,2,10,18.24
La Araucanía,2016,3,10,19.94
La Araucanía,2016,4,10,18.19
La Araucanía,2016,5,10,18.71
La Araucanía,2016,6,10,18.07
La Araucanía,2016,7,10,16.6
La Araucanía,2016,8,10,16.37
La Araucanía,2016,9,10,17.64
La Araucanía,2016,10,10,17.76
La Araucanía,2016,11,10,14.96
La Araucanía,2016,12,10,16.53
La Araucanía,2016,13,10,13.74
La Araucanía,2016,14,10,11.6
La Araucanía,2016,15,10,12.73
La Araucanía,2016,16,10,9.96
La Araucanía,2016,17,10,10.84
La Araucanía,2016,18,10,12.4
La Araucanía,2016,19,10,12.74
La Araucanía,2016,20,10,10.47
La Araucanía,2016,21,10,11.41
La Araucanía,2016,22,10,7.83
La Araucanía,2016,23,10,8.26
La Araucanía,2016,24,10,7.67
La Araucanía,2016,25,10,6.69
La Araucanía,2016,26,10,5.8
La Araucanía,2016,27,10,7.9
La Araucanía,2016,28,10,7.56
La Araucanía,2016,29,10,8.51
La Araucanía,2016,30,10,8.27
La Araucanía,2016,31,10,9.33
La Araucanía,2016,32,10,8.81
La Araucanía,2016,33,10,8.7
La Araucanía,2016,34,10,8.66
La Araucanía,2016,35,10,7.81
La Araucanía,2016,36,10,10.69
La Araucanía,2016,37,10,10.16
La Araucanía,2016,38,10,12.2
La Araucanía,2016,39,10,12.29
La Araucanía,2016,40,10,9.9
La Araucanía,2016,41,10,10.91
La Araucanía,2016,42,10,11.87
La Araucanía,2016,43,10,13.91
La Araucanía,2016,44,10,12.53
La Araucanía,2016,45,10,11.84
La Araucanía,2016,46,10,13.73
La Araucanía,2016,47,10,16.9
La Araucanía,2016,48,10,17.29
La Araucanía,2016,49,10,15.57
La Araucanía,2016,50,10,15.71
La Araucanía,2016,51,10,14.94
La Araucanía,2016,52,10,16.83
La Araucanía,2017,1,10,15.76
La Araucanía,2017,2,10,15.33
La Araucanía,2017,3,10,17.97
La Araucanía,2017,4,10,19.89
La Araucanía,2017,5,10,15.61
La Araucanía,2017,6,10,16.0
La Araucanía,2017,7,10,17.04
La Araucanía,2017,8,10,19.84
La Araucanía,2017,9,10,14.9
La Araucanía,2017,10,10,13.49
La Araucanía,2017,11,10,14.53
La Araucanía,2017,12,10,15.17
La Araucanía,2017,13,10,13.83
La Araucanía,2017,14,10,11.6
La Araucanía,2017,15,10,14.07
La Araucanía,2017,16,10,12.51
La Araucanía,2017,17,10,11.4
La Araucanía,2017,18,10,12.6
La Araucanía,2017,19,10,12.1
La Araucanía,2017,20,10,8.19
La Araucanía,2017,21,10,4.99
La Araucanía,2017,22,10,7.21
La Araucanía,2017,23,10,7.54
La Araucanía,2017,24,10,5.76
La Araucanía,2017,25,10,7.69
La Araucanía,2017,26,10,10.31
La Araucanía,2017,27,10,8.16
La Araucanía,2017,28,10,3.86
La Araucanía,2017,29,10,6.6
La Araucanía,2017,30,10,6.49
La Araucanía,2017,31,10,5.36
La Araucanía,2017,32,10,8.03
La Araucanía,2017,33,10,7.79
La Araucanía,2017,34,10,7.26
La Araucanía,2017,35,10,7.0
La Araucanía,2017,36,10,6.03
La Araucanía,2017,37,10,7.49
La Araucanía,2017,38,10,8.99
La Araucanía,2017,39,10,8.99
La Araucanía,2017,40,10,9.41
La Araucanía,2017,41,10,9.74
La Araucanía,2017,42,10,9.76
La Araucanía,2017,43,10,9.83
La Araucanía,2017,44,10,10.51
La Araucanía,2017,45,10,12.64
La Araucanía,2017,46,10,11.01
La Araucanía,2017,47,10,11.09
La Araucanía,2017,48,10,13.86
La Araucanía,2017,49,10,14.7
La Araucanía,2017,50,10,14.81
La Araucanía,2017,51,10,13.04
La Araucanía,2017,52,10,16.01
La Araucanía,2018,1,10,15.1
La Araucanía,2018,2,10,17.16
La Araucanía,2018,3,10,17.57
La Araucanía,2018,4,10,14.87
La Araucanía,2018,5,10,17.4
La Araucanía,2018,6,10,15.46
La Araucanía,2018,7,10,17.67
La Araucanía,2018,8,10,16.39
La Araucanía,2018,9,10,15.94
La Araucanía,2018,10,10,15.39
La Araucanía,2018,11,10,12.07
La Araucanía,2018,12,10,11.89
La Araucanía,2018,13,10,12.94
La Araucanía,2018,14,10,11.33
La Araucanía,2018,15,10,10.84
La Araucanía,2018,16,10,11.96
La Araucanía,2018,17,10,8.23
La Araucanía,2018,18,10,11.29
La Araucanía,2018,19,10,11.56
La Araucanía,2018,20,10,9.19
La Araucanía,2018,21,10,7.71
La Araucanía,2018,22,10,5.7
La Araucanía,2018,23,10,5.83
La Araucanía,2018,24,10,5.83
La Araucanía,2018,25,10,6.51
La Araucanía,2018,26,10,9.54
La Araucanía,2018,27,10,9.19
La Araucanía,2018,28,10,8.31
La Araucanía,2018,29,10,4.01
La Araucanía,2018,30,10,4.36
La Araucanía,2018,31,10,5.87
La Araucanía,2018,32,10,8.44
La Araucanía,2018,33,10,6.64
La Araucanía,2018,34,10,7.2
La Araucanía,2018,35,10,8.64
La Araucanía,2018,36,10,7.6
La Araucanía,2018,37,10,8.11
La Araucanía,2018,38,10,10.23
La Araucanía,2018,39,10,8.87
La Araucanía,2018,40,10,9.1
La Araucanía,2018,41,10,8.09
La Araucanía,2018,42,10,9.99
La Araucanía,2018,43,10,11.81
La Araucanía,2018,44,10,11.13
La Araucanía,2018,45,10,12.57
La Araucanía,2018,46,10,11.54
La Araucanía,2018,47,10,12.0
La Araucanía,2018,48,10,12.97
La Araucanía,2018,49,10,16.87
La Araucanía,2018,50,10,12.67
La Araucanía,2018,51,10,14.19
La Araucanía,2018,52,10,14.43
La Araucanía,2019,1,10,14.47
La Araucanía,2019,2,10,13.21
La Araucanía,2019,3,10,16.53
La Araucanía,2019,4,10,14.8
La Araucanía,2019,5,10,18.41
La Araucanía,2019,6,10,16.9
La Araucanía,2019,7,10,19.1
La Araucanía,2019,8,10,15.71
La Araucanía,2019,9,10,13.59
La Araucanía,2019,10,10,15.76
La Araucanía,2019,11,10,14.13
La Araucanía,2019,12,10,12.0
La Araucanía,2019,13,10,14.5
La Araucanía,2019,14,10,12.36
La Araucanía,2019,15,10,12.27
La Araucanía,2019,16,10,11.29
La Araucanía,2019,17,10,11.17
La Araucanía,2019,18,10,11.83
La Araucanía,2019,19,10,10.39
La Araucanía,2019,20,10,9.84
La Araucanía,2019,21,10,6.76
La Araucanía,2019,22,10,10.31
La Araucanía,2019,23,10,10.64
La Araucanía,2019,24,10,7.06
La Araucanía,2019,25,10,8.57
La Araucanía,2019,26,10,6.39
La Araucanía,2019,27,10,7.07
La Araucanía,2019,28,10,9.4
La Araucanía,2019,29,10,7.44
La Araucanía,2019,30,10,5.79
La Araucanía,2019,31,10,7.64
La Araucanía,2019,32,10,5.83
La Araucanía,2019,33,10,8.41
La Araucanía,2019,34,10,9.34
La Araucanía,2019,35,10,8.06
La Araucanía,2019,36,10,7.84
La Araucanía,2019,37,10,8.03
La Araucanía,2019,38,10,6.84
La Araucanía,2019,39,10,11.61
La Araucanía,2019,40,10,7.11
La Araucanía,2019,41,10,10.53
La Araucanía,2019,42,10,11.76
La Araucanía,2019,43,10,10.57
La Araucanía,2019,44,10,10.26
La Araucanía,2019,45,10,11.87
La Araucanía,2019,46,10,14.23
La Araucanía,2019,47,10,14.5
La Araucanía,2019,48,10,11.77
La Araucanía,2019,49,10,13.51
La Araucanía,2019,50,10,13.63
La Araucanía,2019,51,10,14.77
La Araucanía,2019,52,10,15.31
La Araucanía,2020,1,10,16.7
La Araucanía,2020,2,10,14.59
La Araucanía,2020,3,10,15.79
La Araucanía,2020,4,10,17.97
La Araucanía,2020,5,10,16.37
La Araucanía,2020,6,10,15.06
La Araucanía,2020,7,10,16.06
La Araucanía,2020,8,10,17.21
La Araucanía,2020,9,10,16.87
La Araucanía,2020,10,10,16.59
La Araucanía,2020,11,10,15.79
La Araucanía,2020,12,10,14.6
La Araucanía,2020,13,10,15.37
La Araucanía,2020,14,10,12.31
La Araucanía,2020,15,10,11.63
La Araucanía,2020,16,10,13.96
La Araucanía,2020,17,10,12.54
La Araucanía,2020,18,10,11.44
La Araucanía,2020,19,10,11.16
La Araucanía,2020,20,10,11.33
La Araucanía,2020,21,10,9.54
La Araucanía,2020,22,10,7.17
La Araucanía,2020,23,10,7.04
La Araucanía,2020,24,10,7.5
La Araucanía,2020,25,10,9.19
La Araucanía,2020,26,10,7.34
La Araucanía,2020,27,10,8.0
La Araucanía,2020,28,10,6.13
La Araucanía,2020,29,10,8.43
La Araucanía,2020,30,10,7.16
La Araucanía,2020,31,10,6.9
La Araucanía,2020,32,10,7.9
La Araucanía,2020,33,10,5.86
La Araucanía,2020,34,10,6.46
La Araucanía,2020,35,10,7.46
La Araucanía,2020,36,10,7.93
La Araucanía,2020,37,10,8.09
La Araucanía,2020,38,10,8.54
La Araucanía,2020,39,10,8.74
La Araucanía,2020,40,10,7.43
La Araucanía,2020,41,10,8.86
La Araucanía,2020,42,10,11.27
La Araucanía,2020,43,10,9.43
La Araucanía,2020,44,10,11.61
La Araucanía,2020,45,10,11.79
La Araucanía,2020,46,10,11.96
La Araucanía,2020,47,10,13.21
La Araucanía,2020,48,10,11.79
La Araucanía,2020,49,10,12.93
La Araucanía,2020,50,10,12.79
La Araucanía,2020,51,10,12.11
La Araucanía,2020,52,10,15.4
La Araucanía,2020,53,10,14.89
La Araucanía,2021,1,10,14.69
La Araucanía,2021,2,10,13.4
La Araucanía,2021,3,10,17.84
La Araucanía,2021,4,10,14.66
La Araucanía,2021,5,10,18.06
La Araucanía,2021,6,10,17.26
La Araucanía,2021,7,10,12.96
La Araucanía,2021,8,10,15.24
La Araucanía,2021,9,10,16.83
La Araucanía,2021,10,10,14.94
La Araucanía,2021,11,10,14.57
La Araucanía,2021,12,10,12.46
La Araucanía,2021,13,10,13.29
La Araucanía,2021,14,10,12.16
La Araucanía,2021,15,10,13.31
La Araucanía,2021,16,10,11.66
La Araucanía,2021,17,10,11.77
La Araucanía,2021,18,10,9.61
La Araucanía,2021,19,10,8.47
La Araucanía,2021,20,10,9.51
La Araucanía,2021,21,10,10.74
La Araucanía,2021,22,10,10.14
La Araucanía,2021,23,10,10.11
La Araucanía,2021,24,10,6.5
La Araucanía,2021,25,10,7.04
La Araucanía,2021,26,10,6.01
La Araucanía,2021,27,10,7.47
La Araucanía,2021,28,10,5.19
La Araucanía,2021,29,10,7.89
La Araucanía,2021,30,10,4.99
La Araucanía,2021,31,10,7.93
La Araucanía,2021,32,10,5.94
La Araucanía,2021,33,10,8.6
La Araucanía,2021,34,10,7.33
La Araucanía,2021,35,10,9.89
La Araucanía,2021,36,10,8.56
La Araucanía,2021,37,10,7.84
La Araucanía,2021,38,10,9.79
La Araucanía,2021,39,10,8.0
La Araucanía,2021,40,10,9.56
La Araucanía,2021,41,10,9.1
La Araucanía,2021,42,10,10.59
La Araucanía,2021,43,10,12.33
La Araucanía,2021,44,10,11.64
La Araucanía,2021,45,10,12.24
La Araucanía,2021,46,10,12.74
La Araucanía,2021,47,10,13.49
La Araucanía,2021,48,10,14.0
La Araucanía,2021,49,10,16.59
La Araucanía,2021,50,10,15.14
La Araucanía,2021,51,10,16.71
La Araucanía,2021,52,10,15.84
La Araucanía,2022,1,10,16.21
La Araucanía,2022,2,10,16.46
La Araucanía,2022,3,10,13.99
La Araucanía,2022,4,10,16.97
La Araucanía,2022,5,10,17.09
La Araucanía,2022,6,10,17.89
La Araucanía,2022,7,10,15.94
La Araucanía,2022,8,10,16.49
La Araucanía,2022,9,10,14.23
La Araucanía,2022,10,10,13.97
La Araucanía,2022,11,10,13.37
La Araucanía,2022,12,10,11.87
La Araucanía,2022,13,10,10.23
La Araucanía,2022,14,10,11.39
La Araucanía,2022,15,10,10.04
La Araucanía,2022,16,10,10.76
La Araucanía,2022,17,10,7.23
La Araucanía,2022,18,10,10.0
La Araucanía,2022,19,10,8.93
La Araucanía,2022,20,10,9.56
La Araucanía,2022,21,10,3.93
La Araucanía,2022,22,10,4.87
La Araucanía,2022,23,10,7.54
La Araucanía,2022,24,10,7.63
La Araucanía,2022,25,10,6.9
La Araucanía,2022,26,10,7.59
La Araucanía,2022,27,10,6.86
La Araucanía,2022,28,10,4.81
La Araucanía,2022,29,10,7.77
La Araucanía,2022,30,10,7.89
La Araucanía,2022,31,10,6.8
La Araucanía,2022,32,10,7.24
La Araucanía,2022,33,10,6.91
La Araucanía,2022,34,10,6.77
La Araucanía,2022,35,10,7.9
La Araucanía,2022,36,10,7.6
La Araucanía,2022,37,10,8.34
La Araucanía,2022,38,10,7.66
La Araucanía,2022,39,10,10.54
La Araucanía,2022,40,10,9.33
La Araucanía,2022,41,10,8.73
La Araucanía,2022,42,10,10.96
La Araucanía,2022,43,10,10.96
La Araucanía,2022,44,10,13.1
La Araucanía,2022,45,10,13.43
La Araucanía,2022,46,10,13.67
La Araucanía,2022,47,10,15.36
La Araucanía,2022,48,10,13.89
La Araucanía,2022,49,10,16.16
La Araucanía,2022,50,10,15.33
La Araucanía,2022,51,10,16.87
La Araucanía,2022,52,10,15.94
La Araucanía,2023,1,10,16.8
La Araucanía,2023,2,10,14.9
La Araucanía,2023,3,10,16.79
La Araucanía,2023,4,10,15.89
La Araucanía,2023,5,10,18.83
La Araucanía,2023,6,10,17.96
La Araucanía,2023,7,10,15.37
La Araucanía,2023,8,10,15.46
La Araucanía,2023,9,10,15.86
La Araucanía,2023,10,10,16.46
La Araucanía,2023,11,10,14.37
La Araucanía,2023,12,10,11.83
La Araucanía,2023,13,10,11.41
La Araucanía,2023,14,10,11.76
La Araucanía,2023,15,10,13.27
La Araucanía,2023,16,10,10.8
La Araucanía,2023,17,10,11.97
La Araucanía,2023,18,10,8.56
La Araucanía,2023,19,10,10.91
La Araucanía,2023,20,10,10.07
La Araucanía,2023,21,10,7.73
La Araucanía,2023,22,10,8.99
La Araucanía,2023,23,10,8.24
La Araucanía,2023,24,10,5.1
La Araucanía,2023,25,10,10.41
La Araucanía,2023,26,10,9.5
La Araucanía,2023,27,10,7.46
La Araucanía,2023,28,10,5.01
La Araucanía,2023,29,10,8.4
La Araucanía,2023,30,10,9.49
La Araucanía,2023,31,10,7.21
La Araucanía,2023,32,10,8.29
La Araucanía,2023,33,10,9.81
La Araucanía,2023,34,10,6.51
La Araucanía,2023,35,10,6.97
La Araucanía,2023,36,10,9.24
La Araucanía,2023,37,10,8.37
La Araucanía,2023,38,10,8.01
La Araucanía,2023,39,10,8.9
La Araucanía,2023,40,10,8.61
La Araucanía,2023,41,10,8.23
La Araucanía,2023,42,10,11.03
La Araucanía,2023,43,10,9.51
La Araucanía,2023,44,10,9.63
La Araucanía,2023,45,10,10.03
La Araucanía,2023,46,10,9.41
La Araucanía,2023,47,10,12.07
La Araucanía,2023,48,10,11.83
La Araucanía,2023,49,10,13.01
La Araucanía,2023,50,10,12.29
La Araucanía,2023,51,10,14.19
La Araucanía,2023,52,10,17.06
La Araucanía,2024,1,10,16.31
La Araucanía,2024,2,10,14.33
La Araucanía,2024,3,10,16.19
La Araucanía,2024,4,10,18.29
La Araucanía,2024,5,10,18.46
La Araucanía,2024,6,10,17.59
La Araucanía,2024,7,10,18.07
La Araucanía,2024,8,10,16.51
La Araucanía,2024,9,10,15.71
La Araucanía,2024,10,10,14.04
La Araucanía,2024,11,10,13.56
La Araucanía,2024,12,10,13.87
La Araucanía,2024,13,10,13.49
La Araucanía,2024,14,10,11.71
La Araucanía,2024,15,10,12.41
La Araucanía,2024,16,10,11.94
La Araucanía,2024,17,10,9.61
La Araucanía,2024,18,10,6.77
La Araucanía,2024,19,10,6.73
La Araucanía,2024,20,10,5.66
La Araucanía,2024,21,10,6.34
La Araucanía,2024,22,10,8.61
La Araucanía,2024,23,10,11.26
La Araucanía,2024,24,10,10.43
La Araucanía,2024,25,10,7.39
La Araucanía,2024,26,10,5.13
La Araucanía,2024,27,10,4.77
La Araucanía,2024,28,10,3.67
La Araucanía,2024,29,10,5.57
La Araucanía,2024,30,10,6.34
La Araucanía,2024,31,10,8.17
La Araucanía,2024,32,10,6.3
La Araucanía,2024,33,10,6.26
La Araucanía,2024,34,10,5.84
La Araucanía,2024,35,10,7.96
La Araucanía,2024,36,10,7.39
La Araucanía,2024,37,10,6.83
La Araucanía,2024,38,10,8.86
La Araucanía,2024,39,10,8.4
La Araucanía,2024,40,10,8.49
La Araucanía,2024,41,10,10.67
La Araucanía,2024,42,10,11.43
La Araucanía,2024,43,10,11.56
La Araucanía,2024,44,10,11.87
La Araucanía,2024,45,10,11.67
La Araucanía,2024,46,10,11.87
La Araucanía,2024,47,10,14.29
La Araucanía,2024,48,10,12.17
La Araucanía,2024,49,10,12.11
La Araucanía,2024,50,10,14.16
La Araucanía,2024,51,10,15.4
La Araucanía,2024,52,10,17.63
La Araucanía,2025,1,10,16.76
La Araucanía,2025,2,10,17.43
La Araucanía,2025,3,10,15.57
La Araucanía,2025,4,10,16.47
La Araucanía,2025,5,10,16.21
La Araucanía,2025,6,10,17.57
La Araucanía,2025,7,10,14.73
La Araucanía,2025,8,10,16.63
La Araucanía,2025,9,10,16.8
La Araucanía,2025,10,10,15.43
La Araucanía,2025,11,10,13.93
La Araucanía,2025,12,10,14.63
La Araucanía,2025,13,10,14.83
La Araucanía,2025,14,10,12.03
La Araucanía,2025,15,10,12.04
La Araucanía,2025,16,10,10.43
La Araucanía,2025,17,10,12.16
La Araucanía,2025,18,10,9.49
La Araucanía,2025,19,10,10.37
La Araucanía,2025,20,10,10.17
La Araucanía,2025,21,10,7.94
La Araucanía,2025,22,10,6.29
La Araucanía,2025,23,10,7.86
La Araucanía,2025,24,10,7.59
La Araucanía,2025,25,10,6.76
La Araucanía,2025,26,10,4.24
La Araucanía,2025,27,10,5.36
La Araucanía,2025,28,10,6.4
La Araucanía,2025,29,10,6.76
La Araucanía,2025,30,10,7.11
La Araucanía,2025,31,10,10.06
La Araucanía,2025,32,10,9.0
La Araucanía,2025,33,10,10.51
La Araucanía,2025,34,10,7.77
La Araucanía,2025,35,10,9.51
La Araucanía,2025,36,10,8.67
La Araucanía,2025,37,10,9.61
La Araucanía,2025,38,10,10.37
La Araucanía,2025,39,10,10.84
La Araucanía,2025,40,10,9.44
La Araucanía,2025,41,10,10.37
La Araucanía,2025,42,10,10.84
La Araucanía,2025,43,10,10.39
La Araucanía,2025,44,10,12.1
La Araucanía,2025,45,10,12.73
La Araucanía,2025,46,10,12.31
La Araucanía,2025,47,10,14.09
La Araucanía,2025,48,10,15.9
La Araucanía,2025,49,10,15.64
La Araucanía,2025,50,10,15.39
La Araucanía,2025,51,10,14.71
La Araucanía,2025,52,10,14.87
La Araucanía,2026,1,10,18.3
La Araucanía,2026,2,10,17.5
La Araucanía,2026,3,10,16.19
La Araucanía,2026,4,10,16.59
La Araucanía,2026,5,10,19.17
La Araucanía,2026,6,10,15.2
La Araucanía,2026,7,10,14.47
La Araucanía,2026,8,10,16.59
La Araucanía,2026,9,10,16.26
La Araucanía,2026,10,10,15.0
La Araucanía,2026,11,10,15.43
La Araucanía,2026,12,10,11.71
La Araucanía,2026,13,10,11.46
La Araucanía,2026,14,10,12.97
La Araucanía,2026,15,10,11.97
La Araucanía,2026,16,10,11.57
La Araucanía,2026,17,10,8.79
La Araucanía,2026,18,10,8.8
La Araucanía,2026,19,10,9.37
La Araucanía,2026,20,10,7.5
La Araucanía,2026,21,10,7.64
La Araucanía,2026,22,10,10.26
La Araucanía,2026,23,10,10.26
La Araucanía,2026,24,10,7.34
La Araucanía,2026,25,10,4.87
Los Lagos,2014,1,12,13.0
Los Lagos,2014,2,12,14.41
Los Lagos,2014,3,12,17.69
Los Lagos,2014,4,12,13.43
Los Lagos,2014,5,12,15.09
Los Lagos,2014,6,12,13.71
Los Lagos,2014,7,12,16.63
Los Lagos,2014,8,12,13.66
Los Lagos,2014,9,12,16.01
Los Lagos,2014,10,12,13.63
Los Lagos,2014,11,12,12.69
Los Lagos,2014,12,12,12.2
Los Lagos,2014,13,12,11.83
Los Lagos,2014,14,12,13.1
Los Lagos,2014,15,12,11.01
Los Lagos,2014,16,12,10.7
Los Lagos,2014,17,12,11.16
Los Lagos,2014,18,12,10.0
Los Lagos,2014,19,12,11.09
Los Lagos,2014,20,12,9.46
Los Lagos,2014,21,12,9.14
Los Lagos,2014,22,12,10.51
Los Lagos,2014,23,12,7.01
Los Lagos,2014,24,12,7.97
Los Lagos,2014,25,12,8.39
Los Lagos,2014,26,12,7.44
Los Lagos,2014,27,12,7.1
Los Lagos,2014,28,12,7.46
Los Lagos,2014,29,12,8.51
Los Lagos,2014,30,12,6.63
Los Lagos,2014,31,12,9.19
Los Lagos,2014,32,12,7.21
Los Lagos,2014,33,12,7.76
Los Lagos,2014,34,12,10.07
Los Lagos,2014,35,12,9.87
Los Lagos,2014,36,12,10.43
Los Lagos,2014,37,12,7.54
Los Lagos,2014,38,12,9.81
Los Lagos,2014,39,12,8.09
Los Lagos,2014,40,12,10.84
Los Lagos,2014,41,12,9.11
Los Lagos,2014,42,12,10.71
Los Lagos,2014,43,12,12.31
Los Lagos,2014,44,12,9.74
Los Lagos,2014,45,12,11.39
Los Lagos,2014,46,12,11.86
Los Lagos,2014,47,12,12.01
Los Lagos,2014,48,12,11.53
Los Lagos,2014,49,12,14.01
Los Lagos,2014,50,12,12.7
Los Lagos,2014,51,12,12.23
Los Lagos,2014,52,12,15.1
Los Lagos,2015,1,12,13.96
Los Lagos,2015,2,12,14.17
Los Lagos,2015,3,12,15.29
Los Lagos,2015,4,12,18.63
Los Lagos,2015,5,12,16.7
Los Lagos,2015,6,12,16.56
Los Lagos,2015,7,12,13.97
Los Lagos,2015,8,12,13.89
Los Lagos,2015,9,12,17.21
Los Lagos,2015,10,12,15.69
Los Lagos,2015,11,12,14.67
Los Lagos,2015,12,12,13.01
Los Lagos,2015,13,12,16.7
Los Lagos,2015,14,12,13.2
Los Lagos,2015,15,12,14.93
Los Lagos,2015,16,12,11.61
Los Lagos,2015,17,12,10.73
Los Lagos,2015,18,12,11.09
Los Lagos,2015,19,12,11.23
Los Lagos,2015,20,12,13.14
Los Lagos,2015,21,12,10.61
Los Lagos,2015,22,12,10.04
Los Lagos,2015,23,12,11.17
Los Lagos,2015,24,12,7.14
Los Lagos,2015,25,12,7.09
Los Lagos,2015,26,12,7.94
Los Lagos,2015,27,12,7.03
Los Lagos,2015,28,12,6.93
Los Lagos,2015,29,12,5.7
Los Lagos,2015,30,12,9.31
Los Lagos,2015,31,12,8.9
Los Lagos,2015,32,12,7.81
Los Lagos,2015,33,12,6.21
Los Lagos,2015,34,12,8.23
Los Lagos,2015,35,12,9.67
Los Lagos,2015,36,12,8.07
Los Lagos,2015,37,12,6.4
Los Lagos,2015,38,12,6.5
Los Lagos,2015,39,12,10.07
Los Lagos,2015,40,12,10.83
Los Lagos,2015,41,12,8.91
Los Lagos,2015,42,12,9.13
Los Lagos,2015,43,12,11.13
Los Lagos,2015,44,12,9.89
Los Lagos,2015,45,12,12.63
Los Lagos,2015,46,12,12.16
Los Lagos,2015,47,12,10.07
Los Lagos,2015,48,12,12.47
Los Lagos,2015,49,12,15.24
Los Lagos,2015,50,12,12.64
Los Lagos,2015,51,12,12.21
Los Lagos,2015,52,12,13.83
Los Lagos,2015,53,12,16.41
Los Lagos,2016,1,12,16.8
Los Lagos,2016,2,12,16.19
Los Lagos,2016,3,12,17.31
Los Lagos,2016,4,12,16.17
Los Lagos,2016,5,12,17.23
Los Lagos,2016,6,12,15.79
Los Lagos,2016,7,12,15.43
Los Lagos,2016,8,12,14.2
Los Lagos,2016,9,12,14.43
Los Lagos,2016,10,12,14.83
Los Lagos,2016,11,12,13.13
Los Lagos,2016,12,12,15.13
Los Lagos,2016,13,12,13.5
Los Lagos,2016,14,12,11.54
Los Lagos,2016,15,12,11.74
Los Lagos,2016,16,12,10.04
Los Lagos,2016,17,12,11.49
Los Lagos,2016,18,12,12.89
Los Lagos,2016,19,12,13.01
Los Lagos,2016,20,12,10.96
Los Lagos,2016,21,12,10.64
Los Lagos,2016,22,12,8.7
Los Lagos,2016,23,12,8.33
Los Lagos,2016,24,12,8.46
Los Lagos,2016,25,12,8.29
Los Lagos,2016,26,12,6.97
Los Lagos,2016,27,12,9.17
Los Lagos,2016,28,12,7.49
Los Lagos,2016,29,12,7.36
Los Lagos,2016,30,12,8.47
Los Lagos,2016,31,12,9.16
Los Lagos,2016,32,12,8.93
Los Lagos,2016,33,12,7.64
Los Lagos,2016,34,12,9.06
Los Lagos,2016,35,12,7.99
Los Lagos,2016,36,12,9.8
Los Lagos,2016,37,12,9.54
Los Lagos,2016,38,12,10.74
Los Lagos,2016,39,12,11.41
Los Lagos,2016,40,12,9.4
Los Lagos,2016,41,12,9.59
Los Lagos,2016,42,12,12.73
Los Lagos,2016,43,12,12.9
Los Lagos,2016,44,12,11.77
Los Lagos,2016,45,12,10.7
Los Lagos,2016,46,12,11.46
Los Lagos,2016,47,12,15.59
Los Lagos,2016,48,12,14.87
Los Lagos,2016,49,12,13.79
Los Lagos,2016,50,12,14.17
Los Lagos,2016,51,12,14.2
Los Lagos,2016,52,12,15.29
Los Lagos,2017,1,12,13.69
Los Lagos,2017,2,12,13.69
Los Lagos,2017,3,12,15.19
Los Lagos,2017,4,12,16.67
Los Lagos,2017,5,12,14.93
Los Lagos,2017,6,12,14.96
Los Lagos,2017,7,12,15.36
Los Lagos,2017,8,12,17.37
Los Lagos,2017,9,12,14.01
Los Lagos,2017,10,12,12.9
Los Lagos,2017,11,12,13.23
Los Lagos,2017,12,12,13.81
Los Lagos,2017,13,12,13.36
Los Lagos,2017,14,12,11.97
Los Lagos,2017,15,12,12.49
Los Lagos,2017,16,12,12.43
Los Lagos,2017,17,12,12.39
Los Lagos,2017,18,12,12.9
Los Lagos,2017,19,12,11.67
Los Lagos,2017,20,12,9.61
Los Lagos,2017,21,12,6.2
Los Lagos,2017,22,12,7.97
Los Lagos,2017,23,12,8.59
Los Lagos,2017,24,12,6.46
Los Lagos,2017,25,12,7.84
Los Lagos,2017,26,12,9.46
Los Lagos,2017,27,12,7.4
Los Lagos,2017,28,12,5.34
Los Lagos,2017,29,12,8.73
Los Lagos,2017,30,12,7.84
Los Lagos,2017,31,12,7.5
Los Lagos,2017,32,12,8.59
Los Lagos,2017,33,12,7.96
Los Lagos,2017,34,12,7.41
Los Lagos,2017,35,12,7.31
Los Lagos,2017,36,12,6.6
Los Lagos,2017,37,12,7.51
Los Lagos,2017,38,12,9.29
Los Lagos,2017,39,12,9.23
Los Lagos,2017,40,12,8.83
Los Lagos,2017,41,12,9.49
Los Lagos,2017,42,12,9.34
Los Lagos,2017,43,12,9.8
Los Lagos,2017,44,12,11.33
Los Lagos,2017,45,12,12.29
Los Lagos,2017,46,12,10.81
Los Lagos,2017,47,12,11.04
Los Lagos,2017,48,12,12.36
Los Lagos,2017,49,12,13.23
Los Lagos,2017,50,12,13.8
Los Lagos,2017,51,12,12.73
Los Lagos,2017,52,12,14.64
Los Lagos,2018,1,12,14.07
Los Lagos,2018,2,12,14.46
Los Lagos,2018,3,12,14.93
Los Lagos,2018,4,12,13.9
Los Lagos,2018,5,12,14.89
Los Lagos,2018,6,12,14.23
Los Lagos,2018,7,12,16.23
Los Lagos,2018,8,12,14.83
Los Lagos,2018,9,12,14.79
Los Lagos,2018,10,12,14.34
Los Lagos,2018,11,12,12.24
Los Lagos,2018,12,12,11.71
Los Lagos,2018,13,12,12.51
Los Lagos,2018,14,12,11.49
Los Lagos,2018,15,12,11.64
Los Lagos,2018,16,12,12.4
Los Lagos,2018,17,12,9.76
Los Lagos,2018,18,12,10.04
Los Lagos,2018,19,12,11.21
Los Lagos,2018,20,12,9.66
Los Lagos,2018,21,12,9.86
Los Lagos,2018,22,12,7.09
Los Lagos,2018,23,12,6.94
Los Lagos,2018,24,12,8.0
Los Lagos,2018,25,12,7.47
Los Lagos,2018,26,12,7.53
Los Lagos,2018,27,12,7.63
Los Lagos,2018,28,12,8.6
Los Lagos,2018,29,12,5.44
Los Lagos,2018,30,12,5.91
Los Lagos,2018,31,12,7.27
Los Lagos,2018,32,12,8.59
Los Lagos,2018,33,12,7.39
Los Lagos,2018,34,12,7.53
Los Lagos,2018,35,12,8.44
Los Lagos,2018,36,12,8.44
Los Lagos,2018,37,12,9.24
Los Lagos,2018,38,12,9.64
Los Lagos,2018,39,12,8.37
Los Lagos,2018,40,12,8.3
Los Lagos,2018,41,12,8.66
Los Lagos,2018,42,12,10.17
Los Lagos,2018,43,12,11.94
Los Lagos,2018,44,12,10.66
Los Lagos,2018,45,12,11.63
Los Lagos,2018,46,12,11.29
Los Lagos,2018,47,12,12.36
Los Lagos,2018,48,12,11.8
Los Lagos,2018,49,12,14.51
Los Lagos,2018,50,12,12.94
Los Lagos,2018,51,12,12.99
Los Lagos,2018,52,12,13.84
Los Lagos,2019,1,12,12.73
Los Lagos,2019,2,12,11.41
Los Lagos,2019,3,12,13.26
Los Lagos,2019,4,12,13.1
Los Lagos,2019,5,12,15.23
Los Lagos,2019,6,12,16.07
Los Lagos,2019,7,12,14.89
Los Lagos,2019,8,12,13.11
Los Lagos,2019,9,12,13.11
Los Lagos,2019,10,12,13.36
Los Lagos,2019,11,12,13.2
Los Lagos,2019,12,12,11.96
Los Lagos,2019,13,12,13.14
Los Lagos,2019,14,12,12.21
Los Lagos,2019,15,12,11.57
Los Lagos,2019,16,12,9.97
Los Lagos,2019,17,12,10.81
Los Lagos,2019,18,12,11.14
Los Lagos,2019,19,12,10.69
Los Lagos,2019,20,12,9.97
Los Lagos,2019,21,12,8.14
Los Lagos,2019,22,12,9.81
Los Lagos,2019,23,12,10.4
Los Lagos,2019,24,12,6.5
Los Lagos,2019,25,12,9.5
Los Lagos,2019,26,12,6.34
Los Lagos,2019,27,12,7.34
Los Lagos,2019,28,12,9.99
Los Lagos,2019,29,12,7.99
Los Lagos,2019,30,12,6.59
Los Lagos,2019,31,12,7.9
Los Lagos,2019,32,12,6.79
Los Lagos,2019,33,12,8.23
Los Lagos,2019,34,12,9.06
Los Lagos,2019,35,12,8.19
Los Lagos,2019,36,12,8.0
Los Lagos,2019,37,12,8.1
Los Lagos,2019,38,12,7.51
Los Lagos,2019,39,12,10.36
Los Lagos,2019,40,12,7.77
Los Lagos,2019,41,12,10.19
Los Lagos,2019,42,12,11.1
Los Lagos,2019,43,12,10.53
Los Lagos,2019,44,12,10.13
Los Lagos,2019,45,12,10.54
Los Lagos,2019,46,12,13.4
Los Lagos,2019,47,12,13.17
Los Lagos,2019,48,12,11.21
Los Lagos,2019,49,12,12.64
Los Lagos,2019,50,12,13.31
Los Lagos,2019,51,12,13.93
Los Lagos,2019,52,12,13.76
Los Lagos,2020,1,12,14.73
Los Lagos,2020,2,12,13.27
Los Lagos,2020,3,12,13.4
Los Lagos,2020,4,12,15.13
Los Lagos,2020,5,12,15.63
Los Lagos,2020,6,12,13.66
Los Lagos,2020,7,12,14.76
Los Lagos,2020,8,12,15.09
Los Lagos,2020,9,12,14.09
Los Lagos,2020,10,12,14.43
Los Lagos,2020,11,12,14.57
Los Lagos,2020,12,12,14.84
Los Lagos,2020,13,12,13.83
Los Lagos,2020,14,12,12.2
Los Lagos,2020,15,12,11.44
Los Lagos,2020,16,12,13.53
Los Lagos,2020,17,12,12.19
Los Lagos,2020,18,12,12.57
Los Lagos,2020,19,12,10.7
Los Lagos,2020,20,12,11.73
Los Lagos,2020,21,12,9.86
Los Lagos,2020,22,12,7.61
Los Lagos,2020,23,12,8.76
Los Lagos,2020,24,12,8.83
Los Lagos,2020,25,12,9.46
Los Lagos,2020,26,12,7.01
Los Lagos,2020,27,12,7.77
Los Lagos,2020,28,12,6.09
Los Lagos,2020,29,12,8.4
Los Lagos,2020,30,12,7.43
Los Lagos,2020,31,12,7.7
Los Lagos,2020,32,12,8.14
Los Lagos,2020,33,12,6.5
Los Lagos,2020,34,12,6.54
Los Lagos,2020,35,12,7.46
Los Lagos,2020,36,12,7.84
Los Lagos,2020,37,12,8.59
Los Lagos,2020,38,12,8.14
Los Lagos,2020,39,12,8.8
Los Lagos,2020,40,12,8.03
Los Lagos,2020,41,12,9.5
Los Lagos,2020,42,12,10.13
Los Lagos,2020,43,12,9.57
Los Lagos,2020,44,12,9.71
Los Lagos,2020,45,12,11.27
Los Lagos,2020,46,12,11.74
Los Lagos,2020,47,12,13.01
Los Lagos,2020,48,12,11.67
Los Lagos,2020,49,12,11.67
Los Lagos,2020,50,12,12.47
Los Lagos,2020,51,12,12.03
Los Lagos,2020,52,12,15.17
Los Lagos,2020,53,12,14.61
Los Lagos,2021,1,12,13.51
Los Lagos,2021,2,12,13.01
Los Lagos,2021,3,12,16.37
Los Lagos,2021,4,12,13.94
Los Lagos,2021,5,12,15.39
Los Lagos,2021,6,12,16.61
Los Lagos,2021,7,12,13.31
Los Lagos,2021,8,12,13.87
Los Lagos,2021,9,12,15.4
Los Lagos,2021,10,12,14.13
Los Lagos,2021,11,12,13.66
Los Lagos,2021,12,12,12.44
Los Lagos,2021,13,12,12.96
Los Lagos,2021,14,12,13.36
Los Lagos,2021,15,12,13.43
Los Lagos,2021,16,12,10.91
Los Lagos,2021,17,12,12.76
Los Lagos,2021,18,12,8.91
Los Lagos,2021,19,12,9.51
Los Lagos,2021,20,12,10.77
Los Lagos,2021,21,12,10.11
Los Lagos,2021,22,12,9.86
Los Lagos,2021,23,12,10.11
Los Lagos,2021,24,12,6.01
Los Lagos,2021,25,12,7.17
Los Lagos,2021,26,12,7.26
Los Lagos,2021,27,12,8.86
Los Lagos,2021,28,12,6.63
Los Lagos,2021,29,12,8.66
Los Lagos,2021,30,12,6.63
Los Lagos,2021,31,12,8.24
Los Lagos,2021,32,12,7.24
Los Lagos,2021,33,12,7.9
Los Lagos,2021,34,12,7.7
Los Lagos,2021,35,12,10.01
Los Lagos,2021,36,12,9.41
Los Lagos,2021,37,12,8.81
Los Lagos,2021,38,12,9.54
Los Lagos,2021,39,12,8.19
Los Lagos,2021,40,12,9.13
Los Lagos,2021,41,12,9.51
Los Lagos,2021,42,12,10.77
Los Lagos,2021,43,12,12.23
Los Lagos,2021,44,12,11.39
Los Lagos,2021,45,12,11.64
Los Lagos,2021,46,12,11.74
Los Lagos,2021,47,12,12.73
Los Lagos,2021,48,12,12.36
Los Lagos,2021,49,12,13.44
Los Lagos,2021,50,12,13.36
Los Lagos,2021,51,12,14.64
Los Lagos,2021,52,12,14.96
Los Lagos,2022,1,12,15.07
Los Lagos,2022,2,12,15.1
Los Lagos,2022,3,12,14.19
Los Lagos,2022,4,12,15.16
Los Lagos,2022,5,12,14.99
Los Lagos,2022,6,12,14.53
Los Lagos,2022,7,12,14.86
Los Lagos,2022,8,12,16.16
Los Lagos,2022,9,12,13.84
Los Lagos,2022,10,12,12.87
Los Lagos,2022,11,12,12.53
Los Lagos,2022,12,12,12.0
Los Lagos,2022,13,12,10.5
Los Lagos,2022,14,12,11.71
Los Lagos,2022,15,12,10.39
Los Lagos,2022,16,12,10.81
Los Lagos,2022,17,12,7.94
Los Lagos,2022,18,12,12.14
Los Lagos,2022,19,12,8.74
Los Lagos,2022,20,12,9.86
Los Lagos,2022,21,12,6.17
Los Lagos,2022,22,12,5.69
Los Lagos,2022,23,12,7.4
Los Lagos,2022,24,12,7.76
Los Lagos,2022,25,12,4.66
Los Lagos,2022,26,12,7.23
Los Lagos,2022,27,12,7.14
Los Lagos,2022,28,12,5.0
Los Lagos,2022,29,12,7.23
Los Lagos,2022,30,12,7.63
Los Lagos,2022,31,12,6.21
Los Lagos,2022,32,12,7.03
Los Lagos,2022,33,12,6.99
Los Lagos,2022,34,12,6.74
Los Lagos,2022,35,12,7.0
Los Lagos,2022,36,12,8.01
Los Lagos,2022,37,12,8.9
Los Lagos,2022,38,12,7.59
Los Lagos,2022,39,12,9.16
Los Lagos,2022,40,12,9.4
Los Lagos,2022,41,12,8.79
Los Lagos,2022,42,12,10.76
Los Lagos,2022,43,12,10.63
Los Lagos,2022,44,12,11.73
Los Lagos,2022,45,12,13.13
Los Lagos,2022,46,12,13.13
Los Lagos,2022,47,12,12.94
Los Lagos,2022,48,12,13.19
Los Lagos,2022,49,12,14.84
Los Lagos,2022,50,12,13.87
Los Lagos,2022,51,12,14.84
Los Lagos,2022,52,12,13.76
Los Lagos,2023,1,12,14.77
Los Lagos,2023,2,12,13.29
Los Lagos,2023,3,12,15.17
Los Lagos,2023,4,12,15.16
Los Lagos,2023,5,12,15.1
Los Lagos,2023,6,12,16.19
Los Lagos,2023,7,12,13.2
Los Lagos,2023,8,12,13.81
Los Lagos,2023,9,12,15.3
Los Lagos,2023,10,12,14.89
Los Lagos,2023,11,12,12.37
Los Lagos,2023,12,12,10.96
Los Lagos,2023,13,12,10.73
Los Lagos,2023,14,12,11.43
Los Lagos,2023,15,12,11.99
Los Lagos,2023,16,12,10.71
Los Lagos,2023,17,12,11.24
Los Lagos,2023,18,12,9.6
Los Lagos,2023,19,12,11.79
Los Lagos,2023,20,12,9.8
Los Lagos,2023,21,12,7.39
Los Lagos,2023,22,12,9.63
Los Lagos,2023,23,12,8.19
Los Lagos,2023,24,12,6.43
Los Lagos,2023,25,12,9.73
Los Lagos,2023,26,12,8.93
Los Lagos,2023,27,12,7.46
Los Lagos,2023,28,12,5.76
Los Lagos,2023,29,12,7.1
Los Lagos,2023,30,12,9.73
Los Lagos,2023,31,12,7.21
Los Lagos,2023,32,12,7.81
Los Lagos,2023,33,12,8.54
Los Lagos,2023,34,12,6.13
Los Lagos,2023,35,12,6.71
Los Lagos,2023,36,12,8.84
Los Lagos,2023,37,12,8.27
Los Lagos,2023,38,12,6.76
Los Lagos,2023,39,12,8.24
Los Lagos,2023,40,12,8.59
Los Lagos,2023,41,12,9.16
Los Lagos,2023,42,12,10.71
Los Lagos,2023,43,12,10.14
Los Lagos,2023,44,12,9.89
Los Lagos,2023,45,12,9.96
Los Lagos,2023,46,12,9.26
Los Lagos,2023,47,12,10.61
Los Lagos,2023,48,12,11.57
Los Lagos,2023,49,12,12.04
Los Lagos,2023,50,12,12.06
Los Lagos,2023,51,12,13.71
Los Lagos,2023,52,12,14.5
Los Lagos,2024,1,12,15.66
Los Lagos,2024,2,12,13.64
Los Lagos,2024,3,12,14.61
Los Lagos,2024,4,12,16.74
Los Lagos,2024,5,12,17.21
Los Lagos,2024,6,12,15.93
Los Lagos,2024,7,12,15.1
Los Lagos,2024,8,12,14.61
Los Lagos,2024,9,12,13.91
Los Lagos,2024,10,12,13.67
Los Lagos,2024,11,12,13.03
Los Lagos,2024,12,12,12.51
Los Lagos,2024,13,12,12.6
Los Lagos,2024,14,12,12.04
Los Lagos,2024,15,12,11.36
Los Lagos,2024,16,12,11.54
Los Lagos,2024,17,12,9.49
Los Lagos,2024,18,12,7.04
Los Lagos,2024,19,12,7.31
Los Lagos,2024,20,12,6.24
Los Lagos,2024,21,12,7.04
Los Lagos,2024,22,12,7.89
Los Lagos,2024,23,12,11.16
Los Lagos,2024,24,12,10.49
Los Lagos,2024,25,12,7.03
Los Lagos,2024,26,12,6.41
Los Lagos,2024,27,12,5.04
Los Lagos,2024,28,12,5.44
Los Lagos,2024,29,12,6.26
Los Lagos,2024,30,12,6.54
Los Lagos,2024,31,12,8.21
Los Lagos,2024,32,12,6.83
Los Lagos,2024,33,12,7.3
Los Lagos,2024,34,12,6.26
Los Lagos,2024,35,12,7.89
Los Lagos,2024,36,12,7.81
Los Lagos,2024,37,12,7.66
Los Lagos,2024,38,12,8.27
Los Lagos,2024,39,12,7.69
Los Lagos,2024,40,12,7.64
Los Lagos,2024,41,12,9.47
Los Lagos,2024,42,12,10.97
Los Lagos,2024,43,12,10.84
Los Lagos,2024,44,12,11.41
Los Lagos,2024,45,12,11.24
Los Lagos,2024,46,12,11.57
Los Lagos,2024,47,12,12.7
Los Lagos,2024,48,12,11.41
Los Lagos,2024,49,12,11.49
Los Lagos,2024,50,12,12.74
Los Lagos,2024,51,12,13.34
Los Lagos,2024,52,12,14.49
Los Lagos,2025,1,12,14.46
Los Lagos,2025,2,12,15.37
Los Lagos,2025,3,12,14.17
Los Lagos,2025,4,12,15.3
Los Lagos,2025,5,12,14.84
Los Lagos,2025,6,12,14.96
Los Lagos,2025,7,12,13.57
Los Lagos,2025,8,12,14.99
Los Lagos,2025,9,12,14.24
Los Lagos,2025,10,12,14.1
Los Lagos,2025,11,12,12.21
Los Lagos,2025,12,12,13.69
Los Lagos,2025,13,12,13.7
Los Lagos,2025,14,12,10.61
Los Lagos,2025,15,12,12.14
Los Lagos,2025,16,12,10.81
Los Lagos,2025,17,12,11.44
Los Lagos,2025,18,12,9.81
Los Lagos,2025,19,12,10.67
Los Lagos,2025,20,12,10.84
Los Lagos,2025,21,12,8.89
Los Lagos,2025,22,12,7.53
Los Lagos,2025,23,12,8.14
Los Lagos,2025,24,12,8.5
Los Lagos,2025,25,12,7.97
Los Lagos,2025,26,12,4.81
Los Lagos,2025,27,12,7.23
Los Lagos,2025,28,12,8.66
Los Lagos,2025,29,12,8.81
Los Lagos,2025,30,12,6.96
Los Lagos,2025,31,12,9.69
Los Lagos,2025,32,12,8.19
Los Lagos,2025,33,12,9.73
Los Lagos,2025,34,12,7.49
Los Lagos,2025,35,12,10.16
Los Lagos,2025,36,12,7.93
Los Lagos,2025,37,12,10.0
Los Lagos,2025,38,12,10.87
Los Lagos,2025,39,12,10.64
Los Lagos,2025,40,12,9.83
Los Lagos,2025,41,12,11.07
Los Lagos,2025,42,12,10.5
Los Lagos,2025,43,12,10.09
Los Lagos,2025,44,12,11.94
Los Lagos,2025,45,12,12.56
Los Lagos,2025,46,12,12.49
Los Lagos,2025,47,12,13.11
Los Lagos,2025,48,12,15.04
Los Lagos,2025,49,12,14.33
Los Lagos,2025,50,12,13.64
Los Lagos,2025,51,12,13.96
Los Lagos,2025,52,12,13.8
Los Lagos,2026,1,12,16.17
Los Lagos,2026,2,12,16.14
Los Lagos,2026,3,12,14.2
Los Lagos,2026,4,12,15.56
Los Lagos,2026,5,12,17.86
Los Lagos,2026,6,12,14.7
Los Lagos,2026,7,12,13.14
Los Lagos,2026,8,12,14.5
Los Lagos,2026,9,12,14.9
Los Lagos,2026,10,12,13.49
Los Lagos,2026,11,12,14.16
Los Lagos,2026,12,12,11.07
Los Lagos,2026,13,12,11.56
Los Lagos,2026,14,12,12.47
Los Lagos,2026,15,12,11.44
Los Lagos,2026,16,12,10.59
Los Lagos,2026,17,12,9.19
Los Lagos,2026,18,12,9.29
Los Lagos,2026,19,12,8.69
Los Lagos,2026,20,12,8.43
Los Lagos,2026,21,12,9.3
Los Lagos,2026,22,12,10.87
Los Lagos,2026,23,12,10.46
Los Lagos,2026,24,12,8.14
Los Lagos,2026,25,12,5.73
Los Ríos,2014,1,11,15.2
Los Ríos,2014,2,11,16.99
Los Ríos,2014,3,11,19.9
Los Ríos,2014,4,11,15.11
Los Ríos,2014,5,11,16.27
Los Ríos,2014,6,11,15.13
Los Ríos,2014,7,11,19.11
Los Ríos,2014,8,11,16.7
Los Ríos,2014,9,11,17.93
Los Ríos,2014,10,11,14.56
Los Ríos,2014,11,11,14.31
Los Ríos,2014,12,11,14.14
Los Ríos,2014,13,11,13.31
Los Ríos,2014,14,11,12.97
Los Ríos,2014,15,11,11.59
Los Ríos,2014,16,11,11.59
Los Ríos,2014,17,11,11.87
Los Ríos,2014,18,11,10.26
Los Ríos,2014,19,11,11.41
Los Ríos,2014,20,11,10.8
Los Ríos,2014,21,11,9.63
Los Ríos,2014,22,11,11.11
Los Ríos,2014,23,11,8.6
Los Ríos,2014,24,11,8.79
Los Ríos,2014,25,11,8.69
Los Ríos,2014,26,11,7.29
Los Ríos,2014,27,11,7.59
Los Ríos,2014,28,11,7.79
Los Ríos,2014,29,11,9.19
Los Ríos,2014,30,11,8.09
Los Ríos,2014,31,11,10.59
Los Ríos,2014,32,11,8.3
Los Ríos,2014,33,11,8.11
Los Ríos,2014,34,11,9.94
Los Ríos,2014,35,11,9.89
Los Ríos,2014,36,11,10.76
Los Ríos,2014,37,11,8.51
Los Ríos,2014,38,11,9.87
Los Ríos,2014,39,11,9.27
Los Ríos,2014,40,11,11.7
Los Ríos,2014,41,11,9.93
Los Ríos,2014,42,11,11.27
Los Ríos,2014,43,11,13.49
Los Ríos,2014,44,11,10.71
Los Ríos,2014,45,11,12.21
Los Ríos,2014,46,11,13.67
Los Ríos,2014,47,11,12.59
Los Ríos,2014,48,11,12.71
Los Ríos,2014,49,11,15.26
Los Ríos,2014,50,11,14.89
Los Ríos,2014,51,11,13.9
Los Ríos,2014,52,11,15.66
Los Ríos,2015,1,11,16.34
Los Ríos,2015,2,11,16.96
Los Ríos,2015,3,11,18.2
Los Ríos,2015,4,11,19.4
Los Ríos,2015,5,11,18.01
Los Ríos,2015,6,11,17.59
Los Ríos,2015,7,11,16.61
Los Ríos,2015,8,11,16.49
Los Ríos,2015,9,11,18.8
Los Ríos,2015,10,11,16.06
Los Ríos,2015,11,11,16.53
Los Ríos,2015,12,11,15.4
Los Ríos,2015,13,11,17.71
Los Ríos,2015,14,11,14.63
Los Ríos,2015,15,11,15.13
Los Ríos,2015,16,11,12.27
Los Ríos,2015,17,11,11.23
Los Ríos,2015,18,11,11.46
Los Ríos,2015,19,11,10.9
Los Ríos,2015,20,11,13.16
Los Ríos,2015,21,11,11.54
Los Ríos,2015,22,11,9.67
Los Ríos,2015,23,11,12.53
Los Ríos,2015,24,11,8.46
Los Ríos,2015,25,11,7.37
Los Ríos,2015,26,11,8.16
Los Ríos,2015,27,11,7.4
Los Ríos,2015,28,11,8.36
Los Ríos,2015,29,11,7.43
Los Ríos,2015,30,11,9.74
Los Ríos,2015,31,11,10.03
Los Ríos,2015,32,11,8.97
Los Ríos,2015,33,11,6.94
Los Ríos,2015,34,11,9.37
Los Ríos,2015,35,11,11.13
Los Ríos,2015,36,11,9.41
Los Ríos,2015,37,11,8.01
Los Ríos,2015,38,11,7.44
Los Ríos,2015,39,11,10.19
Los Ríos,2015,40,11,11.6
Los Ríos,2015,41,11,9.99
Los Ríos,2015,42,11,10.44
Los Ríos,2015,43,11,11.84
Los Ríos,2015,44,11,11.23
Los Ríos,2015,45,11,13.86
Los Ríos,2015,46,11,13.0
Los Ríos,2015,47,11,11.36
Los Ríos,2015,48,11,13.4
Los Ríos,2015,49,11,16.76
Los Ríos,2015,50,11,14.1
Los Ríos,2015,51,11,13.73
Los Ríos,2015,52,11,13.87
Los Ríos,2015,53,11,18.3
Los Ríos,2016,1,11,18.87
Los Ríos,2016,2,11,17.86
Los Ríos,2016,3,11,19.89
Los Ríos,2016,4,11,18.06
Los Ríos,2016,5,11,18.9
Los Ríos,2016,6,11,17.43
Los Ríos,2016,7,11,16.43
Los Ríos,2016,8,11,15.87
Los Ríos,2016,9,11,17.6
Los Ríos,2016,10,11,17.39
Los Ríos,2016,11,11,14.91
Los Ríos,2016,12,11,15.81
Los Ríos,2016,13,11,13.4
Los Ríos,2016,14,11,11.79
Los Ríos,2016,15,11,12.37
Los Ríos,2016,16,11,10.63
Los Ríos,2016,17,11,11.01
Los Ríos,2016,18,11,12.89
Los Ríos,2016,19,11,12.36
Los Ríos,2016,20,11,10.14
Los Ríos,2016,21,11,11.27
Los Ríos,2016,22,11,8.4
Los Ríos,2016,23,11,8.6
Los Ríos,2016,24,11,8.19
Los Ríos,2016,25,11,7.8
Los Ríos,2016,26,11,6.03
Los Ríos,2016,27,11,8.63
Los Ríos,2016,28,11,7.89
Los Ríos,2016,29,11,7.66
Los Ríos,2016,30,11,8.53
Los Ríos,2016,31,11,9.56
Los Ríos,2016,32,11,9.19
Los Ríos,2016,33,11,8.93
Los Ríos,2016,34,11,9.14
Los Ríos,2016,35,11,8.93
Los Ríos,2016,36,11,10.3
Los Ríos,2016,37,11,10.44
Los Ríos,2016,38,11,11.51
Los Ríos,2016,39,11,11.89
Los Ríos,2016,40,11,10.13
Los Ríos,2016,41,11,10.31
Los Ríos,2016,42,11,12.59
Los Ríos,2016,43,11,14.14
Los Ríos,2016,44,11,12.34
Los Ríos,2016,45,11,11.9
Los Ríos,2016,46,11,13.4
Los Ríos,2016,47,11,16.01
Los Ríos,2016,48,11,16.46
Los Ríos,2016,49,11,15.2
Los Ríos,2016,50,11,15.19
Los Ríos,2016,51,11,14.26
Los Ríos,2016,52,11,16.37
Los Ríos,2017,1,11,14.83
Los Ríos,2017,2,11,14.91
Los Ríos,2017,3,11,17.19
Los Ríos,2017,4,11,20.17
Los Ríos,2017,5,11,16.33
Los Ríos,2017,6,11,17.11
Los Ríos,2017,7,11,16.71
Los Ríos,2017,8,11,19.64
Los Ríos,2017,9,11,14.39
Los Ríos,2017,10,11,13.26
Los Ríos,2017,11,11,14.63
Los Ríos,2017,12,11,15.26
Los Ríos,2017,13,11,13.61
Los Ríos,2017,14,11,12.29
Los Ríos,2017,15,11,13.59
Los Ríos,2017,16,11,13.01
Los Ríos,2017,17,11,12.31
Los Ríos,2017,18,11,12.76
Los Ríos,2017,19,11,11.77
Los Ríos,2017,20,11,8.87
Los Ríos,2017,21,11,5.53
Los Ríos,2017,22,11,7.39
Los Ríos,2017,23,11,8.54
Los Ríos,2017,24,11,6.67
Los Ríos,2017,25,11,7.43
Los Ríos,2017,26,11,9.71
Los Ríos,2017,27,11,7.41
Los Ríos,2017,28,11,4.61
Los Ríos,2017,29,11,8.11
Los Ríos,2017,30,11,7.57
Los Ríos,2017,31,11,6.64
Los Ríos,2017,32,11,8.14
Los Ríos,2017,33,11,8.06
Los Ríos,2017,34,11,7.47
Los Ríos,2017,35,11,7.1
Los Ríos,2017,36,11,6.07
Los Ríos,2017,37,11,7.8
Los Ríos,2017,38,11,8.77
Los Ríos,2017,39,11,9.16
Los Ríos,2017,40,11,9.41
Los Ríos,2017,41,11,10.54
Los Ríos,2017,42,11,9.71
Los Ríos,2017,43,11,9.9
Los Ríos,2017,44,11,10.53
Los Ríos,2017,45,11,12.37
Los Ríos,2017,46,11,11.13
Los Ríos,2017,47,11,12.34
Los Ríos,2017,48,11,14.64
Los Ríos,2017,49,11,16.14
Los Ríos,2017,50,11,14.04
Los Ríos,2017,51,11,13.76
Los Ríos,2017,52,11,14.86
Los Ríos,2018,1,11,14.46
Los Ríos,2018,2,11,16.94
Los Ríos,2018,3,11,18.17
Los Ríos,2018,4,11,15.99
Los Ríos,2018,5,11,18.67
Los Ríos,2018,6,11,16.23
Los Ríos,2018,7,11,17.74
Los Ríos,2018,8,11,16.43
Los Ríos,2018,9,11,16.9
Los Ríos,2018,10,11,15.57
Los Ríos,2018,11,11,12.49
Los Ríos,2018,12,11,12.36
Los Ríos,2018,13,11,12.96
Los Ríos,2018,14,11,11.67
Los Ríos,2018,15,11,10.81
Los Ríos,2018,16,11,12.03
Los Ríos,2018,17,11,9.26
Los Ríos,2018,18,11,10.73
Los Ríos,2018,19,11,11.86
Los Ríos,2018,20,11,9.29
Los Ríos,2018,21,11,8.73
Los Ríos,2018,22,11,6.74
Los Ríos,2018,23,11,6.21
Los Ríos,2018,24,11,6.27
Los Ríos,2018,25,11,7.43
Los Ríos,2018,26,11,8.06
Los Ríos,2018,27,11,7.91
Los Ríos,2018,28,11,8.61
Los Ríos,2018,29,11,5.01
Los Ríos,2018,30,11,4.69
Los Ríos,2018,31,11,6.67
Los Ríos,2018,32,11,8.53
Los Ríos,2018,33,11,7.0
Los Ríos,2018,34,11,7.31
Los Ríos,2018,35,11,8.47
Los Ríos,2018,36,11,8.39
Los Ríos,2018,37,11,9.04
Los Ríos,2018,38,11,10.14
Los Ríos,2018,39,11,8.79
Los Ríos,2018,40,11,9.11
Los Ríos,2018,41,11,8.66
Los Ríos,2018,42,11,10.31
Los Ríos,2018,43,11,11.54
Los Ríos,2018,44,11,10.97
Los Ríos,2018,45,11,12.16
Los Ríos,2018,46,11,11.44
Los Ríos,2018,47,11,12.77
Los Ríos,2018,48,11,13.83
Los Ríos,2018,49,11,16.87
Los Ríos,2018,50,11,12.84
Los Ríos,2018,51,11,15.0
Los Ríos,2018,52,11,14.93
Los Ríos,2019,1,11,14.44
Los Ríos,2019,2,11,13.04
Los Ríos,2019,3,11,15.73
Los Ríos,2019,4,11,15.3
Los Ríos,2019,5,11,18.24
Los Ríos,2019,6,11,17.09
Los Ríos,2019,7,11,18.26
Los Ríos,2019,8,11,14.36
Los Ríos,2019,9,11,14.3
Los Ríos,2019,10,11,14.96
Los Ríos,2019,11,11,15.09
Los Ríos,2019,12,11,12.7
Los Ríos,2019,13,11,14.24
Los Ríos,2019,14,11,12.5
Los Ríos,2019,15,11,11.87
Los Ríos,2019,16,11,10.61
Los Ríos,2019,17,11,11.26
Los Ríos,2019,18,11,11.84
Los Ríos,2019,19,11,10.73
Los Ríos,2019,20,11,9.6
Los Ríos,2019,21,11,7.51
Los Ríos,2019,22,11,10.14
Los Ríos,2019,23,11,10.84
Los Ríos,2019,24,11,6.31
Los Ríos,2019,25,11,9.06
Los Ríos,2019,26,11,6.83
Los Ríos,2019,27,11,7.29
Los Ríos,2019,28,11,9.49
Los Ríos,2019,29,11,8.11
Los Ríos,2019,30,11,5.94
Los Ríos,2019,31,11,7.74
Los Ríos,2019,32,11,6.6
Los Ríos,2019,33,11,8.06
Los Ríos,2019,34,11,8.79
Los Ríos,2019,35,11,8.14
Los Ríos,2019,36,11,7.37
Los Ríos,2019,37,11,8.1
Los Ríos,2019,38,11,7.64
Los Ríos,2019,39,11,12.1
Los Ríos,2019,40,11,8.07
Los Ríos,2019,41,11,10.09
Los Ríos,2019,42,11,11.21
Los Ríos,2019,43,11,10.36
Los Ríos,2019,44,11,10.14
Los Ríos,2019,45,11,12.66
Los Ríos,2019,46,11,13.51
Los Ríos,2019,47,11,13.83
Los Ríos,2019,48,11,12.16
Los Ríos,2019,49,11,14.97
Los Ríos,2019,50,11,13.83
Los Ríos,2019,51,11,14.66
Los Ríos,2019,52,11,15.06
Los Ríos,2020,1,11,17.94
Los Ríos,2020,2,11,14.74
Los Ríos,2020,3,11,16.41
Los Ríos,2020,4,11,19.2
Los Ríos,2020,5,11,16.63
Los Ríos,2020,6,11,15.61
Los Ríos,2020,7,11,16.3
Los Ríos,2020,8,11,16.76
Los Ríos,2020,9,11,17.16
Los Ríos,2020,10,11,17.03
Los Ríos,2020,11,11,15.34
Los Ríos,2020,12,11,15.01
Los Ríos,2020,13,11,15.16
Los Ríos,2020,14,11,12.96
Los Ríos,2020,15,11,11.71
Los Ríos,2020,16,11,12.73
Los Ríos,2020,17,11,11.99
Los Ríos,2020,18,11,11.84
Los Ríos,2020,19,11,11.8
Los Ríos,2020,20,11,11.26
Los Ríos,2020,21,11,9.8
Los Ríos,2020,22,11,8.01
Los Ríos,2020,23,11,7.8
Los Ríos,2020,24,11,8.57
Los Ríos,2020,25,11,9.19
Los Ríos,2020,26,11,7.19
Los Ríos,2020,27,11,7.69
Los Ríos,2020,28,11,6.54
Los Ríos,2020,29,11,7.9
Los Ríos,2020,30,11,7.33
Los Ríos,2020,31,11,6.94
Los Ríos,2020,32,11,7.49
Los Ríos,2020,33,11,6.87
Los Ríos,2020,34,11,6.57
Los Ríos,2020,35,11,7.07
Los Ríos,2020,36,11,7.9
Los Ríos,2020,37,11,8.71
Los Ríos,2020,38,11,8.81
Los Ríos,2020,39,11,9.63
Los Ríos,2020,40,11,7.8
Los Ríos,2020,41,11,9.84
Los Ríos,2020,42,11,11.39
Los Ríos,2020,43,11,10.04
Los Ríos,2020,44,11,11.64
Los Ríos,2020,45,11,12.37
Los Ríos,2020,46,11,13.1
Los Ríos,2020,47,11,13.5
Los Ríos,2020,48,11,12.06
Los Ríos,2020,49,11,14.19
Los Ríos,2020,50,11,12.86
Los Ríos,2020,51,11,13.64
Los Ríos,2020,52,11,16.41
Los Ríos,2020,53,11,16.3
Los Ríos,2021,1,11,15.69
Los Ríos,2021,2,11,14.44
Los Ríos,2021,3,11,21.23
Los Ríos,2021,4,11,15.49
Los Ríos,2021,5,11,19.83
Los Ríos,2021,6,11,19.73
Los Ríos,2021,7,11,14.04
Los Ríos,2021,8,11,16.71
Los Ríos,2021,9,11,19.21
Los Ríos,2021,10,11,15.33
Los Ríos,2021,11,11,14.51
Los Ríos,2021,12,11,13.91
Los Ríos,2021,13,11,14.86
Los Ríos,2021,14,11,12.73
Los Ríos,2021,15,11,13.69
Los Ríos,2021,16,11,11.64
Los Ríos,2021,17,11,12.57
Los Ríos,2021,18,11,9.16
Los Ríos,2021,19,11,9.19
Los Ríos,2021,20,11,9.53
Los Ríos,2021,21,11,10.94
Los Ríos,2021,22,11,10.26
Los Ríos,2021,23,11,10.13
Los Ríos,2021,24,11,5.3
Los Ríos,2021,25,11,7.39
Los Ríos,2021,26,11,6.53
Los Ríos,2021,27,11,8.27
Los Ríos,2021,28,11,6.24
Los Ríos,2021,29,11,8.04
Los Ríos,2021,30,11,5.81
Los Ríos,2021,31,11,8.13
Los Ríos,2021,32,11,6.57
Los Ríos,2021,33,11,8.56
Los Ríos,2021,34,11,7.66
Los Ríos,2021,35,11,9.33
Los Ríos,2021,36,11,8.61
Los Ríos,2021,37,11,8.23
Los Ríos,2021,38,11,9.61
Los Ríos,2021,39,11,8.3
Los Ríos,2021,40,11,9.87
Los Ríos,2021,41,11,9.87
Los Ríos,2021,42,11,11.79
Los Ríos,2021,43,11,12.7
Los Ríos,2021,44,11,11.96
Los Ríos,2021,45,11,12.46
Los Ríos,2021,46,11,13.3
Los Ríos,2021,47,11,14.13
Los Ríos,2021,48,11,14.61
Los Ríos,2021,49,11,16.03
Los Ríos,2021,50,11,15.39
Los Ríos,2021,51,11,18.51
Los Ríos,2021,52,11,15.71
Los Ríos,2022,1,11,16.69
Los Ríos,2022,2,11,16.0
Los Ríos,2022,3,11,13.73
Los Ríos,2022,4,11,16.61
Los Ríos,2022,5,11,17.39
Los Ríos,2022,6,11,17.27
Los Ríos,2022,7,11,15.96
Los Ríos,2022,8,11,15.9
Los Ríos,2022,9,11,14.26
Los Ríos,2022,10,11,14.3
Los Ríos,2022,11,11,13.51
Los Ríos,2022,12,11,12.07
Los Ríos,2022,13,11,10.71
Los Ríos,2022,14,11,11.56
Los Ríos,2022,15,11,10.79
Los Ríos,2022,16,11,11.04
Los Ríos,2022,17,11,8.19
Los Ríos,2022,18,11,10.84
Los Ríos,2022,19,11,8.69
Los Ríos,2022,20,11,9.51
Los Ríos,2022,21,11,5.23
Los Ríos,2022,22,11,5.2
Los Ríos,2022,23,11,7.31
Los Ríos,2022,24,11,7.14
Los Ríos,2022,25,11,5.43
Los Ríos,2022,26,11,7.44
Los Ríos,2022,27,11,7.07
Los Ríos,2022,28,11,5.16
Los Ríos,2022,29,11,7.34
Los Ríos,2022,30,11,7.47
Los Ríos,2022,31,11,5.74
Los Ríos,2022,32,11,7.3
Los Ríos,2022,33,11,7.69
Los Ríos,2022,34,11,6.93
Los Ríos,2022,35,11,7.96
Los Ríos,2022,36,11,7.67
Los Ríos,2022,37,11,8.2
Los Ríos,2022,38,11,7.73
Los Ríos,2022,39,11,10.73
Los Ríos,2022,40,11,9.64
Los Ríos,2022,41,11,9.93
Los Ríos,2022,42,11,11.54
Los Ríos,2022,43,11,10.93
Los Ríos,2022,44,11,12.86
Los Ríos,2022,45,11,13.5
Los Ríos,2022,46,11,13.46
Los Ríos,2022,47,11,16.0
Los Ríos,2022,48,11,14.5
Los Ríos,2022,49,11,15.36
Los Ríos,2022,50,11,15.6
Los Ríos,2022,51,11,15.81
Los Ríos,2022,52,11,16.04
Los Ríos,2023,1,11,16.06
Los Ríos,2023,2,11,15.1
Los Ríos,2023,3,11,17.09
Los Ríos,2023,4,11,16.4
Los Ríos,2023,5,11,19.97
Los Ríos,2023,6,11,18.2
Los Ríos,2023,7,11,15.11
Los Ríos,2023,8,11,16.09
Los Ríos,2023,9,11,16.73
Los Ríos,2023,10,11,15.11
Los Ríos,2023,11,11,12.94
Los Ríos,2023,12,11,12.8
Los Ríos,2023,13,11,11.5
Los Ríos,2023,14,11,12.44
Los Ríos,2023,15,11,13.11
Los Ríos,2023,16,11,11.59
Los Ríos,2023,17,11,11.5
Los Ríos,2023,18,11,9.51
Los Ríos,2023,19,11,11.24
Los Ríos,2023,20,11,9.61
Los Ríos,2023,21,11,7.54
Los Ríos,2023,22,11,9.1
Los Ríos,2023,23,11,7.97
Los Ríos,2023,24,11,5.56
Los Ríos,2023,25,11,9.77
Los Ríos,2023,26,11,8.83
Los Ríos,2023,27,11,7.69
Los Ríos,2023,28,11,5.07
Los Ríos,2023,29,11,7.04
Los Ríos,2023,30,11,9.17
Los Ríos,2023,31,11,7.16
Los Ríos,2023,32,11,7.81
Los Ríos,2023,33,11,9.16
Los Ríos,2023,34,11,6.23
Los Ríos,2023,35,11,7.34
Los Ríos,2023,36,11,8.89
Los Ríos,2023,37,11,8.71
Los Ríos,2023,38,11,7.76
Los Ríos,2023,39,11,8.93
Los Ríos,2023,40,11,9.0
Los Ríos,2023,41,11,9.64
Los Ríos,2023,42,11,11.96
Los Ríos,2023,43,11,10.5
Los Ríos,2023,44,11,9.96
Los Ríos,2023,45,11,10.49
Los Ríos,2023,46,11,9.17
Los Ríos,2023,47,11,12.8
Los Ríos,2023,48,11,11.56
Los Ríos,2023,49,11,13.93
Los Ríos,2023,50,11,12.49
Los Ríos,2023,51,11,14.94
Los Ríos,2023,52,11,17.6
Los Ríos,2024,1,11,17.33
Los Ríos,2024,2,11,15.41
Los Ríos,2024,3,11,17.4
Los Ríos,2024,4,11,19.77
Los Ríos,2024,5,11,18.46
Los Ríos,2024,6,11,16.76
Los Ríos,2024,7,11,17.03
Los Ríos,2024,8,11,16.73
Los Ríos,2024,9,11,15.53
Los Ríos,2024,10,11,14.6
Los Ríos,2024,11,11,12.99
Los Ríos,2024,12,11,13.11
Los Ríos,2024,13,11,13.94
Los Ríos,2024,14,11,12.09
Los Ríos,2024,15,11,12.06
Los Ríos,2024,16,11,11.4
Los Ríos,2024,17,11,9.67
Los Ríos,2024,18,11,7.04
Los Ríos,2024,19,11,7.6
Los Ríos,2024,20,11,5.67
Los Ríos,2024,21,11,6.41
Los Ríos,2024,22,11,7.53
Los Ríos,2024,23,11,10.64
Los Ríos,2024,24,11,10.19
Los Ríos,2024,25,11,7.26
Los Ríos,2024,26,11,6.53
Los Ríos,2024,27,11,5.2
Los Ríos,2024,28,11,5.43
Los Ríos,2024,29,11,5.86
Los Ríos,2024,30,11,6.47
Los Ríos,2024,31,11,7.83
Los Ríos,2024,32,11,6.44
Los Ríos,2024,33,11,6.91
Los Ríos,2024,34,11,5.57
Los Ríos,2024,35,11,7.99
Los Ríos,2024,36,11,7.74
Los Ríos,2024,37,11,7.27
Los Ríos,2024,38,11,8.8
Los Ríos,2024,39,11,7.83
Los Ríos,2024,40,11,9.1
Los Ríos,2024,41,11,10.87
Los Ríos,2024,42,11,11.59
Los Ríos,2024,43,11,12.16
Los Ríos,2024,44,11,12.4
Los Ríos,2024,45,11,11.69
Los Ríos,2024,46,11,12.33
Los Ríos,2024,47,11,13.47
Los Ríos,2024,48,11,12.2
Los Ríos,2024,49,11,12.49
Los Ríos,2024,50,11,14.27
Los Ríos,2024,51,11,14.77
Los Ríos,2024,52,11,18.47
Los Ríos,2025,1,11,17.26
Los Ríos,2025,2,11,17.64
Los Ríos,2025,3,11,16.11
Los Ríos,2025,4,11,16.43
Los Ríos,2025,5,11,16.67
Los Ríos,2025,6,11,16.84
Los Ríos,2025,7,11,15.53
Los Ríos,2025,8,11,16.03
Los Ríos,2025,9,11,15.56
Los Ríos,2025,10,11,14.56
Los Ríos,2025,11,11,14.29
Los Ríos,2025,12,11,14.51
Los Ríos,2025,13,11,13.86
Los Ríos,2025,14,11,12.03
Los Ríos,2025,15,11,11.94
Los Ríos,2025,16,11,10.66
Los Ríos,2025,17,11,11.69
Los Ríos,2025,18,11,9.9
Los Ríos,2025,19,11,10.96
Los Ríos,2025,20,11,10.46
Los Ríos,2025,21,11,7.94
Los Ríos,2025,22,11,6.53
Los Ríos,2025,23,11,7.84
Los Ríos,2025,24,11,7.09
Los Ríos,2025,25,11,7.59
Los Ríos,2025,26,11,4.61
Los Ríos,2025,27,11,4.73
Los Ríos,2025,28,11,7.34
Los Ríos,2025,29,11,7.29
Los Ríos,2025,30,11,5.61
Los Ríos,2025,31,11,9.56
Los Ríos,2025,32,11,8.07
Los Ríos,2025,33,11,9.93
Los Ríos,2025,34,11,8.04
Los Ríos,2025,35,11,10.23
Los Ríos,2025,36,11,8.46
Los Ríos,2025,37,11,9.54
Los Ríos,2025,38,11,10.11
Los Ríos,2025,39,11,10.26
Los Ríos,2025,40,11,9.71
Los Ríos,2025,41,11,10.7
Los Ríos,2025,42,11,11.1
Los Ríos,2025,43,11,10.67
Los Ríos,2025,44,11,12.27
Los Ríos,2025,45,11,13.27
Los Ríos,2025,46,11,13.17
Los Ríos,2025,47,11,14.66
Los Ríos,2025,48,11,16.34
Los Ríos,2025,49,11,16.43
Los Ríos,2025,50,11,16.09
Los Ríos,2025,51,11,15.17
Los Ríos,2025,52,11,15.06
Los Ríos,2026,1,11,18.87
Los Ríos,2026,2,11,18.73
Los Ríos,2026,3,11,16.04
Los Ríos,2026,4,11,17.17
Los Ríos,2026,5,11,19.76
Los Ríos,2026,6,11,15.66
Los Ríos,2026,7,11,14.59
Los Ríos,2026,8,11,16.89
Los Ríos,2026,9,11,15.24
Los Ríos,2026,10,11,13.87
Los Ríos,2026,11,11,14.3
Los Ríos,2026,12,11,11.43
Los Ríos,2026,13,11,11.2
Los Ríos,2026,14,11,12.99
Los Ríos,2026,15,11,12.36
Los Ríos,2026,16,11,11.23
Los Ríos,2026,17,11,9.34
Los Ríos,2026,18,11,8.81
Los Ríos,2026,19,11,9.46
Los Ríos,2026,20,11,8.74
Los Ríos,2026,21,11,8.94
Los Ríos,2026,22,11,10.6
Los Ríos,2026,23,11,9.9
Los Ríos,2026,24,11,7.57
Los Ríos,2026,25,11,5.43
Magallanes,2014,1,16,7.16
Magallanes,2014,2,16,9.14
Magallanes,2014,3,16,8.84
Magallanes,2014,4,16,7.67
Magallanes,2014,5,16,6.93
Magallanes,2014,6,16,7.97
Magallanes,2014,7,16,10.43
Magallanes,2014,8,16,9.1
Magallanes,2014,9,16,11.0
Magallanes,2014,10,16,8.34
Magallanes,2014,11,16,5.81
Magallanes,2014,12,16,6.79
Magallanes,2014,13,16,7.8
Magallanes,2014,14,16,7.84
Magallanes,2014,15,16,7.36
Magallanes,2014,16,16,5.39
Magallanes,2014,17,16,6.71
Magallanes,2014,18,16,5.09
Magallanes,2014,19,16,5.2
Magallanes,2014,20,16,2.9
Magallanes,2014,21,16,4.03
Magallanes,2014,22,16,4.64
Magallanes,2014,23,16,0.33
Magallanes,2014,24,16,1.16
Magallanes,2014,25,16,3.14
Magallanes,2014,26,16,4.5
Magallanes,2014,27,16,3.23
Magallanes,2014,28,16,2.7
Magallanes,2014,29,16,2.37
Magallanes,2014,30,16,-0.03
Magallanes,2014,31,16,1.31
Magallanes,2014,32,16,3.16
Magallanes,2014,33,16,3.33
Magallanes,2014,34,16,2.06
Magallanes,2014,35,16,4.99
Magallanes,2014,36,16,5.67
Magallanes,2014,37,16,4.14
Magallanes,2014,38,16,3.71
Magallanes,2014,39,16,3.4
Magallanes,2014,40,16,5.3
Magallanes,2014,41,16,4.31
Magallanes,2014,42,16,5.56
Magallanes,2014,43,16,7.0
Magallanes,2014,44,16,4.5
Magallanes,2014,45,16,6.26
Magallanes,2014,46,16,6.1
Magallanes,2014,47,16,6.7
Magallanes,2014,48,16,7.5
Magallanes,2014,49,16,8.81
Magallanes,2014,50,16,7.99
Magallanes,2014,51,16,7.21
Magallanes,2014,52,16,7.91
Magallanes,2015,1,16,9.7
Magallanes,2015,2,16,7.37
Magallanes,2015,3,16,7.79
Magallanes,2015,4,16,11.71
Magallanes,2015,5,16,10.96
Magallanes,2015,6,16,10.51
Magallanes,2015,7,16,8.99
Magallanes,2015,8,16,8.46
Magallanes,2015,9,16,9.6
Magallanes,2015,10,16,9.31
Magallanes,2015,11,16,8.91
Magallanes,2015,12,16,7.43
Magallanes,2015,13,16,9.97
Magallanes,2015,14,16,5.31
Magallanes,2015,15,16,8.53
Magallanes,2015,16,16,5.7
Magallanes,2015,17,16,6.11
Magallanes,2015,18,16,5.64
Magallanes,2015,19,16,4.51
Magallanes,2015,20,16,5.27
Magallanes,2015,21,16,4.01
Magallanes,2015,22,16,3.5
Magallanes,2015,23,16,2.54
Magallanes,2015,24,16,1.99
Magallanes,2015,25,16,1.69
Magallanes,2015,26,16,3.56
Magallanes,2015,27,16,1.86
Magallanes,2015,28,16,-0.11
Magallanes,2015,29,16,1.1
Magallanes,2015,30,16,2.76
Magallanes,2015,31,16,1.07
Magallanes,2015,32,16,1.97
Magallanes,2015,33,16,3.1
Magallanes,2015,34,16,0.09
Magallanes,2015,35,16,3.7
Magallanes,2015,36,16,4.59
Magallanes,2015,37,16,1.77
Magallanes,2015,38,16,1.24
Magallanes,2015,39,16,4.01
Magallanes,2015,40,16,5.93
Magallanes,2015,41,16,5.5
Magallanes,2015,42,16,5.33
Magallanes,2015,43,16,5.01
Magallanes,2015,44,16,6.54
Magallanes,2015,45,16,7.51
Magallanes,2015,46,16,6.56
Magallanes,2015,47,16,5.57
Magallanes,2015,48,16,7.96
Magallanes,2015,49,16,9.74
Magallanes,2015,50,16,5.7
Magallanes,2015,51,16,8.57
Magallanes,2015,52,16,7.16
Magallanes,2015,53,16,10.91
Magallanes,2016,1,16,8.93
Magallanes,2016,2,16,9.14
Magallanes,2016,3,16,10.89
Magallanes,2016,4,16,11.7
Magallanes,2016,5,16,12.04
Magallanes,2016,6,16,9.0
Magallanes,2016,7,16,9.07
Magallanes,2016,8,16,8.36
Magallanes,2016,9,16,11.16
Magallanes,2016,10,16,8.76
Magallanes,2016,11,16,9.17
Magallanes,2016,12,16,10.06
Magallanes,2016,13,16,8.3
Magallanes,2016,14,16,7.03
Magallanes,2016,15,16,5.61
Magallanes,2016,16,16,4.39
Magallanes,2016,17,16,4.34
Magallanes,2016,18,16,4.66
Magallanes,2016,19,16,4.04
Magallanes,2016,20,16,5.47
Magallanes,2016,21,16,2.69
Magallanes,2016,22,16,3.2
Magallanes,2016,23,16,4.66
Magallanes,2016,24,16,5.79
Magallanes,2016,25,16,6.34
Magallanes,2016,26,16,4.07
Magallanes,2016,27,16,3.64
Magallanes,2016,28,16,1.21
Magallanes,2016,29,16,2.77
Magallanes,2016,30,16,2.16
Magallanes,2016,31,16,2.94
Magallanes,2016,32,16,1.97
Magallanes,2016,33,16,-0.07
Magallanes,2016,34,16,3.8
Magallanes,2016,35,16,4.71
Magallanes,2016,36,16,5.23
Magallanes,2016,37,16,5.29
Magallanes,2016,38,16,6.64
Magallanes,2016,39,16,6.53
Magallanes,2016,40,16,6.81
Magallanes,2016,41,16,4.66
Magallanes,2016,42,16,7.56
Magallanes,2016,43,16,8.74
Magallanes,2016,44,16,6.11
Magallanes,2016,45,16,6.53
Magallanes,2016,46,16,6.86
Magallanes,2016,47,16,11.1
Magallanes,2016,48,16,9.7
Magallanes,2016,49,16,8.64
Magallanes,2016,50,16,8.7
Magallanes,2016,51,16,8.17
Magallanes,2016,52,16,9.9
Magallanes,2017,1,16,8.61
Magallanes,2017,2,16,9.03
Magallanes,2017,3,16,9.9
Magallanes,2017,4,16,11.03
Magallanes,2017,5,16,9.4
Magallanes,2017,6,16,11.66
Magallanes,2017,7,16,10.31
Magallanes,2017,8,16,10.26
Magallanes,2017,9,16,9.27
Magallanes,2017,10,16,8.37
Magallanes,2017,11,16,9.51
Magallanes,2017,12,16,9.91
Magallanes,2017,13,16,9.01
Magallanes,2017,14,16,6.43
Magallanes,2017,15,16,7.96
Magallanes,2017,16,16,6.6
Magallanes,2017,17,16,6.21
Magallanes,2017,18,16,4.94
Magallanes,2017,19,16,6.14
Magallanes,2017,20,16,5.37
Magallanes,2017,21,16,4.1
Magallanes,2017,22,16,2.81
Magallanes,2017,23,16,4.16
Magallanes,2017,24,16,0.16
Magallanes,2017,25,16,-0.09
Magallanes,2017,26,16,3.5
Magallanes,2017,27,16,4.14
Magallanes,2017,28,16,2.5
Magallanes,2017,29,16,4.3
Magallanes,2017,30,16,3.71
Magallanes,2017,31,16,3.66
Magallanes,2017,32,16,4.54
Magallanes,2017,33,16,2.21
Magallanes,2017,34,16,3.16
Magallanes,2017,35,16,4.59
Magallanes,2017,36,16,3.97
Magallanes,2017,37,16,4.16
Magallanes,2017,38,16,5.06
Magallanes,2017,39,16,5.47
Magallanes,2017,40,16,5.57
Magallanes,2017,41,16,6.01
Magallanes,2017,42,16,5.63
Magallanes,2017,43,16,6.2
Magallanes,2017,44,16,7.36
Magallanes,2017,45,16,8.99
Magallanes,2017,46,16,6.46
Magallanes,2017,47,16,7.39
Magallanes,2017,48,16,9.41
Magallanes,2017,49,16,8.5
Magallanes,2017,50,16,7.69
Magallanes,2017,51,16,8.27
Magallanes,2017,52,16,8.26
Magallanes,2018,1,16,9.31
Magallanes,2018,2,16,12.29
Magallanes,2018,3,16,10.49
Magallanes,2018,4,16,10.37
Magallanes,2018,5,16,12.0
Magallanes,2018,6,16,8.49
Magallanes,2018,7,16,10.2
Magallanes,2018,8,16,11.37
Magallanes,2018,9,16,9.81
Magallanes,2018,10,16,8.7
Magallanes,2018,11,16,6.96
Magallanes,2018,12,16,7.27
Magallanes,2018,13,16,7.51
Magallanes,2018,14,16,5.17
Magallanes,2018,15,16,7.17
Magallanes,2018,16,16,5.36
Magallanes,2018,17,16,4.16
Magallanes,2018,18,16,5.3
Magallanes,2018,19,16,6.0
Magallanes,2018,20,16,2.5
Magallanes,2018,21,16,4.37
Magallanes,2018,22,16,3.44
Magallanes,2018,23,16,2.54
Magallanes,2018,24,16,2.54
Magallanes,2018,25,16,1.39
Magallanes,2018,26,16,0.9
Magallanes,2018,27,16,0.91
Magallanes,2018,28,16,2.14
Magallanes,2018,29,16,-0.26
Magallanes,2018,30,16,3.51
Magallanes,2018,31,16,2.64
Magallanes,2018,32,16,3.01
Magallanes,2018,33,16,4.47
Magallanes,2018,34,16,4.97
Magallanes,2018,35,16,2.94
Magallanes,2018,36,16,4.41
Magallanes,2018,37,16,4.44
Magallanes,2018,38,16,2.33
Magallanes,2018,39,16,3.4
Magallanes,2018,40,16,4.74
Magallanes,2018,41,16,4.87
Magallanes,2018,42,16,5.37
Magallanes,2018,43,16,6.83
Magallanes,2018,44,16,7.74
Magallanes,2018,45,16,6.33
Magallanes,2018,46,16,7.89
Magallanes,2018,47,16,7.44
Magallanes,2018,48,16,9.69
Magallanes,2018,49,16,9.49
Magallanes,2018,50,16,9.41
Magallanes,2018,51,16,10.47
Magallanes,2018,52,16,8.97
Magallanes,2019,1,16,8.0
Magallanes,2019,2,16,8.49
Magallanes,2019,3,16,10.46
Magallanes,2019,4,16,9.29
Magallanes,2019,5,16,10.06
Magallanes,2019,6,16,10.99
Magallanes,2019,7,16,10.36
Magallanes,2019,8,16,6.49
Magallanes,2019,9,16,9.91
Magallanes,2019,10,16,8.3
Magallanes,2019,11,16,9.73
Magallanes,2019,12,16,9.61
Magallanes,2019,13,16,9.61
Magallanes,2019,14,16,7.31
Magallanes,2019,15,16,6.14
Magallanes,2019,16,16,6.61
Magallanes,2019,17,16,7.1
Magallanes,2019,18,16,3.71
Magallanes,2019,19,16,6.41
Magallanes,2019,20,16,6.13
Magallanes,2019,21,16,6.19
Magallanes,2019,22,16,3.27
Magallanes,2019,23,16,4.3
Magallanes,2019,24,16,2.54
Magallanes,2019,25,16,4.4
Magallanes,2019,26,16,0.7
Magallanes,2019,27,16,2.84
Magallanes,2019,28,16,4.24
Magallanes,2019,29,16,2.19
Magallanes,2019,30,16,3.83
Magallanes,2019,31,16,3.54
Magallanes,2019,32,16,1.84
Magallanes,2019,33,16,1.41
Magallanes,2019,34,16,3.9
Magallanes,2019,35,16,3.37
Magallanes,2019,36,16,3.09
Magallanes,2019,37,16,3.67
Magallanes,2019,38,16,4.43
Magallanes,2019,39,16,7.24
Magallanes,2019,40,16,4.6
Magallanes,2019,41,16,3.3
Magallanes,2019,42,16,7.21
Magallanes,2019,43,16,7.94
Magallanes,2019,44,16,6.5
Magallanes,2019,45,16,4.77
Magallanes,2019,46,16,9.56
Magallanes,2019,47,16,8.76
Magallanes,2019,48,16,7.64
Magallanes,2019,49,16,9.73
Magallanes,2019,50,16,9.27
Magallanes,2019,51,16,10.16
Magallanes,2019,52,16,9.7
Magallanes,2020,1,16,11.23
Magallanes,2020,2,16,10.39
Magallanes,2020,3,16,10.24
Magallanes,2020,4,16,10.03
Magallanes,2020,5,16,9.94
Magallanes,2020,6,16,11.34
Magallanes,2020,7,16,10.3
Magallanes,2020,8,16,10.61
Magallanes,2020,9,16,11.1
Magallanes,2020,10,16,11.34
Magallanes,2020,11,16,10.09
Magallanes,2020,12,16,8.57
Magallanes,2020,13,16,8.6
Magallanes,2020,14,16,8.33
Magallanes,2020,15,16,9.87
Magallanes,2020,16,16,8.56
Magallanes,2020,17,16,5.93
Magallanes,2020,18,16,5.64
Magallanes,2020,19,16,5.93
Magallanes,2020,20,16,4.79
Magallanes,2020,21,16,5.59
Magallanes,2020,22,16,5.44
Magallanes,2020,23,16,5.06
Magallanes,2020,24,16,1.44
Magallanes,2020,25,16,2.51
Magallanes,2020,26,16,1.76
Magallanes,2020,27,16,-0.16
Magallanes,2020,28,16,0.09
Magallanes,2020,29,16,0.53
Magallanes,2020,30,16,0.29
Magallanes,2020,31,16,2.93
Magallanes,2020,32,16,3.63
Magallanes,2020,33,16,0.71
Magallanes,2020,34,16,3.2
Magallanes,2020,35,16,1.37
Magallanes,2020,36,16,3.77
Magallanes,2020,37,16,4.83
Magallanes,2020,38,16,3.76
Magallanes,2020,39,16,6.03
Magallanes,2020,40,16,2.57
Magallanes,2020,41,16,6.06
Magallanes,2020,42,16,6.17
Magallanes,2020,43,16,6.29
Magallanes,2020,44,16,8.23
Magallanes,2020,45,16,9.16
Magallanes,2020,46,16,8.29
Magallanes,2020,47,16,10.41
Magallanes,2020,48,16,6.96
Magallanes,2020,49,16,8.56
Magallanes,2020,50,16,9.91
Magallanes,2020,51,16,8.3
Magallanes,2020,52,16,9.76
Magallanes,2020,53,16,10.67
Magallanes,2021,1,16,9.86
Magallanes,2021,2,16,10.34
Magallanes,2021,3,16,11.14
Magallanes,2021,4,16,7.89
Magallanes,2021,5,16,11.76
Magallanes,2021,6,16,12.99
Magallanes,2021,7,16,10.47
Magallanes,2021,8,16,11.36
Magallanes,2021,9,16,10.19
Magallanes,2021,10,16,9.41
Magallanes,2021,11,16,8.56
Magallanes,2021,12,16,9.03
Magallanes,2021,13,16,7.4
Magallanes,2021,14,16,8.04
Magallanes,2021,15,16,8.1
Magallanes,2021,16,16,7.59
Magallanes,2021,17,16,5.67
Magallanes,2021,18,16,6.14
Magallanes,2021,19,16,7.24
Magallanes,2021,20,16,6.09
Magallanes,2021,21,16,1.33
Magallanes,2021,22,16,1.23
Magallanes,2021,23,16,4.14
Magallanes,2021,24,16,3.39
Magallanes,2021,25,16,3.61
Magallanes,2021,26,16,4.33
Magallanes,2021,27,16,3.09
Magallanes,2021,28,16,2.43
Magallanes,2021,29,16,3.1
Magallanes,2021,30,16,5.17
Magallanes,2021,31,16,4.29
Magallanes,2021,32,16,5.39
Magallanes,2021,33,16,2.8
Magallanes,2021,34,16,2.61
Magallanes,2021,35,16,4.87
Magallanes,2021,36,16,6.37
Magallanes,2021,37,16,3.51
Magallanes,2021,38,16,6.49
Magallanes,2021,39,16,5.17
Magallanes,2021,40,16,5.93
Magallanes,2021,41,16,6.43
Magallanes,2021,42,16,6.59
Magallanes,2021,43,16,7.29
Magallanes,2021,44,16,8.7
Magallanes,2021,45,16,9.14
Magallanes,2021,46,16,6.51
Magallanes,2021,47,16,7.5
Magallanes,2021,48,16,9.03
Magallanes,2021,49,16,9.97
Magallanes,2021,50,16,10.04
Magallanes,2021,51,16,11.93
Magallanes,2021,52,16,9.06
Magallanes,2022,1,16,9.44
Magallanes,2022,2,16,8.49
Magallanes,2022,3,16,11.76
Magallanes,2022,4,16,10.84
Magallanes,2022,5,16,9.19
Magallanes,2022,6,16,10.46
Magallanes,2022,7,16,8.71
Magallanes,2022,8,16,11.44
Magallanes,2022,9,16,7.93
Magallanes,2022,10,16,9.17
Magallanes,2022,11,16,7.8
Magallanes,2022,12,16,8.91
Magallanes,2022,13,16,6.9
Magallanes,2022,14,16,4.94
Magallanes,2022,15,16,8.37
Magallanes,2022,16,16,6.4
Magallanes,2022,17,16,3.94
Magallanes,2022,18,16,5.97
Magallanes,2022,19,16,6.31
Magallanes,2022,20,16,4.76
Magallanes,2022,21,16,3.81
Magallanes,2022,22,16,4.01
Magallanes,2022,23,16,4.6
Magallanes,2022,24,16,3.34
Magallanes,2022,25,16,3.57
Magallanes,2022,26,16,1.97
Magallanes,2022,27,16,-0.43
Magallanes,2022,28,16,-0.39
Magallanes,2022,29,16,1.63
Magallanes,2022,30,16,3.59
Magallanes,2022,31,16,3.8
Magallanes,2022,32,16,2.16
Magallanes,2022,33,16,2.83
Magallanes,2022,34,16,3.6
Magallanes,2022,35,16,5.31
Magallanes,2022,36,16,4.19
Magallanes,2022,37,16,3.83
Magallanes,2022,38,16,5.54
Magallanes,2022,39,16,6.3
Magallanes,2022,40,16,6.14
Magallanes,2022,41,16,6.46
Magallanes,2022,42,16,6.93
Magallanes,2022,43,16,5.69
Magallanes,2022,44,16,10.47
Magallanes,2022,45,16,9.3
Magallanes,2022,46,16,9.7
Magallanes,2022,47,16,8.84
Magallanes,2022,48,16,8.24
Magallanes,2022,49,16,7.29
Magallanes,2022,50,16,10.14
Magallanes,2022,51,16,12.03
Magallanes,2022,52,16,8.19
Magallanes,2023,1,16,11.39
Magallanes,2023,2,16,10.84
Magallanes,2023,3,16,12.81
Magallanes,2023,4,16,10.84
Magallanes,2023,5,16,11.86
Magallanes,2023,6,16,11.03
Magallanes,2023,7,16,7.66
Magallanes,2023,8,16,9.4
Magallanes,2023,9,16,7.24
Magallanes,2023,10,16,7.9
Magallanes,2023,11,16,6.61
Magallanes,2023,12,16,7.66
Magallanes,2023,13,16,5.31
Magallanes,2023,14,16,6.63
Magallanes,2023,15,16,4.63
Magallanes,2023,16,16,6.5
Magallanes,2023,17,16,4.89
Magallanes,2023,18,16,7.19
Magallanes,2023,19,16,5.09
Magallanes,2023,20,16,4.39
Magallanes,2023,21,16,3.11
Magallanes,2023,22,16,5.91
Magallanes,2023,23,16,2.6
Magallanes,2023,24,16,4.04
Magallanes,2023,25,16,2.29
Magallanes,2023,26,16,1.36
Magallanes,2023,27,16,0.49
Magallanes,2023,28,16,0.14
Magallanes,2023,29,16,0.54
Magallanes,2023,30,16,-0.4
Magallanes,2023,31,16,1.46
Magallanes,2023,32,16,1.97
Magallanes,2023,33,16,1.13
Magallanes,2023,34,16,2.29
Magallanes,2023,35,16,2.66
Magallanes,2023,36,16,3.01
Magallanes,2023,37,16,2.9
Magallanes,2023,38,16,3.46
Magallanes,2023,39,16,5.26
Magallanes,2023,40,16,4.74
Magallanes,2023,41,16,5.46
Magallanes,2023,42,16,7.59
Magallanes,2023,43,16,5.7
Magallanes,2023,44,16,6.19
Magallanes,2023,45,16,7.27
Magallanes,2023,46,16,5.09
Magallanes,2023,47,16,7.5
Magallanes,2023,48,16,6.89
Magallanes,2023,49,16,8.79
Magallanes,2023,50,16,8.21
Magallanes,2023,51,16,10.31
Magallanes,2023,52,16,9.36
Magallanes,2024,1,16,11.53
Magallanes,2024,2,16,8.43
Magallanes,2024,3,16,10.64
Magallanes,2024,4,16,12.39
Magallanes,2024,5,16,10.59
Magallanes,2024,6,16,11.4
Magallanes,2024,7,16,11.1
Magallanes,2024,8,16,10.09
Magallanes,2024,9,16,10.56
Magallanes,2024,10,16,9.81
Magallanes,2024,11,16,6.67
Magallanes,2024,12,16,6.84
Magallanes,2024,13,16,8.29
Magallanes,2024,14,16,6.33
Magallanes,2024,15,16,6.67
Magallanes,2024,16,16,7.76
Magallanes,2024,17,16,5.03
Magallanes,2024,18,16,2.77
Magallanes,2024,19,16,2.26
Magallanes,2024,20,16,5.41
Magallanes,2024,21,16,2.96
Magallanes,2024,22,16,1.97
Magallanes,2024,23,16,2.11
Magallanes,2024,24,16,0.87
Magallanes,2024,25,16,-3.93
Magallanes,2024,26,16,-0.24
Magallanes,2024,27,16,0.04
Magallanes,2024,28,16,3.87
Magallanes,2024,29,16,5.11
Magallanes,2024,30,16,2.83
Magallanes,2024,31,16,2.27
Magallanes,2024,32,16,1.49
Magallanes,2024,33,16,2.61
Magallanes,2024,34,16,4.49
Magallanes,2024,35,16,5.64
Magallanes,2024,36,16,5.27
Magallanes,2024,37,16,3.9
Magallanes,2024,38,16,2.69
Magallanes,2024,39,16,2.09
Magallanes,2024,40,16,3.9
Magallanes,2024,41,16,7.37
Magallanes,2024,42,16,8.21
Magallanes,2024,43,16,6.94
Magallanes,2024,44,16,8.9
Magallanes,2024,45,16,6.84
Magallanes,2024,46,16,7.99
Magallanes,2024,47,16,10.11
Magallanes,2024,48,16,8.5
Magallanes,2024,49,16,7.57
Magallanes,2024,50,16,10.4
Magallanes,2024,51,16,9.47
Magallanes,2024,52,16,12.4
Magallanes,2025,1,16,12.41
Magallanes,2025,2,16,11.54
Magallanes,2025,3,16,9.61
Magallanes,2025,4,16,11.94
Magallanes,2025,5,16,11.27
Magallanes,2025,6,16,9.41
Magallanes,2025,7,16,9.16
Magallanes,2025,8,16,10.73
Magallanes,2025,9,16,8.61
Magallanes,2025,10,16,8.14
Magallanes,2025,11,16,9.64
Magallanes,2025,12,16,8.71
Magallanes,2025,13,16,8.89
Magallanes,2025,14,16,6.27
Magallanes,2025,15,16,7.84
Magallanes,2025,16,16,7.11
Magallanes,2025,17,16,6.51
Magallanes,2025,18,16,6.7
Magallanes,2025,19,16,4.66
Magallanes,2025,20,16,3.86
Magallanes,2025,21,16,2.36
Magallanes,2025,22,16,3.03
Magallanes,2025,23,16,5.26
Magallanes,2025,24,16,4.46
Magallanes,2025,25,16,3.17
Magallanes,2025,26,16,1.01
Magallanes,2025,27,16,3.0
Magallanes,2025,28,16,3.6
Magallanes,2025,29,16,3.46
Magallanes,2025,30,16,2.33
Magallanes,2025,31,16,1.81
Magallanes,2025,32,16,3.77
Magallanes,2025,33,16,3.16
Magallanes,2025,34,16,3.6
Magallanes,2025,35,16,4.8
Magallanes,2025,36,16,4.64
Magallanes,2025,37,16,6.61
Magallanes,2025,38,16,5.0
Magallanes,2025,39,16,5.59
Magallanes,2025,40,16,4.56
Magallanes,2025,41,16,5.9
Magallanes,2025,42,16,7.31
Magallanes,2025,43,16,6.19
Magallanes,2025,44,16,8.39
Magallanes,2025,45,16,8.44
Magallanes,2025,46,16,8.43
Magallanes,2025,47,16,8.09
Magallanes,2025,48,16,9.23
Magallanes,2025,49,16,9.5
Magallanes,2025,50,16,8.47
Magallanes,2025,51,16,8.34
Magallanes,2025,52,16,8.34
Magallanes,2026,1,16,10.83
Magallanes,2026,2,16,10.44
Magallanes,2026,3,16,10.31
Magallanes,2026,4,16,11.56
Magallanes,2026,5,16,13.01
Magallanes,2026,6,16,11.01
Magallanes,2026,7,16,9.01
Magallanes,2026,8,16,11.71
Magallanes,2026,9,16,10.86
Magallanes,2026,10,16,9.24
Magallanes,2026,11,16,10.83
Magallanes,2026,12,16,7.74
Magallanes,2026,13,16,7.06
Magallanes,2026,14,16,7.14
Magallanes,2026,15,16,8.06
Magallanes,2026,16,16,7.07
Magallanes,2026,17,16,5.34
Magallanes,2026,18,16,4.8
Magallanes,2026,19,16,4.41
Magallanes,2026,20,16,6.06
Magallanes,2026,21,16,6.93
Magallanes,2026,22,16,4.66
Magallanes,2026,23,16,4.69
Magallanes,2026,24,16,3.94
Magallanes,2026,25,16,4.27
Maule,2014,1,7,20.7
Maule,2014,2,7,22.69
Maule,2014,3,7,24.16
Maule,2014,4,7,20.24
Maule,2014,5,7,22.16
Maule,2014,6,7,19.94
Maule,2014,7,7,21.94
Maule,2014,8,7,22.3
Maule,2014,9,7,20.7
Maule,2014,10,7,19.86
Maule,2014,11,7,19.13
Maule,2014,12,7,19.3
Maule,2014,13,7,16.94
Maule,2014,14,7,13.87
Maule,2014,15,7,13.0
Maule,2014,16,7,13.76
Maule,2014,17,7,14.26
Maule,2014,18,7,12.89
Maule,2014,19,7,13.9
Maule,2014,20,7,11.84
Maule,2014,21,7,9.41
Maule,2014,22,7,9.61
Maule,2014,23,7,8.39
Maule,2014,24,7,9.4
Maule,2014,25,7,10.66
Maule,2014,26,7,7.34
Maule,2014,27,7,6.33
Maule,2014,28,7,8.34
Maule,2014,29,7,10.4
Maule,2014,30,7,7.76
Maule,2014,31,7,12.14
Maule,2014,32,7,8.99
Maule,2014,33,7,10.4
Maule,2014,34,7,11.11
Maule,2014,35,7,10.27
Maule,2014,36,7,11.94
Maule,2014,37,7,10.5
Maule,2014,38,7,12.91
Maule,2014,39,7,11.41
Maule,2014,40,7,13.54
Maule,2014,41,7,12.74
Maule,2014,42,7,14.57
Maule,2014,43,7,19.77
Maule,2014,44,7,14.31
Maule,2014,45,7,16.0
Maule,2014,46,7,19.23
Maule,2014,47,7,18.36
Maule,2014,48,7,17.69
Maule,2014,49,7,20.61
Maule,2014,50,7,21.24
Maule,2014,51,7,18.6
Maule,2014,52,7,21.04
Maule,2015,1,7,21.01
Maule,2015,2,7,23.76
Maule,2015,3,7,23.76
Maule,2015,4,7,22.89
Maule,2015,5,7,23.27
Maule,2015,6,7,24.06
Maule,2015,7,7,23.11
Maule,2015,8,7,20.66
Maule,2015,9,7,21.11
Maule,2015,10,7,21.11
Maule,2015,11,7,21.91
Maule,2015,12,7,21.81
Maule,2015,13,7,19.36
Maule,2015,14,7,17.6
Maule,2015,15,7,18.54
Maule,2015,16,7,15.67
Maule,2015,17,7,14.64
Maule,2015,18,7,13.59
Maule,2015,19,7,12.4
Maule,2015,20,7,13.01
Maule,2015,21,7,11.67
Maule,2015,22,7,9.69
Maule,2015,23,7,12.77
Maule,2015,24,7,7.94
Maule,2015,25,7,8.06
Maule,2015,26,7,9.14
Maule,2015,27,7,7.69
Maule,2015,28,7,9.73
Maule,2015,29,7,8.17
Maule,2015,30,7,8.46
Maule,2015,31,7,10.46
Maule,2015,32,7,11.46
Maule,2015,33,7,7.89
Maule,2015,34,7,10.63
Maule,2015,35,7,12.31
Maule,2015,36,7,12.99
Maule,2015,37,7,9.44
Maule,2015,38,7,10.71
Maule,2015,39,7,11.03
Maule,2015,40,7,13.23
Maule,2015,41,7,11.41
Maule,2015,42,7,12.3
Maule,2015,43,7,13.23
Maule,2015,44,7,14.71
Maule,2015,45,7,16.86
Maule,2015,46,7,17.16
Maule,2015,47,7,15.07
Maule,2015,48,7,17.24
Maule,2015,49,7,20.83
Maule,2015,50,7,20.37
Maule,2015,51,7,19.31
Maule,2015,52,7,20.27
Maule,2015,53,7,23.36
Maule,2016,1,7,22.84
Maule,2016,2,7,21.93
Maule,2016,3,7,23.79
Maule,2016,4,7,22.39
Maule,2016,5,7,23.94
Maule,2016,6,7,21.9
Maule,2016,7,7,21.84
Maule,2016,8,7,22.07
Maule,2016,9,7,22.7
Maule,2016,10,7,21.33
Maule,2016,11,7,19.91
Maule,2016,12,7,19.46
Maule,2016,13,7,17.6
Maule,2016,14,7,15.51
Maule,2016,15,7,15.13
Maule,2016,16,7,13.17
Maule,2016,17,7,12.56
Maule,2016,18,7,13.76
Maule,2016,19,7,13.54
Maule,2016,20,7,12.64
Maule,2016,21,7,12.0
Maule,2016,22,7,9.77
Maule,2016,23,7,8.36
Maule,2016,24,7,8.51
Maule,2016,25,7,7.61
Maule,2016,26,7,8.03
Maule,2016,27,7,8.23
Maule,2016,28,7,8.71
Maule,2016,29,7,10.43
Maule,2016,30,7,9.9
Maule,2016,31,7,9.8
Maule,2016,32,7,11.29
Maule,2016,33,7,10.49
Maule,2016,34,7,10.86
Maule,2016,35,7,9.69
Maule,2016,36,7,13.13
Maule,2016,37,7,12.11
Maule,2016,38,7,15.5
Maule,2016,39,7,15.51
Maule,2016,40,7,14.94
Maule,2016,41,7,14.56
Maule,2016,42,7,13.34
Maule,2016,43,7,17.51
Maule,2016,44,7,17.46
Maule,2016,45,7,19.1
Maule,2016,46,7,19.1
Maule,2016,47,7,18.66
Maule,2016,48,7,21.54
Maule,2016,49,7,20.27
Maule,2016,50,7,21.61
Maule,2016,51,7,19.66
Maule,2016,52,7,20.31
Maule,2017,1,7,21.74
Maule,2017,2,7,23.59
Maule,2017,3,7,25.47
Maule,2017,4,7,25.69
Maule,2017,5,7,21.6
Maule,2017,6,7,22.43
Maule,2017,7,7,20.99
Maule,2017,8,7,25.99
Maule,2017,9,7,21.5
Maule,2017,10,7,18.94
Maule,2017,11,7,20.27
Maule,2017,12,7,19.74
Maule,2017,13,7,17.74
Maule,2017,14,7,16.04
Maule,2017,15,7,16.27
Maule,2017,16,7,15.11
Maule,2017,17,7,13.56
Maule,2017,18,7,13.23
Maule,2017,19,7,14.31
Maule,2017,20,7,9.74
Maule,2017,21,7,7.87
Maule,2017,22,7,7.77
Maule,2017,23,7,7.66
Maule,2017,24,7,8.01
Maule,2017,25,7,9.64
Maule,2017,26,7,11.0
Maule,2017,27,7,9.31
Maule,2017,28,7,6.77
Maule,2017,29,7,8.56
Maule,2017,30,7,6.73
Maule,2017,31,7,7.33
Maule,2017,32,7,9.43
Maule,2017,33,7,8.83
Maule,2017,34,7,9.61
Maule,2017,35,7,8.8
Maule,2017,36,7,8.84
Maule,2017,37,7,10.81
Maule,2017,38,7,12.37
Maule,2017,39,7,11.97
Maule,2017,40,7,11.8
Maule,2017,41,7,12.6
Maule,2017,42,7,13.26
Maule,2017,43,7,14.6
Maule,2017,44,7,13.3
Maule,2017,45,7,18.26
Maule,2017,46,7,17.59
Maule,2017,47,7,19.63
Maule,2017,48,7,19.06
Maule,2017,49,7,21.31
Maule,2017,50,7,20.47
Maule,2017,51,7,21.46
Maule,2017,52,7,22.93
Maule,2018,1,7,21.89
Maule,2018,2,7,22.97
Maule,2018,3,7,21.69
Maule,2018,4,7,22.04
Maule,2018,5,7,22.79
Maule,2018,6,7,21.24
Maule,2018,7,7,22.94
Maule,2018,8,7,21.66
Maule,2018,9,7,21.57
Maule,2018,10,7,19.43
Maule,2018,11,7,16.66
Maule,2018,12,7,17.07
Maule,2018,13,7,18.87
Maule,2018,14,7,15.8
Maule,2018,15,7,13.69
Maule,2018,16,7,14.31
Maule,2018,17,7,12.3
Maule,2018,18,7,13.41
Maule,2018,19,7,12.36
Maule,2018,20,7,11.03
Maule,2018,21,7,8.94
Maule,2018,22,7,7.84
Maule,2018,23,7,7.46
Maule,2018,24,7,6.81
Maule,2018,25,7,8.3
Maule,2018,26,7,9.8
Maule,2018,27,7,11.23
Maule,2018,28,7,8.99
Maule,2018,29,7,5.36
Maule,2018,30,7,5.84
Maule,2018,31,7,6.61
Maule,2018,32,7,8.84
Maule,2018,33,7,9.2
Maule,2018,34,7,8.6
Maule,2018,35,7,9.9
Maule,2018,36,7,11.5
Maule,2018,37,7,11.41
Maule,2018,38,7,12.11
Maule,2018,39,7,12.01
Maule,2018,40,7,11.21
Maule,2018,41,7,11.69
Maule,2018,42,7,13.23
Maule,2018,43,7,15.44
Maule,2018,44,7,14.29
Maule,2018,45,7,16.74
Maule,2018,46,7,16.54
Maule,2018,47,7,19.47
Maule,2018,48,7,20.37
Maule,2018,49,7,20.24
Maule,2018,50,7,19.66
Maule,2018,51,7,22.81
Maule,2018,52,7,21.87
Maule,2019,1,7,21.1
Maule,2019,2,7,19.4
Maule,2019,3,7,22.5
Maule,2019,4,7,23.94
Maule,2019,5,7,24.09
Maule,2019,6,7,23.67
Maule,2019,7,7,21.77
Maule,2019,8,7,21.97
Maule,2019,9,7,20.33
Maule,2019,10,7,19.07
Maule,2019,11,7,20.1
Maule,2019,12,7,17.8
Maule,2019,13,7,17.13
Maule,2019,14,7,16.77
Maule,2019,15,7,14.96
Maule,2019,16,7,14.6
Maule,2019,17,7,13.36
Maule,2019,18,7,13.94
Maule,2019,19,7,11.07
Maule,2019,20,7,11.01
Maule,2019,21,7,8.71
Maule,2019,22,7,11.76
Maule,2019,23,7,10.09
Maule,2019,24,7,8.74
Maule,2019,25,7,8.39
Maule,2019,26,7,8.3
Maule,2019,27,7,7.71
Maule,2019,28,7,9.3
Maule,2019,29,7,8.33
Maule,2019,30,7,7.04
Maule,2019,31,7,10.01
Maule,2019,32,7,7.03
Maule,2019,33,7,9.53
Maule,2019,34,7,11.17
Maule,2019,35,7,11.03
Maule,2019,36,7,9.77
Maule,2019,37,7,10.96
Maule,2019,38,7,10.01
Maule,2019,39,7,12.9
Maule,2019,40,7,9.79
Maule,2019,41,7,15.19
Maule,2019,42,7,13.93
Maule,2019,43,7,15.83
Maule,2019,44,7,14.79
Maule,2019,45,7,19.36
Maule,2019,46,7,21.34
Maule,2019,47,7,20.86
Maule,2019,48,7,18.4
Maule,2019,49,7,21.34
Maule,2019,50,7,21.24
Maule,2019,51,7,22.41
Maule,2019,52,7,23.16
Maule,2020,1,7,23.56
Maule,2020,2,7,21.49
Maule,2020,3,7,23.47
Maule,2020,4,7,25.07
Maule,2020,5,7,25.03
Maule,2020,6,7,21.84
Maule,2020,7,7,23.41
Maule,2020,8,7,21.67
Maule,2020,9,7,22.37
Maule,2020,10,7,23.43
Maule,2020,11,7,22.59
Maule,2020,12,7,19.76
Maule,2020,13,7,18.91
Maule,2020,14,7,18.56
Maule,2020,15,7,16.21
Maule,2020,16,7,17.26
Maule,2020,17,7,16.66
Maule,2020,18,7,13.13
Maule,2020,19,7,13.94
Maule,2020,20,7,13.61
Maule,2020,21,7,11.4
Maule,2020,22,7,10.77
Maule,2020,23,7,8.9
Maule,2020,24,7,8.2
Maule,2020,25,7,11.33
Maule,2020,26,7,8.79
Maule,2020,27,7,10.11
Maule,2020,28,7,8.51
Maule,2020,29,7,10.57
Maule,2020,30,7,8.27
Maule,2020,31,7,7.8
Maule,2020,32,7,10.0
Maule,2020,33,7,7.7
Maule,2020,34,7,8.84
Maule,2020,35,7,9.31
Maule,2020,36,7,9.69
Maule,2020,37,7,10.4
Maule,2020,38,7,12.07
Maule,2020,39,7,12.64
Maule,2020,40,7,10.46
Maule,2020,41,7,13.53
Maule,2020,42,7,16.14
Maule,2020,43,7,15.8
Maule,2020,44,7,16.03
Maule,2020,45,7,18.24
Maule,2020,46,7,18.34
Maule,2020,47,7,18.17
Maule,2020,48,7,19.86
Maule,2020,49,7,20.73
Maule,2020,50,7,19.76
Maule,2020,51,7,19.97
Maule,2020,52,7,23.14
Maule,2020,53,7,23.09
Maule,2021,1,7,22.07
Maule,2021,2,7,21.69
Maule,2021,3,7,23.5
Maule,2021,4,7,21.04
Maule,2021,5,7,19.09
Maule,2021,6,7,20.16
Maule,2021,7,7,18.74
Maule,2021,8,7,21.26
Maule,2021,9,7,22.09
Maule,2021,10,7,20.54
Maule,2021,11,7,17.69
Maule,2021,12,7,18.6
Maule,2021,13,7,16.6
Maule,2021,14,7,16.21
Maule,2021,15,7,16.83
Maule,2021,16,7,13.89
Maule,2021,17,7,13.2
Maule,2021,18,7,12.36
Maule,2021,19,7,9.9
Maule,2021,20,7,10.56
Maule,2021,21,7,10.61
Maule,2021,22,7,12.04
Maule,2021,23,7,11.27
Maule,2021,24,7,8.94
Maule,2021,25,7,8.57
Maule,2021,26,7,5.99
Maule,2021,27,7,7.71
Maule,2021,28,7,5.04
Maule,2021,29,7,9.13
Maule,2021,30,7,7.9
Maule,2021,31,7,8.96
Maule,2021,32,7,7.37
Maule,2021,33,7,10.99
Maule,2021,34,7,9.03
Maule,2021,35,7,11.23
Maule,2021,36,7,10.69
Maule,2021,37,7,10.26
Maule,2021,38,7,12.21
Maule,2021,39,7,11.4
Maule,2021,40,7,13.06
Maule,2021,41,7,12.96
Maule,2021,42,7,15.34
Maule,2021,43,7,18.83
Maule,2021,44,7,16.29
Maule,2021,45,7,17.47
Maule,2021,46,7,19.83
Maule,2021,47,7,20.21
Maule,2021,48,7,20.21
Maule,2021,49,7,18.86
Maule,2021,50,7,20.8
Maule,2021,51,7,24.06
Maule,2021,52,7,21.11
Maule,2022,1,7,23.04
Maule,2022,2,7,22.3
Maule,2022,3,7,19.37
Maule,2022,4,7,21.71
Maule,2022,5,7,22.06
Maule,2022,6,7,22.41
Maule,2022,7,7,21.6
Maule,2022,8,7,18.97
Maule,2022,9,7,20.33
Maule,2022,10,7,19.83
Maule,2022,11,7,19.93
Maule,2022,12,7,16.5
Maule,2022,13,7,16.2
Maule,2022,14,7,16.4
Maule,2022,15,7,13.83
Maule,2022,16,7,13.41
Maule,2022,17,7,10.7
Maule,2022,18,7,11.47
Maule,2022,19,7,10.84
Maule,2022,20,7,10.33
Maule,2022,21,7,7.49
Maule,2022,22,7,6.51
Maule,2022,23,7,8.63
Maule,2022,24,7,7.63
Maule,2022,25,7,9.17
Maule,2022,26,7,8.93
Maule,2022,27,7,7.99
Maule,2022,28,7,6.96
Maule,2022,29,7,8.59
Maule,2022,30,7,9.41
Maule,2022,31,7,8.09
Maule,2022,32,7,8.43
Maule,2022,33,7,9.07
Maule,2022,34,7,9.79
Maule,2022,35,7,11.01
Maule,2022,36,7,10.07
Maule,2022,37,7,10.5
Maule,2022,38,7,10.09
Maule,2022,39,7,13.29
Maule,2022,40,7,11.61
Maule,2022,41,7,13.73
Maule,2022,42,7,14.51
Maule,2022,43,7,15.49
Maule,2022,44,7,16.9
Maule,2022,45,7,15.91
Maule,2022,46,7,19.61
Maule,2022,47,7,22.56
Maule,2022,48,7,21.54
Maule,2022,49,7,23.59
Maule,2022,50,7,22.8
Maule,2022,51,7,21.39
Maule,2022,52,7,22.11
Maule,2023,1,7,22.29
Maule,2023,2,7,22.34
Maule,2023,3,7,21.91
Maule,2023,4,7,23.11
Maule,2023,5,7,24.07
Maule,2023,6,7,25.13
Maule,2023,7,7,22.21
Maule,2023,8,7,22.67
Maule,2023,9,7,22.96
Maule,2023,10,7,20.24
Maule,2023,11,7,21.3
Maule,2023,12,7,21.4
Maule,2023,13,7,18.27
Maule,2023,14,7,17.94
Maule,2023,15,7,16.79
Maule,2023,16,7,14.69
Maule,2023,17,7,14.79
Maule,2023,18,7,10.29
Maule,2023,19,7,13.46
Maule,2023,20,7,12.24
Maule,2023,21,7,10.59
Maule,2023,22,7,11.5
Maule,2023,23,7,10.3
Maule,2023,24,7,7.06
Maule,2023,25,7,13.09
Maule,2023,26,7,9.99
Maule,2023,27,7,10.46
Maule,2023,28,7,7.54
Maule,2023,29,7,9.93
Maule,2023,30,7,9.97
Maule,2023,31,7,10.07
Maule,2023,32,7,9.86
Maule,2023,33,7,11.79
Maule,2023,34,7,9.6
Maule,2023,35,7,10.09
Maule,2023,36,7,11.31
Maule,2023,37,7,11.14
Maule,2023,38,7,11.26
Maule,2023,39,7,11.81
Maule,2023,40,7,11.94
Maule,2023,41,7,13.89
Maule,2023,42,7,15.59
Maule,2023,43,7,14.23
Maule,2023,44,7,13.13
Maule,2023,45,7,14.16
Maule,2023,46,7,13.59
Maule,2023,47,7,17.67
Maule,2023,48,7,17.6
Maule,2023,49,7,20.13
Maule,2023,50,7,18.36
Maule,2023,51,7,20.53
Maule,2023,52,7,20.36
Maule,2024,1,7,22.1
Maule,2024,2,7,21.7
Maule,2024,3,7,23.41
Maule,2024,4,7,23.89
Maule,2024,5,7,25.76
Maule,2024,6,7,23.64
Maule,2024,7,7,23.3
Maule,2024,8,7,21.41
Maule,2024,9,7,22.57
Maule,2024,10,7,20.24
Maule,2024,11,7,18.57
Maule,2024,12,7,19.0
Maule,2024,13,7,19.63
Maule,2024,14,7,15.44
Maule,2024,15,7,14.41
Maule,2024,16,7,15.09
Maule,2024,17,7,11.8
Maule,2024,18,7,10.19
Maule,2024,19,7,8.4
Maule,2024,20,7,6.73
Maule,2024,21,7,8.23
Maule,2024,22,7,10.27
Maule,2024,23,7,11.46
Maule,2024,24,7,11.67
Maule,2024,25,7,9.13
Maule,2024,26,7,6.47
Maule,2024,27,7,5.89
Maule,2024,28,7,2.33
Maule,2024,29,7,6.06
Maule,2024,30,7,7.5
Maule,2024,31,7,9.77
Maule,2024,32,7,7.56
Maule,2024,33,7,8.94
Maule,2024,34,7,6.86
Maule,2024,35,7,9.73
Maule,2024,36,7,9.36
Maule,2024,37,7,10.86
Maule,2024,38,7,11.71
Maule,2024,39,7,11.46
Maule,2024,40,7,13.17
Maule,2024,41,7,14.64
Maule,2024,42,7,15.07
Maule,2024,43,7,16.09
Maule,2024,44,7,16.96
Maule,2024,45,7,17.54
Maule,2024,46,7,17.53
Maule,2024,47,7,19.26
Maule,2024,48,7,18.44
Maule,2024,49,7,17.9
Maule,2024,50,7,21.43
Maule,2024,51,7,22.3
Maule,2024,52,7,22.21
Maule,2025,1,7,23.67
Maule,2025,2,7,24.26
Maule,2025,3,7,23.83
Maule,2025,4,7,22.99
Maule,2025,5,7,23.39
Maule,2025,6,7,24.57
Maule,2025,7,7,21.74
Maule,2025,8,7,21.87
Maule,2025,9,7,22.46
Maule,2025,10,7,19.93
Maule,2025,11,7,19.83
Maule,2025,12,7,20.39
Maule,2025,13,7,16.64
Maule,2025,14,7,15.19
Maule,2025,15,7,14.31
Maule,2025,16,7,13.29
Maule,2025,17,7,14.07
Maule,2025,18,7,11.64
Maule,2025,19,7,12.29
Maule,2025,20,7,10.99
Maule,2025,21,7,10.64
Maule,2025,22,7,9.11
Maule,2025,23,7,8.94
Maule,2025,24,7,8.47
Maule,2025,25,7,8.36
Maule,2025,26,7,5.3
Maule,2025,27,7,7.07
Maule,2025,28,7,7.36
Maule,2025,29,7,8.31
Maule,2025,30,7,10.11
Maule,2025,31,7,10.96
Maule,2025,32,7,10.13
Maule,2025,33,7,12.27
Maule,2025,34,7,9.4
Maule,2025,35,7,11.99
Maule,2025,36,7,9.79
Maule,2025,37,7,12.2
Maule,2025,38,7,12.46
Maule,2025,39,7,12.4
Maule,2025,40,7,12.89
Maule,2025,41,7,14.03
Maule,2025,42,7,15.43
Maule,2025,43,7,15.26
Maule,2025,44,7,17.76
Maule,2025,45,7,16.41
Maule,2025,46,7,18.37
Maule,2025,47,7,21.57
Maule,2025,48,7,18.17
Maule,2025,49,7,22.44
Maule,2025,50,7,20.46
Maule,2025,51,7,21.14
Maule,2025,52,7,22.67
Maule,2026,1,7,23.6
Maule,2026,2,7,23.7
Maule,2026,3,7,23.73
Maule,2026,4,7,22.49
Maule,2026,5,7,23.96
Maule,2026,6,7,21.59
Maule,2026,7,7,21.5
Maule,2026,8,7,22.21
Maule,2026,9,7,22.4
Maule,2026,10,7,18.97
Maule,2026,11,7,20.63
Maule,2026,12,7,15.64
Maule,2026,13,7,14.34
Maule,2026,14,7,16.34
Maule,2026,15,7,14.79
Maule,2026,16,7,14.5
Maule,2026,17,7,11.84
Maule,2026,18,7,11.69
Maule,2026,19,7,11.51
Maule,2026,20,7,9.26
Maule,2026,21,7,7.26
Maule,2026,22,7,10.06
Maule,2026,23,7,10.93
Maule,2026,24,7,9.71
Maule,2026,25,7,7.87
Metropolitana,2014,1,13,22.36
Metropolitana,2014,2,13,23.07
Metropolitana,2014,3,13,22.4
Metropolitana,2014,4,13,19.76
Metropolitana,2014,5,13,21.01
Metropolitana,2014,6,13,19.91
Metropolitana,2014,7,13,20.37
Metropolitana,2014,8,13,21.44
Metropolitana,2014,9,13,19.09
Metropolitana,2014,10,13,21.1
Metropolitana,2014,11,13,19.09
Metropolitana,2014,12,13,21.31
Metropolitana,2014,13,13,18.53
Metropolitana,2014,14,13,15.74
Metropolitana,2014,15,13,15.37
Metropolitana,2014,16,13,17.81
Metropolitana,2014,17,13,16.96
Metropolitana,2014,18,13,14.5
Metropolitana,2014,19,13,15.59
Metropolitana,2014,20,13,14.06
Metropolitana,2014,21,13,8.97
Metropolitana,2014,22,13,9.81
Metropolitana,2014,23,13,6.71
Metropolitana,2014,24,13,7.1
Metropolitana,2014,25,13,10.29
Metropolitana,2014,26,13,8.81
Metropolitana,2014,27,13,6.77
Metropolitana,2014,28,13,9.11
Metropolitana,2014,29,13,9.91
Metropolitana,2014,30,13,7.54
Metropolitana,2014,31,13,12.83
Metropolitana,2014,32,13,10.2
Metropolitana,2014,33,13,10.8
Metropolitana,2014,34,13,12.09
Metropolitana,2014,35,13,10.34
Metropolitana,2014,36,13,10.56
Metropolitana,2014,37,13,10.09
Metropolitana,2014,38,13,13.07
Metropolitana,2014,39,13,11.37
Metropolitana,2014,40,13,13.99
Metropolitana,2014,41,13,14.39
Metropolitana,2014,42,13,16.04
Metropolitana,2014,43,13,20.67
Metropolitana,2014,44,13,15.16
Metropolitana,2014,45,13,17.29
Metropolitana,2014,46,13,19.83
Metropolitana,2014,47,13,17.56
Metropolitana,2014,48,13,16.09
Metropolitana,2014,49,13,18.96
Metropolitana,2014,50,13,19.71
Metropolitana,2014,51,13,17.49
Metropolitana,2014,52,13,21.07
Metropolitana,2015,1,13,21.64
Metropolitana,2015,2,13,23.51
Metropolitana,2015,3,13,22.89
Metropolitana,2015,4,13,21.37
Metropolitana,2015,5,13,22.81
Metropolitana,2015,6,13,22.67
Metropolitana,2015,7,13,23.86
Metropolitana,2015,8,13,20.86
Metropolitana,2015,9,13,19.09
Metropolitana,2015,10,13,20.36
Metropolitana,2015,11,13,23.24
Metropolitana,2015,12,13,23.06
Metropolitana,2015,13,13,19.51
Metropolitana,2015,14,13,19.74
Metropolitana,2015,15,13,19.63
Metropolitana,2015,16,13,16.76
Metropolitana,2015,17,13,18.04
Metropolitana,2015,18,13,17.33
Metropolitana,2015,19,13,14.29
Metropolitana,2015,20,13,15.44
Metropolitana,2015,21,13,14.03
Metropolitana,2015,22,13,12.61
Metropolitana,2015,23,13,14.4
Metropolitana,2015,24,13,9.87
Metropolitana,2015,25,13,10.79
Metropolitana,2015,26,13,11.67
Metropolitana,2015,27,13,9.69
Metropolitana,2015,28,13,10.67
Metropolitana,2015,29,13,7.39
Metropolitana,2015,30,13,9.2
Metropolitana,2015,31,13,10.74
Metropolitana,2015,32,13,10.63
Metropolitana,2015,33,13,7.57
Metropolitana,2015,34,13,11.29
Metropolitana,2015,35,13,14.17
Metropolitana,2015,36,13,14.56
Metropolitana,2015,37,13,10.37
Metropolitana,2015,38,13,12.31
Metropolitana,2015,39,13,10.1
Metropolitana,2015,40,13,13.83
Metropolitana,2015,41,13,10.43
Metropolitana,2015,42,13,12.06
Metropolitana,2015,43,13,13.06
Metropolitana,2015,44,13,15.54
Metropolitana,2015,45,13,15.4
Metropolitana,2015,46,13,15.66
Metropolitana,2015,47,13,15.09
Metropolitana,2015,48,13,16.77
Metropolitana,2015,49,13,19.59
Metropolitana,2015,50,13,20.41
Metropolitana,2015,51,13,19.86
Metropolitana,2015,52,13,21.53
Metropolitana,2015,53,13,21.61
Metropolitana,2016,1,13,21.51
Metropolitana,2016,2,13,21.66
Metropolitana,2016,3,13,21.84
Metropolitana,2016,4,13,21.17
Metropolitana,2016,5,13,22.53
Metropolitana,2016,6,13,22.37
Metropolitana,2016,7,13,22.86
Metropolitana,2016,8,13,23.66
Metropolitana,2016,9,13,23.29
Metropolitana,2016,10,13,21.87
Metropolitana,2016,11,13,21.53
Metropolitana,2016,12,13,20.97
Metropolitana,2016,13,13,18.5
Metropolitana,2016,14,13,16.43
Metropolitana,2016,15,13,15.6
Metropolitana,2016,16,13,13.03
Metropolitana,2016,17,13,13.81
Metropolitana,2016,18,13,14.69
Metropolitana,2016,19,13,12.53
Metropolitana,2016,20,13,12.11
Metropolitana,2016,21,13,13.03
Metropolitana,2016,22,13,8.79
Metropolitana,2016,23,13,7.37
Metropolitana,2016,24,13,9.73
Metropolitana,2016,25,13,9.17
Metropolitana,2016,26,13,11.56
Metropolitana,2016,27,13,8.74
Metropolitana,2016,28,13,8.3
Metropolitana,2016,29,13,10.84
Metropolitana,2016,30,13,10.46
Metropolitana,2016,31,13,10.84
Metropolitana,2016,32,13,12.27
Metropolitana,2016,33,13,10.99
Metropolitana,2016,34,13,11.89
Metropolitana,2016,35,13,10.03
Metropolitana,2016,36,13,14.03
Metropolitana,2016,37,13,13.54
Metropolitana,2016,38,13,17.8
Metropolitana,2016,39,13,16.01
Metropolitana,2016,40,13,16.99
Metropolitana,2016,41,13,15.4
Metropolitana,2016,42,13,11.73
Metropolitana,2016,43,13,16.59
Metropolitana,2016,44,13,18.24
Metropolitana,2016,45,13,21.01
Metropolitana,2016,46,13,19.96
Metropolitana,2016,47,13,16.71
Metropolitana,2016,48,13,20.84
Metropolitana,2016,49,13,18.39
Metropolitana,2016,50,13,22.09
Metropolitana,2016,51,13,19.87
Metropolitana,2016,52,13,19.67
Metropolitana,2017,1,13,21.84
Metropolitana,2017,2,13,23.13
Metropolitana,2017,3,13,24.77
Metropolitana,2017,4,13,24.63
Metropolitana,2017,5,13,21.46
Metropolitana,2017,6,13,21.1
Metropolitana,2017,7,13,21.13
Metropolitana,2017,8,13,23.8
Metropolitana,2017,9,13,21.31
Metropolitana,2017,10,13,20.6
Metropolitana,2017,11,13,20.26
Metropolitana,2017,12,13,18.39
Metropolitana,2017,13,13,17.26
Metropolitana,2017,14,13,16.14
Metropolitana,2017,15,13,17.67
Metropolitana,2017,16,13,16.21
Metropolitana,2017,17,13,16.33
Metropolitana,2017,18,13,14.81
Metropolitana,2017,19,13,13.43
Metropolitana,2017,20,13,10.53
Metropolitana,2017,21,13,10.3
Metropolitana,2017,22,13,10.6
Metropolitana,2017,23,13,9.91
Metropolitana,2017,24,13,9.51
Metropolitana,2017,25,13,11.27
Metropolitana,2017,26,13,11.9
Metropolitana,2017,27,13,9.64
Metropolitana,2017,28,13,8.17
Metropolitana,2017,29,13,11.51
Metropolitana,2017,30,13,10.53
Metropolitana,2017,31,13,10.41
Metropolitana,2017,32,13,8.76
Metropolitana,2017,33,13,11.01
Metropolitana,2017,34,13,10.77
Metropolitana,2017,35,13,10.49
Metropolitana,2017,36,13,9.77
Metropolitana,2017,37,13,12.17
Metropolitana,2017,38,13,13.64
Metropolitana,2017,39,13,13.73
Metropolitana,2017,40,13,12.6
Metropolitana,2017,41,13,13.1
Metropolitana,2017,42,13,15.04
Metropolitana,2017,43,13,14.97
Metropolitana,2017,44,13,13.69
Metropolitana,2017,45,13,19.21
Metropolitana,2017,46,13,17.91
Metropolitana,2017,47,13,19.79
Metropolitana,2017,48,13,18.0
Metropolitana,2017,49,13,19.76
Metropolitana,2017,50,13,20.4
Metropolitana,2017,51,13,22.09
Metropolitana,2017,52,13,22.07
Metropolitana,2018,1,13,22.07
Metropolitana,2018,2,13,20.96
Metropolitana,2018,3,13,20.74
Metropolitana,2018,4,13,21.11
Metropolitana,2018,5,13,21.81
Metropolitana,2018,6,13,21.69
Metropolitana,2018,7,13,21.86
Metropolitana,2018,8,13,20.99
Metropolitana,2018,9,13,19.94
Metropolitana,2018,10,13,20.04
Metropolitana,2018,11,13,18.46
Metropolitana,2018,12,13,18.7
Metropolitana,2018,13,13,20.03
Metropolitana,2018,14,13,17.3
Metropolitana,2018,15,13,16.2
Metropolitana,2018,16,13,17.07
Metropolitana,2018,17,13,16.13
Metropolitana,2018,18,13,15.41
Metropolitana,2018,19,13,14.69
Metropolitana,2018,20,13,14.14
Metropolitana,2018,21,13,14.77
Metropolitana,2018,22,13,9.5
Metropolitana,2018,23,13,11.07
Metropolitana,2018,24,13,9.7
Metropolitana,2018,25,13,11.57
Metropolitana,2018,26,13,10.6
Metropolitana,2018,27,13,10.84
Metropolitana,2018,28,13,11.71
Metropolitana,2018,29,13,7.47
Metropolitana,2018,30,13,8.96
Metropolitana,2018,31,13,9.67
Metropolitana,2018,32,13,12.3
Metropolitana,2018,33,13,11.9
Metropolitana,2018,34,13,11.19
Metropolitana,2018,35,13,11.69
Metropolitana,2018,36,13,14.9
Metropolitana,2018,37,13,13.34
Metropolitana,2018,38,13,12.93
Metropolitana,2018,39,13,12.89
Metropolitana,2018,40,13,14.66
Metropolitana,2018,41,13,12.29
Metropolitana,2018,42,13,13.61
Metropolitana,2018,43,13,17.29
Metropolitana,2018,44,13,15.84
Metropolitana,2018,45,13,20.17
Metropolitana,2018,46,13,17.7
Metropolitana,2018,47,13,22.29
Metropolitana,2018,48,13,20.21
Metropolitana,2018,49,13,18.63
Metropolitana,2018,50,13,19.46
Metropolitana,2018,51,13,20.7
Metropolitana,2018,52,13,21.0
Metropolitana,2019,1,13,22.26
Metropolitana,2019,2,13,18.61
Metropolitana,2019,3,13,21.27
Metropolitana,2019,4,13,24.14
Metropolitana,2019,5,13,23.87
Metropolitana,2019,6,13,23.31
Metropolitana,2019,7,13,20.96
Metropolitana,2019,8,13,21.41
Metropolitana,2019,9,13,21.09
Metropolitana,2019,10,13,19.51
Metropolitana,2019,11,13,19.7
Metropolitana,2019,12,13,20.11
Metropolitana,2019,13,13,17.86
Metropolitana,2019,14,13,19.31
Metropolitana,2019,15,13,14.74
Metropolitana,2019,16,13,16.37
Metropolitana,2019,17,13,13.9
Metropolitana,2019,18,13,15.96
Metropolitana,2019,19,13,13.04
Metropolitana,2019,20,13,14.5
Metropolitana,2019,21,13,11.07
Metropolitana,2019,22,13,11.6
Metropolitana,2019,23,13,12.74
Metropolitana,2019,24,13,9.33
Metropolitana,2019,25,13,11.49
Metropolitana,2019,26,13,7.5
Metropolitana,2019,27,13,10.94
Metropolitana,2019,28,13,9.61
Metropolitana,2019,29,13,11.13
Metropolitana,2019,30,13,8.26
Metropolitana,2019,31,13,12.96
Metropolitana,2019,32,13,8.86
Metropolitana,2019,33,13,11.97
Metropolitana,2019,34,13,14.89
Metropolitana,2019,35,13,15.37
Metropolitana,2019,36,13,12.46
Metropolitana,2019,37,13,11.93
Metropolitana,2019,38,13,13.13
Metropolitana,2019,39,13,14.56
Metropolitana,2019,40,13,11.66
Metropolitana,2019,41,13,19.47
Metropolitana,2019,42,13,13.63
Metropolitana,2019,43,13,17.37
Metropolitana,2019,44,13,16.09
Metropolitana,2019,45,13,20.81
Metropolitana,2019,46,13,21.31
Metropolitana,2019,47,13,21.47
Metropolitana,2019,48,13,19.61
Metropolitana,2019,49,13,20.91
Metropolitana,2019,50,13,20.87
Metropolitana,2019,51,13,23.03
Metropolitana,2019,52,13,23.64
Metropolitana,2020,1,13,22.34
Metropolitana,2020,2,13,21.4
Metropolitana,2020,3,13,23.96
Metropolitana,2020,4,13,23.71
Metropolitana,2020,5,13,23.63
Metropolitana,2020,6,13,21.79
Metropolitana,2020,7,13,22.89
Metropolitana,2020,8,13,22.0
Metropolitana,2020,9,13,22.19
Metropolitana,2020,10,13,22.6
Metropolitana,2020,11,13,22.36
Metropolitana,2020,12,13,18.51
Metropolitana,2020,13,13,18.71
Metropolitana,2020,14,13,20.31
Metropolitana,2020,15,13,17.5
Metropolitana,2020,16,13,17.69
Metropolitana,2020,17,13,17.44
Metropolitana,2020,18,13,15.53
Metropolitana,2020,19,13,17.06
Metropolitana,2020,20,13,15.87
Metropolitana,2020,21,13,13.64
Metropolitana,2020,22,13,14.39
Metropolitana,2020,23,13,10.26
Metropolitana,2020,24,13,10.06
Metropolitana,2020,25,13,10.01
Metropolitana,2020,26,13,9.16
Metropolitana,2020,27,13,9.27
Metropolitana,2020,28,13,9.79
Metropolitana,2020,29,13,12.53
Metropolitana,2020,30,13,8.7
Metropolitana,2020,31,13,11.69
Metropolitana,2020,32,13,12.36
Metropolitana,2020,33,13,8.56
Metropolitana,2020,34,13,10.99
Metropolitana,2020,35,13,9.46
Metropolitana,2020,36,13,11.04
Metropolitana,2020,37,13,12.69
Metropolitana,2020,38,13,15.67
Metropolitana,2020,39,13,15.03
Metropolitana,2020,40,13,11.31
Metropolitana,2020,41,13,16.03
Metropolitana,2020,42,13,17.93
Metropolitana,2020,43,13,16.41
Metropolitana,2020,44,13,16.69
Metropolitana,2020,45,13,18.71
Metropolitana,2020,46,13,17.23
Metropolitana,2020,47,13,16.63
Metropolitana,2020,48,13,20.27
Metropolitana,2020,49,13,20.44
Metropolitana,2020,50,13,20.23
Metropolitana,2020,51,13,20.19
Metropolitana,2020,52,13,22.13
Metropolitana,2020,53,13,22.01
Metropolitana,2021,1,13,20.53
Metropolitana,2021,2,13,21.34
Metropolitana,2021,3,13,22.2
Metropolitana,2021,4,13,20.03
Metropolitana,2021,5,13,18.51
Metropolitana,2021,6,13,19.03
Metropolitana,2021,7,13,18.74
Metropolitana,2021,8,13,21.2
Metropolitana,2021,9,13,21.6
Metropolitana,2021,10,13,20.3
Metropolitana,2021,11,13,16.03
Metropolitana,2021,12,13,18.23
Metropolitana,2021,13,13,16.43
Metropolitana,2021,14,13,16.27
Metropolitana,2021,15,13,17.83
Metropolitana,2021,16,13,14.7
Metropolitana,2021,17,13,14.79
Metropolitana,2021,18,13,14.27
Metropolitana,2021,19,13,15.79
Metropolitana,2021,20,13,12.26
Metropolitana,2021,21,13,13.77
Metropolitana,2021,22,13,13.97
Metropolitana,2021,23,13,13.51
Metropolitana,2021,24,13,10.84
Metropolitana,2021,25,13,8.89
Metropolitana,2021,26,13,10.99
Metropolitana,2021,27,13,10.74
Metropolitana,2021,28,13,9.24
Metropolitana,2021,29,13,13.1
Metropolitana,2021,30,13,12.0
Metropolitana,2021,31,13,12.07
Metropolitana,2021,32,13,9.71
Metropolitana,2021,33,13,10.66
Metropolitana,2021,34,13,10.4
Metropolitana,2021,35,13,11.1
Metropolitana,2021,36,13,10.97
Metropolitana,2021,37,13,11.66
Metropolitana,2021,38,13,13.77
Metropolitana,2021,39,13,14.26
Metropolitana,2021,40,13,14.46
Metropolitana,2021,41,13,13.77
Metropolitana,2021,42,13,16.1
Metropolitana,2021,43,13,20.11
Metropolitana,2021,44,13,16.29
Metropolitana,2021,45,13,17.39
Metropolitana,2021,46,13,19.21
Metropolitana,2021,47,13,19.51
Metropolitana,2021,48,13,19.7
Metropolitana,2021,49,13,18.27
Metropolitana,2021,50,13,19.79
Metropolitana,2021,51,13,22.29
Metropolitana,2021,52,13,20.49
Metropolitana,2022,1,13,21.13
Metropolitana,2022,2,13,20.33
Metropolitana,2022,3,13,19.11
Metropolitana,2022,4,13,19.73
Metropolitana,2022,5,13,21.04
Metropolitana,2022,6,13,20.86
Metropolitana,2022,7,13,20.59
Metropolitana,2022,8,13,18.57
Metropolitana,2022,9,13,20.81
Metropolitana,2022,10,13,20.24
Metropolitana,2022,11,13,20.41
Metropolitana,2022,12,13,17.89
Metropolitana,2022,13,13,18.3
Metropolitana,2022,14,13,18.07
Metropolitana,2022,15,13,15.7
Metropolitana,2022,16,13,14.99
Metropolitana,2022,17,13,14.04
Metropolitana,2022,18,13,14.76
Metropolitana,2022,19,13,14.87
Metropolitana,2022,20,13,12.57
Metropolitana,2022,21,13,11.2
Metropolitana,2022,22,13,8.9
Metropolitana,2022,23,13,11.71
Metropolitana,2022,24,13,9.37
Metropolitana,2022,25,13,9.73
Metropolitana,2022,26,13,9.41
Metropolitana,2022,27,13,7.97
Metropolitana,2022,28,13,6.44
Metropolitana,2022,29,13,11.21
Metropolitana,2022,30,13,10.97
Metropolitana,2022,31,13,8.67
Metropolitana,2022,32,13,10.71
Metropolitana,2022,33,13,11.99
Metropolitana,2022,34,13,12.89
Metropolitana,2022,35,13,13.06
Metropolitana,2022,36,13,11.74
Metropolitana,2022,37,13,11.57
Metropolitana,2022,38,13,10.74
Metropolitana,2022,39,13,14.17
Metropolitana,2022,40,13,13.81
Metropolitana,2022,41,13,16.04
Metropolitana,2022,42,13,15.23
Metropolitana,2022,43,13,16.1
Metropolitana,2022,44,13,17.14
Metropolitana,2022,45,13,15.24
Metropolitana,2022,46,13,20.93
Metropolitana,2022,47,13,22.44
Metropolitana,2022,48,13,19.96
Metropolitana,2022,49,13,23.83
Metropolitana,2022,50,13,22.84
Metropolitana,2022,51,13,21.19
Metropolitana,2022,52,13,20.86
Metropolitana,2023,1,13,22.07
Metropolitana,2023,2,13,21.34
Metropolitana,2023,3,13,20.43
Metropolitana,2023,4,13,22.51
Metropolitana,2023,5,13,23.21
Metropolitana,2023,6,13,24.64
Metropolitana,2023,7,13,22.79
Metropolitana,2023,8,13,22.7
Metropolitana,2023,9,13,23.21
Metropolitana,2023,10,13,20.66
Metropolitana,2023,11,13,21.01
Metropolitana,2023,12,13,22.67
Metropolitana,2023,13,13,21.07
Metropolitana,2023,14,13,21.1
Metropolitana,2023,15,13,16.59
Metropolitana,2023,16,13,16.39
Metropolitana,2023,17,13,15.3
Metropolitana,2023,18,13,12.34
Metropolitana,2023,19,13,19.07
Metropolitana,2023,20,13,13.36
Metropolitana,2023,21,13,12.24
Metropolitana,2023,22,13,14.39
Metropolitana,2023,23,13,12.64
Metropolitana,2023,24,13,12.14
Metropolitana,2023,25,13,12.81
Metropolitana,2023,26,13,12.89
Metropolitana,2023,27,13,10.74
Metropolitana,2023,28,13,11.13
Metropolitana,2023,29,13,12.31
Metropolitana,2023,30,13,14.07
Metropolitana,2023,31,13,14.99
Metropolitana,2023,32,13,13.49
Metropolitana,2023,33,13,12.61
Metropolitana,2023,34,13,10.84
Metropolitana,2023,35,13,12.01
Metropolitana,2023,36,13,11.74
Metropolitana,2023,37,13,12.37
Metropolitana,2023,38,13,12.47
Metropolitana,2023,39,13,13.06
Metropolitana,2023,40,13,12.69
Metropolitana,2023,41,13,15.27
Metropolitana,2023,42,13,15.49
Metropolitana,2023,43,13,14.0
Metropolitana,2023,44,13,14.26
Metropolitana,2023,45,13,15.46
Metropolitana,2023,46,13,14.86
Metropolitana,2023,47,13,18.77
Metropolitana,2023,48,13,17.91
Metropolitana,2023,49,13,20.53
Metropolitana,2023,50,13,19.46
Metropolitana,2023,51,13,20.46
Metropolitana,2023,52,13,19.97
Metropolitana,2024,1,13,20.87
Metropolitana,2024,2,13,21.27
Metropolitana,2024,3,13,23.14
Metropolitana,2024,4,13,23.3
Metropolitana,2024,5,13,25.64
Metropolitana,2024,6,13,23.54
Metropolitana,2024,7,13,23.19
Metropolitana,2024,8,13,20.5
Metropolitana,2024,9,13,22.94
Metropolitana,2024,10,13,20.97
Metropolitana,2024,11,13,19.9
Metropolitana,2024,12,13,21.47
Metropolitana,2024,13,13,21.54
Metropolitana,2024,14,13,18.71
Metropolitana,2024,15,13,16.07
Metropolitana,2024,16,13,17.17
Metropolitana,2024,17,13,14.37
Metropolitana,2024,18,13,10.99
Metropolitana,2024,19,13,9.36
Metropolitana,2024,20,13,8.76
Metropolitana,2024,21,13,9.71
Metropolitana,2024,22,13,13.74
Metropolitana,2024,23,13,14.1
Metropolitana,2024,24,13,10.86
Metropolitana,2024,25,13,8.69
Metropolitana,2024,26,13,10.54
Metropolitana,2024,27,13,11.66
Metropolitana,2024,28,13,8.0
Metropolitana,2024,29,13,11.16
Metropolitana,2024,30,13,11.01
Metropolitana,2024,31,13,11.49
Metropolitana,2024,32,13,9.93
Metropolitana,2024,33,13,12.19
Metropolitana,2024,34,13,8.06
Metropolitana,2024,35,13,11.51
Metropolitana,2024,36,13,12.33
Metropolitana,2024,37,13,13.5
Metropolitana,2024,38,13,12.97
Metropolitana,2024,39,13,13.97
Metropolitana,2024,40,13,15.63
Metropolitana,2024,41,13,14.21
Metropolitana,2024,42,13,16.46
Metropolitana,2024,43,13,16.69
Metropolitana,2024,44,13,17.43
Metropolitana,2024,45,13,18.84
Metropolitana,2024,46,13,19.34
Metropolitana,2024,47,13,19.49
Metropolitana,2024,48,13,18.94
Metropolitana,2024,49,13,18.04
Metropolitana,2024,50,13,21.06
Metropolitana,2024,51,13,22.19
Metropolitana,2024,52,13,21.64
Metropolitana,2025,1,13,23.06
Metropolitana,2025,2,13,22.9
Metropolitana,2025,3,13,23.24
Metropolitana,2025,4,13,22.71
Metropolitana,2025,5,13,23.1
Metropolitana,2025,6,13,24.74
Metropolitana,2025,7,13,21.96
Metropolitana,2025,8,13,22.57
Metropolitana,2025,9,13,22.46
Metropolitana,2025,10,13,21.4
Metropolitana,2025,11,13,21.27
Metropolitana,2025,12,13,21.17
Metropolitana,2025,13,13,17.21
Metropolitana,2025,14,13,16.27
Metropolitana,2025,15,13,16.51
Metropolitana,2025,16,13,17.01
Metropolitana,2025,17,13,15.74
Metropolitana,2025,18,13,14.76
Metropolitana,2025,19,13,13.54
Metropolitana,2025,20,13,11.9
Metropolitana,2025,21,13,14.7
Metropolitana,2025,22,13,11.57
Metropolitana,2025,23,13,11.14
Metropolitana,2025,24,13,10.1
Metropolitana,2025,25,13,8.13
Metropolitana,2025,26,13,7.83
Metropolitana,2025,27,13,11.64
Metropolitana,2025,28,13,9.03
Metropolitana,2025,29,13,10.36
Metropolitana,2025,30,13,10.69
Metropolitana,2025,31,13,10.77
Metropolitana,2025,32,13,11.96
Metropolitana,2025,33,13,13.2
Metropolitana,2025,34,13,7.73
Metropolitana,2025,35,13,10.64
Metropolitana,2025,36,13,10.61
Metropolitana,2025,37,13,14.46
Metropolitana,2025,38,13,13.86
Metropolitana,2025,39,13,13.93
Metropolitana,2025,40,13,15.8
Metropolitana,2025,41,13,16.2
Metropolitana,2025,42,13,18.29
Metropolitana,2025,43,13,16.7
Metropolitana,2025,44,13,18.3
Metropolitana,2025,45,13,15.57
Metropolitana,2025,46,13,18.63
Metropolitana,2025,47,13,21.27
Metropolitana,2025,48,13,17.93
Metropolitana,2025,49,13,21.29
Metropolitana,2025,50,13,18.97
Metropolitana,2025,51,13,20.74
Metropolitana,2025,52,13,22.61
Metropolitana,2026,1,13,22.57
Metropolitana,2026,2,13,21.67
Metropolitana,2026,3,13,23.69
Metropolitana,2026,4,13,22.14
Metropolitana,2026,5,13,22.04
Metropolitana,2026,6,13,22.6
Metropolitana,2026,7,13,22.47
Metropolitana,2026,8,13,23.04
Metropolitana,2026,9,13,22.99
Metropolitana,2026,10,13,21.54
Metropolitana,2026,11,13,21.6
Metropolitana,2026,12,13,17.4
Metropolitana,2026,13,13,17.99
Metropolitana,2026,14,13,20.13
Metropolitana,2026,15,13,17.06
Metropolitana,2026,16,13,17.53
Metropolitana,2026,17,13,14.17
Metropolitana,2026,18,13,16.2
Metropolitana,2026,19,13,13.39
Metropolitana,2026,20,13,13.09
Metropolitana,2026,21,13,9.6
Metropolitana,2026,22,13,13.07
Metropolitana,2026,23,13,12.3
Metropolitana,2026,24,13,11.36
Metropolitana,2026,25,13,12.33
O'Higgins,2014,1,6,22.34
O'Higgins,2014,2,6,23.57
O'Higgins,2014,3,6,23.19
O'Higgins,2014,4,6,20.89
O'Higgins,2014,5,6,22.14
O'Higgins,2014,6,6,20.81
O'Higgins,2014,7,6,21.73
O'Higgins,2014,8,6,21.84
O'Higgins,2014,9,6,19.76
O'Higgins,2014,10,6,21.03
O'Higgins,2014,11,6,20.04
O'Higgins,2014,12,6,21.29
O'Higgins,2014,13,6,18.76
O'Higgins,2014,14,6,16.21
O'Higgins,2014,15,6,13.91
O'Higgins,2014,16,6,15.8
O'Higgins,2014,17,6,15.53
O'Higgins,2014,18,6,13.77
O'Higgins,2014,19,6,14.27
O'Higgins,2014,20,6,13.81
O'Higgins,2014,21,6,8.07
O'Higgins,2014,22,6,8.36
O'Higgins,2014,23,6,5.46
O'Higgins,2014,24,6,4.63
O'Higgins,2014,25,6,8.3
O'Higgins,2014,26,6,6.47
O'Higgins,2014,27,6,5.77
O'Higgins,2014,28,6,8.26
O'Higgins,2014,29,6,9.8
O'Higgins,2014,30,6,6.83
O'Higgins,2014,31,6,12.74
O'Higgins,2014,32,6,9.61
O'Higgins,2014,33,6,10.26
O'Higgins,2014,34,6,11.74
O'Higgins,2014,35,6,10.83
O'Higgins,2014,36,6,11.11
O'Higgins,2014,37,6,9.77
O'Higgins,2014,38,6,12.86
O'Higgins,2014,39,6,11.51
O'Higgins,2014,40,6,14.39
O'Higgins,2014,41,6,13.66
O'Higgins,2014,42,6,15.99
O'Higgins,2014,43,6,19.26
O'Higgins,2014,44,6,15.47
O'Higgins,2014,45,6,17.06
O'Higgins,2014,46,6,20.11
O'Higgins,2014,47,6,17.96
O'Higgins,2014,48,6,16.64
O'Higgins,2014,49,6,18.47
O'Higgins,2014,50,6,19.97
O'Higgins,2014,51,6,17.97
O'Higgins,2014,52,6,21.11
O'Higgins,2015,1,6,22.1
O'Higgins,2015,2,6,24.17
O'Higgins,2015,3,6,24.23
O'Higgins,2015,4,6,22.66
O'Higgins,2015,5,6,24.11
O'Higgins,2015,6,6,24.1
O'Higgins,2015,7,6,24.34
O'Higgins,2015,8,6,22.11
O'Higgins,2015,9,6,20.2
O'Higgins,2015,10,6,21.46
O'Higgins,2015,11,6,23.41
O'Higgins,2015,12,6,23.14
O'Higgins,2015,13,6,19.76
O'Higgins,2015,14,6,19.0
O'Higgins,2015,15,6,18.84
O'Higgins,2015,16,6,16.39
O'Higgins,2015,17,6,16.63
O'Higgins,2015,18,6,16.33
O'Higgins,2015,19,6,12.9
O'Higgins,2015,20,6,14.03
O'Higgins,2015,21,6,13.24
O'Higgins,2015,22,6,11.31
O'Higgins,2015,23,6,13.89
O'Higgins,2015,24,6,8.2
O'Higgins,2015,25,6,8.89
O'Higgins,2015,26,6,10.14
O'Higgins,2015,27,6,9.16
O'Higgins,2015,28,6,9.49
O'Higgins,2015,29,6,7.1
O'Higgins,2015,30,6,8.09
O'Higgins,2015,31,6,11.24
O'Higgins,2015,32,6,10.83
O'Higgins,2015,33,6,7.16
O'Higgins,2015,34,6,11.11
O'Higgins,2015,35,6,13.81
O'Higgins,2015,36,6,13.91
O'Higgins,2015,37,6,9.91
O'Higgins,2015,38,6,12.16
O'Higgins,2015,39,6,10.29
O'Higgins,2015,40,6,13.93
O'Higgins,2015,41,6,10.73
O'Higgins,2015,42,6,11.99
O'Higgins,2015,43,6,13.64
O'Higgins,2015,44,6,15.71
O'Higgins,2015,45,6,15.54
O'Higgins,2015,46,6,15.8
O'Higgins,2015,47,6,15.16
O'Higgins,2015,48,6,17.07
O'Higgins,2015,49,6,19.8
O'Higgins,2015,50,6,20.61
O'Higgins,2015,51,6,19.86
O'Higgins,2015,52,6,21.29
O'Higgins,2015,53,6,22.26
O'Higgins,2016,1,6,22.2
O'Higgins,2016,2,6,22.44
O'Higgins,2016,3,6,22.69
O'Higgins,2016,4,6,21.89
O'Higgins,2016,5,6,23.14
O'Higgins,2016,6,6,22.74
O'Higgins,2016,7,6,23.0
O'Higgins,2016,8,6,23.64
O'Higgins,2016,9,6,23.49
O'Higgins,2016,10,6,21.83
O'Higgins,2016,11,6,21.49
O'Higgins,2016,12,6,20.44
O'Higgins,2016,13,6,18.93
O'Higgins,2016,14,6,16.71
O'Higgins,2016,15,6,15.59
O'Higgins,2016,16,6,13.03
O'Higgins,2016,17,6,12.99
O'Higgins,2016,18,6,14.4
O'Higgins,2016,19,6,13.24
O'Higgins,2016,20,6,12.34
O'Higgins,2016,21,6,13.16
O'Higgins,2016,22,6,8.99
O'Higgins,2016,23,6,5.97
O'Higgins,2016,24,6,9.3
O'Higgins,2016,25,6,8.01
O'Higgins,2016,26,6,11.31
O'Higgins,2016,27,6,7.5
O'Higgins,2016,28,6,7.57
O'Higgins,2016,29,6,10.16
O'Higgins,2016,30,6,9.63
O'Higgins,2016,31,6,10.09
O'Higgins,2016,32,6,12.2
O'Higgins,2016,33,6,10.47
O'Higgins,2016,34,6,11.81
O'Higgins,2016,35,6,9.7
O'Higgins,2016,36,6,13.3
O'Higgins,2016,37,6,12.81
O'Higgins,2016,38,6,16.57
O'Higgins,2016,39,6,15.81
O'Higgins,2016,40,6,16.29
O'Higgins,2016,41,6,16.0
O'Higgins,2016,42,6,11.9
O'Higgins,2016,43,6,16.17
O'Higgins,2016,44,6,16.86
O'Higgins,2016,45,6,20.8
O'Higgins,2016,46,6,19.4
O'Higgins,2016,47,6,17.7
O'Higgins,2016,48,6,20.64
O'Higgins,2016,49,6,18.8
O'Higgins,2016,50,6,22.76
O'Higgins,2016,51,6,20.9
O'Higgins,2016,52,6,20.53
O'Higgins,2017,1,6,20.69
O'Higgins,2017,2,6,22.57
O'Higgins,2017,3,6,24.5
O'Higgins,2017,4,6,24.61
O'Higgins,2017,5,6,20.96
O'Higgins,2017,6,6,20.77
O'Higgins,2017,7,6,20.43
O'Higgins,2017,8,6,23.67
O'Higgins,2017,9,6,19.97
O'Higgins,2017,10,6,18.51
O'Higgins,2017,11,6,19.66
O'Higgins,2017,12,6,18.19
O'Higgins,2017,13,6,16.34
O'Higgins,2017,14,6,14.74
O'Higgins,2017,15,6,15.96
O'Higgins,2017,16,6,14.24
O'Higgins,2017,17,6,13.07
O'Higgins,2017,18,6,12.87
O'Higgins,2017,19,6,12.53
O'Higgins,2017,20,6,9.51
O'Higgins,2017,21,6,9.06
O'Higgins,2017,22,6,8.2
O'Higgins,2017,23,6,6.8
O'Higgins,2017,24,6,8.8
O'Higgins,2017,25,6,9.69
O'Higgins,2017,26,6,10.96
O'Higgins,2017,27,6,8.26
O'Higgins,2017,28,6,7.31
O'Higgins,2017,29,6,9.51
O'Higgins,2017,30,6,8.81
O'Higgins,2017,31,6,9.13
O'Higgins,2017,32,6,8.0
O'Higgins,2017,33,6,8.97
O'Higgins,2017,34,6,9.87
O'Higgins,2017,35,6,9.54
O'Higgins,2017,36,6,8.63
O'Higgins,2017,37,6,11.19
O'Higgins,2017,38,6,12.44
O'Higgins,2017,39,6,12.03
O'Higgins,2017,40,6,11.83
O'Higgins,2017,41,6,11.94
O'Higgins,2017,42,6,13.0
O'Higgins,2017,43,6,13.94
O'Higgins,2017,44,6,12.71
O'Higgins,2017,45,6,17.21
O'Higgins,2017,46,6,15.74
O'Higgins,2017,47,6,18.44
O'Higgins,2017,48,6,17.67
O'Higgins,2017,49,6,19.63
O'Higgins,2017,50,6,19.21
O'Higgins,2017,51,6,20.9
O'Higgins,2017,52,6,21.34
O'Higgins,2018,1,6,20.11
O'Higgins,2018,2,6,21.06
O'Higgins,2018,3,6,20.26
O'Higgins,2018,4,6,20.37
O'Higgins,2018,5,6,21.96
O'Higgins,2018,6,6,20.44
O'Higgins,2018,7,6,21.77
O'Higgins,2018,8,6,20.19
O'Higgins,2018,9,6,20.06
O'Higgins,2018,10,6,18.96
O'Higgins,2018,11,6,16.51
O'Higgins,2018,12,6,16.5
O'Higgins,2018,13,6,18.36
O'Higgins,2018,14,6,16.1
O'Higgins,2018,15,6,14.61
O'Higgins,2018,16,6,14.4
O'Higgins,2018,17,6,13.33
O'Higgins,2018,18,6,13.3
O'Higgins,2018,19,6,13.1
O'Higgins,2018,20,6,11.59
O'Higgins,2018,21,6,12.39
O'Higgins,2018,22,6,7.89
O'Higgins,2018,23,6,7.87
O'Higgins,2018,24,6,6.91
O'Higgins,2018,25,6,8.8
O'Higgins,2018,26,6,8.43
O'Higgins,2018,27,6,9.54
O'Higgins,2018,28,6,9.87
O'Higgins,2018,29,6,5.56
O'Higgins,2018,30,6,7.36
O'Higgins,2018,31,6,7.59
O'Higgins,2018,32,6,10.87
O'Higgins,2018,33,6,9.96
O'Higgins,2018,34,6,9.24
O'Higgins,2018,35,6,10.03
O'Higgins,2018,36,6,12.36
O'Higgins,2018,37,6,11.76
O'Higgins,2018,38,6,11.67
O'Higgins,2018,39,6,10.94
O'Higgins,2018,40,6,12.41
O'Higgins,2018,41,6,11.27
O'Higgins,2018,42,6,12.59
O'Higgins,2018,43,6,15.06
O'Higgins,2018,44,6,14.26
O'Higgins,2018,45,6,17.36
O'Higgins,2018,46,6,14.94
O'Higgins,2018,47,6,19.07
O'Higgins,2018,48,6,18.86
O'Higgins,2018,49,6,17.87
O'Higgins,2018,50,6,18.1
O'Higgins,2018,51,6,20.49
O'Higgins,2018,52,6,20.43
O'Higgins,2019,1,6,20.59
O'Higgins,2019,2,6,17.93
O'Higgins,2019,3,6,21.1
O'Higgins,2019,4,6,23.24
O'Higgins,2019,5,6,23.34
O'Higgins,2019,6,6,22.79
O'Higgins,2019,7,6,20.1
O'Higgins,2019,8,6,20.3
O'Higgins,2019,9,6,20.24
O'Higgins,2019,10,6,18.16
O'Higgins,2019,11,6,19.19
O'Higgins,2019,12,6,17.63
O'Higgins,2019,13,6,16.84
O'Higgins,2019,14,6,18.06
O'Higgins,2019,15,6,13.6
O'Higgins,2019,16,6,14.83
O'Higgins,2019,17,6,12.23
O'Higgins,2019,18,6,12.31
O'Higgins,2019,19,6,10.56
O'Higgins,2019,20,6,11.67
O'Higgins,2019,21,6,8.94
O'Higgins,2019,22,6,10.0
O'Higgins,2019,23,6,10.27
O'Higgins,2019,24,6,8.3
O'Higgins,2019,25,6,9.26
O'Higgins,2019,26,6,6.37
O'Higgins,2019,27,6,7.57
O'Higgins,2019,28,6,8.53
O'Higgins,2019,29,6,8.86
O'Higgins,2019,30,6,7.36
O'Higgins,2019,31,6,10.69
O'Higgins,2019,32,6,7.51
O'Higgins,2019,33,6,10.24
O'Higgins,2019,34,6,12.9
O'Higgins,2019,35,6,12.09
O'Higgins,2019,36,6,10.76
O'Higgins,2019,37,6,10.67
O'Higgins,2019,38,6,10.14
O'Higgins,2019,39,6,12.93
O'Higgins,2019,40,6,9.93
O'Higgins,2019,41,6,16.01
O'Higgins,2019,42,6,12.74
O'Higgins,2019,43,6,15.46
O'Higgins,2019,44,6,14.96
O'Higgins,2019,45,6,19.34
O'Higgins,2019,46,6,20.39
O'Higgins,2019,47,6,20.66
O'Higgins,2019,48,6,17.74
O'Higgins,2019,49,6,20.57
O'Higgins,2019,50,6,20.0
O'Higgins,2019,51,6,21.63
O'Higgins,2019,52,6,22.7
O'Higgins,2020,1,6,22.77
O'Higgins,2020,2,6,20.34
O'Higgins,2020,3,6,22.27
O'Higgins,2020,4,6,23.44
O'Higgins,2020,5,6,23.7
O'Higgins,2020,6,6,21.33
O'Higgins,2020,7,6,22.03
O'Higgins,2020,8,6,21.03
O'Higgins,2020,9,6,21.91
O'Higgins,2020,10,6,22.73
O'Higgins,2020,11,6,22.09
O'Higgins,2020,12,6,18.56
O'Higgins,2020,13,6,18.33
O'Higgins,2020,14,6,18.79
O'Higgins,2020,15,6,16.4
O'Higgins,2020,16,6,16.27
O'Higgins,2020,17,6,15.87
O'Higgins,2020,18,6,12.8
O'Higgins,2020,19,6,14.24
O'Higgins,2020,20,6,11.66
O'Higgins,2020,21,6,11.61
O'Higgins,2020,22,6,13.04
O'Higgins,2020,23,6,8.86
O'Higgins,2020,24,6,8.31
O'Higgins,2020,25,6,9.3
O'Higgins,2020,26,6,8.06
O'Higgins,2020,27,6,8.6
O'Higgins,2020,28,6,8.17
O'Higgins,2020,29,6,11.54
O'Higgins,2020,30,6,7.16
O'Higgins,2020,31,6,9.4
O'Higgins,2020,32,6,9.97
O'Higgins,2020,33,6,5.7
O'Higgins,2020,34,6,9.34
O'Higgins,2020,35,6,9.06
O'Higgins,2020,36,6,9.63
O'Higgins,2020,37,6,10.21
O'Higgins,2020,38,6,13.34
O'Higgins,2020,39,6,13.36
O'Higgins,2020,40,6,10.56
O'Higgins,2020,41,6,13.14
O'Higgins,2020,42,6,16.99
O'Higgins,2020,43,6,15.44
O'Higgins,2020,44,6,15.6
O'Higgins,2020,45,6,17.86
O'Higgins,2020,46,6,16.8
O'Higgins,2020,47,6,16.54
O'Higgins,2020,48,6,18.41
O'Higgins,2020,49,6,19.84
O'Higgins,2020,50,6,19.2
O'Higgins,2020,51,6,18.83
O'Higgins,2020,52,6,22.44
O'Higgins,2020,53,6,21.64
O'Higgins,2021,1,6,20.61
O'Higgins,2021,2,6,20.8
O'Higgins,2021,3,6,22.79
O'Higgins,2021,4,6,19.66
O'Higgins,2021,5,6,18.5
O'Higgins,2021,6,6,19.56
O'Higgins,2021,7,6,18.13
O'Higgins,2021,8,6,20.73
O'Higgins,2021,9,6,21.81
O'Higgins,2021,10,6,20.43
O'Higgins,2021,11,6,15.47
O'Higgins,2021,12,6,17.16
O'Higgins,2021,13,6,15.36
O'Higgins,2021,14,6,14.41
O'Higgins,2021,15,6,15.96
O'Higgins,2021,16,6,13.34
O'Higgins,2021,17,6,12.81
O'Higgins,2021,18,6,12.46
O'Higgins,2021,19,6,12.67
O'Higgins,2021,20,6,10.4
O'Higgins,2021,21,6,10.57
O'Higgins,2021,22,6,11.21
O'Higgins,2021,23,6,11.21
O'Higgins,2021,24,6,9.4
O'Higgins,2021,25,6,7.53
O'Higgins,2021,26,6,9.13
O'Higgins,2021,27,6,8.21
O'Higgins,2021,28,6,5.96
O'Higgins,2021,29,6,10.17
O'Higgins,2021,30,6,9.49
O'Higgins,2021,31,6,9.96
O'Higgins,2021,32,6,7.73
O'Higgins,2021,33,6,9.29
O'Higgins,2021,34,6,9.31
O'Higgins,2021,35,6,11.09
O'Higgins,2021,36,6,10.01
O'Higgins,2021,37,6,10.2
O'Higgins,2021,38,6,12.23
O'Higgins,2021,39,6,11.99
O'Higgins,2021,40,6,13.03
O'Higgins,2021,41,6,12.2
O'Higgins,2021,42,6,14.46
O'Higgins,2021,43,6,18.31
O'Higgins,2021,44,6,15.24
O'Higgins,2021,45,6,16.37
O'Higgins,2021,46,6,18.31
O'Higgins,2021,47,6,18.51
O'Higgins,2021,48,6,18.9
O'Higgins,2021,49,6,17.57
O'Higgins,2021,50,6,19.33
O'Higgins,2021,51,6,22.79
O'Higgins,2021,52,6,20.33
O'Higgins,2022,1,6,21.49
O'Higgins,2022,2,6,21.24
O'Higgins,2022,3,6,18.14
O'Higgins,2022,4,6,20.24
O'Higgins,2022,5,6,21.17
O'Higgins,2022,6,6,21.57
O'Higgins,2022,7,6,20.7
O'Higgins,2022,8,6,17.83
O'Higgins,2022,9,6,19.39
O'Higgins,2022,10,6,19.39
O'Higgins,2022,11,6,19.59
O'Higgins,2022,12,6,16.41
O'Higgins,2022,13,6,16.29
O'Higgins,2022,14,6,16.89
O'Higgins,2022,15,6,14.23
O'Higgins,2022,16,6,13.01
O'Higgins,2022,17,6,11.6
O'Higgins,2022,18,6,12.67
O'Higgins,2022,19,6,11.97
O'Higgins,2022,20,6,10.49
O'Higgins,2022,21,6,8.84
O'Higgins,2022,22,6,7.31
O'Higgins,2022,23,6,9.63
O'Higgins,2022,24,6,7.99
O'Higgins,2022,25,6,8.7
O'Higgins,2022,26,6,8.17
O'Higgins,2022,27,6,6.66
O'Higgins,2022,28,6,5.54
O'Higgins,2022,29,6,8.83
O'Higgins,2022,30,6,10.01
O'Higgins,2022,31,6,7.43
O'Higgins,2022,32,6,9.39
O'Higgins,2022,33,6,10.07
O'Higgins,2022,34,6,11.03
O'Higgins,2022,35,6,12.04
O'Higgins,2022,36,6,11.13
O'Higgins,2022,37,6,10.59
O'Higgins,2022,38,6,8.89
O'Higgins,2022,39,6,13.54
O'Higgins,2022,40,6,11.94
O'Higgins,2022,41,6,13.47
O'Higgins,2022,42,6,14.37
O'Higgins,2022,43,6,14.56
O'Higgins,2022,44,6,16.73
O'Higgins,2022,45,6,14.73
O'Higgins,2022,46,6,19.43
O'Higgins,2022,47,6,22.31
O'Higgins,2022,48,6,19.89
O'Higgins,2022,49,6,22.61
O'Higgins,2022,50,6,22.21
O'Higgins,2022,51,6,21.1
O'Higgins,2022,52,6,20.7
O'Higgins,2023,1,6,21.6
O'Higgins,2023,2,6,20.73
O'Higgins,2023,3,6,20.63
O'Higgins,2023,4,6,22.3
O'Higgins,2023,5,6,23.33
O'Higgins,2023,6,6,24.37
O'Higgins,2023,7,6,21.96
O'Higgins,2023,8,6,22.54
O'Higgins,2023,9,6,23.07
O'Higgins,2023,10,6,20.31
O'Higgins,2023,11,6,20.69
O'Higgins,2023,12,6,22.3
O'Higgins,2023,13,6,19.5
O'Higgins,2023,14,6,19.91
O'Higgins,2023,15,6,16.03
O'Higgins,2023,16,6,14.59
O'Higgins,2023,17,6,14.23
O'Higgins,2023,18,6,10.26
O'Higgins,2023,19,6,15.87
O'Higgins,2023,20,6,11.7
O'Higgins,2023,21,6,10.81
O'Higgins,2023,22,6,12.27
O'Higgins,2023,23,6,10.29
O'Higgins,2023,24,6,9.6
O'Higgins,2023,25,6,11.79
O'Higgins,2023,26,6,11.27
O'Higgins,2023,27,6,9.84
O'Higgins,2023,28,6,8.96
O'Higgins,2023,29,6,10.93
O'Higgins,2023,30,6,10.83
O'Higgins,2023,31,6,12.29
O'Higgins,2023,32,6,11.26
O'Higgins,2023,33,6,11.39
O'Higgins,2023,34,6,9.53
O'Higgins,2023,35,6,10.34
O'Higgins,2023,36,6,10.59
O'Higgins,2023,37,6,10.74
O'Higgins,2023,38,6,11.31
O'Higgins,2023,39,6,11.69
O'Higgins,2023,40,6,11.51
O'Higgins,2023,41,6,14.21
O'Higgins,2023,42,6,14.59
O'Higgins,2023,43,6,13.21
O'Higgins,2023,44,6,12.89
O'Higgins,2023,45,6,13.56
O'Higgins,2023,46,6,12.81
O'Higgins,2023,47,6,16.97
O'Higgins,2023,48,6,16.17
O'Higgins,2023,49,6,18.99
O'Higgins,2023,50,6,18.1
O'Higgins,2023,51,6,19.64
O'Higgins,2023,52,6,19.46
O'Higgins,2024,1,6,20.7
O'Higgins,2024,2,6,20.61
O'Higgins,2024,3,6,22.74
O'Higgins,2024,4,6,23.59
O'Higgins,2024,5,6,24.73
O'Higgins,2024,6,6,23.21
O'Higgins,2024,7,6,23.13
O'Higgins,2024,8,6,20.16
O'Higgins,2024,9,6,21.61
O'Higgins,2024,10,6,19.5
O'Higgins,2024,11,6,17.24
O'Higgins,2024,12,6,18.97
O'Higgins,2024,13,6,19.49
O'Higgins,2024,14,6,15.77
O'Higgins,2024,15,6,14.61
O'Higgins,2024,16,6,15.33
O'Higgins,2024,17,6,12.29
O'Higgins,2024,18,6,9.63
O'Higgins,2024,19,6,8.29
O'Higgins,2024,20,6,7.86
O'Higgins,2024,21,6,8.74
O'Higgins,2024,22,6,11.2
O'Higgins,2024,23,6,12.31
O'Higgins,2024,24,6,10.41
O'Higgins,2024,25,6,7.99
O'Higgins,2024,26,6,8.49
O'Higgins,2024,27,6,8.54
O'Higgins,2024,28,6,5.8
O'Higgins,2024,29,6,7.47
O'Higgins,2024,30,6,7.14
O'Higgins,2024,31,6,9.76
O'Higgins,2024,32,6,7.73
O'Higgins,2024,33,6,10.44
O'Higgins,2024,34,6,7.11
O'Higgins,2024,35,6,10.46
O'Higgins,2024,36,6,9.79
O'Higgins,2024,37,6,11.6
O'Higgins,2024,38,6,11.99
O'Higgins,2024,39,6,12.49
O'Higgins,2024,40,6,13.99
O'Higgins,2024,41,6,13.67
O'Higgins,2024,42,6,15.71
O'Higgins,2024,43,6,15.64
O'Higgins,2024,44,6,16.99
O'Higgins,2024,45,6,16.93
O'Higgins,2024,46,6,16.63
O'Higgins,2024,47,6,17.94
O'Higgins,2024,48,6,17.31
O'Higgins,2024,49,6,16.79
O'Higgins,2024,50,6,19.94
O'Higgins,2024,51,6,20.33
O'Higgins,2024,52,6,21.47
O'Higgins,2025,1,6,22.41
O'Higgins,2025,2,6,22.73
O'Higgins,2025,3,6,22.29
O'Higgins,2025,4,6,22.01
O'Higgins,2025,5,6,22.74
O'Higgins,2025,6,6,23.69
O'Higgins,2025,7,6,21.01
O'Higgins,2025,8,6,21.5
O'Higgins,2025,9,6,21.61
O'Higgins,2025,10,6,19.73
O'Higgins,2025,11,6,20.09
O'Higgins,2025,12,6,20.04
O'Higgins,2025,13,6,16.06
O'Higgins,2025,14,6,14.43
O'Higgins,2025,15,6,14.26
O'Higgins,2025,16,6,13.74
O'Higgins,2025,17,6,13.37
O'Higgins,2025,18,6,12.39
O'Higgins,2025,19,6,12.43
O'Higgins,2025,20,6,10.77
O'Higgins,2025,21,6,13.27
O'Higgins,2025,22,6,9.79
O'Higgins,2025,23,6,9.91
O'Higgins,2025,24,6,9.04
O'Higgins,2025,25,6,6.97
O'Higgins,2025,26,6,5.36
O'Higgins,2025,27,6,9.66
O'Higgins,2025,28,6,7.4
O'Higgins,2025,29,6,7.59
O'Higgins,2025,30,6,7.53
O'Higgins,2025,31,6,9.43
O'Higgins,2025,32,6,10.2
O'Higgins,2025,33,6,12.1
O'Higgins,2025,34,6,7.46
O'Higgins,2025,35,6,10.46
O'Higgins,2025,36,6,9.44
O'Higgins,2025,37,6,12.37
O'Higgins,2025,38,6,11.4
O'Higgins,2025,39,6,12.27
O'Higgins,2025,40,6,13.84
O'Higgins,2025,41,6,13.49
O'Higgins,2025,42,6,15.39
O'Higgins,2025,43,6,14.11
O'Higgins,2025,44,6,16.23
O'Higgins,2025,45,6,14.86
O'Higgins,2025,46,6,17.16
O'Higgins,2025,47,6,20.14
O'Higgins,2025,48,6,17.5
O'Higgins,2025,49,6,20.39
O'Higgins,2025,50,6,18.41
O'Higgins,2025,51,6,18.76
O'Higgins,2025,52,6,20.47
O'Higgins,2026,1,6,21.97
O'Higgins,2026,2,6,21.13
O'Higgins,2026,3,6,21.91
O'Higgins,2026,4,6,21.27
O'Higgins,2026,5,6,21.84
O'Higgins,2026,6,6,20.39
O'Higgins,2026,7,6,19.76
O'Higgins,2026,8,6,21.39
O'Higgins,2026,9,6,21.7
O'Higgins,2026,10,6,19.57
O'Higgins,2026,11,6,19.91
O'Higgins,2026,12,6,15.54
O'Higgins,2026,13,6,14.87
O'Higgins,2026,14,6,17.03
O'Higgins,2026,15,6,15.11
O'Higgins,2026,16,6,15.4
O'Higgins,2026,17,6,11.11
O'Higgins,2026,18,6,13.4
O'Higgins,2026,19,6,12.06
O'Higgins,2026,20,6,11.26
O'Higgins,2026,21,6,8.29
O'Higgins,2026,22,6,10.61
O'Higgins,2026,23,6,10.04
O'Higgins,2026,24,6,9.73
O'Higgins,2026,25,6,11.27
Tarapacá,2014,1,1,23.84
Tarapacá,2014,2,1,23.9
Tarapacá,2014,3,1,24.54
Tarapacá,2014,4,1,24.19
Tarapacá,2014,5,1,23.26
Tarapacá,2014,6,1,23.21
Tarapacá,2014,7,1,22.86
Tarapacá,2014,8,1,22.53
Tarapacá,2014,9,1,22.5
Tarapacá,2014,10,1,22.8
Tarapacá,2014,11,1,22.6
Tarapacá,2014,12,1,22.31
Tarapacá,2014,13,1,21.84
Tarapacá,2014,14,1,21.99
Tarapacá,2014,15,1,20.64
Tarapacá,2014,16,1,21.06
Tarapacá,2014,17,1,20.54
Tarapacá,2014,18,1,19.93
Tarapacá,2014,19,1,19.81
Tarapacá,2014,20,1,19.51
Tarapacá,2014,21,1,18.8
Tarapacá,2014,22,1,19.03
Tarapacá,2014,23,1,17.27
Tarapacá,2014,24,1,17.66
Tarapacá,2014,25,1,18.66
Tarapacá,2014,26,1,17.2
Tarapacá,2014,27,1,16.67
Tarapacá,2014,28,1,17.27
Tarapacá,2014,29,1,18.09
Tarapacá,2014,30,1,17.23
Tarapacá,2014,31,1,18.59
Tarapacá,2014,32,1,17.69
Tarapacá,2014,33,1,18.91
Tarapacá,2014,34,1,18.14
Tarapacá,2014,35,1,19.33
Tarapacá,2014,36,1,19.07
Tarapacá,2014,37,1,18.36
Tarapacá,2014,38,1,18.77
Tarapacá,2014,39,1,18.36
Tarapacá,2014,40,1,19.03
Tarapacá,2014,41,1,18.79
Tarapacá,2014,42,1,20.26
Tarapacá,2014,43,1,20.76
Tarapacá,2014,44,1,19.77
Tarapacá,2014,45,1,19.84
Tarapacá,2014,46,1,20.87
Tarapacá,2014,47,1,20.61
Tarapacá,2014,48,1,20.6
Tarapacá,2014,49,1,21.0
Tarapacá,2014,50,1,21.29
Tarapacá,2014,51,1,20.97
Tarapacá,2014,52,1,21.56
Tarapacá,2015,1,1,22.21
Tarapacá,2015,2,1,22.97
Tarapacá,2015,3,1,22.3
Tarapacá,2015,4,1,22.63
Tarapacá,2015,5,1,23.89
Tarapacá,2015,6,1,24.27
Tarapacá,2015,7,1,25.19
Tarapacá,2015,8,1,24.9
Tarapacá,2015,9,1,23.64
Tarapacá,2015,10,1,23.21
Tarapacá,2015,11,1,24.57
Tarapacá,2015,12,1,24.6
Tarapacá,2015,13,1,24.44
Tarapacá,2015,14,1,22.47
Tarapacá,2015,15,1,22.6
Tarapacá,2015,16,1,22.29
Tarapacá,2015,17,1,21.17
Tarapacá,2015,18,1,21.09
Tarapacá,2015,19,1,21.11
Tarapacá,2015,20,1,20.49
Tarapacá,2015,21,1,20.46
Tarapacá,2015,22,1,19.36
Tarapacá,2015,23,1,18.96
Tarapacá,2015,24,1,18.79
Tarapacá,2015,25,1,18.8
Tarapacá,2015,26,1,18.67
Tarapacá,2015,27,1,18.73
Tarapacá,2015,28,1,17.79
Tarapacá,2015,29,1,17.63
Tarapacá,2015,30,1,17.76
Tarapacá,2015,31,1,17.67
Tarapacá,2015,32,1,19.14
Tarapacá,2015,33,1,17.24
Tarapacá,2015,34,1,19.07
Tarapacá,2015,35,1,19.14
Tarapacá,2015,36,1,19.99
Tarapacá,2015,37,1,19.66
Tarapacá,2015,38,1,20.1
Tarapacá,2015,39,1,19.19
Tarapacá,2015,40,1,20.39
Tarapacá,2015,41,1,19.54
Tarapacá,2015,42,1,19.71
Tarapacá,2015,43,1,21.23
Tarapacá,2015,44,1,20.53
Tarapacá,2015,45,1,19.94
Tarapacá,2015,46,1,20.59
Tarapacá,2015,47,1,20.86
Tarapacá,2015,48,1,21.29
Tarapacá,2015,49,1,21.93
Tarapacá,2015,50,1,22.51
Tarapacá,2015,51,1,22.04
Tarapacá,2015,52,1,23.17
Tarapacá,2015,53,1,23.37
Tarapacá,2016,1,1,23.86
Tarapacá,2016,2,1,23.31
Tarapacá,2016,3,1,23.81
Tarapacá,2016,4,1,24.44
Tarapacá,2016,5,1,24.89
Tarapacá,2016,6,1,24.37
Tarapacá,2016,7,1,24.21
Tarapacá,2016,8,1,25.93
Tarapacá,2016,9,1,24.86
Tarapacá,2016,10,1,24.73
Tarapacá,2016,11,1,23.79
Tarapacá,2016,12,1,23.51
Tarapacá,2016,13,1,23.73
Tarapacá,2016,14,1,22.8
Tarapacá,2016,15,1,22.04
Tarapacá,2016,16,1,21.06
Tarapacá,2016,17,1,20.71
Tarapacá,2016,18,1,21.2
Tarapacá,2016,19,1,21.43
Tarapacá,2016,20,1,19.94
Tarapacá,2016,21,1,19.93
Tarapacá,2016,22,1,19.97
Tarapacá,2016,23,1,18.94
Tarapacá,2016,24,1,19.26
Tarapacá,2016,25,1,17.46
Tarapacá,2016,26,1,18.81
Tarapacá,2016,27,1,19.5
Tarapacá,2016,28,1,17.21
Tarapacá,2016,29,1,18.36
Tarapacá,2016,30,1,18.01
Tarapacá,2016,31,1,18.06
Tarapacá,2016,32,1,18.83
Tarapacá,2016,33,1,18.64
Tarapacá,2016,34,1,19.1
Tarapacá,2016,35,1,18.39
Tarapacá,2016,36,1,19.87
Tarapacá,2016,37,1,18.41
Tarapacá,2016,38,1,19.61
Tarapacá,2016,39,1,19.13
Tarapacá,2016,40,1,19.7
Tarapacá,2016,41,1,20.93
Tarapacá,2016,42,1,19.36
Tarapacá,2016,43,1,19.91
Tarapacá,2016,44,1,20.89
Tarapacá,2016,45,1,21.51
Tarapacá,2016,46,1,21.99
Tarapacá,2016,47,1,20.87
Tarapacá,2016,48,1,21.94
Tarapacá,2016,49,1,21.53
Tarapacá,2016,50,1,22.61
Tarapacá,2016,51,1,22.77
Tarapacá,2016,52,1,22.43
Tarapacá,2017,1,1,22.97
Tarapacá,2017,2,1,23.86
Tarapacá,2017,3,1,24.76
Tarapacá,2017,4,1,25.29
Tarapacá,2017,5,1,25.06
Tarapacá,2017,6,1,23.8
Tarapacá,2017,7,1,23.99
Tarapacá,2017,8,1,24.36
Tarapacá,2017,9,1,24.67
Tarapacá,2017,10,1,23.23
Tarapacá,2017,11,1,23.04
Tarapacá,2017,12,1,21.96
Tarapacá,2017,13,1,21.04
Tarapacá,2017,14,1,20.0
Tarapacá,2017,15,1,19.7
Tarapacá,2017,16,1,20.39
Tarapacá,2017,17,1,18.76
Tarapacá,2017,18,1,18.51
Tarapacá,2017,19,1,20.77
Tarapacá,2017,20,1,17.8
Tarapacá,2017,21,1,18.14
Tarapacá,2017,22,1,16.33
Tarapacá,2017,23,1,17.29
Tarapacá,2017,24,1,16.67
Tarapacá,2017,25,1,16.63
Tarapacá,2017,26,1,16.36
Tarapacá,2017,27,1,15.43
Tarapacá,2017,28,1,15.8
Tarapacá,2017,29,1,15.49
Tarapacá,2017,30,1,15.67
Tarapacá,2017,31,1,15.01
Tarapacá,2017,32,1,15.33
Tarapacá,2017,33,1,15.07
Tarapacá,2017,34,1,15.54
Tarapacá,2017,35,1,15.57
Tarapacá,2017,36,1,15.79
Tarapacá,2017,37,1,15.36
Tarapacá,2017,38,1,15.8
Tarapacá,2017,39,1,15.97
Tarapacá,2017,40,1,16.03
Tarapacá,2017,41,1,16.0
Tarapacá,2017,42,1,16.6
Tarapacá,2017,43,1,16.76
Tarapacá,2017,44,1,16.36
Tarapacá,2017,45,1,17.76
Tarapacá,2017,46,1,18.61
Tarapacá,2017,47,1,17.96
Tarapacá,2017,48,1,18.63
Tarapacá,2017,49,1,18.67
Tarapacá,2017,50,1,19.41
Tarapacá,2017,51,1,20.54
Tarapacá,2017,52,1,21.14
Tarapacá,2018,1,1,22.0
Tarapacá,2018,2,1,21.49
Tarapacá,2018,3,1,21.11
Tarapacá,2018,4,1,21.51
Tarapacá,2018,5,1,21.97
Tarapacá,2018,6,1,23.36
Tarapacá,2018,7,1,22.96
Tarapacá,2018,8,1,23.37
Tarapacá,2018,9,1,22.57
Tarapacá,2018,10,1,21.77
Tarapacá,2018,11,1,21.96
Tarapacá,2018,12,1,21.24
Tarapacá,2018,13,1,20.11
Tarapacá,2018,14,1,20.53
Tarapacá,2018,15,1,20.24
Tarapacá,2018,16,1,19.99
Tarapacá,2018,17,1,19.51
Tarapacá,2018,18,1,18.76
Tarapacá,2018,19,1,18.31
Tarapacá,2018,20,1,16.91
Tarapacá,2018,21,1,16.63
Tarapacá,2018,22,1,16.53
Tarapacá,2018,23,1,17.03
Tarapacá,2018,24,1,16.4
Tarapacá,2018,25,1,16.1
Tarapacá,2018,26,1,15.87
Tarapacá,2018,27,1,15.83
Tarapacá,2018,28,1,16.54
Tarapacá,2018,29,1,16.04
Tarapacá,2018,30,1,15.7
Tarapacá,2018,31,1,14.79
Tarapacá,2018,32,1,14.81
Tarapacá,2018,33,1,14.71
Tarapacá,2018,34,1,15.13
Tarapacá,2018,35,1,14.96
Tarapacá,2018,36,1,15.31
Tarapacá,2018,37,1,15.81
Tarapacá,2018,38,1,15.51
Tarapacá,2018,39,1,16.37
Tarapacá,2018,40,1,18.01
Tarapacá,2018,41,1,17.73
Tarapacá,2018,42,1,16.8
Tarapacá,2018,43,1,17.47
Tarapacá,2018,44,1,18.51
Tarapacá,2018,45,1,18.69
Tarapacá,2018,46,1,18.77
Tarapacá,2018,47,1,19.53
Tarapacá,2018,48,1,20.11
Tarapacá,2018,49,1,19.61
Tarapacá,2018,50,1,20.66
Tarapacá,2018,51,1,20.61
Tarapacá,2018,52,1,20.5
Tarapacá,2019,1,1,21.7
Tarapacá,2019,2,1,22.63
Tarapacá,2019,3,1,21.86
Tarapacá,2019,4,1,22.66
Tarapacá,2019,5,1,24.19
Tarapacá,2019,6,1,24.2
Tarapacá,2019,7,1,22.79
Tarapacá,2019,8,1,22.73
Tarapacá,2019,9,1,22.33
Tarapacá,2019,10,1,22.09
Tarapacá,2019,11,1,21.53
Tarapacá,2019,12,1,20.9
Tarapacá,2019,13,1,21.01
Tarapacá,2019,14,1,21.93
Tarapacá,2019,15,1,19.71
Tarapacá,2019,16,1,18.93
Tarapacá,2019,17,1,19.7
Tarapacá,2019,18,1,18.57
Tarapacá,2019,19,1,18.2
Tarapacá,2019,20,1,17.37
Tarapacá,2019,21,1,16.4
Tarapacá,2019,22,1,16.74
Tarapacá,2019,23,1,16.49
Tarapacá,2019,24,1,16.37
Tarapacá,2019,25,1,15.96
Tarapacá,2019,26,1,16.37
Tarapacá,2019,27,1,15.61
Tarapacá,2019,28,1,15.51
Tarapacá,2019,29,1,15.21
Tarapacá,2019,30,1,14.81
Tarapacá,2019,31,1,14.61
Tarapacá,2019,32,1,14.83
Tarapacá,2019,33,1,15.23
Tarapacá,2019,34,1,15.29
Tarapacá,2019,35,1,15.69
Tarapacá,2019,36,1,15.96
Tarapacá,2019,37,1,15.5
Tarapacá,2019,38,1,15.4
Tarapacá,2019,39,1,15.96
Tarapacá,2019,40,1,16.03
Tarapacá,2019,41,1,16.31
Tarapacá,2019,42,1,17.27
Tarapacá,2019,43,1,16.59
Tarapacá,2019,44,1,17.44
Tarapacá,2019,45,1,17.89
Tarapacá,2019,46,1,18.94
Tarapacá,2019,47,1,19.76
Tarapacá,2019,48,1,19.67
Tarapacá,2019,49,1,19.94
Tarapacá,2019,50,1,19.71
Tarapacá,2019,51,1,20.54
Tarapacá,2019,52,1,20.94
Tarapacá,2020,1,1,21.99
Tarapacá,2020,2,1,22.17
Tarapacá,2020,3,1,22.4
Tarapacá,2020,4,1,24.19
Tarapacá,2020,5,1,23.43
Tarapacá,2020,6,1,22.01
Tarapacá,2020,7,1,22.8
Tarapacá,2020,8,1,23.07
Tarapacá,2020,9,1,23.34
Tarapacá,2020,10,1,22.07
Tarapacá,2020,11,1,22.66
Tarapacá,2020,12,1,22.8
Tarapacá,2020,13,1,21.33
Tarapacá,2020,14,1,21.4
Tarapacá,2020,15,1,21.67
Tarapacá,2020,16,1,20.27
Tarapacá,2020,17,1,19.11
Tarapacá,2020,18,1,18.69
Tarapacá,2020,19,1,18.4
Tarapacá,2020,20,1,17.73
Tarapacá,2020,21,1,16.96
Tarapacá,2020,22,1,18.81
Tarapacá,2020,23,1,17.47
Tarapacá,2020,24,1,17.06
Tarapacá,2020,25,1,16.56
Tarapacá,2020,26,1,16.29
Tarapacá,2020,27,1,15.83
Tarapacá,2020,28,1,15.13
Tarapacá,2020,29,1,15.41
Tarapacá,2020,30,1,15.13
Tarapacá,2020,31,1,14.93
Tarapacá,2020,32,1,15.51
Tarapacá,2020,33,1,15.34
Tarapacá,2020,34,1,15.06
Tarapacá,2020,35,1,15.4
Tarapacá,2020,36,1,14.93
Tarapacá,2020,37,1,15.1
Tarapacá,2020,38,1,15.63
Tarapacá,2020,39,1,15.84
Tarapacá,2020,40,1,16.0
Tarapacá,2020,41,1,16.5
Tarapacá,2020,42,1,17.14
Tarapacá,2020,43,1,17.16
Tarapacá,2020,44,1,17.03
Tarapacá,2020,45,1,17.11
Tarapacá,2020,46,1,17.66
Tarapacá,2020,47,1,17.3
Tarapacá,2020,48,1,18.43
Tarapacá,2020,49,1,19.37
Tarapacá,2020,50,1,19.31
Tarapacá,2020,51,1,19.93
Tarapacá,2020,52,1,20.71
Tarapacá,2020,53,1,22.09
Tarapacá,2021,1,1,21.76
Tarapacá,2021,2,1,21.07
Tarapacá,2021,3,1,20.99
Tarapacá,2021,4,1,20.8
Tarapacá,2021,5,1,21.57
Tarapacá,2021,6,1,22.71
Tarapacá,2021,7,1,21.37
Tarapacá,2021,8,1,21.53
Tarapacá,2021,9,1,22.73
Tarapacá,2021,10,1,22.16
Tarapacá,2021,11,1,21.33
Tarapacá,2021,12,1,20.2
Tarapacá,2021,13,1,19.61
Tarapacá,2021,14,1,19.41
Tarapacá,2021,15,1,18.93
Tarapacá,2021,16,1,19.19
Tarapacá,2021,17,1,18.24
Tarapacá,2021,18,1,18.01
Tarapacá,2021,19,1,17.84
Tarapacá,2021,20,1,17.07
Tarapacá,2021,21,1,17.79
Tarapacá,2021,22,1,16.73
Tarapacá,2021,23,1,15.79
Tarapacá,2021,24,1,16.61
Tarapacá,2021,25,1,15.97
Tarapacá,2021,26,1,15.17
Tarapacá,2021,27,1,15.7
Tarapacá,2021,28,1,15.36
Tarapacá,2021,29,1,15.44
Tarapacá,2021,30,1,15.11
Tarapacá,2021,31,1,15.3
Tarapacá,2021,32,1,14.93
Tarapacá,2021,33,1,15.19
Tarapacá,2021,34,1,15.04
Tarapacá,2021,35,1,15.29
Tarapacá,2021,36,1,15.06
Tarapacá,2021,37,1,15.04
Tarapacá,2021,38,1,15.43
Tarapacá,2021,39,1,15.83
Tarapacá,2021,40,1,15.91
Tarapacá,2021,41,1,15.67
Tarapacá,2021,42,1,15.49
Tarapacá,2021,43,1,16.57
Tarapacá,2021,44,1,16.96
Tarapacá,2021,45,1,17.03
Tarapacá,2021,46,1,17.39
Tarapacá,2021,47,1,17.89
Tarapacá,2021,48,1,18.44
Tarapacá,2021,49,1,19.04
Tarapacá,2021,50,1,19.19
Tarapacá,2021,51,1,20.99
Tarapacá,2021,52,1,20.57
Tarapacá,2022,1,1,21.19
Tarapacá,2022,2,1,21.57
Tarapacá,2022,3,1,20.87
Tarapacá,2022,4,1,20.27
Tarapacá,2022,5,1,20.13
Tarapacá,2022,6,1,20.17
Tarapacá,2022,7,1,21.41
Tarapacá,2022,8,1,21.7
Tarapacá,2022,9,1,22.31
Tarapacá,2022,10,1,21.73
Tarapacá,2022,11,1,20.43
Tarapacá,2022,12,1,18.73
Tarapacá,2022,13,1,18.36
Tarapacá,2022,14,1,17.99
Tarapacá,2022,15,1,17.34
Tarapacá,2022,16,1,18.16
Tarapacá,2022,17,1,17.39
Tarapacá,2022,18,1,17.01
Tarapacá,2022,19,1,16.29
Tarapacá,2022,20,1,16.43
Tarapacá,2022,21,1,15.69
Tarapacá,2022,22,1,16.36
Tarapacá,2022,23,1,15.57
Tarapacá,2022,24,1,14.86
Tarapacá,2022,25,1,14.99
Tarapacá,2022,26,1,15.16
Tarapacá,2022,27,1,15.14
Tarapacá,2022,28,1,14.64
Tarapacá,2022,29,1,14.64
Tarapacá,2022,30,1,14.66
Tarapacá,2022,31,1,14.74
Tarapacá,2022,32,1,14.36
Tarapacá,2022,33,1,14.21
Tarapacá,2022,34,1,14.33
Tarapacá,2022,35,1,14.51
Tarapacá,2022,36,1,14.44
Tarapacá,2022,37,1,14.34
Tarapacá,2022,38,1,14.31
Tarapacá,2022,39,1,14.47
Tarapacá,2022,40,1,14.83
Tarapacá,2022,41,1,15.24
Tarapacá,2022,42,1,15.5
Tarapacá,2022,43,1,15.74
Tarapacá,2022,44,1,16.2
Tarapacá,2022,45,1,17.3
Tarapacá,2022,46,1,18.26
Tarapacá,2022,47,1,19.2
Tarapacá,2022,48,1,19.0
Tarapacá,2022,49,1,19.71
Tarapacá,2022,50,1,21.6
Tarapacá,2022,51,1,20.63
Tarapacá,2022,52,1,20.66
Tarapacá,2023,1,1,20.8
Tarapacá,2023,2,1,20.67
Tarapacá,2023,3,1,21.43
Tarapacá,2023,4,1,22.54
Tarapacá,2023,5,1,23.46
Tarapacá,2023,6,1,23.14
Tarapacá,2023,7,1,24.33
Tarapacá,2023,8,1,22.67
Tarapacá,2023,9,1,22.13
Tarapacá,2023,10,1,24.3
Tarapacá,2023,11,1,22.8
Tarapacá,2023,12,1,23.53
Tarapacá,2023,13,1,23.74
Tarapacá,2023,14,1,23.11
Tarapacá,2023,15,1,20.83
Tarapacá,2023,16,1,20.09
Tarapacá,2023,17,1,19.69
Tarapacá,2023,18,1,18.67
Tarapacá,2023,19,1,18.59
Tarapacá,2023,20,1,18.76
Tarapacá,2023,21,1,18.06
Tarapacá,2023,22,1,17.54
Tarapacá,2023,23,1,17.17
Tarapacá,2023,24,1,16.46
Tarapacá,2023,25,1,17.37
Tarapacá,2023,26,1,17.44
Tarapacá,2023,27,1,16.41
Tarapacá,2023,28,1,17.01
Tarapacá,2023,29,1,16.69
Tarapacá,2023,30,1,17.41
Tarapacá,2023,31,1,17.5
Tarapacá,2023,32,1,17.36
Tarapacá,2023,33,1,17.33
Tarapacá,2023,34,1,17.24
Tarapacá,2023,35,1,17.54
Tarapacá,2023,36,1,17.6
Tarapacá,2023,37,1,17.64
Tarapacá,2023,38,1,17.96
Tarapacá,2023,39,1,18.01
Tarapacá,2023,40,1,17.84
Tarapacá,2023,41,1,17.4
Tarapacá,2023,42,1,18.81
Tarapacá,2023,43,1,18.43
Tarapacá,2023,44,1,18.1
Tarapacá,2023,45,1,18.86
Tarapacá,2023,46,1,18.16
Tarapacá,2023,47,1,18.94
Tarapacá,2023,48,1,19.26
Tarapacá,2023,49,1,19.2
Tarapacá,2023,50,1,20.91
Tarapacá,2023,51,1,20.76
Tarapacá,2023,52,1,21.71
Tarapacá,2024,1,1,21.14
Tarapacá,2024,2,1,21.96
Tarapacá,2024,3,1,22.99
Tarapacá,2024,4,1,23.16
Tarapacá,2024,5,1,22.63
Tarapacá,2024,6,1,24.76
Tarapacá,2024,7,1,23.14
Tarapacá,2024,8,1,24.57
Tarapacá,2024,9,1,22.67
Tarapacá,2024,10,1,22.03
Tarapacá,2024,11,1,21.66
Tarapacá,2024,12,1,21.87
Tarapacá,2024,13,1,21.91
Tarapacá,2024,14,1,20.84
Tarapacá,2024,15,1,20.73
Tarapacá,2024,16,1,20.49
Tarapacá,2024,17,1,19.43
Tarapacá,2024,18,1,19.13
Tarapacá,2024,19,1,17.67
Tarapacá,2024,20,1,17.49
Tarapacá,2024,21,1,16.74
Tarapacá,2024,22,1,16.16
Tarapacá,2024,23,1,16.67
Tarapacá,2024,24,1,16.66
Tarapacá,2024,25,1,15.97
Tarapacá,2024,26,1,15.83
Tarapacá,2024,27,1,15.63
Tarapacá,2024,28,1,14.59
Tarapacá,2024,29,1,15.24
Tarapacá,2024,30,1,15.29
Tarapacá,2024,31,1,15.76
Tarapacá,2024,32,1,14.74
Tarapacá,2024,33,1,15.14
Tarapacá,2024,34,1,15.33
Tarapacá,2024,35,1,14.89
Tarapacá,2024,36,1,15.4
Tarapacá,2024,37,1,15.6
Tarapacá,2024,38,1,16.04
Tarapacá,2024,39,1,16.03
Tarapacá,2024,40,1,17.01
Tarapacá,2024,41,1,17.83
Tarapacá,2024,42,1,17.11
Tarapacá,2024,43,1,16.94
Tarapacá,2024,44,1,17.67
Tarapacá,2024,45,1,18.13
Tarapacá,2024,46,1,18.94
Tarapacá,2024,47,1,18.97
Tarapacá,2024,48,1,20.11
Tarapacá,2024,49,1,18.83
Tarapacá,2024,50,1,18.67
Tarapacá,2024,51,1,19.33
Tarapacá,2024,52,1,20.14
Tarapacá,2025,1,1,21.21
Tarapacá,2025,2,1,21.2
Tarapacá,2025,3,1,21.93
Tarapacá,2025,4,1,22.1
Tarapacá,2025,5,1,22.47
Tarapacá,2025,6,1,23.61
Tarapacá,2025,7,1,24.73
Tarapacá,2025,8,1,23.34
Tarapacá,2025,9,1,23.71
Tarapacá,2025,10,1,22.4
Tarapacá,2025,11,1,22.04
Tarapacá,2025,12,1,20.94
Tarapacá,2025,13,1,21.63
Tarapacá,2025,14,1,20.46
Tarapacá,2025,15,1,19.86
Tarapacá,2025,16,1,18.63
Tarapacá,2025,17,1,19.11
Tarapacá,2025,18,1,18.06
Tarapacá,2025,19,1,17.74
Tarapacá,2025,20,1,17.64
Tarapacá,2025,21,1,17.5
Tarapacá,2025,22,1,16.31
Tarapacá,2025,23,1,16.59
Tarapacá,2025,24,1,17.01
Tarapacá,2025,25,1,15.66
Tarapacá,2025,26,1,16.14
Tarapacá,2025,27,1,15.51
Tarapacá,2025,28,1,15.19
Tarapacá,2025,29,1,14.73
Tarapacá,2025,30,1,14.84
Tarapacá,2025,31,1,16.13
Tarapacá,2025,32,1,15.23
Tarapacá,2025,33,1,15.3
Tarapacá,2025,34,1,15.57
Tarapacá,2025,35,1,14.87
Tarapacá,2025,36,1,15.31
Tarapacá,2025,37,1,15.91
Tarapacá,2025,38,1,15.8
Tarapacá,2025,39,1,16.31
Tarapacá,2025,40,1,16.33
Tarapacá,2025,41,1,16.87
Tarapacá,2025,42,1,16.71
Tarapacá,2025,43,1,17.37
Tarapacá,2025,44,1,17.67
Tarapacá,2025,45,1,17.6
Tarapacá,2025,46,1,17.4
Tarapacá,2025,47,1,18.83
Tarapacá,2025,48,1,18.76
Tarapacá,2025,49,1,19.56
Tarapacá,2025,50,1,19.41
Tarapacá,2025,51,1,20.64
Tarapacá,2025,52,1,21.09
Tarapacá,2026,1,1,20.51
Tarapacá,2026,2,1,22.0
Tarapacá,2026,3,1,22.69
Tarapacá,2026,4,1,23.9
Tarapacá,2026,5,1,23.33
Tarapacá,2026,6,1,24.24
Tarapacá,2026,7,1,24.23
Tarapacá,2026,8,1,24.96
Tarapacá,2026,9,1,24.56
Tarapacá,2026,10,1,23.26
Tarapacá,2026,11,1,23.04
Tarapacá,2026,12,1,22.51
Tarapacá,2026,13,1,21.3
Tarapacá,2026,14,1,22.13
Tarapacá,2026,15,1,21.51
Tarapacá,2026,16,1,20.81
Tarapacá,2026,17,1,19.81
Tarapacá,2026,18,1,17.9
Tarapacá,2026,19,1,19.27
Tarapacá,2026,20,1,18.29
Tarapacá,2026,21,1,17.34
Tarapacá,2026,22,1,17.59
Tarapacá,2026,23,1,17.73
Tarapacá,2026,24,1,17.44
Tarapacá,2026,25,1,17.0
Valparaíso,2014,1,5,18.64
Valparaíso,2014,2,5,18.44
Valparaíso,2014,3,5,19.16
Valparaíso,2014,4,5,18.96
Valparaíso,2014,5,5,18.93
Valparaíso,2014,6,5,17.8
Valparaíso,2014,7,5,17.84
Valparaíso,2014,8,5,18.0
Valparaíso,2014,9,5,17.49
Valparaíso,2014,10,5,17.5
Valparaíso,2014,11,5,16.29
Valparaíso,2014,12,5,16.81
Valparaíso,2014,13,5,15.9
Valparaíso,2014,14,5,15.01
Valparaíso,2014,15,5,15.69
Valparaíso,2014,16,5,15.76
Valparaíso,2014,17,5,14.56
Valparaíso,2014,18,5,14.27
Valparaíso,2014,19,5,14.97
Valparaíso,2014,20,5,14.6
Valparaíso,2014,21,5,12.39
Valparaíso,2014,22,5,12.96
Valparaíso,2014,23,5,11.37
Valparaíso,2014,24,5,12.27
Valparaíso,2014,25,5,13.64
Valparaíso,2014,26,5,11.49
Valparaíso,2014,27,5,10.91
Valparaíso,2014,28,5,12.26
Valparaíso,2014,29,5,13.16
Valparaíso,2014,30,5,11.37
Valparaíso,2014,31,5,13.59
Valparaíso,2014,32,5,12.19
Valparaíso,2014,33,5,13.27
Valparaíso,2014,34,5,12.59
Valparaíso,2014,35,5,12.67
Valparaíso,2014,36,5,12.9
Valparaíso,2014,37,5,12.43
Valparaíso,2014,38,5,13.77
Valparaíso,2014,39,5,12.74
Valparaíso,2014,40,5,14.13
Valparaíso,2014,41,5,14.44
Valparaíso,2014,42,5,14.86
Valparaíso,2014,43,5,17.07
Valparaíso,2014,44,5,15.03
Valparaíso,2014,45,5,15.04
Valparaíso,2014,46,5,15.96
Valparaíso,2014,47,5,15.57
Valparaíso,2014,48,5,15.19
Valparaíso,2014,49,5,16.39
Valparaíso,2014,50,5,16.56
Valparaíso,2014,51,5,16.3
Valparaíso,2014,52,5,17.2
Valparaíso,2015,1,5,17.56
Valparaíso,2015,2,5,18.64
Valparaíso,2015,3,5,18.69
Valparaíso,2015,4,5,18.97
Valparaíso,2015,5,5,18.79
Valparaíso,2015,6,5,18.39
Valparaíso,2015,7,5,19.14
Valparaíso,2015,8,5,17.9
Valparaíso,2015,9,5,18.34
Valparaíso,2015,10,5,18.81
Valparaíso,2015,11,5,19.34
Valparaíso,2015,12,5,19.13
Valparaíso,2015,13,5,19.19
Valparaíso,2015,14,5,18.06
Valparaíso,2015,15,5,18.19
Valparaíso,2015,16,5,16.41
Valparaíso,2015,17,5,15.94
Valparaíso,2015,18,5,16.03
Valparaíso,2015,19,5,15.2
Valparaíso,2015,20,5,15.11
Valparaíso,2015,21,5,14.29
Valparaíso,2015,22,5,13.64
Valparaíso,2015,23,5,14.77
Valparaíso,2015,24,5,12.27
Valparaíso,2015,25,5,13.19
Valparaíso,2015,26,5,13.31
Valparaíso,2015,27,5,12.49
Valparaíso,2015,28,5,12.73
Valparaíso,2015,29,5,11.16
Valparaíso,2015,30,5,12.1
Valparaíso,2015,31,5,12.67
Valparaíso,2015,32,5,13.27
Valparaíso,2015,33,5,11.5
Valparaíso,2015,34,5,13.21
Valparaíso,2015,35,5,14.16
Valparaíso,2015,36,5,15.39
Valparaíso,2015,37,5,13.07
Valparaíso,2015,38,5,13.11
Valparaíso,2015,39,5,12.97
Valparaíso,2015,40,5,14.39
Valparaíso,2015,41,5,12.87
Valparaíso,2015,42,5,13.29
Valparaíso,2015,43,5,14.23
Valparaíso,2015,44,5,15.43
Valparaíso,2015,45,5,15.07
Valparaíso,2015,46,5,15.83
Valparaíso,2015,47,5,14.94
Valparaíso,2015,48,5,16.23
Valparaíso,2015,49,5,17.04
Valparaíso,2015,50,5,17.24
Valparaíso,2015,51,5,17.44
Valparaíso,2015,52,5,17.97
Valparaíso,2015,53,5,18.67
Valparaíso,2016,1,5,19.56
Valparaíso,2016,2,5,19.99
Valparaíso,2016,3,5,19.96
Valparaíso,2016,4,5,20.06
Valparaíso,2016,5,5,19.74
Valparaíso,2016,6,5,19.67
Valparaíso,2016,7,5,18.83
Valparaíso,2016,8,5,19.04
Valparaíso,2016,9,5,18.71
Valparaíso,2016,10,5,18.86
Valparaíso,2016,11,5,18.5
Valparaíso,2016,12,5,18.13
Valparaíso,2016,13,5,17.4
Valparaíso,2016,14,5,16.44
Valparaíso,2016,15,5,16.2
Valparaíso,2016,16,5,15.27
Valparaíso,2016,17,5,15.16
Valparaíso,2016,18,5,15.34
Valparaíso,2016,19,5,14.81
Valparaíso,2016,20,5,14.54
Valparaíso,2016,21,5,14.3
Valparaíso,2016,22,5,12.56
Valparaíso,2016,23,5,12.61
Valparaíso,2016,24,5,13.04
Valparaíso,2016,25,5,12.14
Valparaíso,2016,26,5,12.0
Valparaíso,2016,27,5,11.96
Valparaíso,2016,28,5,11.97
Valparaíso,2016,29,5,13.0
Valparaíso,2016,30,5,12.51
Valparaíso,2016,31,5,12.77
Valparaíso,2016,32,5,13.63
Valparaíso,2016,33,5,13.3
Valparaíso,2016,34,5,12.99
Valparaíso,2016,35,5,12.04
Valparaíso,2016,36,5,14.29
Valparaíso,2016,37,5,13.94
Valparaíso,2016,38,5,14.91
Valparaíso,2016,39,5,14.43
Valparaíso,2016,40,5,15.24
Valparaíso,2016,41,5,14.29
Valparaíso,2016,42,5,13.8
Valparaíso,2016,43,5,16.44
Valparaíso,2016,44,5,17.1
Valparaíso,2016,45,5,16.64
Valparaíso,2016,46,5,16.87
Valparaíso,2016,47,5,16.67
Valparaíso,2016,48,5,18.04
Valparaíso,2016,49,5,17.76
Valparaíso,2016,50,5,18.46
Valparaíso,2016,51,5,17.9
Valparaíso,2016,52,5,17.87
Valparaíso,2017,1,5,17.76
Valparaíso,2017,2,5,18.39
Valparaíso,2017,3,5,19.43
Valparaíso,2017,4,5,19.93
Valparaíso,2017,5,5,18.3
Valparaíso,2017,6,5,17.43
Valparaíso,2017,7,5,17.86
Valparaíso,2017,8,5,19.36
Valparaíso,2017,9,5,19.4
Valparaíso,2017,10,5,18.2
Valparaíso,2017,11,5,16.34
Valparaíso,2017,12,5,16.29
Valparaíso,2017,13,5,16.47
Valparaíso,2017,14,5,16.01
Valparaíso,2017,15,5,15.93
Valparaíso,2017,16,5,16.3
Valparaíso,2017,17,5,15.73
Valparaíso,2017,18,5,14.2
Valparaíso,2017,19,5,15.26
Valparaíso,2017,20,5,12.96
Valparaíso,2017,21,5,12.7
Valparaíso,2017,22,5,12.79
Valparaíso,2017,23,5,12.1
Valparaíso,2017,24,5,11.77
Valparaíso,2017,25,5,13.86
Valparaíso,2017,26,5,13.61
Valparaíso,2017,27,5,12.43
Valparaíso,2017,28,5,11.23
Valparaíso,2017,29,5,12.73
Valparaíso,2017,30,5,11.03
Valparaíso,2017,31,5,10.97
Valparaíso,2017,32,5,11.46
Valparaíso,2017,33,5,12.09
Valparaíso,2017,34,5,11.7
Valparaíso,2017,35,5,11.49
Valparaíso,2017,36,5,11.26
Valparaíso,2017,37,5,12.27
Valparaíso,2017,38,5,13.14
Valparaíso,2017,39,5,12.74
Valparaíso,2017,40,5,12.89
Valparaíso,2017,41,5,12.67
Valparaíso,2017,42,5,13.79
Valparaíso,2017,43,5,13.17
Valparaíso,2017,44,5,13.37
Valparaíso,2017,45,5,15.91
Valparaíso,2017,46,5,14.77
Valparaíso,2017,47,5,15.1
Valparaíso,2017,48,5,14.66
Valparaíso,2017,49,5,15.51
Valparaíso,2017,50,5,17.26
Valparaíso,2017,51,5,16.67
Valparaíso,2017,52,5,16.87
Valparaíso,2018,1,5,17.46
Valparaíso,2018,2,5,16.84
Valparaíso,2018,3,5,17.41
Valparaíso,2018,4,5,17.6
Valparaíso,2018,5,5,17.19
Valparaíso,2018,6,5,18.01
Valparaíso,2018,7,5,17.54
Valparaíso,2018,8,5,17.81
Valparaíso,2018,9,5,17.19
Valparaíso,2018,10,5,17.26
Valparaíso,2018,11,5,16.3
Valparaíso,2018,12,5,16.4
Valparaíso,2018,13,5,16.0
Valparaíso,2018,14,5,14.9
Valparaíso,2018,15,5,14.9
Valparaíso,2018,16,5,15.17
Valparaíso,2018,17,5,14.3
Valparaíso,2018,18,5,14.14
Valparaíso,2018,19,5,14.24
Valparaíso,2018,20,5,14.76
Valparaíso,2018,21,5,13.06
Valparaíso,2018,22,5,11.4
Valparaíso,2018,23,5,13.0
Valparaíso,2018,24,5,11.41
Valparaíso,2018,25,5,11.24
Valparaíso,2018,26,5,12.26
Valparaíso,2018,27,5,12.9
Valparaíso,2018,28,5,12.14
Valparaíso,2018,29,5,9.74
Valparaíso,2018,30,5,9.64
Valparaíso,2018,31,5,10.06
Valparaíso,2018,32,5,12.59
Valparaíso,2018,33,5,12.31
Valparaíso,2018,34,5,10.89
Valparaíso,2018,35,5,11.9
Valparaíso,2018,36,5,13.8
Valparaíso,2018,37,5,12.21
Valparaíso,2018,38,5,13.59
Valparaíso,2018,39,5,13.16
Valparaíso,2018,40,5,12.86
Valparaíso,2018,41,5,12.2
Valparaíso,2018,42,5,13.03
Valparaíso,2018,43,5,14.76
Valparaíso,2018,44,5,14.54
Valparaíso,2018,45,5,16.47
Valparaíso,2018,46,5,16.44
Valparaíso,2018,47,5,16.7
Valparaíso,2018,48,5,15.56
Valparaíso,2018,49,5,16.57
Valparaíso,2018,50,5,16.71
Valparaíso,2018,51,5,16.44
Valparaíso,2018,52,5,16.29
Valparaíso,2019,1,5,16.87
Valparaíso,2019,2,5,16.3
Valparaíso,2019,3,5,17.07
Valparaíso,2019,4,5,17.57
Valparaíso,2019,5,5,17.49
Valparaíso,2019,6,5,17.56
Valparaíso,2019,7,5,17.94
Valparaíso,2019,8,5,18.33
Valparaíso,2019,9,5,16.7
Valparaíso,2019,10,5,16.83
Valparaíso,2019,11,5,16.59
Valparaíso,2019,12,5,16.07
Valparaíso,2019,13,5,14.29
Valparaíso,2019,14,5,16.26
Valparaíso,2019,15,5,14.54
Valparaíso,2019,16,5,14.8
Valparaíso,2019,17,5,14.09
Valparaíso,2019,18,5,15.37
Valparaíso,2019,19,5,13.2
Valparaíso,2019,20,5,13.19
Valparaíso,2019,21,5,12.06
Valparaíso,2019,22,5,13.81
Valparaíso,2019,23,5,13.2
Valparaíso,2019,24,5,11.57
Valparaíso,2019,25,5,13.03
Valparaíso,2019,26,5,11.01
Valparaíso,2019,27,5,11.69
Valparaíso,2019,28,5,11.29
Valparaíso,2019,29,5,11.86
Valparaíso,2019,30,5,10.29
Valparaíso,2019,31,5,13.36
Valparaíso,2019,32,5,10.13
Valparaíso,2019,33,5,12.83
Valparaíso,2019,34,5,13.67
Valparaíso,2019,35,5,14.17
Valparaíso,2019,36,5,11.8
Valparaíso,2019,37,5,12.11
Valparaíso,2019,38,5,12.07
Valparaíso,2019,39,5,11.8
Valparaíso,2019,40,5,11.73
Valparaíso,2019,41,5,16.09
Valparaíso,2019,42,5,13.06
Valparaíso,2019,43,5,14.23
Valparaíso,2019,44,5,13.77
Valparaíso,2019,45,5,15.21
Valparaíso,2019,46,5,16.03
Valparaíso,2019,47,5,16.73
Valparaíso,2019,48,5,15.69
Valparaíso,2019,49,5,15.63
Valparaíso,2019,50,5,16.29
Valparaíso,2019,51,5,17.13
Valparaíso,2019,52,5,16.93
Valparaíso,2020,1,5,16.13
Valparaíso,2020,2,5,17.07
Valparaíso,2020,3,5,17.14
Valparaíso,2020,4,5,18.07
Valparaíso,2020,5,5,18.09
Valparaíso,2020,6,5,17.36
Valparaíso,2020,7,5,17.27
Valparaíso,2020,8,5,17.0
Valparaíso,2020,9,5,17.01
Valparaíso,2020,10,5,17.66
Valparaíso,2020,11,5,17.87
Valparaíso,2020,12,5,16.01
Valparaíso,2020,13,5,17.09
Valparaíso,2020,14,5,16.7
Valparaíso,2020,15,5,14.86
Valparaíso,2020,16,5,15.73
Valparaíso,2020,17,5,16.09
Valparaíso,2020,18,5,15.3
Valparaíso,2020,19,5,15.83
Valparaíso,2020,20,5,15.17
Valparaíso,2020,21,5,14.93
Valparaíso,2020,22,5,14.74
Valparaíso,2020,23,5,11.74
Valparaíso,2020,24,5,12.53
Valparaíso,2020,25,5,13.24
Valparaíso,2020,26,5,11.99
Valparaíso,2020,27,5,12.51
Valparaíso,2020,28,5,12.21
Valparaíso,2020,29,5,13.9
Valparaíso,2020,30,5,11.6
Valparaíso,2020,31,5,12.27
Valparaíso,2020,32,5,12.87
Valparaíso,2020,33,5,10.33
Valparaíso,2020,34,5,11.04
Valparaíso,2020,35,5,11.3
Valparaíso,2020,36,5,11.37
Valparaíso,2020,37,5,12.4
Valparaíso,2020,38,5,13.14
Valparaíso,2020,39,5,12.86
Valparaíso,2020,40,5,11.41
Valparaíso,2020,41,5,13.51
Valparaíso,2020,42,5,13.07
Valparaíso,2020,43,5,13.04
Valparaíso,2020,44,5,13.07
Valparaíso,2020,45,5,13.79
Valparaíso,2020,46,5,13.93
Valparaíso,2020,47,5,14.04
Valparaíso,2020,48,5,15.8
Valparaíso,2020,49,5,14.69
Valparaíso,2020,50,5,15.49
Valparaíso,2020,51,5,15.37
Valparaíso,2020,52,5,15.76
Valparaíso,2020,53,5,16.74
Valparaíso,2021,1,5,16.09
Valparaíso,2021,2,5,16.4
Valparaíso,2021,3,5,16.27
Valparaíso,2021,4,5,17.41
Valparaíso,2021,5,5,16.84
Valparaíso,2021,6,5,17.41
Valparaíso,2021,7,5,16.73
Valparaíso,2021,8,5,16.71
Valparaíso,2021,9,5,16.96
Valparaíso,2021,10,5,17.04
Valparaíso,2021,11,5,16.07
Valparaíso,2021,12,5,15.99
Valparaíso,2021,13,5,15.09
Valparaíso,2021,14,5,16.04
Valparaíso,2021,15,5,15.19
Valparaíso,2021,16,5,14.5
Valparaíso,2021,17,5,14.11
Valparaíso,2021,18,5,15.33
Valparaíso,2021,19,5,13.94
Valparaíso,2021,20,5,13.74
Valparaíso,2021,21,5,14.44
Valparaíso,2021,22,5,14.87
Valparaíso,2021,23,5,14.21
Valparaíso,2021,24,5,12.4
Valparaíso,2021,25,5,11.8
Valparaíso,2021,26,5,11.87
Valparaíso,2021,27,5,11.31
Valparaíso,2021,28,5,11.69
Valparaíso,2021,29,5,11.74
Valparaíso,2021,30,5,11.47
Valparaíso,2021,31,5,11.36
Valparaíso,2021,32,5,10.19
Valparaíso,2021,33,5,12.63
Valparaíso,2021,34,5,11.47
Valparaíso,2021,35,5,12.13
Valparaíso,2021,36,5,11.97
Valparaíso,2021,37,5,12.19
Valparaíso,2021,38,5,13.07
Valparaíso,2021,39,5,13.11
Valparaíso,2021,40,5,12.51
Valparaíso,2021,41,5,13.04
Valparaíso,2021,42,5,13.81
Valparaíso,2021,43,5,14.64
Valparaíso,2021,44,5,13.53
Valparaíso,2021,45,5,14.1
Valparaíso,2021,46,5,14.2
Valparaíso,2021,47,5,15.01
Valparaíso,2021,48,5,15.16
Valparaíso,2021,49,5,15.51
Valparaíso,2021,50,5,15.86
Valparaíso,2021,51,5,16.47
Valparaíso,2021,52,5,17.01
Valparaíso,2022,1,5,17.13
Valparaíso,2022,2,5,17.54
Valparaíso,2022,3,5,16.33
Valparaíso,2022,4,5,16.54
Valparaíso,2022,5,5,17.23
Valparaíso,2022,6,5,17.31
Valparaíso,2022,7,5,17.47
Valparaíso,2022,8,5,17.63
Valparaíso,2022,9,5,16.7
Valparaíso,2022,10,5,16.27
Valparaíso,2022,11,5,16.14
Valparaíso,2022,12,5,15.69
Valparaíso,2022,13,5,14.94
Valparaíso,2022,14,5,14.31
Valparaíso,2022,15,5,13.64
Valparaíso,2022,16,5,14.26
Valparaíso,2022,17,5,13.84
Valparaíso,2022,18,5,13.59
Valparaíso,2022,19,5,13.3
Valparaíso,2022,20,5,12.9
Valparaíso,2022,21,5,12.23
Valparaíso,2022,22,5,11.23
Valparaíso,2022,23,5,12.16
Valparaíso,2022,24,5,11.66
Valparaíso,2022,25,5,12.64
Valparaíso,2022,26,5,12.07
Valparaíso,2022,27,5,11.1
Valparaíso,2022,28,5,10.29
Valparaíso,2022,29,5,11.87
Valparaíso,2022,30,5,11.97
Valparaíso,2022,31,5,11.04
Valparaíso,2022,32,5,11.34
Valparaíso,2022,33,5,11.84
Valparaíso,2022,34,5,12.69
Valparaíso,2022,35,5,11.91
Valparaíso,2022,36,5,11.24
Valparaíso,2022,37,5,11.86
Valparaíso,2022,38,5,11.86
Valparaíso,2022,39,5,12.31
Valparaíso,2022,40,5,13.21
Valparaíso,2022,41,5,12.84
Valparaíso,2022,42,5,13.07
Valparaíso,2022,43,5,13.94
Valparaíso,2022,44,5,13.94
Valparaíso,2022,45,5,14.27
Valparaíso,2022,46,5,16.39
Valparaíso,2022,47,5,15.26
Valparaíso,2022,48,5,15.14
Valparaíso,2022,49,5,18.01
Valparaíso,2022,50,5,16.9
Valparaíso,2022,51,5,17.04
Valparaíso,2022,52,5,17.19
Valparaíso,2023,1,5,17.19
Valparaíso,2023,2,5,16.93
Valparaíso,2023,3,5,16.47
Valparaíso,2023,4,5,17.24
Valparaíso,2023,5,5,17.56
Valparaíso,2023,6,5,18.69
Valparaíso,2023,7,5,18.11
Valparaíso,2023,8,5,17.47
Valparaíso,2023,9,5,17.46
Valparaíso,2023,10,5,17.09
Valparaíso,2023,11,5,18.81
Valparaíso,2023,12,5,18.49
Valparaíso,2023,13,5,17.8
Valparaíso,2023,14,5,16.79
Valparaíso,2023,15,5,15.69
Valparaíso,2023,16,5,15.17
Valparaíso,2023,17,5,14.33
Valparaíso,2023,18,5,12.26
Valparaíso,2023,19,5,16.26
Valparaíso,2023,20,5,14.49
Valparaíso,2023,21,5,13.81
Valparaíso,2023,22,5,14.29
Valparaíso,2023,23,5,13.2
Valparaíso,2023,24,5,12.29
Valparaíso,2023,25,5,14.56
Valparaíso,2023,26,5,14.04
Valparaíso,2023,27,5,12.54
Valparaíso,2023,28,5,12.21
Valparaíso,2023,29,5,13.16
Valparaíso,2023,30,5,13.7
Valparaíso,2023,31,5,14.27
Valparaíso,2023,32,5,14.14
Valparaíso,2023,33,5,13.69
Valparaíso,2023,34,5,12.83
Valparaíso,2023,35,5,13.04
Valparaíso,2023,36,5,13.23
Valparaíso,2023,37,5,13.36
Valparaíso,2023,38,5,13.01
Valparaíso,2023,39,5,12.34
Valparaíso,2023,40,5,12.83
Valparaíso,2023,41,5,13.56
Valparaíso,2023,42,5,14.11
Valparaíso,2023,43,5,13.5
Valparaíso,2023,44,5,13.59
Valparaíso,2023,45,5,14.43
Valparaíso,2023,46,5,13.54
Valparaíso,2023,47,5,15.17
Valparaíso,2023,48,5,15.24
Valparaíso,2023,49,5,16.43
Valparaíso,2023,50,5,15.5
Valparaíso,2023,51,5,16.01
Valparaíso,2023,52,5,16.87
Valparaíso,2024,1,5,17.69
Valparaíso,2024,2,5,17.5
Valparaíso,2024,3,5,17.49
Valparaíso,2024,4,5,17.34
Valparaíso,2024,5,5,19.9
Valparaíso,2024,6,5,18.63
Valparaíso,2024,7,5,18.16
Valparaíso,2024,8,5,18.56
Valparaíso,2024,9,5,18.66
Valparaíso,2024,10,5,17.19
Valparaíso,2024,11,5,16.7
Valparaíso,2024,12,5,17.96
Valparaíso,2024,13,5,17.84
Valparaíso,2024,14,5,16.41
Valparaíso,2024,15,5,14.36
Valparaíso,2024,16,5,16.47
Valparaíso,2024,17,5,14.07
Valparaíso,2024,18,5,12.31
Valparaíso,2024,19,5,10.96
Valparaíso,2024,20,5,10.66
Valparaíso,2024,21,5,12.01
Valparaíso,2024,22,5,13.51
Valparaíso,2024,23,5,13.83
Valparaíso,2024,24,5,13.21
Valparaíso,2024,25,5,12.34
Valparaíso,2024,26,5,11.96
Valparaíso,2024,27,5,11.27
Valparaíso,2024,28,5,8.27
Valparaíso,2024,29,5,10.64
Valparaíso,2024,30,5,11.46
Valparaíso,2024,31,5,12.07
Valparaíso,2024,32,5,11.34
Valparaíso,2024,33,5,11.9
Valparaíso,2024,34,5,9.77
Valparaíso,2024,35,5,11.74
Valparaíso,2024,36,5,11.74
Valparaíso,2024,37,5,12.84
Valparaíso,2024,38,5,12.67
Valparaíso,2024,39,5,12.84
Valparaíso,2024,40,5,13.9
Valparaíso,2024,41,5,14.2
Valparaíso,2024,42,5,14.31
Valparaíso,2024,43,5,14.56
Valparaíso,2024,44,5,14.56
Valparaíso,2024,45,5,16.14
Valparaíso,2024,46,5,15.44
Valparaíso,2024,47,5,15.33
Valparaíso,2024,48,5,15.49
Valparaíso,2024,49,5,15.07
Valparaíso,2024,50,5,15.73
Valparaíso,2024,51,5,17.16
Valparaíso,2024,52,5,16.5
Valparaíso,2025,1,5,17.56
Valparaíso,2025,2,5,18.4
Valparaíso,2025,3,5,18.34
Valparaíso,2025,4,5,17.63
Valparaíso,2025,5,5,17.29
Valparaíso,2025,6,5,18.41
Valparaíso,2025,7,5,17.0
Valparaíso,2025,8,5,17.0
Valparaíso,2025,9,5,17.83
Valparaíso,2025,10,5,18.17
Valparaíso,2025,11,5,16.89
Valparaíso,2025,12,5,17.1
Valparaíso,2025,13,5,15.83
Valparaíso,2025,14,5,15.37
Valparaíso,2025,15,5,14.9
Valparaíso,2025,16,5,14.46
Valparaíso,2025,17,5,15.37
Valparaíso,2025,18,5,13.96
Valparaíso,2025,19,5,14.3
Valparaíso,2025,20,5,13.13
Valparaíso,2025,21,5,14.81
Valparaíso,2025,22,5,13.06
Valparaíso,2025,23,5,11.94
Valparaíso,2025,24,5,12.17
Valparaíso,2025,25,5,11.76
Valparaíso,2025,26,5,10.04
Valparaíso,2025,27,5,13.09
Valparaíso,2025,28,5,10.93
Valparaíso,2025,29,5,12.43
Valparaíso,2025,30,5,12.51
Valparaíso,2025,31,5,13.03
Valparaíso,2025,32,5,13.59
Valparaíso,2025,33,5,14.47
Valparaíso,2025,34,5,11.93
Valparaíso,2025,35,5,13.24
Valparaíso,2025,36,5,11.73
Valparaíso,2025,37,5,13.61
Valparaíso,2025,38,5,13.4
Valparaíso,2025,39,5,13.91
Valparaíso,2025,40,5,14.04
Valparaíso,2025,41,5,14.04
Valparaíso,2025,42,5,14.61
Valparaíso,2025,43,5,14.34
Valparaíso,2025,44,5,14.36
Valparaíso,2025,45,5,14.47
Valparaíso,2025,46,5,15.26
Valparaíso,2025,47,5,16.76
Valparaíso,2025,48,5,16.13
Valparaíso,2025,49,5,17.51
Valparaíso,2025,50,5,17.46
Valparaíso,2025,51,5,17.14
Valparaíso,2025,52,5,17.59
Valparaíso,2026,1,5,17.26
Valparaíso,2026,2,5,18.27
Valparaíso,2026,3,5,18.33
Valparaíso,2026,4,5,17.2
Valparaíso,2026,5,5,18.69
Valparaíso,2026,6,5,19.8
Valparaíso,2026,7,5,18.73
Valparaíso,2026,8,5,18.36
Valparaíso,2026,9,5,17.97
Valparaíso,2026,10,5,17.83
Valparaíso,2026,11,5,18.2
Valparaíso,2026,12,5,16.76
Valparaíso,2026,13,5,14.94
Valparaíso,2026,14,5,16.5
Valparaíso,2026,15,5,14.86
Valparaíso,2026,16,5,15.83
Valparaíso,2026,17,5,14.0
Valparaíso,2026,18,5,14.61
Valparaíso,2026,19,5,13.71
Valparaíso,2026,20,5,11.53
Valparaíso,2026,21,5,10.0
Valparaíso,2026,22,5,13.07
Valparaíso,2026,23,5,13.71
Valparaíso,2026,24,5,12.36
Valparaíso,2026,25,5,11.47
Ñuble,2014,1,8,18.86
Ñuble,2014,2,8,20.97
Ñuble,2014,3,8,23.01
Ñuble,2014,4,8,18.44
Ñuble,2014,5,8,19.96
Ñuble,2014,6,8,17.59
Ñuble,2014,7,8,20.41
Ñuble,2014,8,8,20.31
Ñuble,2014,9,8,19.67
Ñuble,2014,10,8,17.74
Ñuble,2014,11,8,17.39
Ñuble,2014,12,8,17.07
Ñuble,2014,13,8,15.8
Ñuble,2014,14,8,12.71
Ñuble,2014,15,8,11.76
Ñuble,2014,16,8,12.96
Ñuble,2014,17,8,13.73
Ñuble,2014,18,8,11.94
Ñuble,2014,19,8,13.11
Ñuble,2014,20,8,11.81
Ñuble,2014,21,8,9.16
Ñuble,2014,22,8,9.39
Ñuble,2014,23,8,7.67
Ñuble,2014,24,8,8.94
Ñuble,2014,25,8,9.86
Ñuble,2014,26,8,6.79
Ñuble,2014,27,8,5.73
Ñuble,2014,28,8,8.33
Ñuble,2014,29,8,9.99
Ñuble,2014,30,8,7.19
Ñuble,2014,31,8,11.64
Ñuble,2014,32,8,8.39
Ñuble,2014,33,8,9.54
Ñuble,2014,34,8,10.46
Ñuble,2014,35,8,9.71
Ñuble,2014,36,8,11.09
Ñuble,2014,37,8,9.59
Ñuble,2014,38,8,12.17
Ñuble,2014,39,8,10.1
Ñuble,2014,40,8,12.31
Ñuble,2014,41,8,11.36
Ñuble,2014,42,8,13.16
Ñuble,2014,43,8,17.73
Ñuble,2014,44,8,12.59
Ñuble,2014,45,8,14.1
Ñuble,2014,46,8,16.96
Ñuble,2014,47,8,16.14
Ñuble,2014,48,8,15.94
Ñuble,2014,49,8,18.94
Ñuble,2014,50,8,19.46
Ñuble,2014,51,8,17.06
Ñuble,2014,52,8,19.14
Ñuble,2015,1,8,18.4
Ñuble,2015,2,8,21.34
Ñuble,2015,3,8,21.8
Ñuble,2015,4,8,21.64
Ñuble,2015,5,8,21.39
Ñuble,2015,6,8,22.07
Ñuble,2015,7,8,20.47
Ñuble,2015,8,8,18.9
Ñuble,2015,9,8,20.67
Ñuble,2015,10,8,19.46
Ñuble,2015,11,8,20.31
Ñuble,2015,12,8,20.17
Ñuble,2015,13,8,18.5
Ñuble,2015,14,8,16.61
Ñuble,2015,15,8,17.37
Ñuble,2015,16,8,14.2
Ñuble,2015,17,8,13.33
Ñuble,2015,18,8,12.49
Ñuble,2015,19,8,11.87
Ñuble,2015,20,8,12.63
Ñuble,2015,21,8,10.69
Ñuble,2015,22,8,8.74
Ñuble,2015,23,8,12.49
Ñuble,2015,24,8,7.5
Ñuble,2015,25,8,7.67
Ñuble,2015,26,8,9.16
Ñuble,2015,27,8,7.36
Ñuble,2015,28,8,8.89
Ñuble,2015,29,8,6.94
Ñuble,2015,30,8,8.21
Ñuble,2015,31,8,9.84
Ñuble,2015,32,8,10.27
Ñuble,2015,33,8,6.93
Ñuble,2015,34,8,9.9
Ñuble,2015,35,8,11.14
Ñuble,2015,36,8,11.87
Ñuble,2015,37,8,8.37
Ñuble,2015,38,8,9.26
Ñuble,2015,39,8,10.57
Ñuble,2015,40,8,12.46
Ñuble,2015,41,8,10.01
Ñuble,2015,42,8,11.17
Ñuble,2015,43,8,12.81
Ñuble,2015,44,8,13.1
Ñuble,2015,45,8,16.04
Ñuble,2015,46,8,15.59
Ñuble,2015,47,8,13.39
Ñuble,2015,48,8,15.34
Ñuble,2015,49,8,19.49
Ñuble,2015,50,8,17.76
Ñuble,2015,51,8,17.3
Ñuble,2015,52,8,17.99
Ñuble,2015,53,8,22.54
Ñuble,2016,1,8,21.84
Ñuble,2016,2,8,20.2
Ñuble,2016,3,8,22.66
Ñuble,2016,4,8,21.0
Ñuble,2016,5,8,22.66
Ñuble,2016,6,8,20.23
Ñuble,2016,7,8,20.3
Ñuble,2016,8,8,20.09
Ñuble,2016,9,8,21.07
Ñuble,2016,10,8,20.37
Ñuble,2016,11,8,18.24
Ñuble,2016,12,8,18.16
Ñuble,2016,13,8,16.06
Ñuble,2016,14,8,13.67
Ñuble,2016,15,8,13.57
Ñuble,2016,16,8,11.86
Ñuble,2016,17,8,11.9
Ñuble,2016,18,8,13.14
Ñuble,2016,19,8,13.23
Ñuble,2016,20,8,11.29
Ñuble,2016,21,8,11.36
Ñuble,2016,22,8,8.63
Ñuble,2016,23,8,8.16
Ñuble,2016,24,8,8.43
Ñuble,2016,25,8,7.2
Ñuble,2016,26,8,7.11
Ñuble,2016,27,8,7.61
Ñuble,2016,28,8,7.79
Ñuble,2016,29,8,10.49
Ñuble,2016,30,8,9.34
Ñuble,2016,31,8,8.94
Ñuble,2016,32,8,10.59
Ñuble,2016,33,8,9.83
Ñuble,2016,34,8,10.39
Ñuble,2016,35,8,9.17
Ñuble,2016,36,8,12.01
Ñuble,2016,37,8,11.44
Ñuble,2016,38,8,14.69
Ñuble,2016,39,8,14.29
Ñuble,2016,40,8,12.74
Ñuble,2016,41,8,12.46
Ñuble,2016,42,8,12.06
Ñuble,2016,43,8,16.43
Ñuble,2016,44,8,15.23
Ñuble,2016,45,8,16.13
Ñuble,2016,46,8,17.66
Ñuble,2016,47,8,17.64
Ñuble,2016,48,8,20.27
Ñuble,2016,49,8,18.1
Ñuble,2016,50,8,19.66
Ñuble,2016,51,8,17.43
Ñuble,2016,52,8,19.17
Ñuble,2017,1,8,19.94
Ñuble,2017,2,8,21.41
Ñuble,2017,3,8,24.1
Ñuble,2017,4,8,25.67
Ñuble,2017,5,8,20.33
Ñuble,2017,6,8,21.21
Ñuble,2017,7,8,19.57
Ñuble,2017,8,8,24.29
Ñuble,2017,9,8,18.87
Ñuble,2017,10,8,16.36
Ñuble,2017,11,8,18.5
Ñuble,2017,12,8,18.59
Ñuble,2017,13,8,16.19
Ñuble,2017,14,8,14.87
Ñuble,2017,15,8,15.8
Ñuble,2017,16,8,14.49
Ñuble,2017,17,8,13.04
Ñuble,2017,18,8,12.87
Ñuble,2017,19,8,13.51
Ñuble,2017,20,8,8.64
Ñuble,2017,21,8,6.57
Ñuble,2017,22,8,7.23
Ñuble,2017,23,8,7.74
Ñuble,2017,24,8,7.36
Ñuble,2017,25,8,8.99
Ñuble,2017,26,8,11.3
Ñuble,2017,27,8,8.97
Ñuble,2017,28,8,5.77
Ñuble,2017,29,8,8.31
Ñuble,2017,30,8,6.64
Ñuble,2017,31,8,6.94
Ñuble,2017,32,8,8.87
Ñuble,2017,33,8,8.4
Ñuble,2017,34,8,8.34
Ñuble,2017,35,8,7.53
Ñuble,2017,36,8,7.96
Ñuble,2017,37,8,10.06
Ñuble,2017,38,8,11.49
Ñuble,2017,39,8,11.03
Ñuble,2017,40,8,10.97
Ñuble,2017,41,8,12.0
Ñuble,2017,42,8,12.56
Ñuble,2017,43,8,12.79
Ñuble,2017,44,8,11.79
Ñuble,2017,45,8,16.04
Ñuble,2017,46,8,15.03
Ñuble,2017,47,8,16.41
Ñuble,2017,48,8,18.03
Ñuble,2017,49,8,20.19
Ñuble,2017,50,8,18.8
Ñuble,2017,51,8,19.1
Ñuble,2017,52,8,20.61
Ñuble,2018,1,8,19.61
Ñuble,2018,2,8,21.74
Ñuble,2018,3,8,21.37
Ñuble,2018,4,8,20.36
Ñuble,2018,5,8,22.33
Ñuble,2018,6,8,20.06
Ñuble,2018,7,8,22.01
Ñuble,2018,8,8,20.36
Ñuble,2018,9,8,20.63
Ñuble,2018,10,8,18.39
Ñuble,2018,11,8,15.01
Ñuble,2018,12,8,15.23
Ñuble,2018,13,8,16.93
Ñuble,2018,14,8,13.69
Ñuble,2018,15,8,12.69
Ñuble,2018,16,8,13.71
Ñuble,2018,17,8,10.39
Ñuble,2018,18,8,12.81
Ñuble,2018,19,8,11.31
Ñuble,2018,20,8,9.99
Ñuble,2018,21,8,8.44
Ñuble,2018,22,8,7.51
Ñuble,2018,23,8,6.59
Ñuble,2018,24,8,6.61
Ñuble,2018,25,8,7.87
Ñuble,2018,26,8,9.46
Ñuble,2018,27,8,10.56
Ñuble,2018,28,8,8.17
Ñuble,2018,29,8,4.46
Ñuble,2018,30,8,4.99
Ñuble,2018,31,8,6.57
Ñuble,2018,32,8,8.41
Ñuble,2018,33,8,8.36
Ñuble,2018,34,8,8.27
Ñuble,2018,35,8,9.5
Ñuble,2018,36,8,10.66
Ñuble,2018,37,8,11.24
Ñuble,2018,38,8,11.44
Ñuble,2018,39,8,11.06
Ñuble,2018,40,8,10.76
Ñuble,2018,41,8,10.21
Ñuble,2018,42,8,11.67
Ñuble,2018,43,8,13.77
Ñuble,2018,44,8,13.07
Ñuble,2018,45,8,15.09
Ñuble,2018,46,8,14.13
Ñuble,2018,47,8,15.87
Ñuble,2018,48,8,17.61
Ñuble,2018,49,8,18.7
Ñuble,2018,50,8,16.69
Ñuble,2018,51,8,20.64
Ñuble,2018,52,8,19.66
Ñuble,2019,1,8,19.54
Ñuble,2019,2,8,16.54
Ñuble,2019,3,8,21.01
Ñuble,2019,4,8,21.26
Ñuble,2019,5,8,22.44
Ñuble,2019,6,8,21.5
Ñuble,2019,7,8,21.31
Ñuble,2019,8,8,20.01
Ñuble,2019,9,8,18.66
Ñuble,2019,10,8,18.16
Ñuble,2019,11,8,18.31
Ñuble,2019,12,8,16.49
Ñuble,2019,13,8,16.31
Ñuble,2019,14,8,16.19
Ñuble,2019,15,8,14.2
Ñuble,2019,16,8,13.84
Ñuble,2019,17,8,12.63
Ñuble,2019,18,8,13.43
Ñuble,2019,19,8,10.67
Ñuble,2019,20,8,10.91
Ñuble,2019,21,8,8.17
Ñuble,2019,22,8,11.71
Ñuble,2019,23,8,9.74
Ñuble,2019,24,8,8.19
Ñuble,2019,25,8,8.2
Ñuble,2019,26,8,7.77
Ñuble,2019,27,8,7.67
Ñuble,2019,28,8,9.8
Ñuble,2019,29,8,7.63
Ñuble,2019,30,8,7.09
Ñuble,2019,31,8,9.61
Ñuble,2019,32,8,6.83
Ñuble,2019,33,8,9.03
Ñuble,2019,34,8,10.44
Ñuble,2019,35,8,10.0
Ñuble,2019,36,8,9.06
Ñuble,2019,37,8,10.01
Ñuble,2019,38,8,9.6
Ñuble,2019,39,8,13.56
Ñuble,2019,40,8,9.11
Ñuble,2019,41,8,14.27
Ñuble,2019,42,8,13.31
Ñuble,2019,43,8,13.83
Ñuble,2019,44,8,12.76
Ñuble,2019,45,8,17.56
Ñuble,2019,46,8,19.3
Ñuble,2019,47,8,19.49
Ñuble,2019,48,8,16.4
Ñuble,2019,49,8,19.83
Ñuble,2019,50,8,19.13
Ñuble,2019,51,8,20.36
Ñuble,2019,52,8,20.91
Ñuble,2020,1,8,22.19
Ñuble,2020,2,8,19.24
Ñuble,2020,3,8,22.14
Ñuble,2020,4,8,24.24
Ñuble,2020,5,8,22.67
Ñuble,2020,6,8,20.59
Ñuble,2020,7,8,21.79
Ñuble,2020,8,8,20.57
Ñuble,2020,9,8,20.8
Ñuble,2020,10,8,22.17
Ñuble,2020,11,8,20.34
Ñuble,2020,12,8,18.26
Ñuble,2020,13,8,17.77
Ñuble,2020,14,8,16.61
Ñuble,2020,15,8,14.31
Ñuble,2020,16,8,15.23
Ñuble,2020,17,8,15.09
Ñuble,2020,18,8,12.37
Ñuble,2020,19,8,12.76
Ñuble,2020,20,8,12.77
Ñuble,2020,21,8,10.17
Ñuble,2020,22,8,9.71
Ñuble,2020,23,8,7.96
Ñuble,2020,24,8,7.54
Ñuble,2020,25,8,10.19
Ñuble,2020,26,8,8.09
Ñuble,2020,27,8,9.03
Ñuble,2020,28,8,7.59
Ñuble,2020,29,8,9.79
Ñuble,2020,30,8,7.99
Ñuble,2020,31,8,7.19
Ñuble,2020,32,8,9.5
Ñuble,2020,33,8,7.11
Ñuble,2020,34,8,8.97
Ñuble,2020,35,8,8.93
Ñuble,2020,36,8,9.01
Ñuble,2020,37,8,9.6
Ñuble,2020,38,8,11.5
Ñuble,2020,39,8,11.71
Ñuble,2020,40,8,9.59
Ñuble,2020,41,8,12.93
Ñuble,2020,42,8,15.74
Ñuble,2020,43,8,14.16
Ñuble,2020,44,8,14.76
Ñuble,2020,45,8,16.81
Ñuble,2020,46,8,17.76
Ñuble,2020,47,8,17.04
Ñuble,2020,48,8,17.66
Ñuble,2020,49,8,19.51
Ñuble,2020,50,8,17.46
Ñuble,2020,51,8,17.81
Ñuble,2020,52,8,22.0
Ñuble,2020,53,8,21.17
Ñuble,2021,1,8,20.53
Ñuble,2021,2,8,19.63
Ñuble,2021,3,8,24.69
Ñuble,2021,4,8,19.41
Ñuble,2021,5,8,19.41
Ñuble,2021,6,8,20.74
Ñuble,2021,7,8,17.66
Ñuble,2021,8,8,20.67
Ñuble,2021,9,8,22.31
Ñuble,2021,10,8,19.29
Ñuble,2021,11,8,16.57
Ñuble,2021,12,8,17.2
Ñuble,2021,13,8,16.34
Ñuble,2021,14,8,14.99
Ñuble,2021,15,8,16.59
Ñuble,2021,16,8,13.79
Ñuble,2021,17,8,12.79
Ñuble,2021,18,8,11.44
Ñuble,2021,19,8,9.76
Ñuble,2021,20,8,10.01
Ñuble,2021,21,8,10.3
Ñuble,2021,22,8,11.79
Ñuble,2021,23,8,11.0
Ñuble,2021,24,8,7.97
Ñuble,2021,25,8,8.16
Ñuble,2021,26,8,5.83
Ñuble,2021,27,8,7.99
Ñuble,2021,28,8,5.53
Ñuble,2021,29,8,9.54
Ñuble,2021,30,8,7.7
Ñuble,2021,31,8,9.37
Ñuble,2021,32,8,7.27
Ñuble,2021,33,8,10.21
Ñuble,2021,34,8,8.21
Ñuble,2021,35,8,10.74
Ñuble,2021,36,8,10.13
Ñuble,2021,37,8,9.64
Ñuble,2021,38,8,11.96
Ñuble,2021,39,8,10.16
Ñuble,2021,40,8,12.21
Ñuble,2021,41,8,12.13
Ñuble,2021,42,8,14.26
Ñuble,2021,43,8,17.3
Ñuble,2021,44,8,15.17
Ñuble,2021,45,8,15.96
Ñuble,2021,46,8,18.43
Ñuble,2021,47,8,18.7
Ñuble,2021,48,8,19.27
Ñuble,2021,49,8,19.56
Ñuble,2021,50,8,19.51
Ñuble,2021,51,8,22.93
Ñuble,2021,52,8,20.29
Ñuble,2022,1,8,21.77
Ñuble,2022,2,8,21.17
Ñuble,2022,3,8,17.74
Ñuble,2022,4,8,20.46
Ñuble,2022,5,8,21.73
Ñuble,2022,6,8,22.87
Ñuble,2022,7,8,20.4
Ñuble,2022,8,8,18.17
Ñuble,2022,9,8,19.16
Ñuble,2022,10,8,19.3
Ñuble,2022,11,8,18.4
Ñuble,2022,12,8,15.01
Ñuble,2022,13,8,14.37
Ñuble,2022,14,8,15.23
Ñuble,2022,15,8,12.6
Ñuble,2022,16,8,12.01
Ñuble,2022,17,8,9.81
Ñuble,2022,18,8,11.53
Ñuble,2022,19,8,10.64
Ñuble,2022,20,8,9.44
Ñuble,2022,21,8,6.27
Ñuble,2022,22,8,6.4
Ñuble,2022,23,8,8.76
Ñuble,2022,24,8,7.94
Ñuble,2022,25,8,8.5
Ñuble,2022,26,8,8.19
Ñuble,2022,27,8,7.53
Ñuble,2022,28,8,5.74
Ñuble,2022,29,8,8.3
Ñuble,2022,30,8,9.36
Ñuble,2022,31,8,7.86
Ñuble,2022,32,8,8.51
Ñuble,2022,33,8,8.76
Ñuble,2022,34,8,9.27
Ñuble,2022,35,8,11.14
Ñuble,2022,36,8,9.56
Ñuble,2022,37,8,9.84
Ñuble,2022,38,8,9.89
Ñuble,2022,39,8,13.16
Ñuble,2022,40,8,10.6
Ñuble,2022,41,8,12.51
Ñuble,2022,42,8,13.6
Ñuble,2022,43,8,13.44
Ñuble,2022,44,8,16.17
Ñuble,2022,45,8,15.6
Ñuble,2022,46,8,18.04
Ñuble,2022,47,8,21.97
Ñuble,2022,48,8,20.14
Ñuble,2022,49,8,21.3
Ñuble,2022,50,8,21.49
Ñuble,2022,51,8,19.77
Ñuble,2022,52,8,21.13
Ñuble,2023,1,8,21.21
Ñuble,2023,2,8,20.71
Ñuble,2023,3,8,21.26
Ñuble,2023,4,8,21.53
Ñuble,2023,5,8,23.43
Ñuble,2023,6,8,23.59
Ñuble,2023,7,8,20.64
Ñuble,2023,8,8,22.03
Ñuble,2023,9,8,22.26
Ñuble,2023,10,8,19.1
Ñuble,2023,11,8,19.93
Ñuble,2023,12,8,19.4
Ñuble,2023,13,8,16.37
Ñuble,2023,14,8,16.67
Ñuble,2023,15,8,15.6
Ñuble,2023,16,8,14.0
Ñuble,2023,17,8,13.49
Ñuble,2023,18,8,10.51
Ñuble,2023,19,8,12.99
Ñuble,2023,20,8,11.37
Ñuble,2023,21,8,9.76
Ñuble,2023,22,8,10.59
Ñuble,2023,23,8,9.46
Ñuble,2023,24,8,7.41
Ñuble,2023,25,8,12.37
Ñuble,2023,26,8,9.43
Ñuble,2023,27,8,9.24
Ñuble,2023,28,8,6.93
Ñuble,2023,29,8,9.24
Ñuble,2023,30,8,9.69
Ñuble,2023,31,8,9.7
Ñuble,2023,32,8,9.34
Ñuble,2023,33,8,11.14
Ñuble,2023,34,8,8.53
Ñuble,2023,35,8,9.3
Ñuble,2023,36,8,10.5
Ñuble,2023,37,8,10.0
Ñuble,2023,38,8,10.63
Ñuble,2023,39,8,10.74
Ñuble,2023,40,8,10.81
Ñuble,2023,41,8,12.5
Ñuble,2023,42,8,15.21
Ñuble,2023,43,8,13.13
Ñuble,2023,44,8,12.03
Ñuble,2023,45,8,13.01
Ñuble,2023,46,8,11.91
Ñuble,2023,47,8,16.3
Ñuble,2023,48,8,16.29
Ñuble,2023,49,8,19.29
Ñuble,2023,50,8,16.66
Ñuble,2023,51,8,19.56
Ñuble,2023,52,8,20.97
Ñuble,2024,1,8,21.83
Ñuble,2024,2,8,20.84
Ñuble,2024,3,8,22.21
Ñuble,2024,4,8,23.9
Ñuble,2024,5,8,24.9
Ñuble,2024,6,8,22.4
Ñuble,2024,7,8,22.57
Ñuble,2024,8,8,21.21
Ñuble,2024,9,8,21.44
Ñuble,2024,10,8,18.93
Ñuble,2024,11,8,17.33
Ñuble,2024,12,8,17.09
Ñuble,2024,13,8,18.14
Ñuble,2024,14,8,14.29
Ñuble,2024,15,8,14.2
Ñuble,2024,16,8,14.51
Ñuble,2024,17,8,10.71
Ñuble,2024,18,8,8.53
Ñuble,2024,19,8,7.73
Ñuble,2024,20,8,5.7
Ñuble,2024,21,8,7.2
Ñuble,2024,22,8,9.53
Ñuble,2024,23,8,11.11
Ñuble,2024,24,8,11.19
Ñuble,2024,25,8,8.36
Ñuble,2024,26,8,5.83
Ñuble,2024,27,8,6.46
Ñuble,2024,28,8,3.06
Ñuble,2024,29,8,6.71
Ñuble,2024,30,8,7.46
Ñuble,2024,31,8,8.99
Ñuble,2024,32,8,7.04
Ñuble,2024,33,8,8.71
Ñuble,2024,34,8,5.79
Ñuble,2024,35,8,9.09
Ñuble,2024,36,8,9.03
Ñuble,2024,37,8,9.89
Ñuble,2024,38,8,11.01
Ñuble,2024,39,8,10.49
Ñuble,2024,40,8,11.53
Ñuble,2024,41,8,13.56
Ñuble,2024,42,8,13.97
Ñuble,2024,43,8,14.39
Ñuble,2024,44,8,15.44
Ñuble,2024,45,8,15.31
Ñuble,2024,46,8,15.97
Ñuble,2024,47,8,17.5
Ñuble,2024,48,8,16.57
Ñuble,2024,49,8,16.7
Ñuble,2024,50,8,19.96
Ñuble,2024,51,8,20.57
Ñuble,2024,52,8,21.97
Ñuble,2025,1,8,22.3
Ñuble,2025,2,8,23.49
Ñuble,2025,3,8,21.86
Ñuble,2025,4,8,21.17
Ñuble,2025,5,8,21.76
Ñuble,2025,6,8,23.3
Ñuble,2025,7,8,20.21
Ñuble,2025,8,8,21.14
Ñuble,2025,9,8,21.11
Ñuble,2025,10,8,18.7
Ñuble,2025,11,8,19.31
Ñuble,2025,12,8,19.54
Ñuble,2025,13,8,16.36
Ñuble,2025,14,8,14.51
Ñuble,2025,15,8,13.83
Ñuble,2025,16,8,12.0
Ñuble,2025,17,8,13.59
Ñuble,2025,18,8,11.27
Ñuble,2025,19,8,11.54
Ñuble,2025,20,8,10.49
Ñuble,2025,21,8,8.9
Ñuble,2025,22,8,9.04
Ñuble,2025,23,8,9.34
Ñuble,2025,24,8,8.04
Ñuble,2025,25,8,8.11
Ñuble,2025,26,8,5.06
Ñuble,2025,27,8,6.23
Ñuble,2025,28,8,8.64
Ñuble,2025,29,8,8.77
Ñuble,2025,30,8,9.39
Ñuble,2025,31,8,10.71
Ñuble,2025,32,8,9.66
Ñuble,2025,33,8,11.64
Ñuble,2025,34,8,8.86
Ñuble,2025,35,8,11.24
Ñuble,2025,36,8,9.54
Ñuble,2025,37,8,11.57
Ñuble,2025,38,8,12.21
Ñuble,2025,39,8,11.73
Ñuble,2025,40,8,11.73
Ñuble,2025,41,8,13.04
Ñuble,2025,42,8,14.43
Ñuble,2025,43,8,14.14
Ñuble,2025,44,8,16.67
Ñuble,2025,45,8,15.77
Ñuble,2025,46,8,17.03
Ñuble,2025,47,8,20.46
Ñuble,2025,48,8,17.89
Ñuble,2025,49,8,20.69
Ñuble,2025,50,8,19.46
Ñuble,2025,51,8,19.67
Ñuble,2025,52,8,20.03
Ñuble,2026,1,8,23.19
Ñuble,2026,2,8,22.66
Ñuble,2026,3,8,22.29
Ñuble,2026,4,8,21.49
Ñuble,2026,5,8,23.29
Ñuble,2026,6,8,19.2
Ñuble,2026,7,8,19.29
Ñuble,2026,8,8,20.4
Ñuble,2026,9,8,20.06
Ñuble,2026,10,8,17.86
Ñuble,2026,11,8,18.77
Ñuble,2026,12,8,14.27
Ñuble,2026,13,8,13.21
Ñuble,2026,14,8,15.79
Ñuble,2026,15,8,14.91
Ñuble,2026,16,8,13.83
Ñuble,2026,17,8,10.87
Ñuble,2026,18,8,10.93
Ñuble,2026,19,8,11.46
Ñuble,2026,20,8,9.8
Ñuble,2026,21,8,7.13
Ñuble,2026,22,8,9.64
Ñuble,2026,23,8,10.9
Ñuble,2026,24,8,9.29
Ñuble,2026,25,8,7.37
