region,anio,semana,radiacion_solar_media_MJ_m2
Antofagasta,2014,1,28.95
Antofagasta,2014,2,28.55
Antofagasta,2014,3,28.82
Antofagasta,2014,4,27.24
Antofagasta,2014,5,28.1
Antofagasta,2014,6,28.3
Antofagasta,2014,7,28.01
Antofagasta,2014,8,27.55
Antofagasta,2014,9,26.66
Antofagasta,2014,10,26.31
Antofagasta,2014,11,24.72
Antofagasta,2014,12,22.47
Antofagasta,2014,13,21.88
Antofagasta,2014,14,20.32
Antofagasta,2014,15,21.5
Antofagasta,2014,16,19.63
Antofagasta,2014,17,17.23
Antofagasta,2014,18,15.71
Antofagasta,2014,19,15.48
Antofagasta,2014,20,15.78
Antofagasta,2014,21,12.43
Antofagasta,2014,22,15.85
Antofagasta,2014,23,13.79
Antofagasta,2014,24,15.68
Antofagasta,2014,25,14.1
Antofagasta,2014,26,13.1
Antofagasta,2014,27,13.94
Antofagasta,2014,28,14.46
Antofagasta,2014,29,15.82
Antofagasta,2014,30,16.32
Antofagasta,2014,31,16.9
Antofagasta,2014,32,17.46
Antofagasta,2014,33,18.92
Antofagasta,2014,34,17.65
Antofagasta,2014,35,21.5
Antofagasta,2014,36,22.04
Antofagasta,2014,37,20.59
Antofagasta,2014,38,22.75
Antofagasta,2014,39,23.74
Antofagasta,2014,40,22.98
Antofagasta,2014,41,23.44
Antofagasta,2014,42,27.18
Antofagasta,2014,43,26.69
Antofagasta,2014,44,25.89
Antofagasta,2014,45,28.4
Antofagasta,2014,46,29.58
Antofagasta,2014,47,27.76
Antofagasta,2014,48,27.97
Antofagasta,2014,49,29.76
Antofagasta,2014,50,29.97
Antofagasta,2014,51,29.02
Antofagasta,2014,52,29.73
Antofagasta,2015,1,28.09
Antofagasta,2015,2,27.65
Antofagasta,2015,3,27.57
Antofagasta,2015,4,28.64
Antofagasta,2015,5,28.08
Antofagasta,2015,6,26.31
Antofagasta,2015,7,26.97
Antofagasta,2015,8,26.89
Antofagasta,2015,9,23.96
Antofagasta,2015,10,25.33
Antofagasta,2015,11,25.5
Antofagasta,2015,12,21.35
Antofagasta,2015,13,16.68
Antofagasta,2015,14,19.33
Antofagasta,2015,15,18.43
Antofagasta,2015,16,19.45
Antofagasta,2015,17,16.75
Antofagasta,2015,18,16.15
Antofagasta,2015,19,17.58
Antofagasta,2015,20,15.97
Antofagasta,2015,21,13.76
Antofagasta,2015,22,13.69
Antofagasta,2015,23,14.75
Antofagasta,2015,24,15.02
Antofagasta,2015,25,14.54
Antofagasta,2015,26,13.81
Antofagasta,2015,27,14.1
Antofagasta,2015,28,14.89
Antofagasta,2015,29,14.41
Antofagasta,2015,30,15.39
Antofagasta,2015,31,16.62
Antofagasta,2015,32,15.8
Antofagasta,2015,33,16.22
Antofagasta,2015,34,18.85
Antofagasta,2015,35,20.75
Antofagasta,2015,36,21.46
Antofagasta,2015,37,23.3
Antofagasta,2015,38,23.29
Antofagasta,2015,39,23.87
Antofagasta,2015,40,26.34
Antofagasta,2015,41,26.12
Antofagasta,2015,42,26.06
Antofagasta,2015,43,28.54
Antofagasta,2015,44,27.68
Antofagasta,2015,45,28.94
Antofagasta,2015,46,28.19
Antofagasta,2015,47,29.16
Antofagasta,2015,48,30.02
Antofagasta,2015,49,30.23
Antofagasta,2015,50,29.88
Antofagasta,2015,51,28.49
Antofagasta,2015,52,29.96
Antofagasta,2015,53,30.07
Antofagasta,2016,1,30.63
Antofagasta,2016,2,29.08
Antofagasta,2016,3,28.46
Antofagasta,2016,4,28.74
Antofagasta,2016,5,28.82
Antofagasta,2016,6,25.13
Antofagasta,2016,7,26.15
Antofagasta,2016,8,26.04
Antofagasta,2016,9,26.06
Antofagasta,2016,10,24.91
Antofagasta,2016,11,21.59
Antofagasta,2016,12,21.83
Antofagasta,2016,13,20.81
Antofagasta,2016,14,19.45
Antofagasta,2016,15,19.38
Antofagasta,2016,16,17.52
Antofagasta,2016,17,19.35
Antofagasta,2016,18,16.01
Antofagasta,2016,19,16.33
Antofagasta,2016,20,15.94
Antofagasta,2016,21,15.76
Antofagasta,2016,22,16.22
Antofagasta,2016,23,15.25
Antofagasta,2016,24,14.57
Antofagasta,2016,25,14.16
Antofagasta,2016,26,13.43
Antofagasta,2016,27,14.69
Antofagasta,2016,28,15.01
Antofagasta,2016,29,15.93
Antofagasta,2016,30,15.77
Antofagasta,2016,31,16.42
Antofagasta,2016,32,17.45
Antofagasta,2016,33,19.37
Antofagasta,2016,34,19.54
Antofagasta,2016,35,21.05
Antofagasta,2016,36,22.64
Antofagasta,2016,37,20.46
Antofagasta,2016,38,22.91
Antofagasta,2016,39,23.36
Antofagasta,2016,40,25.51
Antofagasta,2016,41,27.93
Antofagasta,2016,42,27.59
Antofagasta,2016,43,29.28
Antofagasta,2016,44,28.42
Antofagasta,2016,45,28.6
Antofagasta,2016,46,29.47
Antofagasta,2016,47,29.34
Antofagasta,2016,48,29.59
Antofagasta,2016,49,30.36
Antofagasta,2016,50,28.47
Antofagasta,2016,51,29.2
Antofagasta,2016,52,29.26
Antofagasta,2017,1,30.78
Antofagasta,2017,2,30.41
Antofagasta,2017,3,29.04
Antofagasta,2017,4,29.89
Antofagasta,2017,5,28.93
Antofagasta,2017,6,29.66
Antofagasta,2017,7,28.96
Antofagasta,2017,8,26.86
Antofagasta,2017,9,25.6
Antofagasta,2017,10,25.13
Antofagasta,2017,11,24.29
Antofagasta,2017,12,24.15
Antofagasta,2017,13,21.89
Antofagasta,2017,14,21.53
Antofagasta,2017,15,20.8
Antofagasta,2017,16,19.81
Antofagasta,2017,17,18.87
Antofagasta,2017,18,17.8
Antofagasta,2017,19,16.74
Antofagasta,2017,20,16.34
Antofagasta,2017,21,14.39
Antofagasta,2017,22,15.59
Antofagasta,2017,23,11.99
Antofagasta,2017,24,13.49
Antofagasta,2017,25,13.67
Antofagasta,2017,26,13.97
Antofagasta,2017,27,14.19
Antofagasta,2017,28,14.49
Antofagasta,2017,29,15.13
Antofagasta,2017,30,14.9
Antofagasta,2017,31,16.67
Antofagasta,2017,32,17.08
Antofagasta,2017,33,18.88
Antofagasta,2017,34,18.74
Antofagasta,2017,35,19.36
Antofagasta,2017,36,21.25
Antofagasta,2017,37,23.22
Antofagasta,2017,38,22.77
Antofagasta,2017,39,23.61
Antofagasta,2017,40,26.32
Antofagasta,2017,41,26.25
Antofagasta,2017,42,27.52
Antofagasta,2017,43,27.56
Antofagasta,2017,44,28.46
Antofagasta,2017,45,26.42
Antofagasta,2017,46,29.62
Antofagasta,2017,47,27.95
Antofagasta,2017,48,30.62
Antofagasta,2017,49,29.06
Antofagasta,2017,50,30.53
Antofagasta,2017,51,29.84
Antofagasta,2017,52,29.7
Antofagasta,2018,1,28.3
Antofagasta,2018,2,27.89
Antofagasta,2018,3,29.27
Antofagasta,2018,4,29.31
Antofagasta,2018,5,25.49
Antofagasta,2018,6,29.05
Antofagasta,2018,7,27.27
Antofagasta,2018,8,28.25
Antofagasta,2018,9,27.3
Antofagasta,2018,10,26.41
Antofagasta,2018,11,25.28
Antofagasta,2018,12,24.16
Antofagasta,2018,13,22.0
Antofagasta,2018,14,22.57
Antofagasta,2018,15,19.36
Antofagasta,2018,16,18.79
Antofagasta,2018,17,16.25
Antofagasta,2018,18,16.98
Antofagasta,2018,19,17.58
Antofagasta,2018,20,15.95
Antofagasta,2018,21,16.03
Antofagasta,2018,22,15.05
Antofagasta,2018,23,14.75
Antofagasta,2018,24,15.18
Antofagasta,2018,25,11.29
Antofagasta,2018,26,14.06
Antofagasta,2018,27,13.59
Antofagasta,2018,28,14.34
Antofagasta,2018,29,12.51
Antofagasta,2018,30,14.37
Antofagasta,2018,31,14.88
Antofagasta,2018,32,15.13
Antofagasta,2018,33,17.07
Antofagasta,2018,34,17.5
Antofagasta,2018,35,20.39
Antofagasta,2018,36,20.75
Antofagasta,2018,37,20.55
Antofagasta,2018,38,22.37
Antofagasta,2018,39,22.83
Antofagasta,2018,40,20.44
Antofagasta,2018,41,23.0
Antofagasta,2018,42,25.05
Antofagasta,2018,43,27.09
Antofagasta,2018,44,26.17
Antofagasta,2018,45,27.31
Antofagasta,2018,46,29.18
Antofagasta,2018,47,28.11
Antofagasta,2018,48,28.47
Antofagasta,2018,49,31.37
Antofagasta,2018,50,29.13
Antofagasta,2018,51,28.58
Antofagasta,2018,52,27.53
Antofagasta,2019,1,27.32
Antofagasta,2019,2,30.04
Antofagasta,2019,3,28.69
Antofagasta,2019,4,29.37
Antofagasta,2019,5,28.05
Antofagasta,2019,6,24.27
Antofagasta,2019,7,26.35
Antofagasta,2019,8,27.35
Antofagasta,2019,9,25.97
Antofagasta,2019,10,23.02
Antofagasta,2019,11,24.22
Antofagasta,2019,12,24.12
Antofagasta,2019,13,22.19
Antofagasta,2019,14,21.18
Antofagasta,2019,15,20.45
Antofagasta,2019,16,18.13
Antofagasta,2019,17,18.23
Antofagasta,2019,18,17.55
Antofagasta,2019,19,15.06
Antofagasta,2019,20,14.5
Antofagasta,2019,21,15.33
Antofagasta,2019,22,14.76
Antofagasta,2019,23,13.84
Antofagasta,2019,24,12.88
Antofagasta,2019,25,13.89
Antofagasta,2019,26,13.56
Antofagasta,2019,27,12.0
Antofagasta,2019,28,11.54
Antofagasta,2019,29,14.19
Antofagasta,2019,30,15.35
Antofagasta,2019,31,16.87
Antofagasta,2019,32,17.87
Antofagasta,2019,33,16.4
Antofagasta,2019,34,17.31
Antofagasta,2019,35,18.66
Antofagasta,2019,36,18.99
Antofagasta,2019,37,21.29
Antofagasta,2019,38,22.82
Antofagasta,2019,39,23.18
Antofagasta,2019,40,24.35
Antofagasta,2019,41,25.68
Antofagasta,2019,42,25.96
Antofagasta,2019,43,25.41
Antofagasta,2019,44,25.4
Antofagasta,2019,45,26.07
Antofagasta,2019,46,25.17
Antofagasta,2019,47,26.98
Antofagasta,2019,48,28.92
Antofagasta,2019,49,28.79
Antofagasta,2019,50,29.27
Antofagasta,2019,51,30.74
Antofagasta,2019,52,27.99
Antofagasta,2020,1,29.69
Antofagasta,2020,2,28.38
Antofagasta,2020,3,28.44
Antofagasta,2020,4,26.28
Antofagasta,2020,5,28.59
Antofagasta,2020,6,29.48
Antofagasta,2020,7,27.63
Antofagasta,2020,8,26.15
Antofagasta,2020,9,26.87
Antofagasta,2020,10,25.66
Antofagasta,2020,11,23.81
Antofagasta,2020,12,24.05
Antofagasta,2020,13,22.27
Antofagasta,2020,14,21.76
Antofagasta,2020,15,20.29
Antofagasta,2020,16,20.5
Antofagasta,2020,17,17.96
Antofagasta,2020,18,16.36
Antofagasta,2020,19,17.05
Antofagasta,2020,20,16.66
Antofagasta,2020,21,16.0
Antofagasta,2020,22,15.63
Antofagasta,2020,23,15.48
Antofagasta,2020,24,12.32
Antofagasta,2020,25,13.61
Antofagasta,2020,26,13.83
Antofagasta,2020,27,14.5
Antofagasta,2020,28,14.93
Antofagasta,2020,29,15.2
Antofagasta,2020,30,15.07
Antofagasta,2020,31,16.43
Antofagasta,2020,32,16.56
Antofagasta,2020,33,17.85
Antofagasta,2020,34,18.29
Antofagasta,2020,35,18.22
Antofagasta,2020,36,19.59
Antofagasta,2020,37,20.58
Antofagasta,2020,38,22.67
Antofagasta,2020,39,21.51
Antofagasta,2020,40,23.62
Antofagasta,2020,41,23.95
Antofagasta,2020,42,24.94
Antofagasta,2020,43,24.13
Antofagasta,2020,44,27.37
Antofagasta,2020,45,26.79
Antofagasta,2020,46,28.7
Antofagasta,2020,47,29.73
Antofagasta,2020,48,29.31
Antofagasta,2020,49,29.25
Antofagasta,2020,50,28.47
Antofagasta,2020,51,26.81
Antofagasta,2020,52,27.27
Antofagasta,2020,53,28.49
Antofagasta,2021,1,30.07
Antofagasta,2021,2,30.76
Antofagasta,2021,3,28.27
Antofagasta,2021,4,28.46
Antofagasta,2021,5,29.34
Antofagasta,2021,6,29.56
Antofagasta,2021,7,28.82
Antofagasta,2021,8,28.05
Antofagasta,2021,9,26.96
Antofagasta,2021,10,24.96
Antofagasta,2021,11,25.06
Antofagasta,2021,12,23.09
Antofagasta,2021,13,22.48
Antofagasta,2021,14,21.06
Antofagasta,2021,15,19.87
Antofagasta,2021,16,20.19
Antofagasta,2021,17,19.57
Antofagasta,2021,18,16.58
Antofagasta,2021,19,13.98
Antofagasta,2021,20,15.34
Antofagasta,2021,21,13.42
Antofagasta,2021,22,14.46
Antofagasta,2021,23,13.79
Antofagasta,2021,24,13.06
Antofagasta,2021,25,13.81
Antofagasta,2021,26,14.16
Antofagasta,2021,27,12.91
Antofagasta,2021,28,14.71
Antofagasta,2021,29,15.02
Antofagasta,2021,30,16.21
Antofagasta,2021,31,17.0
Antofagasta,2021,32,15.12
Antofagasta,2021,33,16.92
Antofagasta,2021,34,19.6
Antofagasta,2021,35,17.95
Antofagasta,2021,36,20.2
Antofagasta,2021,37,21.55
Antofagasta,2021,38,22.92
Antofagasta,2021,39,23.82
Antofagasta,2021,40,23.41
Antofagasta,2021,41,25.35
Antofagasta,2021,42,25.64
Antofagasta,2021,43,26.81
Antofagasta,2021,44,26.09
Antofagasta,2021,45,26.71
Antofagasta,2021,46,28.42
Antofagasta,2021,47,28.85
Antofagasta,2021,48,28.15
Antofagasta,2021,49,27.63
Antofagasta,2021,50,27.82
Antofagasta,2021,51,23.49
Antofagasta,2021,52,31.07
Antofagasta,2022,1,30.65
Antofagasta,2022,2,28.71
Antofagasta,2022,3,27.49
Antofagasta,2022,4,29.11
Antofagasta,2022,5,30.07
Antofagasta,2022,6,27.86
Antofagasta,2022,7,28.58
Antofagasta,2022,8,27.8
Antofagasta,2022,9,25.83
Antofagasta,2022,10,25.28
Antofagasta,2022,11,23.42
Antofagasta,2022,12,23.99
Antofagasta,2022,13,22.03
Antofagasta,2022,14,18.59
Antofagasta,2022,15,20.25
Antofagasta,2022,16,18.55
Antofagasta,2022,17,15.43
Antofagasta,2022,18,16.73
Antofagasta,2022,19,16.49
Antofagasta,2022,20,15.5
Antofagasta,2022,21,13.96
Antofagasta,2022,22,15.08
Antofagasta,2022,23,13.93
Antofagasta,2022,24,13.28
Antofagasta,2022,25,13.38
Antofagasta,2022,26,11.15
Antofagasta,2022,27,12.1
Antofagasta,2022,28,15.41
Antofagasta,2022,29,13.45
Antofagasta,2022,30,12.93
Antofagasta,2022,31,15.81
Antofagasta,2022,32,17.36
Antofagasta,2022,33,18.08
Antofagasta,2022,34,19.09
Antofagasta,2022,35,19.25
Antofagasta,2022,36,21.13
Antofagasta,2022,37,23.07
Antofagasta,2022,38,22.2
Antofagasta,2022,39,24.91
Antofagasta,2022,40,24.08
Antofagasta,2022,41,26.26
Antofagasta,2022,42,26.21
Antofagasta,2022,43,27.47
Antofagasta,2022,44,27.99
Antofagasta,2022,45,30.23
Antofagasta,2022,46,24.07
Antofagasta,2022,47,27.65
Antofagasta,2022,48,28.02
Antofagasta,2022,49,29.79
Antofagasta,2022,50,30.07
Antofagasta,2022,51,28.63
Antofagasta,2022,52,31.75
Antofagasta,2023,1,31.18
Antofagasta,2023,2,30.2
Antofagasta,2023,3,30.27
Antofagasta,2023,4,28.89
Antofagasta,2023,5,29.01
Antofagasta,2023,6,26.11
Antofagasta,2023,7,27.81
Antofagasta,2023,8,27.66
Antofagasta,2023,9,26.54
Antofagasta,2023,10,25.95
Antofagasta,2023,11,23.91
Antofagasta,2023,12,23.74
Antofagasta,2023,13,21.87
Antofagasta,2023,14,19.14
Antofagasta,2023,15,19.83
Antofagasta,2023,16,20.14
Antofagasta,2023,17,17.7
Antofagasta,2023,18,16.88
Antofagasta,2023,19,15.66
Antofagasta,2023,20,15.48
Antofagasta,2023,21,15.27
Antofagasta,2023,22,13.91
Antofagasta,2023,23,13.14
Antofagasta,2023,24,14.49
Antofagasta,2023,25,12.22
Antofagasta,2023,26,13.8
Antofagasta,2023,27,13.97
Antofagasta,2023,28,13.87
Antofagasta,2023,29,14.17
Antofagasta,2023,30,14.87
Antofagasta,2023,31,15.94
Antofagasta,2023,32,15.95
Antofagasta,2023,33,17.41
Antofagasta,2023,34,17.31
Antofagasta,2023,35,19.61
Antofagasta,2023,36,21.47
Antofagasta,2023,37,21.73
Antofagasta,2023,38,20.38
Antofagasta,2023,39,23.22
Antofagasta,2023,40,24.43
Antofagasta,2023,41,26.2
Antofagasta,2023,42,24.82
Antofagasta,2023,43,26.98
Antofagasta,2023,44,28.35
Antofagasta,2023,45,27.23
Antofagasta,2023,46,28.53
Antofagasta,2023,47,29.17
Antofagasta,2023,48,30.28
Antofagasta,2023,49,31.32
Antofagasta,2023,50,31.01
Antofagasta,2023,51,29.3
Antofagasta,2023,52,30.67
Antofagasta,2024,1,28.84
Antofagasta,2024,2,28.68
Antofagasta,2024,3,30.04
Antofagasta,2024,4,28.78
Antofagasta,2024,5,28.83
Antofagasta,2024,6,27.96
Antofagasta,2024,7,25.54
Antofagasta,2024,8,26.05
Antofagasta,2024,9,26.4
Antofagasta,2024,10,26.15
Antofagasta,2024,11,25.74
Antofagasta,2024,12,23.2
Antofagasta,2024,13,22.2
Antofagasta,2024,14,21.02
Antofagasta,2024,15,19.48
Antofagasta,2024,16,20.48
Antofagasta,2024,17,16.8
Antofagasta,2024,18,17.71
Antofagasta,2024,19,15.89
Antofagasta,2024,20,15.21
Antofagasta,2024,21,14.44
Antofagasta,2024,22,14.99
Antofagasta,2024,23,13.35
Antofagasta,2024,24,13.88
Antofagasta,2024,25,14.86
Antofagasta,2024,26,13.58
Antofagasta,2024,27,13.23
Antofagasta,2024,28,15.65
Antofagasta,2024,29,15.43
Antofagasta,2024,30,15.29
Antofagasta,2024,31,15.4
Antofagasta,2024,32,18.27
Antofagasta,2024,33,18.54
Antofagasta,2024,34,17.82
Antofagasta,2024,35,20.22
Antofagasta,2024,36,19.24
Antofagasta,2024,37,21.58
Antofagasta,2024,38,19.84
Antofagasta,2024,39,21.58
Antofagasta,2024,40,25.23
Antofagasta,2024,41,25.69
Antofagasta,2024,42,25.11
Antofagasta,2024,43,28.37
Antofagasta,2024,44,25.28
Antofagasta,2024,45,27.49
Antofagasta,2024,46,28.21
Antofagasta,2024,47,28.46
Antofagasta,2024,48,29.72
Antofagasta,2024,49,30.31
Antofagasta,2024,50,31.0
Antofagasta,2024,51,29.91
Antofagasta,2024,52,29.63
Antofagasta,2025,1,30.75
Antofagasta,2025,2,28.33
Antofagasta,2025,3,29.87
Antofagasta,2025,4,30.04
Antofagasta,2025,5,30.04
Antofagasta,2025,6,28.56
Antofagasta,2025,7,28.21
Antofagasta,2025,8,27.81
Antofagasta,2025,9,27.12
Antofagasta,2025,10,26.84
Antofagasta,2025,11,25.98
Antofagasta,2025,12,24.71
Antofagasta,2025,13,23.88
Antofagasta,2025,14,22.71
Antofagasta,2025,15,21.4
Antofagasta,2025,16,19.29
Antofagasta,2025,17,18.38
Antofagasta,2025,18,17.79
Antofagasta,2025,19,17.64
Antofagasta,2025,20,15.26
Antofagasta,2025,21,15.29
Antofagasta,2025,22,14.91
Antofagasta,2025,23,14.12
Antofagasta,2025,24,13.28
Antofagasta,2025,25,14.93
Antofagasta,2025,26,14.07
Antofagasta,2025,27,14.33
Antofagasta,2025,28,14.62
Antofagasta,2025,29,15.89
Antofagasta,2025,30,15.5
Antofagasta,2025,31,16.48
Antofagasta,2025,32,16.35
Antofagasta,2025,33,18.22
Antofagasta,2025,34,19.22
Antofagasta,2025,35,19.28
Antofagasta,2025,36,19.89
Antofagasta,2025,37,22.15
Antofagasta,2025,38,22.58
Antofagasta,2025,39,22.15
Antofagasta,2025,40,24.95
Antofagasta,2025,41,25.2
Antofagasta,2025,42,25.56
Antofagasta,2025,43,25.95
Antofagasta,2025,44,29.4
Antofagasta,2025,45,29.17
Antofagasta,2025,46,29.91
Antofagasta,2025,47,29.59
Antofagasta,2025,48,29.04
Antofagasta,2025,49,28.43
Antofagasta,2025,50,30.31
Antofagasta,2025,51,32.12
Antofagasta,2025,52,30.05
Antofagasta,2026,1,31.32
Antofagasta,2026,2,30.78
Antofagasta,2026,3,29.99
Antofagasta,2026,4,29.3
Antofagasta,2026,5,30.06
Antofagasta,2026,6,29.47
Antofagasta,2026,7,28.91
Antofagasta,2026,8,26.89
Antofagasta,2026,9,27.43
Antofagasta,2026,10,27.01
Antofagasta,2026,11,26.1
Antofagasta,2026,12,25.18
Antofagasta,2026,13,24.01
Antofagasta,2026,14,21.96
Antofagasta,2026,15,21.99
Antofagasta,2026,16,20.12
Antofagasta,2026,17,19.28
Antofagasta,2026,18,17.93
Antofagasta,2026,19,17.24
Antofagasta,2026,20,13.32
Antofagasta,2026,21,14.73
Antofagasta,2026,22,12.55
Antofagasta,2026,23,11.32
Antofagasta,2026,24,11.26
Antofagasta,2026,25,9.93
Arica y Parinacota,2014,1,23.98
Arica y Parinacota,2014,2,23.52
Arica y Parinacota,2014,3,25.16
Arica y Parinacota,2014,4,24.32
Arica y Parinacota,2014,5,28.99
Arica y Parinacota,2014,6,29.33
Arica y Parinacota,2014,7,25.88
Arica y Parinacota,2014,8,28.87
Arica y Parinacota,2014,9,24.73
Arica y Parinacota,2014,10,24.51
Arica y Parinacota,2014,11,24.05
Arica y Parinacota,2014,12,26.26
Arica y Parinacota,2014,13,25.73
Arica y Parinacota,2014,14,22.98
Arica y Parinacota,2014,15,21.66
Arica y Parinacota,2014,16,21.0
Arica y Parinacota,2014,17,20.81
Arica y Parinacota,2014,18,19.73
Arica y Parinacota,2014,19,18.44
Arica y Parinacota,2014,20,17.52
Arica y Parinacota,2014,21,16.19
Arica y Parinacota,2014,22,16.97
Arica y Parinacota,2014,23,14.9
Arica y Parinacota,2014,24,15.52
Arica y Parinacota,2014,25,15.15
Arica y Parinacota,2014,26,13.86
Arica y Parinacota,2014,27,14.57
Arica y Parinacota,2014,28,15.43
Arica y Parinacota,2014,29,15.99
Arica y Parinacota,2014,30,16.13
Arica y Parinacota,2014,31,18.13
Arica y Parinacota,2014,32,17.17
Arica y Parinacota,2014,33,19.27
Arica y Parinacota,2014,34,18.78
Arica y Parinacota,2014,35,20.52
Arica y Parinacota,2014,36,20.14
Arica y Parinacota,2014,37,21.41
Arica y Parinacota,2014,38,21.98
Arica y Parinacota,2014,39,22.49
Arica y Parinacota,2014,40,21.78
Arica y Parinacota,2014,41,24.99
Arica y Parinacota,2014,42,26.39
Arica y Parinacota,2014,43,26.1
Arica y Parinacota,2014,44,27.76
Arica y Parinacota,2014,45,28.2
Arica y Parinacota,2014,46,27.08
Arica y Parinacota,2014,47,29.51
Arica y Parinacota,2014,48,28.97
Arica y Parinacota,2014,49,27.37
Arica y Parinacota,2014,50,28.41
Arica y Parinacota,2014,51,27.29
Arica y Parinacota,2014,52,26.41
Arica y Parinacota,2015,1,27.57
Arica y Parinacota,2015,2,24.54
Arica y Parinacota,2015,3,25.25
Arica y Parinacota,2015,4,23.28
Arica y Parinacota,2015,5,22.22
Arica y Parinacota,2015,6,19.83
Arica y Parinacota,2015,7,18.13
Arica y Parinacota,2015,8,23.5
Arica y Parinacota,2015,9,22.78
Arica y Parinacota,2015,10,20.4
Arica y Parinacota,2015,11,22.81
Arica y Parinacota,2015,12,18.73
Arica y Parinacota,2015,13,20.33
Arica y Parinacota,2015,14,23.53
Arica y Parinacota,2015,15,20.53
Arica y Parinacota,2015,16,22.37
Arica y Parinacota,2015,17,20.09
Arica y Parinacota,2015,18,20.3
Arica y Parinacota,2015,19,18.44
Arica y Parinacota,2015,20,16.67
Arica y Parinacota,2015,21,16.92
Arica y Parinacota,2015,22,15.73
Arica y Parinacota,2015,23,15.37
Arica y Parinacota,2015,24,14.93
Arica y Parinacota,2015,25,14.59
Arica y Parinacota,2015,26,14.73
Arica y Parinacota,2015,27,14.24
Arica y Parinacota,2015,28,15.18
Arica y Parinacota,2015,29,14.5
Arica y Parinacota,2015,30,15.6
Arica y Parinacota,2015,31,16.59
Arica y Parinacota,2015,32,18.71
Arica y Parinacota,2015,33,16.68
Arica y Parinacota,2015,34,19.54
Arica y Parinacota,2015,35,21.36
Arica y Parinacota,2015,36,21.37
Arica y Parinacota,2015,37,22.97
Arica y Parinacota,2015,38,23.08
Arica y Parinacota,2015,39,23.47
Arica y Parinacota,2015,40,23.16
Arica y Parinacota,2015,41,24.27
Arica y Parinacota,2015,42,25.85
Arica y Parinacota,2015,43,25.6
Arica y Parinacota,2015,44,25.09
Arica y Parinacota,2015,45,27.47
Arica y Parinacota,2015,46,25.38
Arica y Parinacota,2015,47,28.21
Arica y Parinacota,2015,48,25.84
Arica y Parinacota,2015,49,28.25
Arica y Parinacota,2015,50,27.95
Arica y Parinacota,2015,51,28.03
Arica y Parinacota,2015,52,26.28
Arica y Parinacota,2015,53,28.91
Arica y Parinacota,2016,1,27.81
Arica y Parinacota,2016,2,28.63
Arica y Parinacota,2016,3,25.45
Arica y Parinacota,2016,4,26.81
Arica y Parinacota,2016,5,26.56
Arica y Parinacota,2016,6,25.64
Arica y Parinacota,2016,7,23.87
Arica y Parinacota,2016,8,19.09
Arica y Parinacota,2016,9,22.76
Arica y Parinacota,2016,10,24.69
Arica y Parinacota,2016,11,24.87
Arica y Parinacota,2016,12,24.78
Arica y Parinacota,2016,13,24.76
Arica y Parinacota,2016,14,22.36
Arica y Parinacota,2016,15,21.91
Arica y Parinacota,2016,16,19.37
Arica y Parinacota,2016,17,20.44
Arica y Parinacota,2016,18,19.9
Arica y Parinacota,2016,19,19.26
Arica y Parinacota,2016,20,18.22
Arica y Parinacota,2016,21,17.27
Arica y Parinacota,2016,22,16.85
Arica y Parinacota,2016,23,16.27
Arica y Parinacota,2016,24,15.2
Arica y Parinacota,2016,25,14.64
Arica y Parinacota,2016,26,14.38
Arica y Parinacota,2016,27,14.98
Arica y Parinacota,2016,28,14.96
Arica y Parinacota,2016,29,16.67
Arica y Parinacota,2016,30,16.99
Arica y Parinacota,2016,31,16.84
Arica y Parinacota,2016,32,17.75
Arica y Parinacota,2016,33,19.38
Arica y Parinacota,2016,34,20.3
Arica y Parinacota,2016,35,21.4
Arica y Parinacota,2016,36,23.09
Arica y Parinacota,2016,37,22.29
Arica y Parinacota,2016,38,23.6
Arica y Parinacota,2016,39,23.82
Arica y Parinacota,2016,40,25.05
Arica y Parinacota,2016,41,25.78
Arica y Parinacota,2016,42,26.52
Arica y Parinacota,2016,43,28.18
Arica y Parinacota,2016,44,28.25
Arica y Parinacota,2016,45,28.17
Arica y Parinacota,2016,46,29.03
Arica y Parinacota,2016,47,29.9
Arica y Parinacota,2016,48,26.63
Arica y Parinacota,2016,49,29.71
Arica y Parinacota,2016,50,28.37
Arica y Parinacota,2016,51,25.77
Arica y Parinacota,2016,52,25.85
Arica y Parinacota,2017,1,27.51
Arica y Parinacota,2017,2,24.56
Arica y Parinacota,2017,3,24.38
Arica y Parinacota,2017,4,26.19
Arica y Parinacota,2017,5,29.22
Arica y Parinacota,2017,6,29.38
Arica y Parinacota,2017,7,27.37
Arica y Parinacota,2017,8,24.86
Arica y Parinacota,2017,9,25.14
Arica y Parinacota,2017,10,24.53
Arica y Parinacota,2017,11,24.08
Arica y Parinacota,2017,12,24.33
Arica y Parinacota,2017,13,23.76
Arica y Parinacota,2017,14,23.91
Arica y Parinacota,2017,15,23.28
Arica y Parinacota,2017,16,22.22
Arica y Parinacota,2017,17,20.72
Arica y Parinacota,2017,18,20.71
Arica y Parinacota,2017,19,19.72
Arica y Parinacota,2017,20,18.39
Arica y Parinacota,2017,21,16.73
Arica y Parinacota,2017,22,16.56
Arica y Parinacota,2017,23,15.36
Arica y Parinacota,2017,24,16.31
Arica y Parinacota,2017,25,16.31
Arica y Parinacota,2017,26,15.54
Arica y Parinacota,2017,27,15.48
Arica y Parinacota,2017,28,16.43
Arica y Parinacota,2017,29,17.82
Arica y Parinacota,2017,30,17.87
Arica y Parinacota,2017,31,17.97
Arica y Parinacota,2017,32,19.66
Arica y Parinacota,2017,33,20.23
Arica y Parinacota,2017,34,21.47
Arica y Parinacota,2017,35,21.8
Arica y Parinacota,2017,36,21.2
Arica y Parinacota,2017,37,19.02
Arica y Parinacota,2017,38,24.42
Arica y Parinacota,2017,39,25.92
Arica y Parinacota,2017,40,27.06
Arica y Parinacota,2017,41,24.31
Arica y Parinacota,2017,42,26.74
Arica y Parinacota,2017,43,28.36
Arica y Parinacota,2017,44,28.05
Arica y Parinacota,2017,45,28.53
Arica y Parinacota,2017,46,27.27
Arica y Parinacota,2017,47,29.64
Arica y Parinacota,2017,48,30.09
Arica y Parinacota,2017,49,28.47
Arica y Parinacota,2017,50,30.07
Arica y Parinacota,2017,51,29.64
Arica y Parinacota,2017,52,28.54
Arica y Parinacota,2018,1,29.84
Arica y Parinacota,2018,2,29.15
Arica y Parinacota,2018,3,28.57
Arica y Parinacota,2018,4,27.18
Arica y Parinacota,2018,5,26.71
Arica y Parinacota,2018,6,27.26
Arica y Parinacota,2018,7,24.41
Arica y Parinacota,2018,8,27.2
Arica y Parinacota,2018,9,26.97
Arica y Parinacota,2018,10,26.42
Arica y Parinacota,2018,11,25.28
Arica y Parinacota,2018,12,24.29
Arica y Parinacota,2018,13,24.31
Arica y Parinacota,2018,14,23.77
Arica y Parinacota,2018,15,22.46
Arica y Parinacota,2018,16,21.97
Arica y Parinacota,2018,17,19.96
Arica y Parinacota,2018,18,20.16
Arica y Parinacota,2018,19,18.84
Arica y Parinacota,2018,20,18.69
Arica y Parinacota,2018,21,18.16
Arica y Parinacota,2018,22,16.53
Arica y Parinacota,2018,23,11.82
Arica y Parinacota,2018,24,15.33
Arica y Parinacota,2018,25,16.04
Arica y Parinacota,2018,26,15.31
Arica y Parinacota,2018,27,16.19
Arica y Parinacota,2018,28,14.3
Arica y Parinacota,2018,29,15.08
Arica y Parinacota,2018,30,15.31
Arica y Parinacota,2018,31,16.24
Arica y Parinacota,2018,32,18.76
Arica y Parinacota,2018,33,19.28
Arica y Parinacota,2018,34,20.52
Arica y Parinacota,2018,35,21.45
Arica y Parinacota,2018,36,23.72
Arica y Parinacota,2018,37,23.63
Arica y Parinacota,2018,38,24.77
Arica y Parinacota,2018,39,25.5
Arica y Parinacota,2018,40,26.43
Arica y Parinacota,2018,41,24.36
Arica y Parinacota,2018,42,27.2
Arica y Parinacota,2018,43,28.79
Arica y Parinacota,2018,44,28.81
Arica y Parinacota,2018,45,29.31
Arica y Parinacota,2018,46,29.29
Arica y Parinacota,2018,47,29.82
Arica y Parinacota,2018,48,30.21
Arica y Parinacota,2018,49,30.62
Arica y Parinacota,2018,50,29.5
Arica y Parinacota,2018,51,29.5
Arica y Parinacota,2018,52,28.28
Arica y Parinacota,2019,1,27.97
Arica y Parinacota,2019,2,27.29
Arica y Parinacota,2019,3,26.11
Arica y Parinacota,2019,4,27.87
Arica y Parinacota,2019,5,24.77
Arica y Parinacota,2019,6,24.25
Arica y Parinacota,2019,7,24.9
Arica y Parinacota,2019,8,27.94
Arica y Parinacota,2019,9,27.41
Arica y Parinacota,2019,10,26.81
Arica y Parinacota,2019,11,25.92
Arica y Parinacota,2019,12,26.07
Arica y Parinacota,2019,13,24.76
Arica y Parinacota,2019,14,23.45
Arica y Parinacota,2019,15,23.41
Arica y Parinacota,2019,16,22.26
Arica y Parinacota,2019,17,21.04
Arica y Parinacota,2019,18,20.86
Arica y Parinacota,2019,19,19.44
Arica y Parinacota,2019,20,19.06
Arica y Parinacota,2019,21,18.09
Arica y Parinacota,2019,22,17.13
Arica y Parinacota,2019,23,17.78
Arica y Parinacota,2019,24,15.13
Arica y Parinacota,2019,25,16.47
Arica y Parinacota,2019,26,15.93
Arica y Parinacota,2019,27,14.7
Arica y Parinacota,2019,28,15.97
Arica y Parinacota,2019,29,16.73
Arica y Parinacota,2019,30,15.4
Arica y Parinacota,2019,31,19.42
Arica y Parinacota,2019,32,17.28
Arica y Parinacota,2019,33,19.62
Arica y Parinacota,2019,34,21.57
Arica y Parinacota,2019,35,22.59
Arica y Parinacota,2019,36,20.96
Arica y Parinacota,2019,37,20.43
Arica y Parinacota,2019,38,22.8
Arica y Parinacota,2019,39,25.59
Arica y Parinacota,2019,40,22.02
Arica y Parinacota,2019,41,27.7
Arica y Parinacota,2019,42,24.37
Arica y Parinacota,2019,43,27.89
Arica y Parinacota,2019,44,28.89
Arica y Parinacota,2019,45,27.24
Arica y Parinacota,2019,46,27.54
Arica y Parinacota,2019,47,29.1
Arica y Parinacota,2019,48,29.75
Arica y Parinacota,2019,49,29.35
Arica y Parinacota,2019,50,30.31
Arica y Parinacota,2019,51,30.43
Arica y Parinacota,2019,52,29.14
Arica y Parinacota,2020,1,28.84
Arica y Parinacota,2020,2,29.52
Arica y Parinacota,2020,3,27.73
Arica y Parinacota,2020,4,20.78
Arica y Parinacota,2020,5,27.4
Arica y Parinacota,2020,6,28.35
Arica y Parinacota,2020,7,26.29
Arica y Parinacota,2020,8,24.57
Arica y Parinacota,2020,9,27.22
Arica y Parinacota,2020,10,26.86
Arica y Parinacota,2020,11,24.48
Arica y Parinacota,2020,12,23.93
Arica y Parinacota,2020,13,23.51
Arica y Parinacota,2020,14,23.52
Arica y Parinacota,2020,15,22.78
Arica y Parinacota,2020,16,22.69
Arica y Parinacota,2020,17,21.85
Arica y Parinacota,2020,18,20.37
Arica y Parinacota,2020,19,18.64
Arica y Parinacota,2020,20,18.19
Arica y Parinacota,2020,21,17.49
Arica y Parinacota,2020,22,18.07
Arica y Parinacota,2020,23,15.01
Arica y Parinacota,2020,24,15.48
Arica y Parinacota,2020,25,16.0
Arica y Parinacota,2020,26,16.76
Arica y Parinacota,2020,27,16.7
Arica y Parinacota,2020,28,17.26
Arica y Parinacota,2020,29,17.31
Arica y Parinacota,2020,30,16.14
Arica y Parinacota,2020,31,19.51
Arica y Parinacota,2020,32,19.73
Arica y Parinacota,2020,33,18.97
Arica y Parinacota,2020,34,17.61
Arica y Parinacota,2020,35,18.45
Arica y Parinacota,2020,36,20.02
Arica y Parinacota,2020,37,22.79
Arica y Parinacota,2020,38,23.33
Arica y Parinacota,2020,39,25.1
Arica y Parinacota,2020,40,25.24
Arica y Parinacota,2020,41,26.33
Arica y Parinacota,2020,42,26.18
Arica y Parinacota,2020,43,27.77
Arica y Parinacota,2020,44,28.77
Arica y Parinacota,2020,45,29.41
Arica y Parinacota,2020,46,29.85
Arica y Parinacota,2020,47,30.72
Arica y Parinacota,2020,48,29.87
Arica y Parinacota,2020,49,29.46
Arica y Parinacota,2020,50,30.77
Arica y Parinacota,2020,51,30.61
Arica y Parinacota,2020,52,28.39
Arica y Parinacota,2020,53,27.16
Arica y Parinacota,2021,1,29.44
Arica y Parinacota,2021,2,28.47
Arica y Parinacota,2021,3,27.91
Arica y Parinacota,2021,4,29.76
Arica y Parinacota,2021,5,27.34
Arica y Parinacota,2021,6,28.81
Arica y Parinacota,2021,7,28.07
Arica y Parinacota,2021,8,27.82
Arica y Parinacota,2021,9,27.15
Arica y Parinacota,2021,10,26.51
Arica y Parinacota,2021,11,24.84
Arica y Parinacota,2021,12,24.45
Arica y Parinacota,2021,13,22.76
Arica y Parinacota,2021,14,23.47
Arica y Parinacota,2021,15,22.74
Arica y Parinacota,2021,16,21.44
Arica y Parinacota,2021,17,20.69
Arica y Parinacota,2021,18,19.53
Arica y Parinacota,2021,19,19.25
Arica y Parinacota,2021,20,17.39
Arica y Parinacota,2021,21,16.56
Arica y Parinacota,2021,22,16.17
Arica y Parinacota,2021,23,15.55
Arica y Parinacota,2021,24,15.13
Arica y Parinacota,2021,25,14.02
Arica y Parinacota,2021,26,16.79
Arica y Parinacota,2021,27,17.41
Arica y Parinacota,2021,28,15.29
Arica y Parinacota,2021,29,17.76
Arica y Parinacota,2021,30,16.09
Arica y Parinacota,2021,31,17.37
Arica y Parinacota,2021,32,17.17
Arica y Parinacota,2021,33,20.68
Arica y Parinacota,2021,34,20.34
Arica y Parinacota,2021,35,21.4
Arica y Parinacota,2021,36,21.63
Arica y Parinacota,2021,37,22.28
Arica y Parinacota,2021,38,23.56
Arica y Parinacota,2021,39,25.36
Arica y Parinacota,2021,40,25.03
Arica y Parinacota,2021,41,24.9
Arica y Parinacota,2021,42,26.73
Arica y Parinacota,2021,43,28.27
Arica y Parinacota,2021,44,28.7
Arica y Parinacota,2021,45,28.16
Arica y Parinacota,2021,46,28.81
Arica y Parinacota,2021,47,27.77
Arica y Parinacota,2021,48,29.04
Arica y Parinacota,2021,49,25.44
Arica y Parinacota,2021,50,28.28
Arica y Parinacota,2021,51,24.6
Arica y Parinacota,2021,52,28.47
Arica y Parinacota,2022,1,29.34
Arica y Parinacota,2022,2,27.36
Arica y Parinacota,2022,3,27.5
Arica y Parinacota,2022,4,26.44
Arica y Parinacota,2022,5,29.13
Arica y Parinacota,2022,6,28.84
Arica y Parinacota,2022,7,27.33
Arica y Parinacota,2022,8,25.87
Arica y Parinacota,2022,9,25.23
Arica y Parinacota,2022,10,23.99
Arica y Parinacota,2022,11,25.07
Arica y Parinacota,2022,12,24.97
Arica y Parinacota,2022,13,23.97
Arica y Parinacota,2022,14,22.35
Arica y Parinacota,2022,15,21.99
Arica y Parinacota,2022,16,21.38
Arica y Parinacota,2022,17,19.88
Arica y Parinacota,2022,18,18.92
Arica y Parinacota,2022,19,17.79
Arica y Parinacota,2022,20,17.15
Arica y Parinacota,2022,21,17.15
Arica y Parinacota,2022,22,15.24
Arica y Parinacota,2022,23,14.59
Arica y Parinacota,2022,24,15.81
Arica y Parinacota,2022,25,16.04
Arica y Parinacota,2022,26,16.21
Arica y Parinacota,2022,27,16.02
Arica y Parinacota,2022,28,14.49
Arica y Parinacota,2022,29,16.62
Arica y Parinacota,2022,30,17.72
Arica y Parinacota,2022,31,16.72
Arica y Parinacota,2022,32,18.58
Arica y Parinacota,2022,33,19.43
Arica y Parinacota,2022,34,20.52
Arica y Parinacota,2022,35,21.04
Arica y Parinacota,2022,36,23.41
Arica y Parinacota,2022,37,22.24
Arica y Parinacota,2022,38,22.77
Arica y Parinacota,2022,39,25.11
Arica y Parinacota,2022,40,27.32
Arica y Parinacota,2022,41,27.67
Arica y Parinacota,2022,42,26.86
Arica y Parinacota,2022,43,28.65
Arica y Parinacota,2022,44,28.65
Arica y Parinacota,2022,45,29.09
Arica y Parinacota,2022,46,29.32
Arica y Parinacota,2022,47,27.73
Arica y Parinacota,2022,48,29.4
Arica y Parinacota,2022,49,27.75
Arica y Parinacota,2022,50,28.03
Arica y Parinacota,2022,51,29.78
Arica y Parinacota,2022,52,27.99
Arica y Parinacota,2023,1,29.48
Arica y Parinacota,2023,2,30.43
Arica y Parinacota,2023,3,29.09
Arica y Parinacota,2023,4,27.3
Arica y Parinacota,2023,5,26.46
Arica y Parinacota,2023,6,26.44
Arica y Parinacota,2023,7,27.73
Arica y Parinacota,2023,8,27.7
Arica y Parinacota,2023,9,26.63
Arica y Parinacota,2023,10,25.71
Arica y Parinacota,2023,11,25.1
Arica y Parinacota,2023,12,24.07
Arica y Parinacota,2023,13,23.25
Arica y Parinacota,2023,14,22.95
Arica y Parinacota,2023,15,22.41
Arica y Parinacota,2023,16,21.53
Arica y Parinacota,2023,17,20.66
Arica y Parinacota,2023,18,17.49
Arica y Parinacota,2023,19,17.66
Arica y Parinacota,2023,20,16.7
Arica y Parinacota,2023,21,16.03
Arica y Parinacota,2023,22,16.39
Arica y Parinacota,2023,23,17.19
Arica y Parinacota,2023,24,15.3
Arica y Parinacota,2023,25,16.08
Arica y Parinacota,2023,26,16.9
Arica y Parinacota,2023,27,15.78
Arica y Parinacota,2023,28,15.83
Arica y Parinacota,2023,29,16.94
Arica y Parinacota,2023,30,18.09
Arica y Parinacota,2023,31,18.58
Arica y Parinacota,2023,32,18.86
Arica y Parinacota,2023,33,19.54
Arica y Parinacota,2023,34,21.02
Arica y Parinacota,2023,35,21.05
Arica y Parinacota,2023,36,22.61
Arica y Parinacota,2023,37,22.68
Arica y Parinacota,2023,38,24.3
Arica y Parinacota,2023,39,23.5
Arica y Parinacota,2023,40,23.9
Arica y Parinacota,2023,41,26.93
Arica y Parinacota,2023,42,26.42
Arica y Parinacota,2023,43,26.86
Arica y Parinacota,2023,44,29.02
Arica y Parinacota,2023,45,27.32
Arica y Parinacota,2023,46,26.25
Arica y Parinacota,2023,47,29.5
Arica y Parinacota,2023,48,29.42
Arica y Parinacota,2023,49,29.32
Arica y Parinacota,2023,50,28.03
Arica y Parinacota,2023,51,29.11
Arica y Parinacota,2023,52,28.44
Arica y Parinacota,2024,1,28.11
Arica y Parinacota,2024,2,28.87
Arica y Parinacota,2024,3,27.26
Arica y Parinacota,2024,4,28.49
Arica y Parinacota,2024,5,28.54
Arica y Parinacota,2024,6,27.65
Arica y Parinacota,2024,7,25.0
Arica y Parinacota,2024,8,25.47
Arica y Parinacota,2024,9,24.12
Arica y Parinacota,2024,10,25.53
Arica y Parinacota,2024,11,24.7
Arica y Parinacota,2024,12,24.35
Arica y Parinacota,2024,13,23.56
Arica y Parinacota,2024,14,22.76
Arica y Parinacota,2024,15,21.47
Arica y Parinacota,2024,16,21.94
Arica y Parinacota,2024,17,20.7
Arica y Parinacota,2024,18,17.63
Arica y Parinacota,2024,19,17.08
Arica y Parinacota,2024,20,16.59
Arica y Parinacota,2024,21,16.99
Arica y Parinacota,2024,22,15.88
Arica y Parinacota,2024,23,17.24
Arica y Parinacota,2024,24,15.37
Arica y Parinacota,2024,25,13.95
Arica y Parinacota,2024,26,15.25
Arica y Parinacota,2024,27,16.1
Arica y Parinacota,2024,28,15.42
Arica y Parinacota,2024,29,18.12
Arica y Parinacota,2024,30,16.43
Arica y Parinacota,2024,31,18.18
Arica y Parinacota,2024,32,17.36
Arica y Parinacota,2024,33,19.25
Arica y Parinacota,2024,34,19.5
Arica y Parinacota,2024,35,20.24
Arica y Parinacota,2024,36,22.62
Arica y Parinacota,2024,37,23.25
Arica y Parinacota,2024,38,24.0
Arica y Parinacota,2024,39,24.5
Arica y Parinacota,2024,40,25.94
Arica y Parinacota,2024,41,24.45
Arica y Parinacota,2024,42,27.97
Arica y Parinacota,2024,43,28.29
Arica y Parinacota,2024,44,28.75
Arica y Parinacota,2024,45,28.09
Arica y Parinacota,2024,46,29.16
Arica y Parinacota,2024,47,27.93
Arica y Parinacota,2024,48,27.03
Arica y Parinacota,2024,49,27.86
Arica y Parinacota,2024,50,29.09
Arica y Parinacota,2024,51,28.54
Arica y Parinacota,2024,52,29.8
Arica y Parinacota,2025,1,27.48
Arica y Parinacota,2025,2,28.01
Arica y Parinacota,2025,3,29.28
Arica y Parinacota,2025,4,26.5
Arica y Parinacota,2025,5,27.53
Arica y Parinacota,2025,6,27.79
Arica y Parinacota,2025,7,25.26
Arica y Parinacota,2025,8,25.66
Arica y Parinacota,2025,9,26.23
Arica y Parinacota,2025,10,23.9
Arica y Parinacota,2025,11,24.84
Arica y Parinacota,2025,12,24.84
Arica y Parinacota,2025,13,23.76
Arica y Parinacota,2025,14,22.69
Arica y Parinacota,2025,15,22.62
Arica y Parinacota,2025,16,21.89
Arica y Parinacota,2025,17,19.67
Arica y Parinacota,2025,18,19.03
Arica y Parinacota,2025,19,19.39
Arica y Parinacota,2025,20,17.99
Arica y Parinacota,2025,21,17.06
Arica y Parinacota,2025,22,16.67
Arica y Parinacota,2025,23,15.44
Arica y Parinacota,2025,24,16.04
Arica y Parinacota,2025,25,13.67
Arica y Parinacota,2025,26,13.44
Arica y Parinacota,2025,27,16.37
Arica y Parinacota,2025,28,16.36
Arica y Parinacota,2025,29,16.36
Arica y Parinacota,2025,30,16.87
Arica y Parinacota,2025,31,17.42
Arica y Parinacota,2025,32,18.86
Arica y Parinacota,2025,33,20.0
Arica y Parinacota,2025,34,17.68
Arica y Parinacota,2025,35,21.27
Arica y Parinacota,2025,36,21.45
Arica y Parinacota,2025,37,23.36
Arica y Parinacota,2025,38,24.46
Arica y Parinacota,2025,39,24.68
Arica y Parinacota,2025,40,26.31
Arica y Parinacota,2025,41,25.59
Arica y Parinacota,2025,42,27.71
Arica y Parinacota,2025,43,27.84
Arica y Parinacota,2025,44,28.48
Arica y Parinacota,2025,45,27.88
Arica y Parinacota,2025,46,28.31
Arica y Parinacota,2025,47,29.67
Arica y Parinacota,2025,48,29.9
Arica y Parinacota,2025,49,29.22
Arica y Parinacota,2025,50,30.46
Arica y Parinacota,2025,51,30.0
Arica y Parinacota,2025,52,29.37
Arica y Parinacota,2026,1,29.62
Arica y Parinacota,2026,2,29.38
Arica y Parinacota,2026,3,25.72
Arica y Parinacota,2026,4,25.09
Arica y Parinacota,2026,5,27.12
Arica y Parinacota,2026,6,27.55
Arica y Parinacota,2026,7,26.83
Arica y Parinacota,2026,8,24.76
Arica y Parinacota,2026,9,26.94
Arica y Parinacota,2026,10,26.92
Arica y Parinacota,2026,11,25.66
Arica y Parinacota,2026,12,25.03
Arica y Parinacota,2026,13,22.89
Arica y Parinacota,2026,14,22.88
Arica y Parinacota,2026,15,21.71
Arica y Parinacota,2026,16,21.65
Arica y Parinacota,2026,17,20.74
Arica y Parinacota,2026,18,20.29
Arica y Parinacota,2026,19,18.55
Arica y Parinacota,2026,20,18.18
Arica y Parinacota,2026,21,15.49
Arica y Parinacota,2026,22,17.48
Arica y Parinacota,2026,23,16.14
Arica y Parinacota,2026,24,15.17
Arica y Parinacota,2026,25,16.04
Atacama,2014,1,33.68
Atacama,2014,2,33.63
Atacama,2014,3,31.78
Atacama,2014,4,31.94
Atacama,2014,5,32.24
Atacama,2014,6,31.94
Atacama,2014,7,31.35
Atacama,2014,8,30.42
Atacama,2014,9,29.56
Atacama,2014,10,28.47
Atacama,2014,11,27.36
Atacama,2014,12,26.06
Atacama,2014,13,25.03
Atacama,2014,14,23.22
Atacama,2014,15,22.56
Atacama,2014,16,21.52
Atacama,2014,17,20.32
Atacama,2014,18,18.4
Atacama,2014,19,17.73
Atacama,2014,20,17.6
Atacama,2014,21,13.51
Atacama,2014,22,15.11
Atacama,2014,23,15.31
Atacama,2014,24,14.6
Atacama,2014,25,15.25
Atacama,2014,26,14.84
Atacama,2014,27,14.8
Atacama,2014,28,15.51
Atacama,2014,29,16.29
Atacama,2014,30,16.1
Atacama,2014,31,17.3
Atacama,2014,32,17.89
Atacama,2014,33,19.02
Atacama,2014,34,20.34
Atacama,2014,35,21.82
Atacama,2014,36,22.16
Atacama,2014,37,20.44
Atacama,2014,38,24.31
Atacama,2014,39,26.57
Atacama,2014,40,27.24
Atacama,2014,41,28.76
Atacama,2014,42,28.82
Atacama,2014,43,28.01
Atacama,2014,44,31.64
Atacama,2014,45,32.74
Atacama,2014,46,32.84
Atacama,2014,47,33.44
Atacama,2014,48,33.91
Atacama,2014,49,34.42
Atacama,2014,50,34.0
Atacama,2014,51,34.46
Atacama,2014,52,34.87
Atacama,2015,1,34.14
Atacama,2015,2,33.02
Atacama,2015,3,33.91
Atacama,2015,4,33.11
Atacama,2015,5,32.15
Atacama,2015,6,31.72
Atacama,2015,7,30.52
Atacama,2015,8,29.51
Atacama,2015,9,29.13
Atacama,2015,10,28.71
Atacama,2015,11,27.37
Atacama,2015,12,25.37
Atacama,2015,13,17.09
Atacama,2015,14,22.35
Atacama,2015,15,22.45
Atacama,2015,16,21.31
Atacama,2015,17,20.41
Atacama,2015,18,19.5
Atacama,2015,19,17.64
Atacama,2015,20,17.64
Atacama,2015,21,16.41
Atacama,2015,22,14.21
Atacama,2015,23,16.03
Atacama,2015,24,15.51
Atacama,2015,25,15.16
Atacama,2015,26,14.12
Atacama,2015,27,14.83
Atacama,2015,28,13.81
Atacama,2015,29,13.86
Atacama,2015,30,15.72
Atacama,2015,31,17.49
Atacama,2015,32,13.24
Atacama,2015,33,15.01
Atacama,2015,34,19.17
Atacama,2015,35,21.46
Atacama,2015,36,22.16
Atacama,2015,37,23.48
Atacama,2015,38,23.71
Atacama,2015,39,26.03
Atacama,2015,40,26.71
Atacama,2015,41,26.98
Atacama,2015,42,28.57
Atacama,2015,43,27.59
Atacama,2015,44,30.07
Atacama,2015,45,31.5
Atacama,2015,46,32.84
Atacama,2015,47,33.11
Atacama,2015,48,32.6
Atacama,2015,49,34.43
Atacama,2015,50,34.17
Atacama,2015,51,34.56
Atacama,2015,52,34.95
Atacama,2015,53,34.49
Atacama,2016,1,33.3
Atacama,2016,2,33.73
Atacama,2016,3,32.8
Atacama,2016,4,32.01
Atacama,2016,5,30.97
Atacama,2016,6,29.22
Atacama,2016,7,30.79
Atacama,2016,8,28.75
Atacama,2016,9,28.81
Atacama,2016,10,26.94
Atacama,2016,11,25.72
Atacama,2016,12,24.58
Atacama,2016,13,23.3
Atacama,2016,14,20.91
Atacama,2016,15,21.43
Atacama,2016,16,16.01
Atacama,2016,17,17.67
Atacama,2016,18,14.82
Atacama,2016,19,13.76
Atacama,2016,20,15.32
Atacama,2016,21,12.05
Atacama,2016,22,11.82
Atacama,2016,23,13.54
Atacama,2016,24,14.49
Atacama,2016,25,13.45
Atacama,2016,26,13.05
Atacama,2016,27,12.81
Atacama,2016,28,15.82
Atacama,2016,29,16.47
Atacama,2016,30,17.24
Atacama,2016,31,16.57
Atacama,2016,32,19.39
Atacama,2016,33,20.75
Atacama,2016,34,20.32
Atacama,2016,35,22.6
Atacama,2016,36,23.92
Atacama,2016,37,25.15
Atacama,2016,38,26.14
Atacama,2016,39,27.27
Atacama,2016,40,28.18
Atacama,2016,41,28.7
Atacama,2016,42,28.33
Atacama,2016,43,31.44
Atacama,2016,44,31.9
Atacama,2016,45,32.26
Atacama,2016,46,32.24
Atacama,2016,47,33.28
Atacama,2016,48,33.94
Atacama,2016,49,31.74
Atacama,2016,50,33.89
Atacama,2016,51,33.83
Atacama,2016,52,33.93
Atacama,2017,1,31.4
Atacama,2017,2,31.9
Atacama,2017,3,29.17
Atacama,2017,4,27.19
Atacama,2017,5,29.75
Atacama,2017,6,30.01
Atacama,2017,7,29.51
Atacama,2017,8,27.43
Atacama,2017,9,27.03
Atacama,2017,10,27.13
Atacama,2017,11,25.0
Atacama,2017,12,23.94
Atacama,2017,13,23.11
Atacama,2017,14,22.06
Atacama,2017,15,21.08
Atacama,2017,16,18.13
Atacama,2017,17,19.26
Atacama,2017,18,17.53
Atacama,2017,19,12.48
Atacama,2017,20,12.85
Atacama,2017,21,12.97
Atacama,2017,22,15.08
Atacama,2017,23,12.58
Atacama,2017,24,13.54
Atacama,2017,25,13.93
Atacama,2017,26,13.77
Atacama,2017,27,13.46
Atacama,2017,28,15.11
Atacama,2017,29,15.57
Atacama,2017,30,16.59
Atacama,2017,31,16.83
Atacama,2017,32,15.33
Atacama,2017,33,19.48
Atacama,2017,34,19.46
Atacama,2017,35,20.22
Atacama,2017,36,21.87
Atacama,2017,37,23.6
Atacama,2017,38,24.0
Atacama,2017,39,24.4
Atacama,2017,40,26.73
Atacama,2017,41,28.53
Atacama,2017,42,28.35
Atacama,2017,43,28.34
Atacama,2017,44,29.92
Atacama,2017,45,30.55
Atacama,2017,46,30.55
Atacama,2017,47,31.86
Atacama,2017,48,31.74
Atacama,2017,49,32.61
Atacama,2017,50,31.23
Atacama,2017,51,32.47
Atacama,2017,52,31.28
Atacama,2018,1,31.57
Atacama,2018,2,29.55
Atacama,2018,3,31.38
Atacama,2018,4,31.5
Atacama,2018,5,29.6
Atacama,2018,6,29.43
Atacama,2018,7,28.43
Atacama,2018,8,28.31
Atacama,2018,9,27.44
Atacama,2018,10,26.23
Atacama,2018,11,25.72
Atacama,2018,12,24.89
Atacama,2018,13,23.31
Atacama,2018,14,22.33
Atacama,2018,15,19.76
Atacama,2018,16,19.7
Atacama,2018,17,17.87
Atacama,2018,18,17.81
Atacama,2018,19,16.83
Atacama,2018,20,15.28
Atacama,2018,21,15.93
Atacama,2018,22,14.17
Atacama,2018,23,14.42
Atacama,2018,24,13.79
Atacama,2018,25,14.3
Atacama,2018,26,14.02
Atacama,2018,27,14.1
Atacama,2018,28,15.28
Atacama,2018,29,13.88
Atacama,2018,30,15.79
Atacama,2018,31,16.17
Atacama,2018,32,17.97
Atacama,2018,33,18.81
Atacama,2018,34,20.0
Atacama,2018,35,20.93
Atacama,2018,36,22.57
Atacama,2018,37,21.91
Atacama,2018,38,24.12
Atacama,2018,39,24.85
Atacama,2018,40,24.58
Atacama,2018,41,26.33
Atacama,2018,42,29.07
Atacama,2018,43,28.81
Atacama,2018,44,29.73
Atacama,2018,45,31.37
Atacama,2018,46,31.78
Atacama,2018,47,31.68
Atacama,2018,48,30.8
Atacama,2018,49,33.26
Atacama,2018,50,32.23
Atacama,2018,51,31.75
Atacama,2018,52,32.21
Atacama,2019,1,31.53
Atacama,2019,2,31.19
Atacama,2019,3,31.34
Atacama,2019,4,30.83
Atacama,2019,5,29.49
Atacama,2019,6,28.55
Atacama,2019,7,29.36
Atacama,2019,8,28.2
Atacama,2019,9,26.76
Atacama,2019,10,26.84
Atacama,2019,11,25.82
Atacama,2019,12,24.79
Atacama,2019,13,22.41
Atacama,2019,14,21.63
Atacama,2019,15,21.2
Atacama,2019,16,20.1
Atacama,2019,17,18.78
Atacama,2019,18,17.59
Atacama,2019,19,15.44
Atacama,2019,20,16.07
Atacama,2019,21,13.72
Atacama,2019,22,13.59
Atacama,2019,23,15.17
Atacama,2019,24,13.93
Atacama,2019,25,14.65
Atacama,2019,26,13.51
Atacama,2019,27,13.93
Atacama,2019,28,14.45
Atacama,2019,29,14.97
Atacama,2019,30,13.78
Atacama,2019,31,17.69
Atacama,2019,32,18.03
Atacama,2019,33,18.82
Atacama,2019,34,20.11
Atacama,2019,35,21.07
Atacama,2019,36,20.32
Atacama,2019,37,21.3
Atacama,2019,38,24.46
Atacama,2019,39,24.93
Atacama,2019,40,26.44
Atacama,2019,41,26.24
Atacama,2019,42,27.58
Atacama,2019,43,29.6
Atacama,2019,44,28.28
Atacama,2019,45,30.15
Atacama,2019,46,30.61
Atacama,2019,47,29.42
Atacama,2019,48,32.56
Atacama,2019,49,32.53
Atacama,2019,50,32.16
Atacama,2019,51,33.08
Atacama,2019,52,30.34
Atacama,2020,1,31.99
Atacama,2020,2,31.86
Atacama,2020,3,29.82
Atacama,2020,4,30.25
Atacama,2020,5,30.17
Atacama,2020,6,29.95
Atacama,2020,7,29.34
Atacama,2020,8,28.41
Atacama,2020,9,27.92
Atacama,2020,10,25.83
Atacama,2020,11,25.49
Atacama,2020,12,24.47
Atacama,2020,13,23.75
Atacama,2020,14,21.32
Atacama,2020,15,20.41
Atacama,2020,16,20.03
Atacama,2020,17,18.68
Atacama,2020,18,18.14
Atacama,2020,19,17.48
Atacama,2020,20,15.52
Atacama,2020,21,15.95
Atacama,2020,22,13.43
Atacama,2020,23,12.87
Atacama,2020,24,13.26
Atacama,2020,25,13.18
Atacama,2020,26,11.24
Atacama,2020,27,13.42
Atacama,2020,28,15.05
Atacama,2020,29,15.8
Atacama,2020,30,16.16
Atacama,2020,31,17.41
Atacama,2020,32,17.97
Atacama,2020,33,18.32
Atacama,2020,34,19.82
Atacama,2020,35,20.61
Atacama,2020,36,19.57
Atacama,2020,37,22.93
Atacama,2020,38,24.42
Atacama,2020,39,24.49
Atacama,2020,40,26.18
Atacama,2020,41,26.17
Atacama,2020,42,27.98
Atacama,2020,43,28.46
Atacama,2020,44,29.81
Atacama,2020,45,29.06
Atacama,2020,46,30.72
Atacama,2020,47,31.94
Atacama,2020,48,32.54
Atacama,2020,49,31.18
Atacama,2020,50,32.1
Atacama,2020,51,33.16
Atacama,2020,52,32.75
Atacama,2020,53,32.32
Atacama,2021,1,31.52
Atacama,2021,2,31.89
Atacama,2021,3,31.65
Atacama,2021,4,31.4
Atacama,2021,5,29.66
Atacama,2021,6,30.16
Atacama,2021,7,29.33
Atacama,2021,8,27.57
Atacama,2021,9,26.83
Atacama,2021,10,24.76
Atacama,2021,11,23.38
Atacama,2021,12,24.24
Atacama,2021,13,22.84
Atacama,2021,14,21.57
Atacama,2021,15,20.69
Atacama,2021,16,19.23
Atacama,2021,17,18.62
Atacama,2021,18,16.84
Atacama,2021,19,16.23
Atacama,2021,20,14.72
Atacama,2021,21,13.95
Atacama,2021,22,14.71
Atacama,2021,23,14.66
Atacama,2021,24,12.89
Atacama,2021,25,13.21
Atacama,2021,26,15.08
Atacama,2021,27,14.33
Atacama,2021,28,13.33
Atacama,2021,29,16.04
Atacama,2021,30,17.19
Atacama,2021,31,16.89
Atacama,2021,32,18.29
Atacama,2021,33,18.64
Atacama,2021,34,19.82
Atacama,2021,35,21.54
Atacama,2021,36,22.9
Atacama,2021,37,23.82
Atacama,2021,38,24.69
Atacama,2021,39,26.73
Atacama,2021,40,26.92
Atacama,2021,41,27.19
Atacama,2021,42,28.21
Atacama,2021,43,28.98
Atacama,2021,44,29.65
Atacama,2021,45,30.83
Atacama,2021,46,30.63
Atacama,2021,47,31.13
Atacama,2021,48,30.88
Atacama,2021,49,30.13
Atacama,2021,50,31.64
Atacama,2021,51,30.05
Atacama,2021,52,30.31
Atacama,2022,1,31.24
Atacama,2022,2,25.48
Atacama,2022,3,29.62
Atacama,2022,4,29.1
Atacama,2022,5,30.33
Atacama,2022,6,28.52
Atacama,2022,7,27.66
Atacama,2022,8,27.82
Atacama,2022,9,26.61
Atacama,2022,10,25.68
Atacama,2022,11,24.63
Atacama,2022,12,23.03
Atacama,2022,13,21.92
Atacama,2022,14,21.82
Atacama,2022,15,19.83
Atacama,2022,16,18.85
Atacama,2022,17,18.01
Atacama,2022,18,15.02
Atacama,2022,19,16.25
Atacama,2022,20,15.74
Atacama,2022,21,14.99
Atacama,2022,22,13.49
Atacama,2022,23,13.99
Atacama,2022,24,13.13
Atacama,2022,25,11.79
Atacama,2022,26,13.52
Atacama,2022,27,13.96
Atacama,2022,28,12.85
Atacama,2022,29,13.68
Atacama,2022,30,15.35
Atacama,2022,31,15.83
Atacama,2022,32,18.2
Atacama,2022,33,18.91
Atacama,2022,34,20.29
Atacama,2022,35,20.45
Atacama,2022,36,21.61
Atacama,2022,37,22.5
Atacama,2022,38,24.37
Atacama,2022,39,25.86
Atacama,2022,40,26.77
Atacama,2022,41,27.38
Atacama,2022,42,28.52
Atacama,2022,43,27.96
Atacama,2022,44,30.5
Atacama,2022,45,27.25
Atacama,2022,46,30.37
Atacama,2022,47,30.49
Atacama,2022,48,29.91
Atacama,2022,49,30.8
Atacama,2022,50,31.2
Atacama,2022,51,31.99
Atacama,2022,52,30.39
Atacama,2023,1,31.55
Atacama,2023,2,30.69
Atacama,2023,3,31.02
Atacama,2023,4,30.61
Atacama,2023,5,29.44
Atacama,2023,6,28.64
Atacama,2023,7,27.01
Atacama,2023,8,27.62
Atacama,2023,9,26.05
Atacama,2023,10,25.75
Atacama,2023,11,23.69
Atacama,2023,12,23.53
Atacama,2023,13,22.44
Atacama,2023,14,21.59
Atacama,2023,15,20.32
Atacama,2023,16,18.84
Atacama,2023,17,17.4
Atacama,2023,18,17.38
Atacama,2023,19,16.67
Atacama,2023,20,14.93
Atacama,2023,21,15.29
Atacama,2023,22,14.84
Atacama,2023,23,14.41
Atacama,2023,24,14.03
Atacama,2023,25,12.45
Atacama,2023,26,14.72
Atacama,2023,27,14.45
Atacama,2023,28,14.42
Atacama,2023,29,14.25
Atacama,2023,30,15.64
Atacama,2023,31,16.83
Atacama,2023,32,17.47
Atacama,2023,33,17.87
Atacama,2023,34,20.55
Atacama,2023,35,18.33
Atacama,2023,36,20.69
Atacama,2023,37,22.91
Atacama,2023,38,23.86
Atacama,2023,39,24.61
Atacama,2023,40,25.03
Atacama,2023,41,27.43
Atacama,2023,42,24.94
Atacama,2023,43,26.89
Atacama,2023,44,28.81
Atacama,2023,45,29.2
Atacama,2023,46,30.79
Atacama,2023,47,30.51
Atacama,2023,48,30.04
Atacama,2023,49,31.41
Atacama,2023,50,31.8
Atacama,2023,51,30.76
Atacama,2023,52,30.02
Atacama,2024,1,31.72
Atacama,2024,2,30.78
Atacama,2024,3,31.04
Atacama,2024,4,30.48
Atacama,2024,5,29.05
Atacama,2024,6,28.11
Atacama,2024,7,26.84
Atacama,2024,8,24.97
Atacama,2024,9,24.33
Atacama,2024,10,25.71
Atacama,2024,11,25.46
Atacama,2024,12,23.38
Atacama,2024,13,22.07
Atacama,2024,14,21.48
Atacama,2024,15,15.63
Atacama,2024,16,16.87
Atacama,2024,17,17.25
Atacama,2024,18,15.71
Atacama,2024,19,15.77
Atacama,2024,20,11.98
Atacama,2024,21,13.04
Atacama,2024,22,14.93
Atacama,2024,23,13.78
Atacama,2024,24,13.76
Atacama,2024,25,13.84
Atacama,2024,26,13.81
Atacama,2024,27,14.87
Atacama,2024,28,14.81
Atacama,2024,29,14.31
Atacama,2024,30,16.64
Atacama,2024,31,15.17
Atacama,2024,32,17.95
Atacama,2024,33,17.44
Atacama,2024,34,18.56
Atacama,2024,35,19.99
Atacama,2024,36,21.94
Atacama,2024,37,23.47
Atacama,2024,38,24.61
Atacama,2024,39,25.42
Atacama,2024,40,24.31
Atacama,2024,41,25.61
Atacama,2024,42,26.57
Atacama,2024,43,28.41
Atacama,2024,44,27.33
Atacama,2024,45,30.37
Atacama,2024,46,30.93
Atacama,2024,47,30.95
Atacama,2024,48,32.1
Atacama,2024,49,32.43
Atacama,2024,50,31.47
Atacama,2024,51,31.97
Atacama,2024,52,31.26
Atacama,2025,1,30.59
Atacama,2025,2,29.6
Atacama,2025,3,30.75
Atacama,2025,4,30.04
Atacama,2025,5,29.92
Atacama,2025,6,29.36
Atacama,2025,7,27.38
Atacama,2025,8,26.9
Atacama,2025,9,26.95
Atacama,2025,10,25.71
Atacama,2025,11,24.99
Atacama,2025,12,23.32
Atacama,2025,13,22.98
Atacama,2025,14,22.43
Atacama,2025,15,20.41
Atacama,2025,16,18.79
Atacama,2025,17,18.98
Atacama,2025,18,17.48
Atacama,2025,19,16.78
Atacama,2025,20,14.4
Atacama,2025,21,15.12
Atacama,2025,22,14.54
Atacama,2025,23,14.18
Atacama,2025,24,12.55
Atacama,2025,25,14.39
Atacama,2025,26,13.36
Atacama,2025,27,14.43
Atacama,2025,28,14.27
Atacama,2025,29,15.62
Atacama,2025,30,15.54
Atacama,2025,31,14.14
Atacama,2025,32,17.4
Atacama,2025,33,17.55
Atacama,2025,34,16.98
Atacama,2025,35,18.39
Atacama,2025,36,20.47
Atacama,2025,37,22.64
Atacama,2025,38,23.79
Atacama,2025,39,23.76
Atacama,2025,40,24.65
Atacama,2025,41,27.52
Atacama,2025,42,27.05
Atacama,2025,43,27.26
Atacama,2025,44,29.44
Atacama,2025,45,29.82
Atacama,2025,46,30.88
Atacama,2025,47,30.72
Atacama,2025,48,30.26
Atacama,2025,49,30.64
Atacama,2025,50,29.74
Atacama,2025,51,32.39
Atacama,2025,52,31.3
Atacama,2026,1,30.91
Atacama,2026,2,30.51
Atacama,2026,3,31.05
Atacama,2026,4,30.51
Atacama,2026,5,28.87
Atacama,2026,6,28.89
Atacama,2026,7,29.15
Atacama,2026,8,28.48
Atacama,2026,9,27.23
Atacama,2026,10,26.67
Atacama,2026,11,25.73
Atacama,2026,12,24.5
Atacama,2026,13,23.38
Atacama,2026,14,22.16
Atacama,2026,15,21.21
Atacama,2026,16,19.04
Atacama,2026,17,19.2
Atacama,2026,18,18.27
Atacama,2026,19,16.69
Atacama,2026,20,15.51
Atacama,2026,21,14.85
Atacama,2026,22,15.04
Atacama,2026,23,13.77
Atacama,2026,24,11.49
Atacama,2026,25,10.86
Aysén,2014,1,26.21
Aysén,2014,2,24.95
Aysén,2014,3,23.86
Aysén,2014,4,22.02
Aysén,2014,5,20.72
Aysén,2014,6,15.57
Aysén,2014,7,24.42
Aysén,2014,8,21.3
Aysén,2014,9,21.93
Aysén,2014,10,16.99
Aysén,2014,11,12.85
Aysén,2014,12,14.01
Aysén,2014,13,14.18
Aysén,2014,14,13.62
Aysén,2014,15,9.06
Aysén,2014,16,7.62
Aysén,2014,17,8.12
Aysén,2014,18,5.85
Aysén,2014,19,5.85
Aysén,2014,20,5.39
Aysén,2014,21,4.98
Aysén,2014,22,3.51
Aysén,2014,23,4.29
Aysén,2014,24,4.35
Aysén,2014,25,4.27
Aysén,2014,26,3.3
Aysén,2014,27,3.4
Aysén,2014,28,5.33
Aysén,2014,29,3.92
Aysén,2014,30,6.31
Aysén,2014,31,5.88
Aysén,2014,32,6.83
Aysén,2014,33,6.37
Aysén,2014,34,6.68
Aysén,2014,35,10.6
Aysén,2014,36,10.44
Aysén,2014,37,11.54
Aysén,2014,38,8.0
Aysén,2014,39,17.46
Aysén,2014,40,15.84
Aysén,2014,41,18.05
Aysén,2014,42,15.21
Aysén,2014,43,19.7
Aysén,2014,44,23.23
Aysén,2014,45,15.76
Aysén,2014,46,19.08
Aysén,2014,47,18.98
Aysén,2014,48,22.25
Aysén,2014,49,24.41
Aysén,2014,50,29.97
Aysén,2014,51,25.48
Aysén,2014,52,15.67
Aysén,2015,1,21.47
Aysén,2015,2,20.29
Aysén,2015,3,20.74
Aysén,2015,4,27.74
Aysén,2015,5,21.81
Aysén,2015,6,23.97
Aysén,2015,7,20.22
Aysén,2015,8,18.8
Aysén,2015,9,20.86
Aysén,2015,10,15.44
Aysén,2015,11,15.83
Aysén,2015,12,13.46
Aysén,2015,13,14.62
Aysén,2015,14,12.76
Aysén,2015,15,9.12
Aysén,2015,16,8.09
Aysén,2015,17,6.4
Aysén,2015,18,6.42
Aysén,2015,19,4.94
Aysén,2015,20,4.52
Aysén,2015,21,5.25
Aysén,2015,22,3.17
Aysén,2015,23,3.99
Aysén,2015,24,4.63
Aysén,2015,25,4.55
Aysén,2015,26,4.25
Aysén,2015,27,4.71
Aysén,2015,28,4.55
Aysén,2015,29,5.21
Aysén,2015,30,4.01
Aysén,2015,31,6.17
Aysén,2015,32,7.27
Aysén,2015,33,8.32
Aysén,2015,34,6.88
Aysén,2015,35,8.17
Aysén,2015,36,12.16
Aysén,2015,37,13.16
Aysén,2015,38,14.04
Aysén,2015,39,14.04
Aysén,2015,40,16.86
Aysén,2015,41,21.27
Aysén,2015,42,20.5
Aysén,2015,43,19.79
Aysén,2015,44,22.0
Aysén,2015,45,26.09
Aysén,2015,46,19.35
Aysén,2015,47,21.42
Aysén,2015,48,23.01
Aysén,2015,49,26.17
Aysén,2015,50,21.45
Aysén,2015,51,21.86
Aysén,2015,52,20.0
Aysén,2015,53,25.71
Aysén,2016,1,31.28
Aysén,2016,2,21.96
Aysén,2016,3,25.78
Aysén,2016,4,22.41
Aysén,2016,5,21.63
Aysén,2016,6,18.82
Aysén,2016,7,14.3
Aysén,2016,8,17.96
Aysén,2016,9,20.35
Aysén,2016,10,19.61
Aysén,2016,11,15.91
Aysén,2016,12,12.9
Aysén,2016,13,10.65
Aysén,2016,14,12.17
Aysén,2016,15,9.8
Aysén,2016,16,7.59
Aysén,2016,17,10.53
Aysén,2016,18,6.91
Aysén,2016,19,2.66
Aysén,2016,20,6.23
Aysén,2016,21,4.56
Aysén,2016,22,4.19
Aysén,2016,23,5.63
Aysén,2016,24,3.73
Aysén,2016,25,3.4
Aysén,2016,26,5.71
Aysén,2016,27,2.58
Aysén,2016,28,3.88
Aysén,2016,29,5.95
Aysén,2016,30,5.51
Aysén,2016,31,6.53
Aysén,2016,32,6.06
Aysén,2016,33,8.3
Aysén,2016,34,7.64
Aysén,2016,35,11.92
Aysén,2016,36,12.35
Aysén,2016,37,14.07
Aysén,2016,38,15.24
Aysén,2016,39,13.31
Aysén,2016,40,17.07
Aysén,2016,41,19.35
Aysén,2016,42,22.32
Aysén,2016,43,20.57
Aysén,2016,44,17.79
Aysén,2016,45,20.1
Aysén,2016,46,27.78
Aysén,2016,47,28.24
Aysén,2016,48,26.22
Aysén,2016,49,21.47
Aysén,2016,50,21.46
Aysén,2016,51,20.35
Aysén,2016,52,20.41
Aysén,2017,1,21.58
Aysén,2017,2,18.7
Aysén,2017,3,21.4
Aysén,2017,4,20.13
Aysén,2017,5,22.07
Aysén,2017,6,20.44
Aysén,2017,7,17.88
Aysén,2017,8,17.75
Aysén,2017,9,17.4
Aysén,2017,10,12.71
Aysén,2017,11,17.69
Aysén,2017,12,14.18
Aysén,2017,13,7.15
Aysén,2017,14,9.2
Aysén,2017,15,12.65
Aysén,2017,16,8.9
Aysén,2017,17,6.28
Aysén,2017,18,5.06
Aysén,2017,19,5.89
Aysén,2017,20,3.42
Aysén,2017,21,4.84
Aysén,2017,22,3.92
Aysén,2017,23,3.51
Aysén,2017,24,4.11
Aysén,2017,25,3.71
Aysén,2017,26,4.15
Aysén,2017,27,4.52
Aysén,2017,28,4.91
Aysén,2017,29,3.24
Aysén,2017,30,6.0
Aysén,2017,31,4.86
Aysén,2017,32,5.7
Aysén,2017,33,6.91
Aysén,2017,34,7.67
Aysén,2017,35,10.65
Aysén,2017,36,11.48
Aysén,2017,37,11.03
Aysén,2017,38,10.6
Aysén,2017,39,14.77
Aysén,2017,40,10.42
Aysén,2017,41,17.14
Aysén,2017,42,18.58
Aysén,2017,43,13.99
Aysén,2017,44,21.08
Aysén,2017,45,20.81
Aysén,2017,46,20.84
Aysén,2017,47,19.47
Aysén,2017,48,28.17
Aysén,2017,49,25.52
Aysén,2017,50,22.48
Aysén,2017,51,18.73
Aysén,2017,52,19.62
Aysén,2018,1,17.33
Aysén,2018,2,30.69
Aysén,2018,3,20.55
Aysén,2018,4,22.55
Aysén,2018,5,22.41
Aysén,2018,6,18.73
Aysén,2018,7,16.04
Aysén,2018,8,20.28
Aysén,2018,9,14.05
Aysén,2018,10,10.87
Aysén,2018,11,13.02
Aysén,2018,12,13.05
Aysén,2018,13,11.01
Aysén,2018,14,8.6
Aysén,2018,15,8.73
Aysén,2018,16,5.51
Aysén,2018,17,6.7
Aysén,2018,18,6.69
Aysén,2018,19,4.95
Aysén,2018,20,3.57
Aysén,2018,21,2.81
Aysén,2018,22,5.9
Aysén,2018,23,3.62
Aysén,2018,24,3.59
Aysén,2018,25,3.39
Aysén,2018,26,3.12
Aysén,2018,27,6.23
Aysén,2018,28,3.78
Aysén,2018,29,4.26
Aysén,2018,30,5.26
Aysén,2018,31,4.45
Aysén,2018,32,6.64
Aysén,2018,33,6.75
Aysén,2018,34,7.7
Aysén,2018,35,9.42
Aysén,2018,36,9.64
Aysén,2018,37,8.32
Aysén,2018,38,9.64
Aysén,2018,39,10.56
Aysén,2018,40,15.17
Aysén,2018,41,15.69
Aysén,2018,42,12.35
Aysén,2018,43,17.93
Aysén,2018,44,23.31
Aysén,2018,45,23.23
Aysén,2018,46,18.33
Aysén,2018,47,15.27
Aysén,2018,48,29.18
Aysén,2018,49,28.67
Aysén,2018,50,21.49
Aysén,2018,51,27.98
Aysén,2018,52,22.44
Aysén,2019,1,22.49
Aysén,2019,2,22.89
Aysén,2019,3,26.56
Aysén,2019,4,22.17
Aysén,2019,5,23.39
Aysén,2019,6,24.12
Aysén,2019,7,24.96
Aysén,2019,8,19.59
Aysén,2019,9,16.65
Aysén,2019,10,17.08
Aysén,2019,11,16.32
Aysén,2019,12,14.24
Aysén,2019,13,15.65
Aysén,2019,14,7.89
Aysén,2019,15,8.5
Aysén,2019,16,7.1
Aysén,2019,17,7.91
Aysén,2019,18,5.8
Aysén,2019,19,6.29
Aysén,2019,20,4.73
Aysén,2019,21,4.99
Aysén,2019,22,4.0
Aysén,2019,23,2.94
Aysén,2019,24,3.67
Aysén,2019,25,3.71
Aysén,2019,26,3.95
Aysén,2019,27,3.74
Aysén,2019,28,3.04
Aysén,2019,29,4.67
Aysén,2019,30,4.24
Aysén,2019,31,3.71
Aysén,2019,32,4.99
Aysén,2019,33,8.55
Aysén,2019,34,7.97
Aysén,2019,35,8.06
Aysén,2019,36,10.74
Aysén,2019,37,10.03
Aysén,2019,38,10.87
Aysén,2019,39,12.86
Aysén,2019,40,14.0
Aysén,2019,41,17.88
Aysén,2019,42,16.92
Aysén,2019,43,21.4
Aysén,2019,44,14.15
Aysén,2019,45,19.24
Aysén,2019,46,22.85
Aysén,2019,47,21.49
Aysén,2019,48,21.06
Aysén,2019,49,27.87
Aysén,2019,50,20.13
Aysén,2019,51,20.49
Aysén,2019,52,23.31
Aysén,2020,1,27.89
Aysén,2020,2,21.16
Aysén,2020,3,28.99
Aysén,2020,4,26.81
Aysén,2020,5,19.42
Aysén,2020,6,22.24
Aysén,2020,7,21.38
Aysén,2020,8,24.35
Aysén,2020,9,18.79
Aysén,2020,10,18.11
Aysén,2020,11,14.12
Aysén,2020,12,11.43
Aysén,2020,13,13.45
Aysén,2020,14,11.64
Aysén,2020,15,10.67
Aysén,2020,16,6.88
Aysén,2020,17,7.61
Aysén,2020,18,6.16
Aysén,2020,19,5.08
Aysén,2020,20,4.31
Aysén,2020,21,4.92
Aysén,2020,22,5.37
Aysén,2020,23,3.63
Aysén,2020,24,3.38
Aysén,2020,25,3.66
Aysén,2020,26,4.26
Aysén,2020,27,2.41
Aysén,2020,28,4.09
Aysén,2020,29,1.73
Aysén,2020,30,4.52
Aysén,2020,31,4.69
Aysén,2020,32,5.83
Aysén,2020,33,5.31
Aysén,2020,34,7.91
Aysén,2020,35,6.52
Aysén,2020,36,11.13
Aysén,2020,37,9.01
Aysén,2020,38,13.85
Aysén,2020,39,11.58
Aysén,2020,40,17.73
Aysén,2020,41,13.03
Aysén,2020,42,15.83
Aysén,2020,43,21.01
Aysén,2020,44,22.51
Aysén,2020,45,23.22
Aysén,2020,46,22.48
Aysén,2020,47,25.06
Aysén,2020,48,18.29
Aysén,2020,49,24.56
Aysén,2020,50,20.52
Aysén,2020,51,22.3
Aysén,2020,52,24.01
Aysén,2020,53,19.52
Aysén,2021,1,23.18
Aysén,2021,2,23.03
Aysén,2021,3,23.57
Aysén,2021,4,23.23
Aysén,2021,5,28.59
Aysén,2021,6,25.15
Aysén,2021,7,19.31
Aysén,2021,8,19.85
Aysén,2021,9,17.45
Aysén,2021,10,15.83
Aysén,2021,11,16.52
Aysén,2021,12,14.6
Aysén,2021,13,10.25
Aysén,2021,14,9.35
Aysén,2021,15,8.12
Aysén,2021,16,5.95
Aysén,2021,17,6.47
Aysén,2021,18,8.16
Aysén,2021,19,6.37
Aysén,2021,20,4.07
Aysén,2021,21,3.33
Aysén,2021,22,3.31
Aysén,2021,23,2.84
Aysén,2021,24,4.93
Aysén,2021,25,4.42
Aysén,2021,26,3.5
Aysén,2021,27,2.96
Aysén,2021,28,3.45
Aysén,2021,29,4.2
Aysén,2021,30,5.74
Aysén,2021,31,6.31
Aysén,2021,32,7.5
Aysén,2021,33,6.59
Aysén,2021,34,6.79
Aysén,2021,35,7.93
Aysén,2021,36,9.78
Aysén,2021,37,9.16
Aysén,2021,38,11.61
Aysén,2021,39,12.66
Aysén,2021,40,18.38
Aysén,2021,41,14.07
Aysén,2021,42,14.6
Aysén,2021,43,18.88
Aysén,2021,44,19.16
Aysén,2021,45,23.94
Aysén,2021,46,18.26
Aysén,2021,47,21.01
Aysén,2021,48,24.81
Aysén,2021,49,27.12
Aysén,2021,50,27.84
Aysén,2021,51,29.52
Aysén,2021,52,22.82
Aysén,2022,1,23.04
Aysén,2022,2,23.22
Aysén,2022,3,23.55
Aysén,2022,4,26.65
Aysén,2022,5,20.48
Aysén,2022,6,24.98
Aysén,2022,7,16.98
Aysén,2022,8,18.85
Aysén,2022,9,11.82
Aysén,2022,10,12.88
Aysén,2022,11,13.09
Aysén,2022,12,8.49
Aysén,2022,13,9.98
Aysén,2022,14,7.26
Aysén,2022,15,8.75
Aysén,2022,16,5.68
Aysén,2022,17,6.33
Aysén,2022,18,4.84
Aysén,2022,19,5.09
Aysén,2022,20,6.21
Aysén,2022,21,4.64
Aysén,2022,22,5.49
Aysén,2022,23,3.87
Aysén,2022,24,3.38
Aysén,2022,25,5.94
Aysén,2022,26,3.13
Aysén,2022,27,3.29
Aysén,2022,28,4.03
Aysén,2022,29,3.89
Aysén,2022,30,5.24
Aysén,2022,31,5.21
Aysén,2022,32,5.02
Aysén,2022,33,6.24
Aysén,2022,34,8.03
Aysén,2022,35,7.14
Aysén,2022,36,7.18
Aysén,2022,37,8.5
Aysén,2022,38,11.47
Aysén,2022,39,16.09
Aysén,2022,40,12.99
Aysén,2022,41,15.77
Aysén,2022,42,20.97
Aysén,2022,43,17.3
Aysén,2022,44,26.86
Aysén,2022,45,16.39
Aysén,2022,46,20.67
Aysén,2022,47,21.6
Aysén,2022,48,25.68
Aysén,2022,49,18.98
Aysén,2022,50,22.2
Aysén,2022,51,25.98
Aysén,2022,52,19.64
Aysén,2023,1,19.02
Aysén,2023,2,21.07
Aysén,2023,3,27.41
Aysén,2023,4,20.18
Aysén,2023,5,28.39
Aysén,2023,6,19.43
Aysén,2023,7,17.46
Aysén,2023,8,15.36
Aysén,2023,9,12.9
Aysén,2023,10,10.04
Aysén,2023,11,14.51
Aysén,2023,12,16.11
Aysén,2023,13,9.23
Aysén,2023,14,8.57
Aysén,2023,15,11.77
Aysén,2023,16,6.64
Aysén,2023,17,7.7
Aysén,2023,18,4.59
Aysén,2023,19,4.55
Aysén,2023,20,4.24
Aysén,2023,21,5.48
Aysén,2023,22,3.58
Aysén,2023,23,2.56
Aysén,2023,24,4.82
Aysén,2023,25,3.33
Aysén,2023,26,3.3
Aysén,2023,27,4.16
Aysén,2023,28,4.04
Aysén,2023,29,5.01
Aysén,2023,30,3.14
Aysén,2023,31,2.66
Aysén,2023,32,5.21
Aysén,2023,33,5.49
Aysén,2023,34,6.82
Aysén,2023,35,8.38
Aysén,2023,36,10.03
Aysén,2023,37,10.22
Aysén,2023,38,17.19
Aysén,2023,39,14.22
Aysén,2023,40,10.72
Aysén,2023,41,18.02
Aysén,2023,42,22.44
Aysén,2023,43,16.78
Aysén,2023,44,20.13
Aysén,2023,45,17.63
Aysén,2023,46,14.17
Aysén,2023,47,20.81
Aysén,2023,48,17.8
Aysén,2023,49,25.66
Aysén,2023,50,17.2
Aysén,2023,51,27.51
Aysén,2023,52,30.58
Aysén,2024,1,25.0
Aysén,2024,2,21.05
Aysén,2024,3,24.71
Aysén,2024,4,22.31
Aysén,2024,5,21.12
Aysén,2024,6,21.1
Aysén,2024,7,23.4
Aysén,2024,8,16.23
Aysén,2024,9,15.35
Aysén,2024,10,13.29
Aysén,2024,11,6.9
Aysén,2024,12,9.09
Aysén,2024,13,8.84
Aysén,2024,14,5.35
Aysén,2024,15,13.12
Aysén,2024,16,7.32
Aysén,2024,17,5.17
Aysén,2024,18,4.78
Aysén,2024,19,4.65
Aysén,2024,20,6.9
Aysén,2024,21,5.94
Aysén,2024,22,3.22
Aysén,2024,23,2.27
Aysén,2024,24,1.86
Aysén,2024,25,2.59
Aysén,2024,26,2.51
Aysén,2024,27,3.75
Aysén,2024,28,5.82
Aysén,2024,29,3.62
Aysén,2024,30,4.44
Aysén,2024,31,4.35
Aysén,2024,32,4.32
Aysén,2024,33,7.92
Aysén,2024,34,7.92
Aysén,2024,35,8.45
Aysén,2024,36,5.8
Aysén,2024,37,6.39
Aysén,2024,38,8.88
Aysén,2024,39,10.1
Aysén,2024,40,15.81
Aysén,2024,41,17.13
Aysén,2024,42,20.43
Aysén,2024,43,16.08
Aysén,2024,44,19.66
Aysén,2024,45,15.58
Aysén,2024,46,16.46
Aysén,2024,47,22.79
Aysén,2024,48,18.8
Aysén,2024,49,20.86
Aysén,2024,50,22.98
Aysén,2024,51,21.91
Aysén,2024,52,30.53
Aysén,2025,1,22.89
Aysén,2025,2,26.51
Aysén,2025,3,22.11
Aysén,2025,4,13.44
Aysén,2025,5,19.78
Aysén,2025,6,17.12
Aysén,2025,7,20.37
Aysén,2025,8,13.21
Aysén,2025,9,15.66
Aysén,2025,10,12.22
Aysén,2025,11,17.45
Aysén,2025,12,12.94
Aysén,2025,13,12.23
Aysén,2025,14,12.97
Aysén,2025,15,7.08
Aysén,2025,16,6.18
Aysén,2025,17,6.01
Aysén,2025,18,5.32
Aysén,2025,19,4.32
Aysén,2025,20,4.53
Aysén,2025,21,3.37
Aysén,2025,22,2.88
Aysén,2025,23,3.9
Aysén,2025,24,2.81
Aysén,2025,25,3.18
Aysén,2025,26,3.67
Aysén,2025,27,4.44
Aysén,2025,28,1.94
Aysén,2025,29,2.58
Aysén,2025,30,6.0
Aysén,2025,31,4.27
Aysén,2025,32,6.21
Aysén,2025,33,7.46
Aysén,2025,34,6.84
Aysén,2025,35,8.46
Aysén,2025,36,13.1
Aysén,2025,37,9.01
Aysén,2025,38,8.36
Aysén,2025,39,10.69
Aysén,2025,40,9.61
Aysén,2025,41,11.36
Aysén,2025,42,18.98
Aysén,2025,43,17.74
Aysén,2025,44,21.07
Aysén,2025,45,27.54
Aysén,2025,46,15.44
Aysén,2025,47,20.03
Aysén,2025,48,25.5
Aysén,2025,49,16.73
Aysén,2025,50,19.08
Aysén,2025,51,17.15
Aysén,2025,52,17.17
Aysén,2026,1,26.32
Aysén,2026,2,24.81
Aysén,2026,3,20.88
Aysén,2026,4,26.66
Aysén,2026,5,23.96
Aysén,2026,6,19.03
Aysén,2026,7,20.12
Aysén,2026,8,17.04
Aysén,2026,9,14.99
Aysén,2026,10,15.67
Aysén,2026,11,13.77
Aysén,2026,12,11.03
Aysén,2026,13,7.78
Aysén,2026,14,11.76
Aysén,2026,15,9.05
Aysén,2026,16,8.18
Aysén,2026,17,5.54
Aysén,2026,18,4.68
Aysén,2026,19,5.85
Aysén,2026,20,5.77
Aysén,2026,21,6.68
Aysén,2026,22,2.01
Aysén,2026,23,4.17
Aysén,2026,24,3.02
Aysén,2026,25,3.49
Bío Bío,2014,1,33.34
Bío Bío,2014,2,31.93
Bío Bío,2014,3,30.85
Bío Bío,2014,4,26.07
Bío Bío,2014,5,28.26
Bío Bío,2014,6,27.21
Bío Bío,2014,7,28.28
Bío Bío,2014,8,27.71
Bío Bío,2014,9,25.86
Bío Bío,2014,10,24.52
Bío Bío,2014,11,20.98
Bío Bío,2014,12,21.87
Bío Bío,2014,13,16.77
Bío Bío,2014,14,16.94
Bío Bío,2014,15,13.46
Bío Bío,2014,16,15.83
Bío Bío,2014,17,13.08
Bío Bío,2014,18,8.61
Bío Bío,2014,19,8.98
Bío Bío,2014,20,7.53
Bío Bío,2014,21,9.16
Bío Bío,2014,22,8.73
Bío Bío,2014,23,5.65
Bío Bío,2014,24,5.91
Bío Bío,2014,25,7.3
Bío Bío,2014,26,9.3
Bío Bío,2014,27,7.41
Bío Bío,2014,28,7.78
Bío Bío,2014,29,8.31
Bío Bío,2014,30,7.66
Bío Bío,2014,31,6.88
Bío Bío,2014,32,11.01
Bío Bío,2014,33,13.11
Bío Bío,2014,34,10.52
Bío Bío,2014,35,10.99
Bío Bío,2014,36,10.15
Bío Bío,2014,37,17.5
Bío Bío,2014,38,17.15
Bío Bío,2014,39,13.94
Bío Bío,2014,40,22.09
Bío Bío,2014,41,24.72
Bío Bío,2014,42,22.31
Bío Bío,2014,43,27.37
Bío Bío,2014,44,25.86
Bío Bío,2014,45,28.87
Bío Bío,2014,46,31.15
Bío Bío,2014,47,28.61
Bío Bío,2014,48,29.17
Bío Bío,2014,49,30.0
Bío Bío,2014,50,31.95
Bío Bío,2014,51,32.43
Bío Bío,2014,52,33.15
Bío Bío,2015,1,28.47
Bío Bío,2015,2,33.48
Bío Bío,2015,3,32.64
Bío Bío,2015,4,31.03
Bío Bío,2015,5,31.45
Bío Bío,2015,6,29.93
Bío Bío,2015,7,29.03
Bío Bío,2015,8,27.07
Bío Bío,2015,9,24.17
Bío Bío,2015,10,24.2
Bío Bío,2015,11,24.07
Bío Bío,2015,12,21.06
Bío Bío,2015,13,18.78
Bío Bío,2015,14,18.18
Bío Bío,2015,15,14.2
Bío Bío,2015,16,13.45
Bío Bío,2015,17,15.07
Bío Bío,2015,18,12.58
Bío Bío,2015,19,11.08
Bío Bío,2015,20,8.52
Bío Bío,2015,21,7.6
Bío Bío,2015,22,8.21
Bío Bío,2015,23,5.18
Bío Bío,2015,24,8.0
Bío Bío,2015,25,9.42
Bío Bío,2015,26,7.23
Bío Bío,2015,27,9.13
Bío Bío,2015,28,5.79
Bío Bío,2015,29,6.75
Bío Bío,2015,30,7.63
Bío Bío,2015,31,7.5
Bío Bío,2015,32,7.04
Bío Bío,2015,33,12.95
Bío Bío,2015,34,10.76
Bío Bío,2015,35,8.04
Bío Bío,2015,36,15.95
Bío Bío,2015,37,16.58
Bío Bío,2015,38,17.15
Bío Bío,2015,39,13.75
Bío Bío,2015,40,12.93
Bío Bío,2015,41,24.1
Bío Bío,2015,42,21.24
Bío Bío,2015,43,24.25
Bío Bío,2015,44,28.47
Bío Bío,2015,45,27.94
Bío Bío,2015,46,28.35
Bío Bío,2015,47,28.18
Bío Bío,2015,48,29.78
Bío Bío,2015,49,31.74
Bío Bío,2015,50,31.7
Bío Bío,2015,51,32.84
Bío Bío,2015,52,31.55
Bío Bío,2015,53,30.47
Bío Bío,2016,1,30.99
Bío Bío,2016,2,30.37
Bío Bío,2016,3,31.03
Bío Bío,2016,4,25.73
Bío Bío,2016,5,30.09
Bío Bío,2016,6,28.33
Bío Bío,2016,7,27.55
Bío Bío,2016,8,26.63
Bío Bío,2016,9,24.45
Bío Bío,2016,10,23.62
Bío Bío,2016,11,21.05
Bío Bío,2016,12,19.85
Bío Bío,2016,13,17.2
Bío Bío,2016,14,16.86
Bío Bío,2016,15,11.7
Bío Bío,2016,16,11.68
Bío Bío,2016,17,11.64
Bío Bío,2016,18,9.4
Bío Bío,2016,19,7.89
Bío Bío,2016,20,9.06
Bío Bío,2016,21,6.41
Bío Bío,2016,22,8.41
Bío Bío,2016,23,9.03
Bío Bío,2016,24,9.05
Bío Bío,2016,25,8.44
Bío Bío,2016,26,7.31
Bío Bío,2016,27,7.28
Bío Bío,2016,28,5.87
Bío Bío,2016,29,5.5
Bío Bío,2016,30,8.53
Bío Bío,2016,31,9.48
Bío Bío,2016,32,10.37
Bío Bío,2016,33,12.2
Bío Bío,2016,34,13.22
Bío Bío,2016,35,16.11
Bío Bío,2016,36,15.8
Bío Bío,2016,37,15.76
Bío Bío,2016,38,20.97
Bío Bío,2016,39,18.62
Bío Bío,2016,40,22.13
Bío Bío,2016,41,11.99
Bío Bío,2016,42,22.23
Bío Bío,2016,43,27.29
Bío Bío,2016,44,25.65
Bío Bío,2016,45,31.01
Bío Bío,2016,46,29.38
Bío Bío,2016,47,28.37
Bío Bío,2016,48,29.61
Bío Bío,2016,49,29.01
Bío Bío,2016,50,31.9
Bío Bío,2016,51,30.38
Bío Bío,2016,52,30.51
Bío Bío,2017,1,31.46
Bío Bío,2017,2,32.33
Bío Bío,2017,3,32.14
Bío Bío,2017,4,30.68
Bío Bío,2017,5,27.01
Bío Bío,2017,6,28.67
Bío Bío,2017,7,23.4
Bío Bío,2017,8,24.78
Bío Bío,2017,9,22.28
Bío Bío,2017,10,20.92
Bío Bío,2017,11,21.93
Bío Bío,2017,12,15.56
Bío Bío,2017,13,17.18
Bío Bío,2017,14,15.48
Bío Bío,2017,15,14.6
Bío Bío,2017,16,11.96
Bío Bío,2017,17,13.18
Bío Bío,2017,18,8.8
Bío Bío,2017,19,8.85
Bío Bío,2017,20,8.37
Bío Bío,2017,21,10.8
Bío Bío,2017,22,8.09
Bío Bío,2017,23,7.73
Bío Bío,2017,24,6.03
Bío Bío,2017,25,4.73
Bío Bío,2017,26,6.58
Bío Bío,2017,27,6.25
Bío Bío,2017,28,8.52
Bío Bío,2017,29,9.6
Bío Bío,2017,30,11.24
Bío Bío,2017,31,10.55
Bío Bío,2017,32,7.88
Bío Bío,2017,33,12.04
Bío Bío,2017,34,8.64
Bío Bío,2017,35,14.85
Bío Bío,2017,36,15.32
Bío Bío,2017,37,18.39
Bío Bío,2017,38,16.78
Bío Bío,2017,39,16.88
Bío Bío,2017,40,14.43
Bío Bío,2017,41,23.82
Bío Bío,2017,42,21.16
Bío Bío,2017,43,23.95
Bío Bío,2017,44,17.02
Bío Bío,2017,45,27.67
Bío Bío,2017,46,28.76
Bío Bío,2017,47,31.97
Bío Bío,2017,48,30.45
Bío Bío,2017,49,31.59
Bío Bío,2017,50,25.65
Bío Bío,2017,51,33.15
Bío Bío,2017,52,29.9
Bío Bío,2018,1,27.33
Bío Bío,2018,2,30.03
Bío Bío,2018,3,29.12
Bío Bío,2018,4,31.31
Bío Bío,2018,5,29.54
Bío Bío,2018,6,28.69
Bío Bío,2018,7,27.32
Bío Bío,2018,8,24.86
Bío Bío,2018,9,24.97
Bío Bío,2018,10,22.21
Bío Bío,2018,11,19.16
Bío Bío,2018,12,19.36
Bío Bío,2018,13,19.85
Bío Bío,2018,14,14.1
Bío Bío,2018,15,12.99
Bío Bío,2018,16,12.56
Bío Bío,2018,17,11.41
Bío Bío,2018,18,8.83
Bío Bío,2018,19,8.88
Bío Bío,2018,20,7.94
Bío Bío,2018,21,8.4
Bío Bío,2018,22,8.75
Bío Bío,2018,23,5.91
Bío Bío,2018,24,8.33
Bío Bío,2018,25,8.23
Bío Bío,2018,26,2.88
Bío Bío,2018,27,4.65
Bío Bío,2018,28,7.64
Bío Bío,2018,29,10.11
Bío Bío,2018,30,9.86
Bío Bío,2018,31,9.17
Bío Bío,2018,32,9.78
Bío Bío,2018,33,12.98
Bío Bío,2018,34,12.93
Bío Bío,2018,35,12.47
Bío Bío,2018,36,16.96
Bío Bío,2018,37,16.3
Bío Bío,2018,38,12.57
Bío Bío,2018,39,14.78
Bío Bío,2018,40,19.4
Bío Bío,2018,41,22.54
Bío Bío,2018,42,20.78
Bío Bío,2018,43,19.92
Bío Bío,2018,44,18.37
Bío Bío,2018,45,25.61
Bío Bío,2018,46,25.05
Bío Bío,2018,47,30.01
Bío Bío,2018,48,31.82
Bío Bío,2018,49,27.22
Bío Bío,2018,50,29.82
Bío Bío,2018,51,33.45
Bío Bío,2018,52,31.06
Bío Bío,2019,1,32.83
Bío Bío,2019,2,24.74
Bío Bío,2019,3,31.38
Bío Bío,2019,4,31.32
Bío Bío,2019,5,29.64
Bío Bío,2019,6,26.48
Bío Bío,2019,7,26.42
Bío Bío,2019,8,22.78
Bío Bío,2019,9,25.56
Bío Bío,2019,10,23.84
Bío Bío,2019,11,22.57
Bío Bío,2019,12,21.87
Bío Bío,2019,13,17.07
Bío Bío,2019,14,18.73
Bío Bío,2019,15,15.36
Bío Bío,2019,16,12.12
Bío Bío,2019,17,11.48
Bío Bío,2019,18,10.27
Bío Bío,2019,19,10.66
Bío Bío,2019,20,9.78
Bío Bío,2019,21,8.47
Bío Bío,2019,22,5.7
Bío Bío,2019,23,6.58
Bío Bío,2019,24,6.15
Bío Bío,2019,25,7.64
Bío Bío,2019,26,5.22
Bío Bío,2019,27,8.06
Bío Bío,2019,28,6.39
Bío Bío,2019,29,6.6
Bío Bío,2019,30,9.0
Bío Bío,2019,31,10.22
Bío Bío,2019,32,11.13
Bío Bío,2019,33,11.08
Bío Bío,2019,34,10.24
Bío Bío,2019,35,13.6
Bío Bío,2019,36,12.95
Bío Bío,2019,37,15.44
Bío Bío,2019,38,20.26
Bío Bío,2019,39,17.3
Bío Bío,2019,40,17.94
Bío Bío,2019,41,21.49
Bío Bío,2019,42,21.09
Bío Bío,2019,43,24.28
Bío Bío,2019,44,22.99
Bío Bío,2019,45,28.85
Bío Bío,2019,46,26.44
Bío Bío,2019,47,27.07
Bío Bío,2019,48,29.69
Bío Bío,2019,49,31.94
Bío Bío,2019,50,30.35
Bío Bío,2019,51,30.49
Bío Bío,2019,52,29.82
Bío Bío,2020,1,32.6
Bío Bío,2020,2,28.72
Bío Bío,2020,3,31.92
Bío Bío,2020,4,30.56
Bío Bío,2020,5,29.84
Bío Bío,2020,6,29.45
Bío Bío,2020,7,28.04
Bío Bío,2020,8,26.32
Bío Bío,2020,9,24.3
Bío Bío,2020,10,23.78
Bío Bío,2020,11,21.36
Bío Bío,2020,12,20.42
Bío Bío,2020,13,15.87
Bío Bío,2020,14,19.65
Bío Bío,2020,15,17.66
Bío Bío,2020,16,12.41
Bío Bío,2020,17,9.87
Bío Bío,2020,18,10.58
Bío Bío,2020,19,9.73
Bío Bío,2020,20,10.76
Bío Bío,2020,21,8.76
Bío Bío,2020,22,9.74
Bío Bío,2020,23,8.28
Bío Bío,2020,24,6.41
Bío Bío,2020,25,4.52
Bío Bío,2020,26,4.47
Bío Bío,2020,27,6.26
Bío Bío,2020,28,5.83
Bío Bío,2020,29,7.47
Bío Bío,2020,30,7.81
Bío Bío,2020,31,9.36
Bío Bío,2020,32,9.94
Bío Bío,2020,33,12.43
Bío Bío,2020,34,13.9
Bío Bío,2020,35,10.6
Bío Bío,2020,36,15.48
Bío Bío,2020,37,13.38
Bío Bío,2020,38,19.28
Bío Bío,2020,39,19.25
Bío Bío,2020,40,20.76
Bío Bío,2020,41,24.17
Bío Bío,2020,42,23.79
Bío Bío,2020,43,24.28
Bío Bío,2020,44,26.15
Bío Bío,2020,45,27.14
Bío Bío,2020,46,28.1
Bío Bío,2020,47,26.83
Bío Bío,2020,48,31.52
Bío Bío,2020,49,32.82
Bío Bío,2020,50,27.95
Bío Bío,2020,51,29.88
Bío Bío,2020,52,33.18
Bío Bío,2020,53,30.23
Bío Bío,2021,1,29.8
Bío Bío,2021,2,32.14
Bío Bío,2021,3,31.33
Bío Bío,2021,4,23.38
Bío Bío,2021,5,23.99
Bío Bío,2021,6,25.51
Bío Bío,2021,7,25.92
Bío Bío,2021,8,25.93
Bío Bío,2021,9,23.76
Bío Bío,2021,10,20.37
Bío Bío,2021,11,17.7
Bío Bío,2021,12,20.91
Bío Bío,2021,13,16.41
Bío Bío,2021,14,12.6
Bío Bío,2021,15,15.64
Bío Bío,2021,16,12.16
Bío Bío,2021,17,9.81
Bío Bío,2021,18,11.24
Bío Bío,2021,19,11.54
Bío Bío,2021,20,8.15
Bío Bío,2021,21,6.53
Bío Bío,2021,22,5.19
Bío Bío,2021,23,7.03
Bío Bío,2021,24,8.41
Bío Bío,2021,25,5.67
Bío Bío,2021,26,8.54
Bío Bío,2021,27,7.12
Bío Bío,2021,28,10.39
Bío Bío,2021,29,8.3
Bío Bío,2021,30,12.16
Bío Bío,2021,31,9.98
Bío Bío,2021,32,10.84
Bío Bío,2021,33,8.43
Bío Bío,2021,34,10.58
Bío Bío,2021,35,13.35
Bío Bío,2021,36,13.06
Bío Bío,2021,37,20.12
Bío Bío,2021,38,18.86
Bío Bío,2021,39,21.25
Bío Bío,2021,40,23.42
Bío Bío,2021,41,21.94
Bío Bío,2021,42,23.82
Bío Bío,2021,43,26.4
Bío Bío,2021,44,25.06
Bío Bío,2021,45,24.9
Bío Bío,2021,46,30.87
Bío Bío,2021,47,30.02
Bío Bío,2021,48,30.09
Bío Bío,2021,49,26.58
Bío Bío,2021,50,32.76
Bío Bío,2021,51,32.94
Bío Bío,2021,52,25.98
Bío Bío,2022,1,27.79
Bío Bío,2022,2,31.13
Bío Bío,2022,3,29.82
Bío Bío,2022,4,26.17
Bío Bío,2022,5,28.94
Bío Bío,2022,6,28.03
Bío Bío,2022,7,26.5
Bío Bío,2022,8,22.87
Bío Bío,2022,9,23.19
Bío Bío,2022,10,22.21
Bío Bío,2022,11,19.46
Bío Bío,2022,12,19.39
Bío Bío,2022,13,18.23
Bío Bío,2022,14,14.28
Bío Bío,2022,15,14.64
Bío Bío,2022,16,6.87
Bío Bío,2022,17,11.07
Bío Bío,2022,18,11.04
Bío Bío,2022,19,9.02
Bío Bío,2022,20,7.31
Bío Bío,2022,21,8.54
Bío Bío,2022,22,6.2
Bío Bío,2022,23,7.0
Bío Bío,2022,24,6.66
Bío Bío,2022,25,4.33
Bío Bío,2022,26,5.2
Bío Bío,2022,27,6.46
Bío Bío,2022,28,4.61
Bío Bío,2022,29,6.49
Bío Bío,2022,30,8.98
Bío Bío,2022,31,8.5
Bío Bío,2022,32,10.09
Bío Bío,2022,33,11.38
Bío Bío,2022,34,13.64
Bío Bío,2022,35,15.72
Bío Bío,2022,36,17.32
Bío Bío,2022,37,13.68
Bío Bío,2022,38,19.15
Bío Bío,2022,39,19.3
Bío Bío,2022,40,16.28
Bío Bío,2022,41,24.43
Bío Bío,2022,42,24.07
Bío Bío,2022,43,19.17
Bío Bío,2022,44,25.17
Bío Bío,2022,45,22.6
Bío Bío,2022,46,29.67
Bío Bío,2022,47,29.95
Bío Bío,2022,48,30.69
Bío Bío,2022,49,27.0
Bío Bío,2022,50,32.78
Bío Bío,2022,51,29.1
Bío Bío,2022,52,31.29
Bío Bío,2023,1,29.87
Bío Bío,2023,2,32.25
Bío Bío,2023,3,30.13
Bío Bío,2023,4,30.95
Bío Bío,2023,5,28.39
Bío Bío,2023,6,28.74
Bío Bío,2023,7,28.15
Bío Bío,2023,8,26.15
Bío Bío,2023,9,25.42
Bío Bío,2023,10,14.19
Bío Bío,2023,11,19.99
Bío Bío,2023,12,21.57
Bío Bío,2023,13,17.15
Bío Bío,2023,14,17.52
Bío Bío,2023,15,11.41
Bío Bío,2023,16,13.41
Bío Bío,2023,17,8.1
Bío Bío,2023,18,12.12
Bío Bío,2023,19,10.95
Bío Bío,2023,20,8.13
Bío Bío,2023,21,7.55
Bío Bío,2023,22,7.69
Bío Bío,2023,23,7.07
Bío Bío,2023,24,9.22
Bío Bío,2023,25,2.73
Bío Bío,2023,26,6.59
Bío Bío,2023,27,7.01
Bío Bío,2023,28,8.79
Bío Bío,2023,29,5.64
Bío Bío,2023,30,8.36
Bío Bío,2023,31,11.17
Bío Bío,2023,32,10.56
Bío Bío,2023,33,6.93
Bío Bío,2023,34,12.69
Bío Bío,2023,35,10.74
Bío Bío,2023,36,10.58
Bío Bío,2023,37,12.65
Bío Bío,2023,38,17.74
Bío Bío,2023,39,20.14
Bío Bío,2023,40,21.94
Bío Bío,2023,41,24.88
Bío Bío,2023,42,25.03
Bío Bío,2023,43,19.87
Bío Bío,2023,44,26.8
Bío Bío,2023,45,24.47
Bío Bío,2023,46,24.77
Bío Bío,2023,47,29.64
Bío Bío,2023,48,28.39
Bío Bío,2023,49,31.39
Bío Bío,2023,50,29.39
Bío Bío,2023,51,32.18
Bío Bío,2023,52,27.0
Bío Bío,2024,1,30.44
Bío Bío,2024,2,32.76
Bío Bío,2024,3,31.86
Bío Bío,2024,4,29.01
Bío Bío,2024,5,30.51
Bío Bío,2024,6,25.82
Bío Bío,2024,7,26.43
Bío Bío,2024,8,22.48
Bío Bío,2024,9,25.72
Bío Bío,2024,10,21.66
Bío Bío,2024,11,21.41
Bío Bío,2024,12,16.4
Bío Bío,2024,13,18.63
Bío Bío,2024,14,15.95
Bío Bío,2024,15,13.83
Bío Bío,2024,16,12.08
Bío Bío,2024,17,12.66
Bío Bío,2024,18,8.99
Bío Bío,2024,19,10.81
Bío Bío,2024,20,10.21
Bío Bío,2024,21,8.38
Bío Bío,2024,22,5.81
Bío Bío,2024,23,3.75
Bío Bío,2024,24,3.75
Bío Bío,2024,25,6.23
Bío Bío,2024,26,8.29
Bío Bío,2024,27,9.13
Bío Bío,2024,28,9.63
Bío Bío,2024,29,9.58
Bío Bío,2024,30,9.37
Bío Bío,2024,31,6.3
Bío Bío,2024,32,12.09
Bío Bío,2024,33,12.78
Bío Bío,2024,34,12.7
Bío Bío,2024,35,15.15
Bío Bío,2024,36,15.66
Bío Bío,2024,37,18.31
Bío Bío,2024,38,13.41
Bío Bío,2024,39,18.18
Bío Bío,2024,40,19.29
Bío Bío,2024,41,21.03
Bío Bío,2024,42,20.62
Bío Bío,2024,43,22.7
Bío Bío,2024,44,22.08
Bío Bío,2024,45,24.95
Bío Bío,2024,46,29.11
Bío Bío,2024,47,28.68
Bío Bío,2024,48,31.29
Bío Bío,2024,49,30.21
Bío Bío,2024,50,33.57
Bío Bío,2024,51,31.99
Bío Bío,2024,52,30.07
Bío Bío,2025,1,31.32
Bío Bío,2025,2,32.47
Bío Bío,2025,3,28.42
Bío Bío,2025,4,30.34
Bío Bío,2025,5,30.88
Bío Bío,2025,6,29.09
Bío Bío,2025,7,28.42
Bío Bío,2025,8,25.3
Bío Bío,2025,9,21.66
Bío Bío,2025,10,21.25
Bío Bío,2025,11,21.95
Bío Bío,2025,12,21.54
Bío Bío,2025,13,15.77
Bío Bío,2025,14,17.31
Bío Bío,2025,15,15.66
Bío Bío,2025,16,13.43
Bío Bío,2025,17,8.87
Bío Bío,2025,18,11.48
Bío Bío,2025,19,8.52
Bío Bío,2025,20,8.75
Bío Bío,2025,21,7.84
Bío Bío,2025,22,9.78
Bío Bío,2025,23,7.77
Bío Bío,2025,24,6.32
Bío Bío,2025,25,7.39
Bío Bío,2025,26,9.04
Bío Bío,2025,27,7.63
Bío Bío,2025,28,9.89
Bío Bío,2025,29,9.46
Bío Bío,2025,30,5.9
Bío Bío,2025,31,5.9
Bío Bío,2025,32,10.62
Bío Bío,2025,33,11.08
Bío Bío,2025,34,10.99
Bío Bío,2025,35,13.58
Bío Bío,2025,36,15.05
Bío Bío,2025,37,15.46
Bío Bío,2025,38,13.63
Bío Bío,2025,39,19.5
Bío Bío,2025,40,22.35
Bío Bío,2025,41,23.46
Bío Bío,2025,42,24.84
Bío Bío,2025,43,24.75
Bío Bío,2025,44,28.09
Bío Bío,2025,45,25.61
Bío Bío,2025,46,29.55
Bío Bío,2025,47,31.29
Bío Bío,2025,48,25.86
Bío Bío,2025,49,30.8
Bío Bío,2025,50,28.13
Bío Bío,2025,51,29.75
Bío Bío,2025,52,33.05
Bío Bío,2026,1,29.54
Bío Bío,2026,2,30.13
Bío Bío,2026,3,31.99
Bío Bío,2026,4,31.2
Bío Bío,2026,5,27.81
Bío Bío,2026,6,24.18
Bío Bío,2026,7,27.21
Bío Bío,2026,8,25.84
Bío Bío,2026,9,21.24
Bío Bío,2026,10,23.14
Bío Bío,2026,11,19.68
Bío Bío,2026,12,18.27
Bío Bío,2026,13,20.06
Bío Bío,2026,14,18.18
Bío Bío,2026,15,15.35
Bío Bío,2026,16,10.53
Bío Bío,2026,17,13.82
Bío Bío,2026,18,9.92
Bío Bío,2026,19,9.15
Bío Bío,2026,20,11.23
Bío Bío,2026,21,9.39
Bío Bío,2026,22,7.16
Bío Bío,2026,23,5.71
Bío Bío,2026,24,5.07
Bío Bío,2026,25,8.17
Coquimbo,2014,1,31.39
Coquimbo,2014,2,29.61
Coquimbo,2014,3,28.39
Coquimbo,2014,4,29.21
Coquimbo,2014,5,28.5
Coquimbo,2014,6,29.82
Coquimbo,2014,7,23.55
Coquimbo,2014,8,25.62
Coquimbo,2014,9,23.79
Coquimbo,2014,10,25.14
Coquimbo,2014,11,23.21
Coquimbo,2014,12,22.06
Coquimbo,2014,13,18.95
Coquimbo,2014,14,18.88
Coquimbo,2014,15,19.99
Coquimbo,2014,16,17.88
Coquimbo,2014,17,14.68
Coquimbo,2014,18,14.51
Coquimbo,2014,19,12.54
Coquimbo,2014,20,14.77
Coquimbo,2014,21,12.74
Coquimbo,2014,22,12.48
Coquimbo,2014,23,10.63
Coquimbo,2014,24,10.91
Coquimbo,2014,25,10.82
Coquimbo,2014,26,10.5
Coquimbo,2014,27,10.26
Coquimbo,2014,28,11.35
Coquimbo,2014,29,12.61
Coquimbo,2014,30,11.15
Coquimbo,2014,31,14.22
Coquimbo,2014,32,15.04
Coquimbo,2014,33,16.88
Coquimbo,2014,34,14.68
Coquimbo,2014,35,17.9
Coquimbo,2014,36,17.83
Coquimbo,2014,37,16.23
Coquimbo,2014,38,15.96
Coquimbo,2014,39,22.24
Coquimbo,2014,40,21.36
Coquimbo,2014,41,25.13
Coquimbo,2014,42,26.5
Coquimbo,2014,43,24.9
Coquimbo,2014,44,25.59
Coquimbo,2014,45,30.67
Coquimbo,2014,46,29.33
Coquimbo,2014,47,28.41
Coquimbo,2014,48,25.8
Coquimbo,2014,49,29.6
Coquimbo,2014,50,28.97
Coquimbo,2014,51,29.89
Coquimbo,2014,52,31.44
Coquimbo,2015,1,30.46
Coquimbo,2015,2,29.92
Coquimbo,2015,3,26.93
Coquimbo,2015,4,25.95
Coquimbo,2015,5,28.47
Coquimbo,2015,6,28.19
Coquimbo,2015,7,27.89
Coquimbo,2015,8,25.55
Coquimbo,2015,9,23.56
Coquimbo,2015,10,22.93
Coquimbo,2015,11,23.6
Coquimbo,2015,12,21.05
Coquimbo,2015,13,16.66
Coquimbo,2015,14,15.21
Coquimbo,2015,15,16.06
Coquimbo,2015,16,15.43
Coquimbo,2015,17,14.43
Coquimbo,2015,18,14.03
Coquimbo,2015,19,14.74
Coquimbo,2015,20,12.18
Coquimbo,2015,21,11.21
Coquimbo,2015,22,12.06
Coquimbo,2015,23,12.73
Coquimbo,2015,24,13.13
Coquimbo,2015,25,12.89
Coquimbo,2015,26,10.84
Coquimbo,2015,27,11.04
Coquimbo,2015,28,8.98
Coquimbo,2015,29,12.34
Coquimbo,2015,30,13.93
Coquimbo,2015,31,13.93
Coquimbo,2015,32,8.59
Coquimbo,2015,33,11.03
Coquimbo,2015,34,15.92
Coquimbo,2015,35,18.29
Coquimbo,2015,36,14.02
Coquimbo,2015,37,19.63
Coquimbo,2015,38,18.64
Coquimbo,2015,39,21.0
Coquimbo,2015,40,22.88
Coquimbo,2015,41,22.9
Coquimbo,2015,42,24.05
Coquimbo,2015,43,24.87
Coquimbo,2015,44,24.81
Coquimbo,2015,45,26.33
Coquimbo,2015,46,28.85
Coquimbo,2015,47,29.41
Coquimbo,2015,48,31.35
Coquimbo,2015,49,29.68
Coquimbo,2015,50,29.79
Coquimbo,2015,51,30.31
Coquimbo,2015,52,32.21
Coquimbo,2015,53,29.85
Coquimbo,2016,1,27.95
Coquimbo,2016,2,30.04
Coquimbo,2016,3,25.99
Coquimbo,2016,4,29.84
Coquimbo,2016,5,26.62
Coquimbo,2016,6,26.28
Coquimbo,2016,7,26.33
Coquimbo,2016,8,27.12
Coquimbo,2016,9,23.12
Coquimbo,2016,10,22.48
Coquimbo,2016,11,19.92
Coquimbo,2016,12,19.15
Coquimbo,2016,13,16.91
Coquimbo,2016,14,15.63
Coquimbo,2016,15,14.46
Coquimbo,2016,16,11.61
Coquimbo,2016,17,15.99
Coquimbo,2016,18,10.75
Coquimbo,2016,19,10.62
Coquimbo,2016,20,10.86
Coquimbo,2016,21,9.7
Coquimbo,2016,22,8.09
Coquimbo,2016,23,12.27
Coquimbo,2016,24,11.73
Coquimbo,2016,25,10.37
Coquimbo,2016,26,9.73
Coquimbo,2016,27,11.02
Coquimbo,2016,28,11.88
Coquimbo,2016,29,13.49
Coquimbo,2016,30,13.96
Coquimbo,2016,31,15.83
Coquimbo,2016,32,16.6
Coquimbo,2016,33,18.3
Coquimbo,2016,34,15.07
Coquimbo,2016,35,18.66
Coquimbo,2016,36,21.46
Coquimbo,2016,37,21.45
Coquimbo,2016,38,22.14
Coquimbo,2016,39,22.44
Coquimbo,2016,40,25.18
Coquimbo,2016,41,22.9
Coquimbo,2016,42,25.1
Coquimbo,2016,43,28.38
Coquimbo,2016,44,29.03
Coquimbo,2016,45,28.93
Coquimbo,2016,46,29.99
Coquimbo,2016,47,27.94
Coquimbo,2016,48,29.54
Coquimbo,2016,49,28.29
Coquimbo,2016,50,30.66
Coquimbo,2016,51,30.6
Coquimbo,2016,52,30.82
Coquimbo,2017,1,32.12
Coquimbo,2017,2,30.95
Coquimbo,2017,3,29.98
Coquimbo,2017,4,28.13
Coquimbo,2017,5,28.05
Coquimbo,2017,6,29.26
Coquimbo,2017,7,28.29
Coquimbo,2017,8,26.37
Coquimbo,2017,9,26.32
Coquimbo,2017,10,26.26
Coquimbo,2017,11,23.22
Coquimbo,2017,12,21.78
Coquimbo,2017,13,22.18
Coquimbo,2017,14,20.92
Coquimbo,2017,15,18.53
Coquimbo,2017,16,17.18
Coquimbo,2017,17,17.77
Coquimbo,2017,18,14.19
Coquimbo,2017,19,11.05
Coquimbo,2017,20,11.89
Coquimbo,2017,21,11.89
Coquimbo,2017,22,13.38
Coquimbo,2017,23,12.44
Coquimbo,2017,24,10.45
Coquimbo,2017,25,9.03
Coquimbo,2017,26,10.86
Coquimbo,2017,27,11.02
Coquimbo,2017,28,12.06
Coquimbo,2017,29,12.79
Coquimbo,2017,30,13.35
Coquimbo,2017,31,13.27
Coquimbo,2017,32,14.12
Coquimbo,2017,33,17.03
Coquimbo,2017,34,17.47
Coquimbo,2017,35,18.35
Coquimbo,2017,36,19.2
Coquimbo,2017,37,21.04
Coquimbo,2017,38,21.21
Coquimbo,2017,39,21.11
Coquimbo,2017,40,25.17
Coquimbo,2017,41,27.15
Coquimbo,2017,42,27.13
Coquimbo,2017,43,27.53
Coquimbo,2017,44,25.47
Coquimbo,2017,45,27.79
Coquimbo,2017,46,30.3
Coquimbo,2017,47,30.55
Coquimbo,2017,48,28.78
Coquimbo,2017,49,32.06
Coquimbo,2017,50,28.14
Coquimbo,2017,51,30.43
Coquimbo,2017,52,30.15
Coquimbo,2018,1,30.67
Coquimbo,2018,2,24.78
Coquimbo,2018,3,28.28
Coquimbo,2018,4,30.37
Coquimbo,2018,5,28.74
Coquimbo,2018,6,28.51
Coquimbo,2018,7,25.11
Coquimbo,2018,8,26.42
Coquimbo,2018,9,25.81
Coquimbo,2018,10,23.91
Coquimbo,2018,11,24.8
Coquimbo,2018,12,23.66
Coquimbo,2018,13,20.92
Coquimbo,2018,14,20.13
Coquimbo,2018,15,18.01
Coquimbo,2018,16,17.7
Coquimbo,2018,17,16.07
Coquimbo,2018,18,14.84
Coquimbo,2018,19,14.38
Coquimbo,2018,20,14.31
Coquimbo,2018,21,13.6
Coquimbo,2018,22,11.33
Coquimbo,2018,23,11.09
Coquimbo,2018,24,12.53
Coquimbo,2018,25,10.98
Coquimbo,2018,26,10.56
Coquimbo,2018,27,11.57
Coquimbo,2018,28,12.19
Coquimbo,2018,29,12.38
Coquimbo,2018,30,13.44
Coquimbo,2018,31,14.22
Coquimbo,2018,32,15.37
Coquimbo,2018,33,16.52
Coquimbo,2018,34,17.95
Coquimbo,2018,35,16.7
Coquimbo,2018,36,20.43
Coquimbo,2018,37,17.77
Coquimbo,2018,38,22.52
Coquimbo,2018,39,20.05
Coquimbo,2018,40,24.26
Coquimbo,2018,41,21.82
Coquimbo,2018,42,26.53
Coquimbo,2018,43,27.32
Coquimbo,2018,44,26.55
Coquimbo,2018,45,30.11
Coquimbo,2018,46,30.83
Coquimbo,2018,47,29.81
Coquimbo,2018,48,29.83
Coquimbo,2018,49,31.34
Coquimbo,2018,50,32.91
Coquimbo,2018,51,31.03
Coquimbo,2018,52,30.37
Coquimbo,2019,1,29.37
Coquimbo,2019,2,30.93
Coquimbo,2019,3,30.72
Coquimbo,2019,4,29.16
Coquimbo,2019,5,28.11
Coquimbo,2019,6,26.84
Coquimbo,2019,7,27.17
Coquimbo,2019,8,26.61
Coquimbo,2019,9,25.96
Coquimbo,2019,10,24.93
Coquimbo,2019,11,23.33
Coquimbo,2019,12,23.62
Coquimbo,2019,13,19.46
Coquimbo,2019,14,19.84
Coquimbo,2019,15,18.58
Coquimbo,2019,16,16.74
Coquimbo,2019,17,15.74
Coquimbo,2019,18,15.27
Coquimbo,2019,19,12.93
Coquimbo,2019,20,13.04
Coquimbo,2019,21,11.99
Coquimbo,2019,22,10.53
Coquimbo,2019,23,12.84
Coquimbo,2019,24,10.71
Coquimbo,2019,25,11.78
Coquimbo,2019,26,10.81
Coquimbo,2019,27,11.52
Coquimbo,2019,28,11.53
Coquimbo,2019,29,11.96
Coquimbo,2019,30,13.78
Coquimbo,2019,31,15.66
Coquimbo,2019,32,15.83
Coquimbo,2019,33,15.87
Coquimbo,2019,34,17.8
Coquimbo,2019,35,19.47
Coquimbo,2019,36,16.09
Coquimbo,2019,37,21.0
Coquimbo,2019,38,20.56
Coquimbo,2019,39,22.27
Coquimbo,2019,40,23.18
Coquimbo,2019,41,23.27
Coquimbo,2019,42,21.78
Coquimbo,2019,43,27.34
Coquimbo,2019,44,27.81
Coquimbo,2019,45,27.8
Coquimbo,2019,46,29.03
Coquimbo,2019,47,27.43
Coquimbo,2019,48,31.97
Coquimbo,2019,49,31.13
Coquimbo,2019,50,30.25
Coquimbo,2019,51,32.51
Coquimbo,2019,52,30.64
Coquimbo,2020,1,29.45
Coquimbo,2020,2,30.92
Coquimbo,2020,3,30.04
Coquimbo,2020,4,28.95
Coquimbo,2020,5,28.14
Coquimbo,2020,6,28.98
Coquimbo,2020,7,27.2
Coquimbo,2020,8,27.37
Coquimbo,2020,9,25.72
Coquimbo,2020,10,23.97
Coquimbo,2020,11,23.64
Coquimbo,2020,12,21.96
Coquimbo,2020,13,21.2
Coquimbo,2020,14,19.32
Coquimbo,2020,15,16.48
Coquimbo,2020,16,18.39
Coquimbo,2020,17,15.22
Coquimbo,2020,18,16.77
Coquimbo,2020,19,14.74
Coquimbo,2020,20,14.37
Coquimbo,2020,21,13.22
Coquimbo,2020,22,10.65
Coquimbo,2020,23,11.54
Coquimbo,2020,24,12.31
Coquimbo,2020,25,9.98
Coquimbo,2020,26,9.27
Coquimbo,2020,27,11.2
Coquimbo,2020,28,12.77
Coquimbo,2020,29,12.49
Coquimbo,2020,30,13.53
Coquimbo,2020,31,15.49
Coquimbo,2020,32,15.29
Coquimbo,2020,33,16.6
Coquimbo,2020,34,16.47
Coquimbo,2020,35,18.16
Coquimbo,2020,36,18.89
Coquimbo,2020,37,21.36
Coquimbo,2020,38,21.12
Coquimbo,2020,39,21.26
Coquimbo,2020,40,24.15
Coquimbo,2020,41,24.53
Coquimbo,2020,42,23.95
Coquimbo,2020,43,27.72
Coquimbo,2020,44,28.46
Coquimbo,2020,45,27.94
Coquimbo,2020,46,29.26
Coquimbo,2020,47,29.68
Coquimbo,2020,48,31.39
Coquimbo,2020,49,30.48
Coquimbo,2020,50,30.91
Coquimbo,2020,51,32.18
Coquimbo,2020,52,29.32
Coquimbo,2020,53,30.23
Coquimbo,2021,1,30.98
Coquimbo,2021,2,31.81
Coquimbo,2021,3,29.15
Coquimbo,2021,4,29.21
Coquimbo,2021,5,28.92
Coquimbo,2021,6,28.38
Coquimbo,2021,7,27.97
Coquimbo,2021,8,26.05
Coquimbo,2021,9,24.2
Coquimbo,2021,10,23.11
Coquimbo,2021,11,23.28
Coquimbo,2021,12,22.85
Coquimbo,2021,13,19.79
Coquimbo,2021,14,20.41
Coquimbo,2021,15,18.29
Coquimbo,2021,16,16.47
Coquimbo,2021,17,15.72
Coquimbo,2021,18,14.67
Coquimbo,2021,19,13.99
Coquimbo,2021,20,12.22
Coquimbo,2021,21,12.54
Coquimbo,2021,22,12.14
Coquimbo,2021,23,12.46
Coquimbo,2021,24,11.39
Coquimbo,2021,25,11.28
Coquimbo,2021,26,12.13
Coquimbo,2021,27,11.79
Coquimbo,2021,28,12.03
Coquimbo,2021,29,12.47
Coquimbo,2021,30,15.05
Coquimbo,2021,31,13.61
Coquimbo,2021,32,15.53
Coquimbo,2021,33,16.81
Coquimbo,2021,34,16.61
Coquimbo,2021,35,17.82
Coquimbo,2021,36,19.47
Coquimbo,2021,37,22.66
Coquimbo,2021,38,22.26
Coquimbo,2021,39,25.52
Coquimbo,2021,40,24.71
Coquimbo,2021,41,25.98
Coquimbo,2021,42,25.99
Coquimbo,2021,43,24.76
Coquimbo,2021,44,28.16
Coquimbo,2021,45,28.86
Coquimbo,2021,46,29.64
Coquimbo,2021,47,28.47
Coquimbo,2021,48,30.2
Coquimbo,2021,49,27.97
Coquimbo,2021,50,31.22
Coquimbo,2021,51,29.49
Coquimbo,2021,52,28.93
Coquimbo,2022,1,29.69
Coquimbo,2022,2,28.06
Coquimbo,2022,3,31.22
Coquimbo,2022,4,29.16
Coquimbo,2022,5,28.27
Coquimbo,2022,6,25.75
Coquimbo,2022,7,26.9
Coquimbo,2022,8,27.26
Coquimbo,2022,9,25.54
Coquimbo,2022,10,24.28
Coquimbo,2022,11,22.29
Coquimbo,2022,12,21.81
Coquimbo,2022,13,21.1
Coquimbo,2022,14,19.09
Coquimbo,2022,15,17.6
Coquimbo,2022,16,16.31
Coquimbo,2022,17,16.14
Coquimbo,2022,18,12.92
Coquimbo,2022,19,13.64
Coquimbo,2022,20,13.09
Coquimbo,2022,21,12.27
Coquimbo,2022,22,7.2
Coquimbo,2022,23,11.08
Coquimbo,2022,24,11.4
Coquimbo,2022,25,9.5
Coquimbo,2022,26,11.65
Coquimbo,2022,27,11.68
Coquimbo,2022,28,9.68
Coquimbo,2022,29,11.92
Coquimbo,2022,30,12.8
Coquimbo,2022,31,12.47
Coquimbo,2022,32,15.58
Coquimbo,2022,33,16.74
Coquimbo,2022,34,17.35
Coquimbo,2022,35,16.56
Coquimbo,2022,36,16.7
Coquimbo,2022,37,18.96
Coquimbo,2022,38,22.19
Coquimbo,2022,39,22.14
Coquimbo,2022,40,24.16
Coquimbo,2022,41,24.97
Coquimbo,2022,42,26.21
Coquimbo,2022,43,26.74
Coquimbo,2022,44,28.06
Coquimbo,2022,45,23.11
Coquimbo,2022,46,28.16
Coquimbo,2022,47,28.18
Coquimbo,2022,48,26.93
Coquimbo,2022,49,29.47
Coquimbo,2022,50,29.57
Coquimbo,2022,51,30.8
Coquimbo,2022,52,28.29
Coquimbo,2023,1,30.44
Coquimbo,2023,2,30.42
Coquimbo,2023,3,29.77
Coquimbo,2023,4,30.01
Coquimbo,2023,5,28.3
Coquimbo,2023,6,26.75
Coquimbo,2023,7,27.36
Coquimbo,2023,8,25.6
Coquimbo,2023,9,24.25
Coquimbo,2023,10,24.41
Coquimbo,2023,11,23.24
Coquimbo,2023,12,21.24
Coquimbo,2023,13,20.33
Coquimbo,2023,14,19.0
Coquimbo,2023,15,18.68
Coquimbo,2023,16,16.27
Coquimbo,2023,17,15.36
Coquimbo,2023,18,15.81
Coquimbo,2023,19,13.51
Coquimbo,2023,20,12.55
Coquimbo,2023,21,12.28
Coquimbo,2023,22,12.79
Coquimbo,2023,23,11.65
Coquimbo,2023,24,11.96
Coquimbo,2023,25,9.94
Coquimbo,2023,26,12.27
Coquimbo,2023,27,11.72
Coquimbo,2023,28,12.35
Coquimbo,2023,29,11.59
Coquimbo,2023,30,13.44
Coquimbo,2023,31,12.16
Coquimbo,2023,32,14.32
Coquimbo,2023,33,15.21
Coquimbo,2023,34,18.31
Coquimbo,2023,35,17.04
Coquimbo,2023,36,16.11
Coquimbo,2023,37,20.66
Coquimbo,2023,38,22.23
Coquimbo,2023,39,23.6
Coquimbo,2023,40,24.64
Coquimbo,2023,41,25.0
Coquimbo,2023,42,24.89
Coquimbo,2023,43,26.14
Coquimbo,2023,44,26.45
Coquimbo,2023,45,24.48
Coquimbo,2023,46,29.58
Coquimbo,2023,47,29.74
Coquimbo,2023,48,29.59
Coquimbo,2023,49,30.41
Coquimbo,2023,50,30.82
Coquimbo,2023,51,30.65
Coquimbo,2023,52,28.63
Coquimbo,2024,1,29.53
Coquimbo,2024,2,31.57
Coquimbo,2024,3,30.11
Coquimbo,2024,4,28.36
Coquimbo,2024,5,25.65
Coquimbo,2024,6,27.81
Coquimbo,2024,7,24.81
Coquimbo,2024,8,23.31
Coquimbo,2024,9,24.34
Coquimbo,2024,10,24.27
Coquimbo,2024,11,24.24
Coquimbo,2024,12,21.07
Coquimbo,2024,13,19.32
Coquimbo,2024,14,20.56
Coquimbo,2024,15,16.46
Coquimbo,2024,16,15.17
Coquimbo,2024,17,16.74
Coquimbo,2024,18,15.18
Coquimbo,2024,19,14.42
Coquimbo,2024,20,12.56
Coquimbo,2024,21,9.84
Coquimbo,2024,22,12.14
Coquimbo,2024,23,8.29
Coquimbo,2024,24,8.76
Coquimbo,2024,25,9.27
Coquimbo,2024,26,11.44
Coquimbo,2024,27,12.23
Coquimbo,2024,28,12.15
Coquimbo,2024,29,11.45
Coquimbo,2024,30,14.06
Coquimbo,2024,31,8.46
Coquimbo,2024,32,15.29
Coquimbo,2024,33,13.54
Coquimbo,2024,34,17.54
Coquimbo,2024,35,16.6
Coquimbo,2024,36,20.17
Coquimbo,2024,37,21.0
Coquimbo,2024,38,21.89
Coquimbo,2024,39,22.77
Coquimbo,2024,40,19.24
Coquimbo,2024,41,20.49
Coquimbo,2024,42,24.09
Coquimbo,2024,43,26.15
Coquimbo,2024,44,25.36
Coquimbo,2024,45,29.11
Coquimbo,2024,46,28.76
Coquimbo,2024,47,30.22
Coquimbo,2024,48,31.97
Coquimbo,2024,49,32.24
Coquimbo,2024,50,30.34
Coquimbo,2024,51,30.21
Coquimbo,2024,52,29.2
Coquimbo,2025,1,29.21
Coquimbo,2025,2,26.56
Coquimbo,2025,3,30.05
Coquimbo,2025,4,29.4
Coquimbo,2025,5,28.24
Coquimbo,2025,6,27.59
Coquimbo,2025,7,27.69
Coquimbo,2025,8,25.63
Coquimbo,2025,9,25.33
Coquimbo,2025,10,24.82
Coquimbo,2025,11,22.48
Coquimbo,2025,12,20.35
Coquimbo,2025,13,20.88
Coquimbo,2025,14,21.07
Coquimbo,2025,15,18.74
Coquimbo,2025,16,17.74
Coquimbo,2025,17,16.8
Coquimbo,2025,18,15.15
Coquimbo,2025,19,14.08
Coquimbo,2025,20,12.46
Coquimbo,2025,21,12.55
Coquimbo,2025,22,12.25
Coquimbo,2025,23,11.68
Coquimbo,2025,24,9.33
Coquimbo,2025,25,10.98
Coquimbo,2025,26,10.85
Coquimbo,2025,27,11.44
Coquimbo,2025,28,11.71
Coquimbo,2025,29,12.54
Coquimbo,2025,30,12.63
Coquimbo,2025,31,11.13
Coquimbo,2025,32,13.27
Coquimbo,2025,33,11.85
Coquimbo,2025,34,13.63
Coquimbo,2025,35,12.76
Coquimbo,2025,36,17.22
Coquimbo,2025,37,20.69
Coquimbo,2025,38,21.26
Coquimbo,2025,39,22.36
Coquimbo,2025,40,21.15
Coquimbo,2025,41,24.77
Coquimbo,2025,42,24.47
Coquimbo,2025,43,26.43
Coquimbo,2025,44,27.77
Coquimbo,2025,45,29.08
Coquimbo,2025,46,29.62
Coquimbo,2025,47,26.63
Coquimbo,2025,48,27.97
Coquimbo,2025,49,28.48
Coquimbo,2025,50,28.88
Coquimbo,2025,51,30.38
Coquimbo,2025,52,30.63
Coquimbo,2026,1,27.44
Coquimbo,2026,2,28.92
Coquimbo,2026,3,29.31
Coquimbo,2026,4,27.79
Coquimbo,2026,5,27.94
Coquimbo,2026,6,28.46
Coquimbo,2026,7,28.98
Coquimbo,2026,8,27.75
Coquimbo,2026,9,25.61
Coquimbo,2026,10,24.94
Coquimbo,2026,11,24.14
Coquimbo,2026,12,23.47
Coquimbo,2026,13,22.07
Coquimbo,2026,14,19.69
Coquimbo,2026,15,18.85
Coquimbo,2026,16,16.81
Coquimbo,2026,17,17.49
Coquimbo,2026,18,15.75
Coquimbo,2026,19,14.48
Coquimbo,2026,20,13.47
Coquimbo,2026,21,11.44
Coquimbo,2026,22,12.06
Coquimbo,2026,23,11.0
Coquimbo,2026,24,9.12
Coquimbo,2026,25,7.57
La Araucanía,2014,1,29.93
La Araucanía,2014,2,30.58
La Araucanía,2014,3,29.97
La Araucanía,2014,4,22.14
La Araucanía,2014,5,23.91
La Araucanía,2014,6,19.75
La Araucanía,2014,7,26.53
La Araucanía,2014,8,25.31
La Araucanía,2014,9,24.9
La Araucanía,2014,10,18.66
La Araucanía,2014,11,12.67
La Araucanía,2014,12,16.81
La Araucanía,2014,13,14.73
La Araucanía,2014,14,11.04
La Araucanía,2014,15,9.96
La Araucanía,2014,16,11.75
La Araucanía,2014,17,10.02
La Araucanía,2014,18,7.95
La Araucanía,2014,19,7.28
La Araucanía,2014,20,5.36
La Araucanía,2014,21,8.56
La Araucanía,2014,22,5.34
La Araucanía,2014,23,3.39
La Araucanía,2014,24,4.32
La Araucanía,2014,25,6.8
La Araucanía,2014,26,6.34
La Araucanía,2014,27,5.43
La Araucanía,2014,28,7.29
La Araucanía,2014,29,6.34
La Araucanía,2014,30,5.29
La Araucanía,2014,31,4.78
La Araucanía,2014,32,7.59
La Araucanía,2014,33,10.2
La Araucanía,2014,34,9.57
La Araucanía,2014,35,10.66
La Araucanía,2014,36,9.81
La Araucanía,2014,37,15.74
La Araucanía,2014,38,13.77
La Araucanía,2014,39,11.46
La Araucanía,2014,40,17.41
La Araucanía,2014,41,21.19
La Araucanía,2014,42,19.05
La Araucanía,2014,43,21.98
La Araucanía,2014,44,20.2
La Araucanía,2014,45,22.37
La Araucanía,2014,46,26.41
La Araucanía,2014,47,23.64
La Araucanía,2014,48,26.24
La Araucanía,2014,49,26.4
La Araucanía,2014,50,32.54
La Araucanía,2014,51,25.92
La Araucanía,2014,52,32.5
La Araucanía,2015,1,26.57
La Araucanía,2015,2,32.42
La Araucanía,2015,3,30.86
La Araucanía,2015,4,30.32
La Araucanía,2015,5,28.69
La Araucanía,2015,6,26.3
La Araucanía,2015,7,27.65
La Araucanía,2015,8,26.11
La Araucanía,2015,9,23.6
La Araucanía,2015,10,21.55
La Araucanía,2015,11,22.9
La Araucanía,2015,12,20.74
La Araucanía,2015,13,18.66
La Araucanía,2015,14,11.13
La Araucanía,2015,15,13.14
La Araucanía,2015,16,9.01
La Araucanía,2015,17,11.52
La Araucanía,2015,18,8.13
La Araucanía,2015,19,8.31
La Araucanía,2015,20,6.41
La Araucanía,2015,21,6.48
La Araucanía,2015,22,6.11
La Araucanía,2015,23,2.95
La Araucanía,2015,24,5.16
La Araucanía,2015,25,4.94
La Araucanía,2015,26,5.89
La Araucanía,2015,27,6.27
La Araucanía,2015,28,4.61
La Araucanía,2015,29,4.68
La Araucanía,2015,30,5.43
La Araucanía,2015,31,6.8
La Araucanía,2015,32,6.39
La Araucanía,2015,33,11.8
La Araucanía,2015,34,8.06
La Araucanía,2015,35,5.11
La Araucanía,2015,36,14.91
La Araucanía,2015,37,10.51
La Araucanía,2015,38,17.3
La Araucanía,2015,39,10.43
La Araucanía,2015,40,11.09
La Araucanía,2015,41,22.58
La Araucanía,2015,42,18.23
La Araucanía,2015,43,19.15
La Araucanía,2015,44,24.86
La Araucanía,2015,45,23.77
La Araucanía,2015,46,23.68
La Araucanía,2015,47,18.39
La Araucanía,2015,48,25.39
La Araucanía,2015,49,27.9
La Araucanía,2015,50,25.1
La Araucanía,2015,51,28.53
La Araucanía,2015,52,26.24
La Araucanía,2015,53,29.48
La Araucanía,2016,1,27.9
La Araucanía,2016,2,26.43
La Araucanía,2016,3,28.78
La Araucanía,2016,4,24.01
La Araucanía,2016,5,29.26
La Araucanía,2016,6,24.15
La Araucanía,2016,7,23.24
La Araucanía,2016,8,21.76
La Araucanía,2016,9,23.25
La Araucanía,2016,10,22.81
La Araucanía,2016,11,19.66
La Araucanía,2016,12,17.42
La Araucanía,2016,13,16.21
La Araucanía,2016,14,14.64
La Araucanía,2016,15,11.76
La Araucanía,2016,16,8.87
La Araucanía,2016,17,11.87
La Araucanía,2016,18,8.18
La Araucanía,2016,19,8.45
La Araucanía,2016,20,8.42
La Araucanía,2016,21,7.2
La Araucanía,2016,22,7.31
La Araucanía,2016,23,6.23
La Araucanía,2016,24,6.86
La Araucanía,2016,25,7.72
La Araucanía,2016,26,7.65
La Araucanía,2016,27,4.1
La Araucanía,2016,28,4.75
La Araucanía,2016,29,4.53
La Araucanía,2016,30,7.22
La Araucanía,2016,31,7.23
La Araucanía,2016,32,7.06
La Araucanía,2016,33,9.38
La Araucanía,2016,34,10.44
La Araucanía,2016,35,14.84
La Araucanía,2016,36,13.42
La Araucanía,2016,37,12.62
La Araucanía,2016,38,17.35
La Araucanía,2016,39,16.33
La Araucanía,2016,40,17.28
La Araucanía,2016,41,12.55
La Araucanía,2016,42,20.62
La Araucanía,2016,43,24.67
La Araucanía,2016,44,17.04
La Araucanía,2016,45,26.57
La Araucanía,2016,46,25.89
La Araucanía,2016,47,25.7
La Araucanía,2016,48,29.61
La Araucanía,2016,49,25.41
La Araucanía,2016,50,28.16
La Araucanía,2016,51,25.74
La Araucanía,2016,52,26.57
La Araucanía,2017,1,24.03
La Araucanía,2017,2,27.87
La Araucanía,2017,3,30.75
La Araucanía,2017,4,28.12
La Araucanía,2017,5,24.63
La Araucanía,2017,6,27.6
La Araucanía,2017,7,18.79
La Araucanía,2017,8,20.94
La Araucanía,2017,9,18.16
La Araucanía,2017,10,17.04
La Araucanía,2017,11,20.98
La Araucanía,2017,12,14.92
La Araucanía,2017,13,15.43
La Araucanía,2017,14,9.03
La Araucanía,2017,15,14.43
La Araucanía,2017,16,9.47
La Araucanía,2017,17,7.53
La Araucanía,2017,18,7.93
La Araucanía,2017,19,8.09
La Araucanía,2017,20,8.5
La Araucanía,2017,21,9.3
La Araucanía,2017,22,6.08
La Araucanía,2017,23,4.83
La Araucanía,2017,24,4.26
La Araucanía,2017,25,4.48
La Araucanía,2017,26,5.03
La Araucanía,2017,27,4.93
La Araucanía,2017,28,6.96
La Araucanía,2017,29,5.7
La Araucanía,2017,30,9.16
La Araucanía,2017,31,9.51
La Araucanía,2017,32,6.24
La Araucanía,2017,33,9.42
La Araucanía,2017,34,7.89
La Araucanía,2017,35,10.25
La Araucanía,2017,36,12.8
La Araucanía,2017,37,15.8
La Araucanía,2017,38,13.38
La Araucanía,2017,39,13.71
La Araucanía,2017,40,11.83
La Araucanía,2017,41,21.49
La Araucanía,2017,42,17.63
La Araucanía,2017,43,14.89
La Araucanía,2017,44,12.55
La Araucanía,2017,45,22.84
La Araucanía,2017,46,17.67
La Araucanía,2017,47,30.08
La Araucanía,2017,48,29.99
La Araucanía,2017,49,31.73
La Araucanía,2017,50,19.18
La Araucanía,2017,51,28.42
La Araucanía,2017,52,25.18
La Araucanía,2018,1,21.94
La Araucanía,2018,2,30.27
La Araucanía,2018,3,26.5
La Araucanía,2018,4,29.31
La Araucanía,2018,5,28.67
La Araucanía,2018,6,23.25
La Araucanía,2018,7,24.73
La Araucanía,2018,8,20.47
La Araucanía,2018,9,22.31
La Araucanía,2018,10,18.54
La Araucanía,2018,11,13.75
La Araucanía,2018,12,15.75
La Araucanía,2018,13,15.98
La Araucanía,2018,14,11.77
La Araucanía,2018,15,11.54
La Araucanía,2018,16,10.05
La Araucanía,2018,17,9.9
La Araucanía,2018,18,9.11
La Araucanía,2018,19,7.01
La Araucanía,2018,20,6.65
La Araucanía,2018,21,6.73
La Araucanía,2018,22,7.39
La Araucanía,2018,23,4.76
La Araucanía,2018,24,5.82
La Araucanía,2018,25,4.66
La Araucanía,2018,26,3.52
La Araucanía,2018,27,4.36
La Araucanía,2018,28,6.26
La Araucanía,2018,29,7.51
La Araucanía,2018,30,9.25
La Araucanía,2018,31,7.57
La Araucanía,2018,32,8.3
La Araucanía,2018,33,10.23
La Araucanía,2018,34,9.53
La Araucanía,2018,35,7.47
La Araucanía,2018,36,14.36
La Araucanía,2018,37,12.61
La Araucanía,2018,38,11.36
La Araucanía,2018,39,11.76
La Araucanía,2018,40,15.17
La Araucanía,2018,41,19.47
La Araucanía,2018,42,15.74
La Araucanía,2018,43,16.29
La Araucanía,2018,44,15.6
La Araucanía,2018,45,22.92
La Araucanía,2018,46,21.22
La Araucanía,2018,47,27.01
La Araucanía,2018,48,29.4
La Araucanía,2018,49,28.29
La Araucanía,2018,50,22.64
La Araucanía,2018,51,30.22
La Araucanía,2018,52,26.66
La Araucanía,2019,1,29.85
La Araucanía,2019,2,21.83
La Araucanía,2019,3,28.34
La Araucanía,2019,4,30.0
La Araucanía,2019,5,29.7
La Araucanía,2019,6,25.29
La Araucanía,2019,7,27.39
La Araucanía,2019,8,18.57
La Araucanía,2019,9,21.16
La Araucanía,2019,10,19.7
La Araucanía,2019,11,19.37
La Araucanía,2019,12,17.13
La Araucanía,2019,13,16.62
La Araucanía,2019,14,14.97
La Araucanía,2019,15,12.02
La Araucanía,2019,16,11.75
La Araucanía,2019,17,8.34
La Araucanía,2019,18,6.69
La Araucanía,2019,19,6.74
La Araucanía,2019,20,8.22
La Araucanía,2019,21,8.23
La Araucanía,2019,22,4.54
La Araucanía,2019,23,5.03
La Araucanía,2019,24,6.97
La Araucanía,2019,25,6.79
La Araucanía,2019,26,4.23
La Araucanía,2019,27,6.0
La Araucanía,2019,28,6.64
La Araucanía,2019,29,4.71
La Araucanía,2019,30,7.66
La Araucanía,2019,31,7.64
La Araucanía,2019,32,8.49
La Araucanía,2019,33,9.25
La Araucanía,2019,34,7.71
La Araucanía,2019,35,9.52
La Araucanía,2019,36,11.7
La Araucanía,2019,37,12.23
La Araucanía,2019,38,13.11
La Araucanía,2019,39,16.46
La Araucanía,2019,40,13.89
La Araucanía,2019,41,20.15
La Araucanía,2019,42,17.47
La Araucanía,2019,43,21.57
La Araucanía,2019,44,20.35
La Araucanía,2019,45,26.26
La Araucanía,2019,46,21.96
La Araucanía,2019,47,24.99
La Araucanía,2019,48,23.12
La Araucanía,2019,49,28.58
La Araucanía,2019,50,27.19
La Araucanía,2019,51,27.37
La Araucanía,2019,52,26.49
La Araucanía,2020,1,29.66
La Araucanía,2020,2,23.16
La Araucanía,2020,3,28.12
La Araucanía,2020,4,29.55
La Araucanía,2020,5,26.41
La Araucanía,2020,6,26.74
La Araucanía,2020,7,23.34
La Araucanía,2020,8,25.99
La Araucanía,2020,9,22.88
La Araucanía,2020,10,23.37
La Araucanía,2020,11,20.2
La Araucanía,2020,12,17.68
La Araucanía,2020,13,13.95
La Araucanía,2020,14,17.2
La Araucanía,2020,15,15.94
La Araucanía,2020,16,10.2
La Araucanía,2020,17,10.54
La Araucanía,2020,18,9.4
La Araucanía,2020,19,8.57
La Araucanía,2020,20,6.06
La Araucanía,2020,21,6.7
La Araucanía,2020,22,8.57
La Araucanía,2020,23,7.46
La Araucanía,2020,24,5.31
La Araucanía,2020,25,3.72
La Araucanía,2020,26,4.47
La Araucanía,2020,27,4.88
La Araucanía,2020,28,3.67
La Araucanía,2020,29,6.81
La Araucanía,2020,30,6.08
La Araucanía,2020,31,7.88
La Araucanía,2020,32,8.02
La Araucanía,2020,33,7.26
La Araucanía,2020,34,11.38
La Araucanía,2020,35,8.23
La Araucanía,2020,36,13.28
La Araucanía,2020,37,9.48
La Araucanía,2020,38,14.02
La Araucanía,2020,39,16.11
La Araucanía,2020,40,16.52
La Araucanía,2020,41,16.14
La Araucanía,2020,42,22.91
La Araucanía,2020,43,20.65
La Araucanía,2020,44,22.54
La Araucanía,2020,45,22.35
La Araucanía,2020,46,21.74
La Araucanía,2020,47,22.23
La Araucanía,2020,48,23.23
La Araucanía,2020,49,30.79
La Araucanía,2020,50,21.42
La Araucanía,2020,51,25.01
La Araucanía,2020,52,28.93
La Araucanía,2020,53,27.3
La Araucanía,2021,1,28.43
La Araucanía,2021,2,28.27
La Araucanía,2021,3,30.68
La Araucanía,2021,4,20.94
La Araucanía,2021,5,25.35
La Araucanía,2021,6,25.34
La Araucanía,2021,7,21.87
La Araucanía,2021,8,24.01
La Araucanía,2021,9,21.46
La Araucanía,2021,10,19.52
La Araucanía,2021,11,15.8
La Araucanía,2021,12,17.91
La Araucanía,2021,13,13.85
La Araucanía,2021,14,10.38
La Araucanía,2021,15,12.63
La Araucanía,2021,16,9.95
La Araucanía,2021,17,8.15
La Araucanía,2021,18,10.76
La Araucanía,2021,19,8.81
La Araucanía,2021,20,6.72
La Araucanía,2021,21,4.49
La Araucanía,2021,22,4.11
La Araucanía,2021,23,4.25
La Araucanía,2021,24,8.57
La Araucanía,2021,25,4.63
La Araucanía,2021,26,6.33
La Araucanía,2021,27,4.26
La Araucanía,2021,28,7.8
La Araucanía,2021,29,5.93
La Araucanía,2021,30,9.28
La Araucanía,2021,31,9.2
La Araucanía,2021,32,10.0
La Araucanía,2021,33,7.67
La Araucanía,2021,34,7.8
La Araucanía,2021,35,10.64
La Araucanía,2021,36,10.66
La Araucanía,2021,37,14.17
La Araucanía,2021,38,17.67
La Araucanía,2021,39,15.27
La Araucanía,2021,40,20.35
La Araucanía,2021,41,15.87
La Araucanía,2021,42,15.84
La Araucanía,2021,43,21.6
La Araucanía,2021,44,21.15
La Araucanía,2021,45,18.42
La Araucanía,2021,46,28.21
La Araucanía,2021,47,24.43
La Araucanía,2021,48,28.31
La Araucanía,2021,49,26.07
La Araucanía,2021,50,28.98
La Araucanía,2021,51,31.84
La Araucanía,2021,52,21.65
La Araucanía,2022,1,26.48
La Araucanía,2022,2,26.78
La Araucanía,2022,3,25.9
La Araucanía,2022,4,25.5
La Araucanía,2022,5,27.08
La Araucanía,2022,6,28.45
La Araucanía,2022,7,24.82
La Araucanía,2022,8,19.03
La Araucanía,2022,9,16.06
La Araucanía,2022,10,18.02
La Araucanía,2022,11,17.97
La Araucanía,2022,12,15.28
La Araucanía,2022,13,13.64
La Araucanía,2022,14,9.73
La Araucanía,2022,15,11.52
La Araucanía,2022,16,6.21
La Araucanía,2022,17,9.18
La Araucanía,2022,18,7.58
La Araucanía,2022,19,8.95
La Araucanía,2022,20,7.93
La Araucanía,2022,21,6.94
La Araucanía,2022,22,5.52
La Araucanía,2022,23,6.33
La Araucanía,2022,24,4.31
La Araucanía,2022,25,4.07
La Araucanía,2022,26,3.76
La Araucanía,2022,27,5.31
La Araucanía,2022,28,4.96
La Araucanía,2022,29,4.24
La Araucanía,2022,30,8.42
La Araucanía,2022,31,5.91
La Araucanía,2022,32,7.67
La Araucanía,2022,33,8.94
La Araucanía,2022,34,10.89
La Araucanía,2022,35,14.16
La Araucanía,2022,36,12.08
La Araucanía,2022,37,11.26
La Araucanía,2022,38,13.72
La Araucanía,2022,39,17.45
La Araucanía,2022,40,12.82
La Araucanía,2022,41,19.67
La Araucanía,2022,42,18.6
La Araucanía,2022,43,15.11
La Araucanía,2022,44,24.39
La Araucanía,2022,45,18.72
La Araucanía,2022,46,22.59
La Araucanía,2022,47,29.02
La Araucanía,2022,48,29.26
La Araucanía,2022,49,25.07
La Araucanía,2022,50,27.56
La Araucanía,2022,51,28.45
La Araucanía,2022,52,29.37
La Araucanía,2023,1,30.14
La Araucanía,2023,2,30.09
La Araucanía,2023,3,28.27
La Araucanía,2023,4,28.27
La Araucanía,2023,5,28.03
La Araucanía,2023,6,26.21
La Araucanía,2023,7,21.7
La Araucanía,2023,8,24.61
La Araucanía,2023,9,22.46
La Araucanía,2023,10,11.91
La Araucanía,2023,11,13.86
La Araucanía,2023,12,19.22
La Araucanía,2023,13,12.72
La Araucanía,2023,14,14.46
La Araucanía,2023,15,12.46
La Araucanía,2023,16,8.37
La Araucanía,2023,17,7.35
La Araucanía,2023,18,9.8
La Araucanía,2023,19,7.63
La Araucanía,2023,20,7.62
La Araucanía,2023,21,7.18
La Araucanía,2023,22,6.36
La Araucanía,2023,23,5.68
La Araucanía,2023,24,6.78
La Araucanía,2023,25,3.77
La Araucanía,2023,26,6.37
La Araucanía,2023,27,6.13
La Araucanía,2023,28,7.33
La Araucanía,2023,29,4.84
La Araucanía,2023,30,5.66
La Araucanía,2023,31,9.9
La Araucanía,2023,32,9.21
La Araucanía,2023,33,6.01
La Araucanía,2023,34,10.83
La Araucanía,2023,35,9.71
La Araucanía,2023,36,9.49
La Araucanía,2023,37,9.92
La Araucanía,2023,38,15.4
La Araucanía,2023,39,16.56
La Araucanía,2023,40,16.49
La Araucanía,2023,41,19.07
La Araucanía,2023,42,23.66
La Araucanía,2023,43,16.44
La Araucanía,2023,44,21.34
La Araucanía,2023,45,17.86
La Araucanía,2023,46,15.8
La Araucanía,2023,47,25.11
La Araucanía,2023,48,23.6
La Araucanía,2023,49,27.71
La Araucanía,2023,50,24.69
La Araucanía,2023,51,28.73
La Araucanía,2023,52,30.51
La Araucanía,2024,1,27.29
La Araucanía,2024,2,30.19
La Araucanía,2024,3,29.74
La Araucanía,2024,4,29.88
La Araucanía,2024,5,28.31
La Araucanía,2024,6,22.1
La Araucanía,2024,7,27.5
La Araucanía,2024,8,22.23
La Araucanía,2024,9,23.8
La Araucanía,2024,10,19.32
La Araucanía,2024,11,17.64
La Araucanía,2024,12,15.99
La Araucanía,2024,13,15.14
La Araucanía,2024,14,12.17
La Araucanía,2024,15,13.22
La Araucanía,2024,16,9.93
La Araucanía,2024,17,9.68
La Araucanía,2024,18,7.17
La Araucanía,2024,19,7.57
La Araucanía,2024,20,9.47
La Araucanía,2024,21,7.37
La Araucanía,2024,22,5.22
La Araucanía,2024,23,4.73
La Araucanía,2024,24,4.05
La Araucanía,2024,25,5.48
La Araucanía,2024,26,6.24
La Araucanía,2024,27,7.59
La Araucanía,2024,28,7.82
La Araucanía,2024,29,7.79
La Araucanía,2024,30,8.48
La Araucanía,2024,31,5.47
La Araucanía,2024,32,10.09
La Araucanía,2024,33,10.63
La Araucanía,2024,34,11.94
La Araucanía,2024,35,12.54
La Araucanía,2024,36,9.81
La Araucanía,2024,37,13.74
La Araucanía,2024,38,12.09
La Araucanía,2024,39,12.79
La Araucanía,2024,40,18.74
La Araucanía,2024,41,20.39
La Araucanía,2024,42,18.14
La Araucanía,2024,43,19.67
La Araucanía,2024,44,18.82
La Araucanía,2024,45,19.15
La Araucanía,2024,46,24.47
La Araucanía,2024,47,25.46
La Araucanía,2024,48,24.37
La Araucanía,2024,49,27.19
La Araucanía,2024,50,31.07
La Araucanía,2024,51,25.29
La Araucanía,2024,52,30.6
La Araucanía,2025,1,31.41
La Araucanía,2025,2,30.87
La Araucanía,2025,3,27.11
La Araucanía,2025,4,27.22
La Araucanía,2025,5,27.29
La Araucanía,2025,6,27.42
La Araucanía,2025,7,27.24
La Araucanía,2025,8,24.85
La Araucanía,2025,9,21.0
La Araucanía,2025,10,16.75
La Araucanía,2025,11,17.83
La Araucanía,2025,12,17.98
La Araucanía,2025,13,14.63
La Araucanía,2025,14,14.74
La Araucanía,2025,15,12.8
La Araucanía,2025,16,11.51
La Araucanía,2025,17,7.04
La Araucanía,2025,18,9.2
La Araucanía,2025,19,7.65
La Araucanía,2025,20,7.45
La Araucanía,2025,21,7.08
La Araucanía,2025,22,8.33
La Araucanía,2025,23,6.48
La Araucanía,2025,24,5.55
La Araucanía,2025,25,5.03
La Araucanía,2025,26,6.67
La Araucanía,2025,27,6.79
La Araucanía,2025,28,7.24
La Araucanía,2025,29,7.19
La Araucanía,2025,30,5.95
La Araucanía,2025,31,5.22
La Araucanía,2025,32,8.48
La Araucanía,2025,33,10.18
La Araucanía,2025,34,8.13
La Araucanía,2025,35,9.82
La Araucanía,2025,36,13.12
La Araucanía,2025,37,13.77
La Araucanía,2025,38,11.77
La Araucanía,2025,39,16.65
La Araucanía,2025,40,16.71
La Araucanía,2025,41,15.51
La Araucanía,2025,42,20.79
La Araucanía,2025,43,19.06
La Araucanía,2025,44,25.47
La Araucanía,2025,45,22.86
La Araucanía,2025,46,23.34
La Araucanía,2025,47,27.44
La Araucanía,2025,48,24.04
La Araucanía,2025,49,26.69
La Araucanía,2025,50,24.15
La Araucanía,2025,51,22.85
La Araucanía,2025,52,28.79
La Araucanía,2026,1,32.26
La Araucanía,2026,2,27.08
La Araucanía,2026,3,30.15
La Araucanía,2026,4,28.97
La Araucanía,2026,5,24.69
La Araucanía,2026,6,21.2
La Araucanía,2026,7,20.62
La Araucanía,2026,8,25.56
La Araucanía,2026,9,18.98
La Araucanía,2026,10,20.61
La Araucanía,2026,11,17.1
La Araucanía,2026,12,12.3
La Araucanía,2026,13,16.67
La Araucanía,2026,14,15.37
La Araucanía,2026,15,13.04
La Araucanía,2026,16,9.14
La Araucanía,2026,17,11.27
La Araucanía,2026,18,7.34
La Araucanía,2026,19,6.24
La Araucanía,2026,20,9.0
La Araucanía,2026,21,9.13
La Araucanía,2026,22,7.78
La Araucanía,2026,23,5.97
La Araucanía,2026,24,5.59
La Araucanía,2026,25,7.78
Los Lagos,2014,1,26.49
Los Lagos,2014,2,28.09
Los Lagos,2014,3,30.24
Los Lagos,2014,4,21.49
Los Lagos,2014,5,20.34
Los Lagos,2014,6,16.11
Los Lagos,2014,7,25.44
Los Lagos,2014,8,19.7
Los Lagos,2014,9,22.41
Los Lagos,2014,10,17.59
Los Lagos,2014,11,11.28
Los Lagos,2014,12,15.71
Los Lagos,2014,13,12.6
Los Lagos,2014,14,15.14
Los Lagos,2014,15,8.04
Los Lagos,2014,16,9.26
Los Lagos,2014,17,9.48
Los Lagos,2014,18,7.48
Los Lagos,2014,19,6.68
Los Lagos,2014,20,4.58
Los Lagos,2014,21,7.3
Los Lagos,2014,22,3.09
Los Lagos,2014,23,4.55
Los Lagos,2014,24,4.35
Los Lagos,2014,25,5.61
Los Lagos,2014,26,4.64
Los Lagos,2014,27,4.16
Los Lagos,2014,28,6.33
Los Lagos,2014,29,3.37
Los Lagos,2014,30,4.93
Los Lagos,2014,31,4.75
Los Lagos,2014,32,6.37
Los Lagos,2014,33,6.76
Los Lagos,2014,34,8.09
Los Lagos,2014,35,11.87
Los Lagos,2014,36,10.6
Los Lagos,2014,37,13.67
Los Lagos,2014,38,10.91
Los Lagos,2014,39,12.18
Los Lagos,2014,40,16.38
Los Lagos,2014,41,19.77
Los Lagos,2014,42,14.84
Los Lagos,2014,43,19.06
Los Lagos,2014,44,18.2
Los Lagos,2014,45,18.53
Los Lagos,2014,46,21.39
Los Lagos,2014,47,21.11
Los Lagos,2014,48,22.1
Los Lagos,2014,49,25.18
Los Lagos,2014,50,29.57
Los Lagos,2014,51,23.43
Los Lagos,2014,52,23.31
Los Lagos,2015,1,25.9
Los Lagos,2015,2,26.98
Los Lagos,2015,3,20.39
Los Lagos,2015,4,25.55
Los Lagos,2015,5,26.53
Los Lagos,2015,6,21.27
Los Lagos,2015,7,20.86
Los Lagos,2015,8,22.59
Los Lagos,2015,9,22.77
Los Lagos,2015,10,15.21
Los Lagos,2015,11,17.53
Los Lagos,2015,12,14.88
Los Lagos,2015,13,17.15
Los Lagos,2015,14,10.12
Los Lagos,2015,15,10.44
Los Lagos,2015,16,7.81
Los Lagos,2015,17,10.95
Los Lagos,2015,18,7.72
Los Lagos,2015,19,6.83
Los Lagos,2015,20,5.01
Los Lagos,2015,21,5.71
Los Lagos,2015,22,4.83
Los Lagos,2015,23,4.66
Los Lagos,2015,24,4.35
Los Lagos,2015,25,4.29
Los Lagos,2015,26,4.44
Los Lagos,2015,27,5.27
Los Lagos,2015,28,5.01
Los Lagos,2015,29,4.52
Los Lagos,2015,30,3.21
Los Lagos,2015,31,6.34
Los Lagos,2015,32,5.63
Los Lagos,2015,33,8.3
Los Lagos,2015,34,7.18
Los Lagos,2015,35,6.3
Los Lagos,2015,36,13.34
Los Lagos,2015,37,12.61
Los Lagos,2015,38,15.45
Los Lagos,2015,39,10.53
Los Lagos,2015,40,13.31
Los Lagos,2015,41,22.18
Los Lagos,2015,42,20.5
Los Lagos,2015,43,20.1
Los Lagos,2015,44,22.99
Los Lagos,2015,45,23.79
Los Lagos,2015,46,17.62
Los Lagos,2015,47,19.0
Los Lagos,2015,48,21.14
Los Lagos,2015,49,24.57
Los Lagos,2015,50,18.34
Los Lagos,2015,51,28.76
Los Lagos,2015,52,20.51
Los Lagos,2015,53,28.88
Los Lagos,2016,1,31.01
Los Lagos,2016,2,25.7
Los Lagos,2016,3,27.5
Los Lagos,2016,4,23.74
Los Lagos,2016,5,26.48
Los Lagos,2016,6,19.65
Los Lagos,2016,7,19.65
Los Lagos,2016,8,16.36
Los Lagos,2016,9,19.68
Los Lagos,2016,10,19.34
Los Lagos,2016,11,17.86
Los Lagos,2016,12,15.87
Los Lagos,2016,13,14.13
Los Lagos,2016,14,13.75
Los Lagos,2016,15,10.45
Los Lagos,2016,16,8.29
Los Lagos,2016,17,10.56
Los Lagos,2016,18,6.8
Los Lagos,2016,19,8.02
Los Lagos,2016,20,8.56
Los Lagos,2016,21,5.94
Los Lagos,2016,22,5.42
Los Lagos,2016,23,6.34
Los Lagos,2016,24,6.08
Los Lagos,2016,25,6.18
Los Lagos,2016,26,7.2
Los Lagos,2016,27,3.73
Los Lagos,2016,28,4.85
Los Lagos,2016,29,5.94
Los Lagos,2016,30,6.53
Los Lagos,2016,31,6.83
Los Lagos,2016,32,7.07
Los Lagos,2016,33,7.36
Los Lagos,2016,34,8.45
Los Lagos,2016,35,13.92
Los Lagos,2016,36,12.46
Los Lagos,2016,37,9.8
Los Lagos,2016,38,15.66
Los Lagos,2016,39,15.26
Los Lagos,2016,40,15.9
Los Lagos,2016,41,13.21
Los Lagos,2016,42,20.67
Los Lagos,2016,43,22.4
Los Lagos,2016,44,14.42
Los Lagos,2016,45,20.17
Los Lagos,2016,46,24.82
Los Lagos,2016,47,25.93
Los Lagos,2016,48,28.15
Los Lagos,2016,49,20.75
Los Lagos,2016,50,26.64
Los Lagos,2016,51,20.11
Los Lagos,2016,52,23.96
Los Lagos,2017,1,19.22
Los Lagos,2017,2,25.12
Los Lagos,2017,3,21.96
Los Lagos,2017,4,23.29
Los Lagos,2017,5,25.16
Los Lagos,2017,6,23.17
Los Lagos,2017,7,14.29
Los Lagos,2017,8,13.19
Los Lagos,2017,9,16.15
Los Lagos,2017,10,14.41
Los Lagos,2017,11,16.23
Los Lagos,2017,12,14.07
Los Lagos,2017,13,13.44
Los Lagos,2017,14,9.44
Los Lagos,2017,15,12.76
Los Lagos,2017,16,9.8
Los Lagos,2017,17,6.3
Los Lagos,2017,18,5.53
Los Lagos,2017,19,6.43
Los Lagos,2017,20,6.38
Los Lagos,2017,21,7.12
Los Lagos,2017,22,4.57
Los Lagos,2017,23,2.96
Los Lagos,2017,24,2.58
Los Lagos,2017,25,3.16
Los Lagos,2017,26,4.14
Los Lagos,2017,27,5.26
Los Lagos,2017,28,5.42
Los Lagos,2017,29,4.24
Los Lagos,2017,30,7.25
Los Lagos,2017,31,8.17
Los Lagos,2017,32,4.93
Los Lagos,2017,33,5.66
Los Lagos,2017,34,6.82
Los Lagos,2017,35,9.0
Los Lagos,2017,36,10.68
Los Lagos,2017,37,10.87
Los Lagos,2017,38,11.62
Los Lagos,2017,39,13.04
Los Lagos,2017,40,7.39
Los Lagos,2017,41,18.01
Los Lagos,2017,42,15.35
Los Lagos,2017,43,9.15
Los Lagos,2017,44,15.19
Los Lagos,2017,45,19.82
Los Lagos,2017,46,14.32
Los Lagos,2017,47,23.68
Los Lagos,2017,48,27.01
Los Lagos,2017,49,23.72
Los Lagos,2017,50,16.63
Los Lagos,2017,51,22.02
Los Lagos,2017,52,16.67
Los Lagos,2018,1,14.92
Los Lagos,2018,2,26.52
Los Lagos,2018,3,23.92
Los Lagos,2018,4,25.44
Los Lagos,2018,5,25.97
Los Lagos,2018,6,18.47
Los Lagos,2018,7,20.45
Los Lagos,2018,8,19.7
Los Lagos,2018,9,18.92
Los Lagos,2018,10,15.55
Los Lagos,2018,11,11.23
Los Lagos,2018,12,13.43
Los Lagos,2018,13,11.75
Los Lagos,2018,14,10.55
Los Lagos,2018,15,10.84
Los Lagos,2018,16,6.57
Los Lagos,2018,17,9.94
Los Lagos,2018,18,7.39
Los Lagos,2018,19,5.54
Los Lagos,2018,20,5.57
Los Lagos,2018,21,5.16
Los Lagos,2018,22,7.44
Los Lagos,2018,23,3.77
Los Lagos,2018,24,4.07
Los Lagos,2018,25,3.03
Los Lagos,2018,26,3.52
Los Lagos,2018,27,5.1
Los Lagos,2018,28,3.91
Los Lagos,2018,29,6.79
Los Lagos,2018,30,6.4
Los Lagos,2018,31,6.64
Los Lagos,2018,32,7.39
Los Lagos,2018,33,9.05
Los Lagos,2018,34,7.15
Los Lagos,2018,35,9.81
Los Lagos,2018,36,11.18
Los Lagos,2018,37,10.61
Los Lagos,2018,38,10.48
Los Lagos,2018,39,10.4
Los Lagos,2018,40,11.82
Los Lagos,2018,41,14.03
Los Lagos,2018,42,15.52
Los Lagos,2018,43,15.49
Los Lagos,2018,44,13.13
Los Lagos,2018,45,20.65
Los Lagos,2018,46,17.92
Los Lagos,2018,47,20.33
Los Lagos,2018,48,25.83
Los Lagos,2018,49,25.85
Los Lagos,2018,50,16.92
Los Lagos,2018,51,25.53
Los Lagos,2018,52,20.39
Los Lagos,2019,1,19.1
Los Lagos,2019,2,21.07
Los Lagos,2019,3,23.09
Los Lagos,2019,4,24.33
Los Lagos,2019,5,23.98
Los Lagos,2019,6,23.5
Los Lagos,2019,7,23.55
Los Lagos,2019,8,13.98
Los Lagos,2019,9,14.84
Los Lagos,2019,10,16.64
Los Lagos,2019,11,16.35
Los Lagos,2019,12,14.27
Los Lagos,2019,13,15.01
Los Lagos,2019,14,9.02
Los Lagos,2019,15,7.04
Los Lagos,2019,16,10.61
Los Lagos,2019,17,8.21
Los Lagos,2019,18,6.3
Los Lagos,2019,19,6.16
Los Lagos,2019,20,6.35
Los Lagos,2019,21,5.72
Los Lagos,2019,22,5.15
Los Lagos,2019,23,2.54
Los Lagos,2019,24,6.02
Los Lagos,2019,25,4.98
Los Lagos,2019,26,5.15
Los Lagos,2019,27,4.84
Los Lagos,2019,28,4.79
Los Lagos,2019,29,4.16
Los Lagos,2019,30,6.97
Los Lagos,2019,31,4.98
Los Lagos,2019,32,5.23
Los Lagos,2019,33,9.34
Los Lagos,2019,34,6.14
Los Lagos,2019,35,7.48
Los Lagos,2019,36,11.84
Los Lagos,2019,37,8.91
Los Lagos,2019,38,10.62
Los Lagos,2019,39,13.88
Los Lagos,2019,40,16.14
Los Lagos,2019,41,14.69
Los Lagos,2019,42,17.11
Los Lagos,2019,43,16.58
Los Lagos,2019,44,13.68
Los Lagos,2019,45,20.83
Los Lagos,2019,46,18.66
Los Lagos,2019,47,23.46
Los Lagos,2019,48,15.17
Los Lagos,2019,49,23.77
Los Lagos,2019,50,20.84
Los Lagos,2019,51,23.76
Los Lagos,2019,52,20.75
Los Lagos,2020,1,25.98
Los Lagos,2020,2,18.97
Los Lagos,2020,3,24.68
Los Lagos,2020,4,21.98
Los Lagos,2020,5,21.9
Los Lagos,2020,6,23.63
Los Lagos,2020,7,17.47
Los Lagos,2020,8,22.19
Los Lagos,2020,9,16.41
Los Lagos,2020,10,16.61
Los Lagos,2020,11,16.74
Los Lagos,2020,12,14.41
Los Lagos,2020,13,12.35
Los Lagos,2020,14,13.61
Los Lagos,2020,15,13.16
Los Lagos,2020,16,6.5
Los Lagos,2020,17,9.75
Los Lagos,2020,18,7.82
Los Lagos,2020,19,7.36
Los Lagos,2020,20,4.35
Los Lagos,2020,21,5.98
Los Lagos,2020,22,6.59
Los Lagos,2020,23,4.21
Los Lagos,2020,24,3.46
Los Lagos,2020,25,3.95
Los Lagos,2020,26,4.51
Los Lagos,2020,27,3.93
Los Lagos,2020,28,4.51
Los Lagos,2020,29,3.42
Los Lagos,2020,30,5.42
Los Lagos,2020,31,6.18
Los Lagos,2020,32,4.99
Los Lagos,2020,33,4.98
Los Lagos,2020,34,9.05
Los Lagos,2020,35,7.46
Los Lagos,2020,36,13.14
Los Lagos,2020,37,10.94
Los Lagos,2020,38,12.68
Los Lagos,2020,39,14.28
Los Lagos,2020,40,13.56
Los Lagos,2020,41,13.24
Los Lagos,2020,42,16.82
Los Lagos,2020,43,19.67
Los Lagos,2020,44,17.96
Los Lagos,2020,45,20.21
Los Lagos,2020,46,18.02
Los Lagos,2020,47,20.38
Los Lagos,2020,48,15.14
Los Lagos,2020,49,25.46
Los Lagos,2020,50,18.34
Los Lagos,2020,51,23.33
Los Lagos,2020,52,20.18
Los Lagos,2020,53,24.96
Los Lagos,2021,1,24.35
Los Lagos,2021,2,25.55
Los Lagos,2021,3,25.92
Los Lagos,2021,4,22.11
Los Lagos,2021,5,25.4
Los Lagos,2021,6,24.64
Los Lagos,2021,7,19.03
Los Lagos,2021,8,18.97
Los Lagos,2021,9,17.3
Los Lagos,2021,10,15.7
Los Lagos,2021,11,16.35
Los Lagos,2021,12,16.29
Los Lagos,2021,13,11.63
Los Lagos,2021,14,9.55
Los Lagos,2021,15,9.26
Los Lagos,2021,16,7.16
Los Lagos,2021,17,6.7
Los Lagos,2021,18,9.47
Los Lagos,2021,19,7.21
Los Lagos,2021,20,5.77
Los Lagos,2021,21,2.9
Los Lagos,2021,22,3.69
Los Lagos,2021,23,3.69
Los Lagos,2021,24,7.5
Los Lagos,2021,25,4.37
Los Lagos,2021,26,4.46
Los Lagos,2021,27,2.94
Los Lagos,2021,28,5.42
Los Lagos,2021,29,4.97
Los Lagos,2021,30,8.04
Los Lagos,2021,31,7.26
Los Lagos,2021,32,9.51
Los Lagos,2021,33,6.56
Los Lagos,2021,34,6.13
Los Lagos,2021,35,9.59
Los Lagos,2021,36,9.94
Los Lagos,2021,37,10.66
Los Lagos,2021,38,15.83
Los Lagos,2021,39,12.12
Los Lagos,2021,40,18.11
Los Lagos,2021,41,13.71
Los Lagos,2021,42,16.88
Los Lagos,2021,43,19.34
Los Lagos,2021,44,18.27
Los Lagos,2021,45,14.81
Los Lagos,2021,46,21.34
Los Lagos,2021,47,21.79
Los Lagos,2021,48,26.95
Los Lagos,2021,49,21.79
Los Lagos,2021,50,24.55
Los Lagos,2021,51,26.77
Los Lagos,2021,52,17.96
Los Lagos,2022,1,22.38
Los Lagos,2022,2,21.78
Los Lagos,2022,3,22.01
Los Lagos,2022,4,26.23
Los Lagos,2022,5,21.57
Los Lagos,2022,6,23.31
Los Lagos,2022,7,20.97
Los Lagos,2022,8,17.65
Los Lagos,2022,9,10.21
Los Lagos,2022,10,14.29
Los Lagos,2022,11,16.29
Los Lagos,2022,12,11.95
Los Lagos,2022,13,11.83
Los Lagos,2022,14,6.77
Los Lagos,2022,15,11.01
Los Lagos,2022,16,5.14
Los Lagos,2022,17,7.83
Los Lagos,2022,18,4.95
Los Lagos,2022,19,7.4
Los Lagos,2022,20,6.65
Los Lagos,2022,21,6.15
Los Lagos,2022,22,5.78
Los Lagos,2022,23,5.41
Los Lagos,2022,24,3.0
Los Lagos,2022,25,7.8
Los Lagos,2022,26,2.82
Los Lagos,2022,27,2.93
Los Lagos,2022,28,5.82
Los Lagos,2022,29,3.65
Los Lagos,2022,30,6.1
Los Lagos,2022,31,5.88
Los Lagos,2022,32,6.42
Los Lagos,2022,33,6.23
Los Lagos,2022,34,8.05
Los Lagos,2022,35,11.8
Los Lagos,2022,36,8.9
Los Lagos,2022,37,9.09
Los Lagos,2022,38,13.04
Los Lagos,2022,39,15.8
Los Lagos,2022,40,12.89
Los Lagos,2022,41,15.71
Los Lagos,2022,42,21.31
Los Lagos,2022,43,14.99
Los Lagos,2022,44,22.78
Los Lagos,2022,45,16.01
Los Lagos,2022,46,15.52
Los Lagos,2022,47,25.13
Los Lagos,2022,48,22.41
Los Lagos,2022,49,20.03
Los Lagos,2022,50,24.13
Los Lagos,2022,51,27.4
Los Lagos,2022,52,26.27
Los Lagos,2023,1,21.73
Los Lagos,2023,2,20.63
Los Lagos,2023,3,22.7
Los Lagos,2023,4,23.47
Los Lagos,2023,5,23.23
Los Lagos,2023,6,21.45
Los Lagos,2023,7,16.74
Los Lagos,2023,8,20.81
Los Lagos,2023,9,16.91
Los Lagos,2023,10,8.41
Los Lagos,2023,11,12.2
Los Lagos,2023,12,15.11
Los Lagos,2023,13,11.57
Los Lagos,2023,14,10.07
Los Lagos,2023,15,10.83
Los Lagos,2023,16,7.11
Los Lagos,2023,17,5.38
Los Lagos,2023,18,7.57
Los Lagos,2023,19,5.29
Los Lagos,2023,20,5.69
Los Lagos,2023,21,5.66
Los Lagos,2023,22,4.45
Los Lagos,2023,23,3.08
Los Lagos,2023,24,5.96
Los Lagos,2023,25,3.79
Los Lagos,2023,26,4.99
Los Lagos,2023,27,4.64
Los Lagos,2023,28,6.33
Los Lagos,2023,29,4.78
Los Lagos,2023,30,4.22
Los Lagos,2023,31,8.09
Los Lagos,2023,32,4.25
Los Lagos,2023,33,4.99
Los Lagos,2023,34,10.7
Los Lagos,2023,35,9.46
Los Lagos,2023,36,10.19
Los Lagos,2023,37,10.13
Los Lagos,2023,38,12.3
Los Lagos,2023,39,14.9
Los Lagos,2023,40,12.9
Los Lagos,2023,41,18.03
Los Lagos,2023,42,21.02
Los Lagos,2023,43,18.49
Los Lagos,2023,44,17.79
Los Lagos,2023,45,18.13
Los Lagos,2023,46,11.41
Los Lagos,2023,47,21.93
Los Lagos,2023,48,20.43
Los Lagos,2023,49,24.16
Los Lagos,2023,50,17.49
Los Lagos,2023,51,26.27
Los Lagos,2023,52,27.39
Los Lagos,2024,1,22.33
Los Lagos,2024,2,22.64
Los Lagos,2024,3,25.53
Los Lagos,2024,4,28.27
Los Lagos,2024,5,27.17
Los Lagos,2024,6,17.83
Los Lagos,2024,7,25.73
Los Lagos,2024,8,19.81
Los Lagos,2024,9,18.6
Los Lagos,2024,10,17.46
Los Lagos,2024,11,12.3
Los Lagos,2024,12,11.88
Los Lagos,2024,13,14.86
Los Lagos,2024,14,8.86
Los Lagos,2024,15,14.3
Los Lagos,2024,16,8.34
Los Lagos,2024,17,7.1
Los Lagos,2024,18,6.06
Los Lagos,2024,19,6.53
Los Lagos,2024,20,8.53
Los Lagos,2024,21,7.15
Los Lagos,2024,22,5.16
Los Lagos,2024,23,3.89
Los Lagos,2024,24,3.84
Los Lagos,2024,25,3.84
Los Lagos,2024,26,4.41
Los Lagos,2024,27,4.91
Los Lagos,2024,28,7.14
Los Lagos,2024,29,6.41
Los Lagos,2024,30,6.43
Los Lagos,2024,31,4.92
Los Lagos,2024,32,7.48
Los Lagos,2024,33,9.47
Los Lagos,2024,34,10.39
Los Lagos,2024,35,11.15
Los Lagos,2024,36,8.02
Los Lagos,2024,37,9.99
Los Lagos,2024,38,11.67
Los Lagos,2024,39,11.28
Los Lagos,2024,40,15.03
Los Lagos,2024,41,16.36
Los Lagos,2024,42,16.81
Los Lagos,2024,43,18.22
Los Lagos,2024,44,21.11
Los Lagos,2024,45,15.58
Los Lagos,2024,46,19.73
Los Lagos,2024,47,22.42
Los Lagos,2024,48,20.92
Los Lagos,2024,49,22.02
Los Lagos,2024,50,27.22
Los Lagos,2024,51,22.22
Los Lagos,2024,52,28.14
Los Lagos,2025,1,25.01
Los Lagos,2025,2,25.69
Los Lagos,2025,3,22.21
Los Lagos,2025,4,23.74
Los Lagos,2025,5,27.12
Los Lagos,2025,6,22.21
Los Lagos,2025,7,19.31
Los Lagos,2025,8,15.17
Los Lagos,2025,9,13.26
Los Lagos,2025,10,15.52
Los Lagos,2025,11,19.29
Los Lagos,2025,12,15.64
Los Lagos,2025,13,12.05
Los Lagos,2025,14,14.37
Los Lagos,2025,15,7.69
Los Lagos,2025,16,9.54
Los Lagos,2025,17,5.84
Los Lagos,2025,18,7.22
Los Lagos,2025,19,5.47
Los Lagos,2025,20,4.29
Los Lagos,2025,21,5.64
Los Lagos,2025,22,4.84
Los Lagos,2025,23,5.34
Los Lagos,2025,24,3.67
Los Lagos,2025,25,3.6
Los Lagos,2025,26,4.32
Los Lagos,2025,27,4.66
Los Lagos,2025,28,6.5
Los Lagos,2025,29,4.9
Los Lagos,2025,30,5.12
Los Lagos,2025,31,4.79
Los Lagos,2025,32,6.35
Los Lagos,2025,33,9.21
Los Lagos,2025,34,5.49
Los Lagos,2025,35,11.34
Los Lagos,2025,36,12.55
Los Lagos,2025,37,11.77
Los Lagos,2025,38,8.49
Los Lagos,2025,39,14.8
Los Lagos,2025,40,12.12
Los Lagos,2025,41,10.6
Los Lagos,2025,42,18.33
Los Lagos,2025,43,15.96
Los Lagos,2025,44,21.58
Los Lagos,2025,45,23.68
Los Lagos,2025,46,21.58
Los Lagos,2025,47,22.25
Los Lagos,2025,48,23.61
Los Lagos,2025,49,19.35
Los Lagos,2025,50,19.19
Los Lagos,2025,51,18.28
Los Lagos,2025,52,20.93
Los Lagos,2026,1,26.8
Los Lagos,2026,2,23.82
Los Lagos,2026,3,23.72
Los Lagos,2026,4,23.34
Los Lagos,2026,5,17.67
Los Lagos,2026,6,20.3
Los Lagos,2026,7,19.01
Los Lagos,2026,8,22.6
Los Lagos,2026,9,16.21
Los Lagos,2026,10,17.78
Los Lagos,2026,11,13.36
Los Lagos,2026,12,7.94
Los Lagos,2026,13,11.24
Los Lagos,2026,14,13.81
Los Lagos,2026,15,12.14
Los Lagos,2026,16,9.67
Los Lagos,2026,17,8.45
Los Lagos,2026,18,6.07
Los Lagos,2026,19,6.28
Los Lagos,2026,20,6.51
Los Lagos,2026,21,8.2
Los Lagos,2026,22,6.28
Los Lagos,2026,23,5.61
Los Lagos,2026,24,4.72
Los Lagos,2026,25,6.81
Los Ríos,2014,1,28.08
Los Ríos,2014,2,30.6
Los Ríos,2014,3,31.17
Los Ríos,2014,4,23.84
Los Ríos,2014,5,23.44
Los Ríos,2014,6,21.78
Los Ríos,2014,7,26.49
Los Ríos,2014,8,24.65
Los Ríos,2014,9,23.93
Los Ríos,2014,10,18.02
Los Ríos,2014,11,12.38
Los Ríos,2014,12,18.21
Los Ríos,2014,13,13.31
Los Ríos,2014,14,14.37
Los Ríos,2014,15,11.3
Los Ríos,2014,16,11.84
Los Ríos,2014,17,10.7
Los Ríos,2014,18,8.0
Los Ríos,2014,19,7.09
Los Ríos,2014,20,4.55
Los Ríos,2014,21,7.49
Los Ríos,2014,22,3.81
Los Ríos,2014,23,4.8
Los Ríos,2014,24,4.02
Los Ríos,2014,25,6.04
Los Ríos,2014,26,6.51
Los Ríos,2014,27,5.11
Los Ríos,2014,28,6.5
Los Ríos,2014,29,5.08
Los Ríos,2014,30,5.44
Los Ríos,2014,31,5.11
Los Ríos,2014,32,8.15
Los Ríos,2014,33,8.88
Los Ríos,2014,34,8.11
Los Ríos,2014,35,11.53
Los Ríos,2014,36,10.63
Los Ríos,2014,37,13.71
Los Ríos,2014,38,11.63
Los Ríos,2014,39,12.28
Los Ríos,2014,40,17.46
Los Ríos,2014,41,20.96
Los Ríos,2014,42,18.04
Los Ríos,2014,43,21.55
Los Ríos,2014,44,22.08
Los Ríos,2014,45,24.48
Los Ríos,2014,46,27.07
Los Ríos,2014,47,24.78
Los Ríos,2014,48,23.4
Los Ríos,2014,49,26.75
Los Ríos,2014,50,32.48
Los Ríos,2014,51,27.54
Los Ríos,2014,52,31.2
Los Ríos,2015,1,28.38
Los Ríos,2015,2,32.1
Los Ríos,2015,3,28.32
Los Ríos,2015,4,29.3
Los Ríos,2015,5,28.61
Los Ríos,2015,6,25.01
Los Ríos,2015,7,26.86
Los Ríos,2015,8,26.01
Los Ríos,2015,9,23.96
Los Ríos,2015,10,19.19
Los Ríos,2015,11,22.19
Los Ríos,2015,12,19.43
Los Ríos,2015,13,18.3
Los Ríos,2015,14,10.36
Los Ríos,2015,15,12.14
Los Ríos,2015,16,9.72
Los Ríos,2015,17,11.91
Los Ríos,2015,18,9.28
Los Ríos,2015,19,7.58
Los Ríos,2015,20,5.42
Los Ríos,2015,21,6.08
Los Ríos,2015,22,5.77
Los Ríos,2015,23,3.84
Los Ríos,2015,24,5.87
Los Ríos,2015,25,5.25
Los Ríos,2015,26,5.5
Los Ríos,2015,27,5.95
Los Ríos,2015,28,5.57
Los Ríos,2015,29,5.1
Los Ríos,2015,30,4.11
Los Ríos,2015,31,6.85
Los Ríos,2015,32,5.92
Los Ríos,2015,33,10.88
Los Ríos,2015,34,7.9
Los Ríos,2015,35,6.82
Los Ríos,2015,36,14.55
Los Ríos,2015,37,13.72
Los Ríos,2015,38,16.41
Los Ríos,2015,39,11.57
Los Ríos,2015,40,12.66
Los Ríos,2015,41,23.11
Los Ríos,2015,42,19.93
Los Ríos,2015,43,21.48
Los Ríos,2015,44,23.21
Los Ríos,2015,45,25.88
Los Ríos,2015,46,23.46
Los Ríos,2015,47,21.7
Los Ríos,2015,48,24.16
Los Ríos,2015,49,27.52
Los Ríos,2015,50,22.39
Los Ríos,2015,51,30.38
Los Ríos,2015,52,25.78
Los Ríos,2015,53,29.88
Los Ríos,2016,1,29.55
Los Ríos,2016,2,29.13
Los Ríos,2016,3,29.82
Los Ríos,2016,4,25.85
Los Ríos,2016,5,28.67
Los Ríos,2016,6,22.6
Los Ríos,2016,7,23.74
Los Ríos,2016,8,20.32
Los Ríos,2016,9,22.85
Los Ríos,2016,10,21.15
Los Ríos,2016,11,20.49
Los Ríos,2016,12,16.67
Los Ríos,2016,13,15.26
Los Ríos,2016,14,14.73
Los Ríos,2016,15,11.74
Los Ríos,2016,16,9.57
Los Ríos,2016,17,11.36
Los Ríos,2016,18,8.19
Los Ríos,2016,19,7.53
Los Ríos,2016,20,8.91
Los Ríos,2016,21,6.06
Los Ríos,2016,22,6.57
Los Ríos,2016,23,6.75
Los Ríos,2016,24,7.17
Los Ríos,2016,25,7.21
Los Ríos,2016,26,7.82
Los Ríos,2016,27,3.96
Los Ríos,2016,28,5.37
Los Ríos,2016,29,5.56
Los Ríos,2016,30,6.16
Los Ríos,2016,31,7.24
Los Ríos,2016,32,7.09
Los Ríos,2016,33,9.0
Los Ríos,2016,34,10.37
Los Ríos,2016,35,14.51
Los Ríos,2016,36,12.54
Los Ríos,2016,37,12.23
Los Ríos,2016,38,17.58
Los Ríos,2016,39,15.29
Los Ríos,2016,40,17.03
Los Ríos,2016,41,15.15
Los Ríos,2016,42,20.17
Los Ríos,2016,43,25.1
Los Ríos,2016,44,14.87
Los Ríos,2016,45,24.17
Los Ríos,2016,46,24.84
Los Ríos,2016,47,27.1
Los Ríos,2016,48,29.5
Los Ríos,2016,49,25.31
Los Ríos,2016,50,29.37
Los Ríos,2016,51,23.86
Los Ríos,2016,52,30.4
Los Ríos,2017,1,20.82
Los Ríos,2017,2,27.26
Los Ríos,2017,3,28.03
Los Ríos,2017,4,27.5
Los Ríos,2017,5,26.77
Los Ríos,2017,6,25.59
Los Ríos,2017,7,17.13
Los Ríos,2017,8,19.24
Los Ríos,2017,9,19.55
Los Ríos,2017,10,16.8
Los Ríos,2017,11,20.52
Los Ríos,2017,12,17.25
Los Ríos,2017,13,14.7
Los Ríos,2017,14,8.92
Los Ríos,2017,15,13.69
Los Ríos,2017,16,10.98
Los Ríos,2017,17,8.95
Los Ríos,2017,18,6.63
Los Ríos,2017,19,6.4
Los Ríos,2017,20,6.38
Los Ríos,2017,21,8.78
Los Ríos,2017,22,4.7
Los Ríos,2017,23,4.29
Los Ríos,2017,24,3.17
Los Ríos,2017,25,3.77
Los Ríos,2017,26,4.37
Los Ríos,2017,27,5.05
Los Ríos,2017,28,6.68
Los Ríos,2017,29,5.24
Los Ríos,2017,30,7.91
Los Ríos,2017,31,8.61
Los Ríos,2017,32,5.07
Los Ríos,2017,33,7.93
Los Ríos,2017,34,6.81
Los Ríos,2017,35,9.65
Los Ríos,2017,36,11.95
Los Ríos,2017,37,14.55
Los Ríos,2017,38,13.96
Los Ríos,2017,39,14.94
Los Ríos,2017,40,12.03
Los Ríos,2017,41,22.3
Los Ríos,2017,42,16.82
Los Ríos,2017,43,14.43
Los Ríos,2017,44,14.18
Los Ríos,2017,45,24.58
Los Ríos,2017,46,17.92
Los Ríos,2017,47,30.08
Los Ríos,2017,48,30.5
Los Ríos,2017,49,30.21
Los Ríos,2017,50,20.77
Los Ríos,2017,51,27.86
Los Ríos,2017,52,19.8
Los Ríos,2018,1,18.98
Los Ríos,2018,2,30.03
Los Ríos,2018,3,27.84
Los Ríos,2018,4,29.74
Los Ríos,2018,5,29.7
Los Ríos,2018,6,24.0
Los Ríos,2018,7,23.6
Los Ríos,2018,8,19.86
Los Ríos,2018,9,22.89
Los Ríos,2018,10,17.25
Los Ríos,2018,11,13.53
Los Ríos,2018,12,14.79
Los Ríos,2018,13,14.41
Los Ríos,2018,14,11.29
Los Ríos,2018,15,10.69
Los Ríos,2018,16,8.17
Los Ríos,2018,17,10.92
Los Ríos,2018,18,7.71
Los Ríos,2018,19,6.54
Los Ríos,2018,20,5.94
Los Ríos,2018,21,6.51
Los Ríos,2018,22,7.87
Los Ríos,2018,23,3.84
Los Ríos,2018,24,4.19
Los Ríos,2018,25,4.46
Los Ríos,2018,26,2.19
Los Ríos,2018,27,5.04
Los Ríos,2018,28,5.03
Los Ríos,2018,29,7.73
Los Ríos,2018,30,7.98
Los Ríos,2018,31,6.3
Los Ríos,2018,32,7.11
Los Ríos,2018,33,10.12
Los Ríos,2018,34,8.87
Los Ríos,2018,35,9.43
Los Ríos,2018,36,14.38
Los Ríos,2018,37,13.07
Los Ríos,2018,38,11.43
Los Ríos,2018,39,11.8
Los Ríos,2018,40,15.35
Los Ríos,2018,41,17.9
Los Ríos,2018,42,17.08
Los Ríos,2018,43,15.04
Los Ríos,2018,44,14.37
Los Ríos,2018,45,22.21
Los Ríos,2018,46,21.06
Los Ríos,2018,47,23.3
Los Ríos,2018,48,29.75
Los Ríos,2018,49,28.3
Los Ríos,2018,50,22.24
Los Ríos,2018,51,30.43
Los Ríos,2018,52,26.48
Los Ríos,2019,1,25.91
Los Ríos,2019,2,23.26
Los Ríos,2019,3,27.01
Los Ríos,2019,4,28.03
Los Ríos,2019,5,28.31
Los Ríos,2019,6,25.89
Los Ríos,2019,7,26.94
Los Ríos,2019,8,18.94
Los Ríos,2019,9,20.86
Los Ríos,2019,10,18.81
Los Ríos,2019,11,18.88
Los Ríos,2019,12,15.35
Los Ríos,2019,13,16.33
Los Ríos,2019,14,14.13
Los Ríos,2019,15,9.63
Los Ríos,2019,16,12.06
Los Ríos,2019,17,9.45
Los Ríos,2019,18,5.75
Los Ríos,2019,19,6.62
Los Ríos,2019,20,7.06
Los Ríos,2019,21,8.11
Los Ríos,2019,22,4.35
Los Ríos,2019,23,3.42
Los Ríos,2019,24,5.4
Los Ríos,2019,25,5.57
Los Ríos,2019,26,6.01
Los Ríos,2019,27,5.65
Los Ríos,2019,28,4.79
Los Ríos,2019,29,4.02
Los Ríos,2019,30,6.72
Los Ríos,2019,31,6.98
Los Ríos,2019,32,6.68
Los Ríos,2019,33,8.61
Los Ríos,2019,34,5.46
Los Ríos,2019,35,9.66
Los Ríos,2019,36,10.79
Los Ríos,2019,37,11.01
Los Ríos,2019,38,13.17
Los Ríos,2019,39,14.82
Los Ríos,2019,40,15.77
Los Ríos,2019,41,19.03
Los Ríos,2019,42,17.26
Los Ríos,2019,43,19.37
Los Ríos,2019,44,16.73
Los Ríos,2019,45,25.91
Los Ríos,2019,46,20.5
Los Ríos,2019,47,24.36
Los Ríos,2019,48,21.36
Los Ríos,2019,49,30.62
Los Ríos,2019,50,25.53
Los Ríos,2019,51,25.99
Los Ríos,2019,52,26.39
Los Ríos,2020,1,30.44
Los Ríos,2020,2,23.08
Los Ríos,2020,3,29.24
Los Ríos,2020,4,29.18
Los Ríos,2020,5,26.25
Los Ríos,2020,6,25.04
Los Ríos,2020,7,22.33
Los Ríos,2020,8,25.73
Los Ríos,2020,9,22.47
Los Ríos,2020,10,21.66
Los Ríos,2020,11,18.64
Los Ríos,2020,12,16.68
Los Ríos,2020,13,13.62
Los Ríos,2020,14,17.32
Los Ríos,2020,15,15.03
Los Ríos,2020,16,6.76
Los Ríos,2020,17,9.13
Los Ríos,2020,18,7.03
Los Ríos,2020,19,7.62
Los Ríos,2020,20,5.06
Los Ríos,2020,21,6.33
Los Ríos,2020,22,7.79
Los Ríos,2020,23,5.26
Los Ríos,2020,24,5.19
Los Ríos,2020,25,3.36
Los Ríos,2020,26,3.68
Los Ríos,2020,27,3.3
Los Ríos,2020,28,4.03
Los Ríos,2020,29,4.03
Los Ríos,2020,30,5.48
Los Ríos,2020,31,6.94
Los Ríos,2020,32,6.52
Los Ríos,2020,33,7.87
Los Ríos,2020,34,10.93
Los Ríos,2020,35,7.5
Los Ríos,2020,36,14.01
Los Ríos,2020,37,11.54
Los Ríos,2020,38,14.16
Los Ríos,2020,39,16.06
Los Ríos,2020,40,14.5
Los Ríos,2020,41,17.08
Los Ríos,2020,42,21.58
Los Ríos,2020,43,23.11
Los Ríos,2020,44,21.54
Los Ríos,2020,45,23.07
Los Ríos,2020,46,22.87
Los Ríos,2020,47,23.26
Los Ríos,2020,48,21.22
Los Ríos,2020,49,31.27
Los Ríos,2020,50,22.08
Los Ríos,2020,51,26.62
Los Ríos,2020,52,28.81
Los Ríos,2020,53,28.09
Los Ríos,2021,1,28.08
Los Ríos,2021,2,28.8
Los Ríos,2021,3,30.8
Los Ríos,2021,4,22.05
Los Ríos,2021,5,28.54
Los Ríos,2021,6,27.01
Los Ríos,2021,7,23.56
Los Ríos,2021,8,23.34
Los Ríos,2021,9,21.9
Los Ríos,2021,10,19.82
Los Ríos,2021,11,16.43
Los Ríos,2021,12,18.15
Los Ríos,2021,13,15.96
Los Ríos,2021,14,9.26
Los Ríos,2021,15,11.66
Los Ríos,2021,16,8.94
Los Ríos,2021,17,6.57
Los Ríos,2021,18,9.99
Los Ríos,2021,19,8.93
Los Ríos,2021,20,4.82
Los Ríos,2021,21,3.87
Los Ríos,2021,22,4.49
Los Ríos,2021,23,3.26
Los Ríos,2021,24,7.72
Los Ríos,2021,25,5.03
Los Ríos,2021,26,4.95
Los Ríos,2021,27,3.27
Los Ríos,2021,28,6.55
Los Ríos,2021,29,5.66
Los Ríos,2021,30,8.88
Los Ríos,2021,31,8.27
Los Ríos,2021,32,10.38
Los Ríos,2021,33,6.22
Los Ríos,2021,34,7.74
Los Ríos,2021,35,8.92
Los Ríos,2021,36,10.59
Los Ríos,2021,37,12.42
Los Ríos,2021,38,17.57
Los Ríos,2021,39,12.28
Los Ríos,2021,40,21.6
Los Ríos,2021,41,16.83
Los Ríos,2021,42,17.59
Los Ríos,2021,43,22.92
Los Ríos,2021,44,22.64
Los Ríos,2021,45,16.73
Los Ríos,2021,46,27.45
Los Ríos,2021,47,23.81
Los Ríos,2021,48,28.63
Los Ríos,2021,49,27.24
Los Ríos,2021,50,28.85
Los Ríos,2021,51,31.11
Los Ríos,2021,52,22.69
Los Ríos,2022,1,23.35
Los Ríos,2022,2,28.5
Los Ríos,2022,3,25.1
Los Ríos,2022,4,25.91
Los Ríos,2022,5,26.14
Los Ríos,2022,6,27.04
Los Ríos,2022,7,23.45
Los Ríos,2022,8,18.43
Los Ríos,2022,9,13.24
Los Ríos,2022,10,18.19
Los Ríos,2022,11,17.05
Los Ríos,2022,12,15.78
Los Ríos,2022,13,12.7
Los Ríos,2022,14,7.94
Los Ríos,2022,15,11.15
Los Ríos,2022,16,6.52
Los Ríos,2022,17,9.29
Los Ríos,2022,18,7.35
Los Ríos,2022,19,8.1
Los Ríos,2022,20,6.3
Los Ríos,2022,21,6.65
Los Ríos,2022,22,5.89
Los Ríos,2022,23,5.15
Los Ríos,2022,24,3.2
Los Ríos,2022,25,5.93
Los Ríos,2022,26,3.21
Los Ríos,2022,27,3.24
Los Ríos,2022,28,6.25
Los Ríos,2022,29,3.42
Los Ríos,2022,30,7.51
Los Ríos,2022,31,5.23
Los Ríos,2022,32,6.76
Los Ríos,2022,33,9.69
Los Ríos,2022,34,9.96
Los Ríos,2022,35,13.36
Los Ríos,2022,36,13.2
Los Ríos,2022,37,10.2
Los Ríos,2022,38,13.49
Los Ríos,2022,39,19.03
Los Ríos,2022,40,15.08
Los Ríos,2022,41,19.04
Los Ríos,2022,42,20.36
Los Ríos,2022,43,15.96
Los Ríos,2022,44,23.58
Los Ríos,2022,45,17.25
Los Ríos,2022,46,21.32
Los Ríos,2022,47,28.57
Los Ríos,2022,48,29.62
Los Ríos,2022,49,23.11
Los Ríos,2022,50,25.04
Los Ríos,2022,51,28.63
Los Ríos,2022,52,31.33
Los Ríos,2023,1,27.71
Los Ríos,2023,2,25.04
Los Ríos,2023,3,26.4
Los Ríos,2023,4,27.09
Los Ríos,2023,5,27.57
Los Ríos,2023,6,25.08
Los Ríos,2023,7,20.48
Los Ríos,2023,8,24.61
Los Ríos,2023,9,21.54
Los Ríos,2023,10,9.27
Los Ríos,2023,11,12.57
Los Ríos,2023,12,19.47
Los Ríos,2023,13,13.24
Los Ríos,2023,14,12.55
Los Ríos,2023,15,11.23
Los Ríos,2023,16,8.31
Los Ríos,2023,17,6.7
Los Ríos,2023,18,9.46
Los Ríos,2023,19,6.29
Los Ríos,2023,20,5.16
Los Ríos,2023,21,5.64
Los Ríos,2023,22,5.68
Los Ríos,2023,23,3.93
Los Ríos,2023,24,6.46
Los Ríos,2023,25,2.91
Los Ríos,2023,26,4.2
Los Ríos,2023,27,5.02
Los Ríos,2023,28,7.45
Los Ríos,2023,29,4.47
Los Ríos,2023,30,3.77
Los Ríos,2023,31,8.6
Los Ríos,2023,32,6.18
Los Ríos,2023,33,6.12
Los Ríos,2023,34,12.49
Los Ríos,2023,35,11.07
Los Ríos,2023,36,10.01
Los Ríos,2023,37,9.68
Los Ríos,2023,38,13.93
Los Ríos,2023,39,15.88
Los Ríos,2023,40,15.77
Los Ríos,2023,41,19.87
Los Ríos,2023,42,23.15
Los Ríos,2023,43,18.6
Los Ríos,2023,44,22.08
Los Ríos,2023,45,18.2
Los Ríos,2023,46,10.78
Los Ríos,2023,47,27.32
Los Ríos,2023,48,22.07
Los Ríos,2023,49,27.69
Los Ríos,2023,50,22.12
Los Ríos,2023,51,28.5
Los Ríos,2023,52,31.36
Los Ríos,2024,1,28.76
Los Ríos,2024,2,26.33
Los Ríos,2024,3,30.75
Los Ríos,2024,4,28.36
Los Ríos,2024,5,27.78
Los Ríos,2024,6,17.5
Los Ríos,2024,7,26.96
Los Ríos,2024,8,22.74
Los Ríos,2024,9,20.99
Los Ríos,2024,10,20.84
Los Ríos,2024,11,15.56
Los Ríos,2024,12,13.44
Los Ríos,2024,13,15.54
Los Ríos,2024,14,9.96
Los Ríos,2024,15,14.23
Los Ríos,2024,16,8.61
Los Ríos,2024,17,7.02
Los Ríos,2024,18,6.64
Los Ríos,2024,19,6.56
Los Ríos,2024,20,8.6
Los Ríos,2024,21,7.03
Los Ríos,2024,22,5.23
Los Ríos,2024,23,2.97
Los Ríos,2024,24,2.54
Los Ríos,2024,25,4.19
Los Ríos,2024,26,5.19
Los Ríos,2024,27,5.83
Los Ríos,2024,28,7.4
Los Ríos,2024,29,7.27
Los Ríos,2024,30,7.39
Los Ríos,2024,31,4.98
Los Ríos,2024,32,8.26
Los Ríos,2024,33,9.9
Los Ríos,2024,34,9.69
Los Ríos,2024,35,11.13
Los Ríos,2024,36,8.91
Los Ríos,2024,37,12.0
Los Ríos,2024,38,12.02
Los Ríos,2024,39,11.89
Los Ríos,2024,40,18.42
Los Ríos,2024,41,19.35
Los Ríos,2024,42,15.94
Los Ríos,2024,43,21.13
Los Ríos,2024,44,22.71
Los Ríos,2024,45,18.19
Los Ríos,2024,46,23.93
Los Ríos,2024,47,23.69
Los Ríos,2024,48,24.59
Los Ríos,2024,49,25.95
Los Ríos,2024,50,28.87
Los Ríos,2024,51,24.6
Los Ríos,2024,52,31.41
Los Ríos,2025,1,27.17
Los Ríos,2025,2,30.67
Los Ríos,2025,3,26.87
Los Ríos,2025,4,26.38
Los Ríos,2025,5,27.06
Los Ríos,2025,6,25.44
Los Ríos,2025,7,24.84
Los Ríos,2025,8,20.34
Los Ríos,2025,9,17.01
Los Ríos,2025,10,16.35
Los Ríos,2025,11,20.5
Los Ríos,2025,12,18.3
Los Ríos,2025,13,12.3
Los Ríos,2025,14,14.61
Los Ríos,2025,15,10.92
Los Ríos,2025,16,10.36
Los Ríos,2025,17,5.71
Los Ríos,2025,18,7.99
Los Ríos,2025,19,7.28
Los Ríos,2025,20,4.79
Los Ríos,2025,21,5.8
Los Ríos,2025,22,6.48
Los Ríos,2025,23,5.38
Los Ríos,2025,24,4.4
Los Ríos,2025,25,4.32
Los Ríos,2025,26,5.61
Los Ríos,2025,27,5.47
Los Ríos,2025,28,6.69
Los Ríos,2025,29,5.99
Los Ríos,2025,30,5.55
Los Ríos,2025,31,4.92
Los Ríos,2025,32,6.19
Los Ríos,2025,33,9.4
Los Ríos,2025,34,7.35
Los Ríos,2025,35,10.93
Los Ríos,2025,36,13.08
Los Ríos,2025,37,12.51
Los Ríos,2025,38,9.07
Los Ríos,2025,39,15.81
Los Ríos,2025,40,14.79
Los Ríos,2025,41,13.31
Los Ríos,2025,42,18.97
Los Ríos,2025,43,18.33
Los Ríos,2025,44,24.5
Los Ríos,2025,45,22.86
Los Ríos,2025,46,24.19
Los Ríos,2025,47,23.68
Los Ríos,2025,48,23.28
Los Ríos,2025,49,25.48
Los Ríos,2025,50,25.63
Los Ríos,2025,51,23.54
Los Ríos,2025,52,25.67
Los Ríos,2026,1,30.58
Los Ríos,2026,2,27.46
Los Ríos,2026,3,26.83
Los Ríos,2026,4,27.98
Los Ríos,2026,5,21.98
Los Ríos,2026,6,19.44
Los Ríos,2026,7,20.89
Los Ríos,2026,8,26.09
Los Ríos,2026,9,16.47
Los Ríos,2026,10,18.67
Los Ríos,2026,11,14.53
Los Ríos,2026,12,9.99
Los Ríos,2026,13,13.12
Los Ríos,2026,14,14.35
Los Ríos,2026,15,13.91
Los Ríos,2026,16,9.86
Los Ríos,2026,17,10.59
Los Ríos,2026,18,6.72
Los Ríos,2026,19,6.58
Los Ríos,2026,20,9.35
Los Ríos,2026,21,8.36
Los Ríos,2026,22,6.74
Los Ríos,2026,23,5.77
Los Ríos,2026,24,4.8
Los Ríos,2026,25,7.62
Magallanes,2014,1,18.61
Magallanes,2014,2,20.33
Magallanes,2014,3,20.88
Magallanes,2014,4,18.88
Magallanes,2014,5,19.36
Magallanes,2014,6,14.74
Magallanes,2014,7,17.64
Magallanes,2014,8,12.31
Magallanes,2014,9,11.2
Magallanes,2014,10,11.39
Magallanes,2014,11,11.21
Magallanes,2014,12,10.25
Magallanes,2014,13,7.71
Magallanes,2014,14,7.08
Magallanes,2014,15,7.74
Magallanes,2014,16,5.93
Magallanes,2014,17,5.17
Magallanes,2014,18,4.57
Magallanes,2014,19,4.23
Magallanes,2014,20,4.15
Magallanes,2014,21,3.04
Magallanes,2014,22,2.7
Magallanes,2014,23,2.68
Magallanes,2014,24,2.56
Magallanes,2014,25,2.08
Magallanes,2014,26,2.24
Magallanes,2014,27,2.18
Magallanes,2014,28,2.52
Magallanes,2014,29,2.94
Magallanes,2014,30,4.2
Magallanes,2014,31,3.77
Magallanes,2014,32,5.27
Magallanes,2014,33,4.38
Magallanes,2014,34,5.47
Magallanes,2014,35,3.47
Magallanes,2014,36,3.63
Magallanes,2014,37,8.34
Magallanes,2014,38,10.03
Magallanes,2014,39,12.39
Magallanes,2014,40,10.33
Magallanes,2014,41,13.78
Magallanes,2014,42,15.92
Magallanes,2014,43,15.88
Magallanes,2014,44,15.61
Magallanes,2014,45,18.19
Magallanes,2014,46,19.4
Magallanes,2014,47,17.14
Magallanes,2014,48,19.66
Magallanes,2014,49,20.89
Magallanes,2014,50,22.38
Magallanes,2014,51,24.7
Magallanes,2014,52,21.77
Magallanes,2015,1,17.46
Magallanes,2015,2,22.97
Magallanes,2015,3,20.31
Magallanes,2015,4,20.86
Magallanes,2015,5,18.02
Magallanes,2015,6,16.87
Magallanes,2015,7,13.19
Magallanes,2015,8,12.4
Magallanes,2015,9,13.29
Magallanes,2015,10,13.84
Magallanes,2015,11,11.57
Magallanes,2015,12,10.4
Magallanes,2015,13,7.13
Magallanes,2015,14,8.44
Magallanes,2015,15,7.08
Magallanes,2015,16,6.23
Magallanes,2015,17,4.15
Magallanes,2015,18,5.38
Magallanes,2015,19,2.99
Magallanes,2015,20,2.4
Magallanes,2015,21,2.65
Magallanes,2015,22,2.15
Magallanes,2015,23,1.5
Magallanes,2015,24,2.64
Magallanes,2015,25,2.54
Magallanes,2015,26,2.35
Magallanes,2015,27,2.23
Magallanes,2015,28,2.27
Magallanes,2015,29,3.59
Magallanes,2015,30,3.16
Magallanes,2015,31,3.92
Magallanes,2015,32,5.74
Magallanes,2015,33,5.29
Magallanes,2015,34,8.37
Magallanes,2015,35,6.57
Magallanes,2015,36,8.09
Magallanes,2015,37,10.87
Magallanes,2015,38,12.36
Magallanes,2015,39,11.19
Magallanes,2015,40,11.21
Magallanes,2015,41,14.99
Magallanes,2015,42,13.44
Magallanes,2015,43,18.75
Magallanes,2015,44,18.32
Magallanes,2015,45,15.95
Magallanes,2015,46,20.18
Magallanes,2015,47,19.75
Magallanes,2015,48,16.06
Magallanes,2015,49,23.64
Magallanes,2015,50,27.29
Magallanes,2015,51,21.01
Magallanes,2015,52,23.86
Magallanes,2015,53,20.35
Magallanes,2016,1,18.99
Magallanes,2016,2,26.33
Magallanes,2016,3,20.29
Magallanes,2016,4,17.47
Magallanes,2016,5,17.37
Magallanes,2016,6,16.77
Magallanes,2016,7,17.18
Magallanes,2016,8,15.2
Magallanes,2016,9,14.13
Magallanes,2016,10,10.82
Magallanes,2016,11,9.72
Magallanes,2016,12,9.03
Magallanes,2016,13,9.44
Magallanes,2016,14,7.46
Magallanes,2016,15,5.52
Magallanes,2016,16,4.85
Magallanes,2016,17,5.44
Magallanes,2016,18,4.23
Magallanes,2016,19,3.61
Magallanes,2016,20,2.56
Magallanes,2016,21,2.86
Magallanes,2016,22,1.82
Magallanes,2016,23,2.25
Magallanes,2016,24,2.2
Magallanes,2016,25,1.28
Magallanes,2016,26,2.62
Magallanes,2016,27,1.98
Magallanes,2016,28,2.69
Magallanes,2016,29,3.57
Magallanes,2016,30,3.35
Magallanes,2016,31,4.19
Magallanes,2016,32,4.92
Magallanes,2016,33,7.12
Magallanes,2016,34,6.41
Magallanes,2016,35,8.07
Magallanes,2016,36,8.69
Magallanes,2016,37,7.92
Magallanes,2016,38,10.54
Magallanes,2016,39,11.9
Magallanes,2016,40,12.99
Magallanes,2016,41,15.8
Magallanes,2016,42,15.8
Magallanes,2016,43,14.66
Magallanes,2016,44,19.08
Magallanes,2016,45,20.32
Magallanes,2016,46,18.34
Magallanes,2016,47,20.17
Magallanes,2016,48,20.35
Magallanes,2016,49,21.84
Magallanes,2016,50,22.62
Magallanes,2016,51,20.28
Magallanes,2016,52,21.27
Magallanes,2017,1,20.22
Magallanes,2017,2,19.46
Magallanes,2017,3,20.52
Magallanes,2017,4,17.45
Magallanes,2017,5,18.8
Magallanes,2017,6,17.26
Magallanes,2017,7,15.67
Magallanes,2017,8,15.24
Magallanes,2017,9,14.01
Magallanes,2017,10,8.71
Magallanes,2017,11,12.01
Magallanes,2017,12,9.6
Magallanes,2017,13,10.67
Magallanes,2017,14,7.03
Magallanes,2017,15,7.38
Magallanes,2017,16,4.9
Magallanes,2017,17,5.13
Magallanes,2017,18,2.89
Magallanes,2017,19,4.15
Magallanes,2017,20,3.2
Magallanes,2017,21,3.13
Magallanes,2017,22,2.78
Magallanes,2017,23,2.32
Magallanes,2017,24,2.26
Magallanes,2017,25,2.99
Magallanes,2017,26,2.29
Magallanes,2017,27,2.38
Magallanes,2017,28,3.28
Magallanes,2017,29,2.13
Magallanes,2017,30,2.86
Magallanes,2017,31,3.68
Magallanes,2017,32,4.66
Magallanes,2017,33,5.96
Magallanes,2017,34,6.45
Magallanes,2017,35,7.16
Magallanes,2017,36,8.77
Magallanes,2017,37,10.3
Magallanes,2017,38,8.42
Magallanes,2017,39,9.85
Magallanes,2017,40,13.27
Magallanes,2017,41,14.3
Magallanes,2017,42,15.29
Magallanes,2017,43,14.57
Magallanes,2017,44,20.13
Magallanes,2017,45,20.92
Magallanes,2017,46,19.0
Magallanes,2017,47,17.31
Magallanes,2017,48,21.71
Magallanes,2017,49,18.11
Magallanes,2017,50,20.7
Magallanes,2017,51,22.86
Magallanes,2017,52,22.23
Magallanes,2018,1,20.13
Magallanes,2018,2,16.9
Magallanes,2018,3,19.3
Magallanes,2018,4,19.72
Magallanes,2018,5,17.71
Magallanes,2018,6,18.4
Magallanes,2018,7,12.25
Magallanes,2018,8,13.42
Magallanes,2018,9,15.34
Magallanes,2018,10,10.88
Magallanes,2018,11,12.04
Magallanes,2018,12,10.45
Magallanes,2018,13,7.61
Magallanes,2018,14,6.05
Magallanes,2018,15,6.75
Magallanes,2018,16,5.02
Magallanes,2018,17,4.84
Magallanes,2018,18,4.55
Magallanes,2018,19,2.56
Magallanes,2018,20,4.05
Magallanes,2018,21,2.8
Magallanes,2018,22,2.95
Magallanes,2018,23,2.24
Magallanes,2018,24,2.19
Magallanes,2018,25,2.32
Magallanes,2018,26,2.4
Magallanes,2018,27,2.26
Magallanes,2018,28,2.86
Magallanes,2018,29,2.61
Magallanes,2018,30,3.54
Magallanes,2018,31,4.04
Magallanes,2018,32,4.73
Magallanes,2018,33,5.43
Magallanes,2018,34,4.64
Magallanes,2018,35,7.75
Magallanes,2018,36,7.52
Magallanes,2018,37,8.65
Magallanes,2018,38,11.56
Magallanes,2018,39,13.77
Magallanes,2018,40,10.93
Magallanes,2018,41,12.8
Magallanes,2018,42,18.96
Magallanes,2018,43,17.56
Magallanes,2018,44,17.94
Magallanes,2018,45,19.82
Magallanes,2018,46,20.87
Magallanes,2018,47,20.76
Magallanes,2018,48,18.88
Magallanes,2018,49,21.82
Magallanes,2018,50,18.09
Magallanes,2018,51,20.29
Magallanes,2018,52,18.22
Magallanes,2019,1,19.27
Magallanes,2019,2,19.35
Magallanes,2019,3,19.48
Magallanes,2019,4,17.99
Magallanes,2019,5,20.26
Magallanes,2019,6,17.03
Magallanes,2019,7,14.65
Magallanes,2019,8,15.86
Magallanes,2019,9,12.01
Magallanes,2019,10,12.53
Magallanes,2019,11,8.15
Magallanes,2019,12,10.17
Magallanes,2019,13,7.09
Magallanes,2019,14,7.76
Magallanes,2019,15,5.78
Magallanes,2019,16,5.72
Magallanes,2019,17,4.98
Magallanes,2019,18,5.27
Magallanes,2019,19,4.08
Magallanes,2019,20,3.64
Magallanes,2019,21,2.36
Magallanes,2019,22,2.53
Magallanes,2019,23,2.12
Magallanes,2019,24,1.8
Magallanes,2019,25,1.77
Magallanes,2019,26,2.5
Magallanes,2019,27,2.19
Magallanes,2019,28,1.25
Magallanes,2019,29,2.7
Magallanes,2019,30,2.59
Magallanes,2019,31,3.28
Magallanes,2019,32,3.93
Magallanes,2019,33,6.04
Magallanes,2019,34,6.08
Magallanes,2019,35,7.17
Magallanes,2019,36,7.42
Magallanes,2019,37,9.75
Magallanes,2019,38,8.96
Magallanes,2019,39,10.89
Magallanes,2019,40,10.19
Magallanes,2019,41,14.61
Magallanes,2019,42,16.53
Magallanes,2019,43,16.09
Magallanes,2019,44,17.98
Magallanes,2019,45,20.02
Magallanes,2019,46,15.77
Magallanes,2019,47,21.89
Magallanes,2019,48,19.14
Magallanes,2019,49,17.06
Magallanes,2019,50,21.8
Magallanes,2019,51,21.22
Magallanes,2019,52,23.07
Magallanes,2020,1,21.3
Magallanes,2020,2,15.94
Magallanes,2020,3,19.21
Magallanes,2020,4,17.24
Magallanes,2020,5,15.42
Magallanes,2020,6,20.83
Magallanes,2020,7,16.1
Magallanes,2020,8,14.99
Magallanes,2020,9,12.99
Magallanes,2020,10,10.28
Magallanes,2020,11,9.6
Magallanes,2020,12,7.99
Magallanes,2020,13,8.56
Magallanes,2020,14,8.07
Magallanes,2020,15,6.55
Magallanes,2020,16,6.17
Magallanes,2020,17,5.46
Magallanes,2020,18,5.1
Magallanes,2020,19,3.9
Magallanes,2020,20,2.87
Magallanes,2020,21,1.88
Magallanes,2020,22,2.11
Magallanes,2020,23,2.27
Magallanes,2020,24,2.64
Magallanes,2020,25,1.98
Magallanes,2020,26,2.27
Magallanes,2020,27,1.85
Magallanes,2020,28,2.43
Magallanes,2020,29,2.45
Magallanes,2020,30,3.51
Magallanes,2020,31,4.33
Magallanes,2020,32,4.25
Magallanes,2020,33,5.71
Magallanes,2020,34,6.63
Magallanes,2020,35,6.49
Magallanes,2020,36,7.37
Magallanes,2020,37,9.22
Magallanes,2020,38,11.68
Magallanes,2020,39,8.84
Magallanes,2020,40,12.13
Magallanes,2020,41,15.19
Magallanes,2020,42,11.31
Magallanes,2020,43,12.01
Magallanes,2020,44,17.2
Magallanes,2020,45,15.52
Magallanes,2020,46,16.28
Magallanes,2020,47,19.83
Magallanes,2020,48,19.79
Magallanes,2020,49,20.63
Magallanes,2020,50,18.66
Magallanes,2020,51,18.17
Magallanes,2020,52,21.93
Magallanes,2020,53,23.13
Magallanes,2021,1,16.95
Magallanes,2021,2,16.07
Magallanes,2021,3,18.46
Magallanes,2021,4,18.06
Magallanes,2021,5,18.04
Magallanes,2021,6,16.84
Magallanes,2021,7,11.25
Magallanes,2021,8,13.75
Magallanes,2021,9,16.34
Magallanes,2021,10,11.01
Magallanes,2021,11,8.62
Magallanes,2021,12,8.94
Magallanes,2021,13,9.45
Magallanes,2021,14,7.24
Magallanes,2021,15,6.71
Magallanes,2021,16,5.53
Magallanes,2021,17,3.69
Magallanes,2021,18,3.84
Magallanes,2021,19,3.32
Magallanes,2021,20,2.14
Magallanes,2021,21,3.08
Magallanes,2021,22,2.05
Magallanes,2021,23,2.1
Magallanes,2021,24,1.95
Magallanes,2021,25,1.85
Magallanes,2021,26,2.31
Magallanes,2021,27,2.12
Magallanes,2021,28,1.95
Magallanes,2021,29,3.18
Magallanes,2021,30,2.65
Magallanes,2021,31,4.44
Magallanes,2021,32,4.64
Magallanes,2021,33,4.68
Magallanes,2021,34,7.7
Magallanes,2021,35,8.83
Magallanes,2021,36,8.93
Magallanes,2021,37,9.09
Magallanes,2021,38,9.34
Magallanes,2021,39,10.54
Magallanes,2021,40,13.75
Magallanes,2021,41,12.77
Magallanes,2021,42,14.91
Magallanes,2021,43,20.95
Magallanes,2021,44,16.75
Magallanes,2021,45,21.78
Magallanes,2021,46,19.47
Magallanes,2021,47,22.51
Magallanes,2021,48,21.84
Magallanes,2021,49,24.47
Magallanes,2021,50,19.28
Magallanes,2021,51,21.16
Magallanes,2021,52,24.28
Magallanes,2022,1,20.28
Magallanes,2022,2,24.75
Magallanes,2022,3,22.83
Magallanes,2022,4,17.94
Magallanes,2022,5,14.39
Magallanes,2022,6,15.95
Magallanes,2022,7,10.58
Magallanes,2022,8,16.71
Magallanes,2022,9,12.52
Magallanes,2022,10,12.13
Magallanes,2022,11,10.36
Magallanes,2022,12,8.39
Magallanes,2022,13,7.38
Magallanes,2022,14,9.19
Magallanes,2022,15,5.31
Magallanes,2022,16,5.25
Magallanes,2022,17,4.72
Magallanes,2022,18,3.94
Magallanes,2022,19,3.62
Magallanes,2022,20,3.14
Magallanes,2022,21,3.09
Magallanes,2022,22,2.27
Magallanes,2022,23,1.93
Magallanes,2022,24,2.29
Magallanes,2022,25,2.05
Magallanes,2022,26,2.26
Magallanes,2022,27,2.81
Magallanes,2022,28,2.47
Magallanes,2022,29,3.79
Magallanes,2022,30,2.83
Magallanes,2022,31,3.19
Magallanes,2022,32,3.65
Magallanes,2022,33,5.89
Magallanes,2022,34,6.78
Magallanes,2022,35,4.61
Magallanes,2022,36,7.8
Magallanes,2022,37,10.76
Magallanes,2022,38,11.59
Magallanes,2022,39,11.7
Magallanes,2022,40,11.41
Magallanes,2022,41,16.41
Magallanes,2022,42,14.36
Magallanes,2022,43,16.39
Magallanes,2022,44,16.79
Magallanes,2022,45,21.43
Magallanes,2022,46,20.39
Magallanes,2022,47,19.5
Magallanes,2022,48,18.35
Magallanes,2022,49,26.18
Magallanes,2022,50,19.62
Magallanes,2022,51,23.1
Magallanes,2022,52,19.86
Magallanes,2023,1,24.06
Magallanes,2023,2,17.06
Magallanes,2023,3,22.96
Magallanes,2023,4,19.38
Magallanes,2023,5,17.02
Magallanes,2023,6,14.91
Magallanes,2023,7,15.49
Magallanes,2023,8,13.93
Magallanes,2023,9,13.81
Magallanes,2023,10,12.63
Magallanes,2023,11,10.11
Magallanes,2023,12,8.03
Magallanes,2023,13,8.83
Magallanes,2023,14,7.61
Magallanes,2023,15,7.42
Magallanes,2023,16,4.33
Magallanes,2023,17,3.88
Magallanes,2023,18,3.64
Magallanes,2023,19,2.75
Magallanes,2023,20,3.02
Magallanes,2023,21,2.51
Magallanes,2023,22,2.38
Magallanes,2023,23,2.34
Magallanes,2023,24,2.06
Magallanes,2023,25,1.37
Magallanes,2023,26,1.76
Magallanes,2023,27,3.12
Magallanes,2023,28,2.96
Magallanes,2023,29,2.74
Magallanes,2023,30,4.18
Magallanes,2023,31,3.86
Magallanes,2023,32,4.04
Magallanes,2023,33,4.73
Magallanes,2023,34,5.92
Magallanes,2023,35,7.81
Magallanes,2023,36,6.82
Magallanes,2023,37,11.24
Magallanes,2023,38,9.47
Magallanes,2023,39,11.17
Magallanes,2023,40,10.83
Magallanes,2023,41,14.72
Magallanes,2023,42,13.47
Magallanes,2023,43,16.7
Magallanes,2023,44,19.35
Magallanes,2023,45,17.52
Magallanes,2023,46,22.04
Magallanes,2023,47,21.16
Magallanes,2023,48,24.38
Magallanes,2023,49,23.42
Magallanes,2023,50,23.66
Magallanes,2023,51,19.05
Magallanes,2023,52,22.74
Magallanes,2024,1,18.57
Magallanes,2024,2,19.35
Magallanes,2024,3,17.6
Magallanes,2024,4,17.6
Magallanes,2024,5,13.74
Magallanes,2024,6,16.77
Magallanes,2024,7,14.47
Magallanes,2024,8,14.13
Magallanes,2024,9,12.41
Magallanes,2024,10,11.83
Magallanes,2024,11,13.13
Magallanes,2024,12,12.06
Magallanes,2024,13,9.29
Magallanes,2024,14,7.58
Magallanes,2024,15,6.4
Magallanes,2024,16,5.82
Magallanes,2024,17,4.23
Magallanes,2024,18,4.33
Magallanes,2024,19,3.4
Magallanes,2024,20,2.55
Magallanes,2024,21,3.27
Magallanes,2024,22,2.38
Magallanes,2024,23,1.79
Magallanes,2024,24,2.1
Magallanes,2024,25,2.84
Magallanes,2024,26,2.16
Magallanes,2024,27,2.68
Magallanes,2024,28,2.66
Magallanes,2024,29,1.83
Magallanes,2024,30,3.75
Magallanes,2024,31,2.16
Magallanes,2024,32,3.94
Magallanes,2024,33,5.46
Magallanes,2024,34,5.88
Magallanes,2024,35,5.21
Magallanes,2024,36,7.78
Magallanes,2024,37,8.39
Magallanes,2024,38,11.97
Magallanes,2024,39,13.94
Magallanes,2024,40,11.41
Magallanes,2024,41,10.12
Magallanes,2024,42,13.46
Magallanes,2024,43,14.76
Magallanes,2024,44,17.16
Magallanes,2024,45,18.92
Magallanes,2024,46,17.56
Magallanes,2024,47,22.19
Magallanes,2024,48,23.57
Magallanes,2024,49,20.25
Magallanes,2024,50,18.7
Magallanes,2024,51,21.22
Magallanes,2024,52,20.95
Magallanes,2025,1,21.75
Magallanes,2025,2,21.15
Magallanes,2025,3,15.88
Magallanes,2025,4,17.8
Magallanes,2025,5,17.23
Magallanes,2025,6,19.13
Magallanes,2025,7,15.34
Magallanes,2025,8,14.77
Magallanes,2025,9,15.13
Magallanes,2025,10,11.95
Magallanes,2025,11,10.68
Magallanes,2025,12,9.79
Magallanes,2025,13,9.63
Magallanes,2025,14,8.31
Magallanes,2025,15,8.43
Magallanes,2025,16,4.91
Magallanes,2025,17,4.77
Magallanes,2025,18,4.84
Magallanes,2025,19,2.93
Magallanes,2025,20,3.77
Magallanes,2025,21,3.33
Magallanes,2025,22,2.69
Magallanes,2025,23,1.7
Magallanes,2025,24,1.45
Magallanes,2025,25,2.11
Magallanes,2025,26,2.45
Magallanes,2025,27,2.05
Magallanes,2025,28,2.25
Magallanes,2025,29,2.15
Magallanes,2025,30,3.35
Magallanes,2025,31,2.5
Magallanes,2025,32,3.58
Magallanes,2025,33,4.74
Magallanes,2025,34,5.66
Magallanes,2025,35,7.57
Magallanes,2025,36,6.49
Magallanes,2025,37,6.78
Magallanes,2025,38,10.02
Magallanes,2025,39,11.62
Magallanes,2025,40,12.99
Magallanes,2025,41,11.06
Magallanes,2025,42,15.23
Magallanes,2025,43,20.38
Magallanes,2025,44,20.26
Magallanes,2025,45,17.08
Magallanes,2025,46,18.33
Magallanes,2025,47,16.62
Magallanes,2025,48,22.92
Magallanes,2025,49,22.36
Magallanes,2025,50,18.68
Magallanes,2025,51,22.31
Magallanes,2025,52,16.19
Magallanes,2026,1,17.83
Magallanes,2026,2,24.41
Magallanes,2026,3,19.85
Magallanes,2026,4,17.49
Magallanes,2026,5,21.59
Magallanes,2026,6,17.02
Magallanes,2026,7,16.2
Magallanes,2026,8,13.51
Magallanes,2026,9,13.33
Magallanes,2026,10,13.13
Magallanes,2026,11,11.8
Magallanes,2026,12,11.12
Magallanes,2026,13,7.17
Magallanes,2026,14,8.68
Magallanes,2026,15,5.86
Magallanes,2026,16,6.17
Magallanes,2026,17,5.62
Magallanes,2026,18,4.16
Magallanes,2026,19,2.19
Magallanes,2026,20,2.87
Magallanes,2026,21,2.78
Magallanes,2026,22,2.07
Magallanes,2026,23,2.29
Magallanes,2026,24,1.83
Magallanes,2026,25,1.97
Maule,2014,1,34.04
Maule,2014,2,33.77
Maule,2014,3,31.89
Maule,2014,4,29.27
Maule,2014,5,30.02
Maule,2014,6,29.16
Maule,2014,7,28.38
Maule,2014,8,27.97
Maule,2014,9,25.4
Maule,2014,10,23.95
Maule,2014,11,21.61
Maule,2014,12,22.75
Maule,2014,13,19.63
Maule,2014,14,17.28
Maule,2014,15,15.03
Maule,2014,16,16.05
Maule,2014,17,13.57
Maule,2014,18,8.59
Maule,2014,19,10.94
Maule,2014,20,9.12
Maule,2014,21,10.2
Maule,2014,22,9.84
Maule,2014,23,4.34
Maule,2014,24,6.62
Maule,2014,25,8.89
Maule,2014,26,9.61
Maule,2014,27,7.76
Maule,2014,28,9.23
Maule,2014,29,9.48
Maule,2014,30,8.78
Maule,2014,31,5.61
Maule,2014,32,12.13
Maule,2014,33,15.09
Maule,2014,34,10.85
Maule,2014,35,11.67
Maule,2014,36,10.14
Maule,2014,37,16.47
Maule,2014,38,14.67
Maule,2014,39,13.95
Maule,2014,40,20.94
Maule,2014,41,23.94
Maule,2014,42,22.77
Maule,2014,43,27.94
Maule,2014,44,25.98
Maule,2014,45,30.34
Maule,2014,46,31.23
Maule,2014,47,29.24
Maule,2014,48,27.65
Maule,2014,49,31.79
Maule,2014,50,30.78
Maule,2014,51,30.1
Maule,2014,52,33.9
Maule,2015,1,29.8
Maule,2015,2,33.16
Maule,2015,3,33.0
Maule,2015,4,31.24
Maule,2015,5,31.59
Maule,2015,6,30.49
Maule,2015,7,29.36
Maule,2015,8,26.9
Maule,2015,9,24.05
Maule,2015,10,25.46
Maule,2015,11,24.82
Maule,2015,12,22.62
Maule,2015,13,17.19
Maule,2015,14,19.69
Maule,2015,15,17.18
Maule,2015,16,14.94
Maule,2015,17,16.33
Maule,2015,18,13.6
Maule,2015,19,12.27
Maule,2015,20,12.03
Maule,2015,21,9.54
Maule,2015,22,8.9
Maule,2015,23,5.86
Maule,2015,24,7.99
Maule,2015,25,10.15
Maule,2015,26,9.07
Maule,2015,27,9.44
Maule,2015,28,4.9
Maule,2015,29,7.43
Maule,2015,30,10.14
Maule,2015,31,4.47
Maule,2015,32,6.11
Maule,2015,33,11.49
Maule,2015,34,12.54
Maule,2015,35,9.01
Maule,2015,36,17.16
Maule,2015,37,14.99
Maule,2015,38,13.11
Maule,2015,39,14.1
Maule,2015,40,13.24
Maule,2015,41,23.83
Maule,2015,42,19.19
Maule,2015,43,21.9
Maule,2015,44,25.89
Maule,2015,45,24.45
Maule,2015,46,27.42
Maule,2015,47,27.15
Maule,2015,48,31.17
Maule,2015,49,30.75
Maule,2015,50,32.53
Maule,2015,51,32.76
Maule,2015,52,32.63
Maule,2015,53,29.74
Maule,2016,1,28.91
Maule,2016,2,32.31
Maule,2016,3,29.81
Maule,2016,4,26.54
Maule,2016,5,28.62
Maule,2016,6,29.68
Maule,2016,7,28.37
Maule,2016,8,27.47
Maule,2016,9,24.41
Maule,2016,10,23.59
Maule,2016,11,22.31
Maule,2016,12,20.06
Maule,2016,13,15.93
Maule,2016,14,15.78
Maule,2016,15,8.82
Maule,2016,16,10.18
Maule,2016,17,12.59
Maule,2016,18,11.16
Maule,2016,19,7.75
Maule,2016,20,9.28
Maule,2016,21,7.99
Maule,2016,22,7.83
Maule,2016,23,9.9
Maule,2016,24,9.52
Maule,2016,25,8.76
Maule,2016,26,8.03
Maule,2016,27,9.15
Maule,2016,28,6.38
Maule,2016,29,6.81
Maule,2016,30,9.38
Maule,2016,31,12.22
Maule,2016,32,10.95
Maule,2016,33,12.85
Maule,2016,34,14.57
Maule,2016,35,18.1
Maule,2016,36,17.97
Maule,2016,37,16.89
Maule,2016,38,22.22
Maule,2016,39,21.48
Maule,2016,40,24.18
Maule,2016,41,13.77
Maule,2016,42,23.06
Maule,2016,43,26.3
Maule,2016,44,27.68
Maule,2016,45,30.76
Maule,2016,46,30.57
Maule,2016,47,26.74
Maule,2016,48,29.83
Maule,2016,49,29.92
Maule,2016,50,33.17
Maule,2016,51,31.72
Maule,2016,52,31.61
Maule,2017,1,33.23
Maule,2017,2,30.86
Maule,2017,3,32.42
Maule,2017,4,31.29
Maule,2017,5,27.87
Maule,2017,6,29.26
Maule,2017,7,26.48
Maule,2017,8,24.61
Maule,2017,9,23.81
Maule,2017,10,21.73
Maule,2017,11,22.36
Maule,2017,12,19.06
Maule,2017,13,19.03
Maule,2017,14,17.15
Maule,2017,15,16.36
Maule,2017,16,11.59
Maule,2017,17,13.82
Maule,2017,18,9.58
Maule,2017,19,8.05
Maule,2017,20,7.75
Maule,2017,21,8.96
Maule,2017,22,7.83
Maule,2017,23,8.56
Maule,2017,24,6.94
Maule,2017,25,3.2
Maule,2017,26,8.09
Maule,2017,27,5.96
Maule,2017,28,9.01
Maule,2017,29,8.81
Maule,2017,30,10.05
Maule,2017,31,9.27
Maule,2017,32,6.41
Maule,2017,33,12.28
Maule,2017,34,8.03
Maule,2017,35,13.61
Maule,2017,36,14.57
Maule,2017,37,16.57
Maule,2017,38,17.25
Maule,2017,39,14.58
Maule,2017,40,16.55
Maule,2017,41,24.28
Maule,2017,42,20.07
Maule,2017,43,22.69
Maule,2017,44,19.64
Maule,2017,45,24.7
Maule,2017,46,29.66
Maule,2017,47,31.4
Maule,2017,48,28.7
Maule,2017,49,31.44
Maule,2017,50,27.87
Maule,2017,51,33.26
Maule,2017,52,31.08
Maule,2018,1,30.23
Maule,2018,2,29.94
Maule,2018,3,25.44
Maule,2018,4,29.47
Maule,2018,5,29.99
Maule,2018,6,27.86
Maule,2018,7,27.71
Maule,2018,8,25.08
Maule,2018,9,25.19
Maule,2018,10,24.3
Maule,2018,11,20.71
Maule,2018,12,20.58
Maule,2018,13,18.26
Maule,2018,14,16.14
Maule,2018,15,13.0
Maule,2018,16,14.48
Maule,2018,17,12.87
Maule,2018,18,11.48
Maule,2018,19,8.67
Maule,2018,20,7.43
Maule,2018,21,8.65
Maule,2018,22,7.65
Maule,2018,23,5.56
Maule,2018,24,8.56
Maule,2018,25,7.79
Maule,2018,26,5.07
Maule,2018,27,5.99
Maule,2018,28,7.25
Maule,2018,29,10.09
Maule,2018,30,9.11
Maule,2018,31,9.23
Maule,2018,32,10.66
Maule,2018,33,12.82
Maule,2018,34,12.04
Maule,2018,35,10.47
Maule,2018,36,17.48
Maule,2018,37,15.05
Maule,2018,38,11.68
Maule,2018,39,11.46
Maule,2018,40,21.01
Maule,2018,41,20.18
Maule,2018,42,20.88
Maule,2018,43,21.51
Maule,2018,44,18.73
Maule,2018,45,25.38
Maule,2018,46,25.31
Maule,2018,47,30.92
Maule,2018,48,28.38
Maule,2018,49,28.59
Maule,2018,50,31.13
Maule,2018,51,31.72
Maule,2018,52,32.83
Maule,2019,1,32.42
Maule,2019,2,24.1
Maule,2019,3,31.31
Maule,2019,4,31.27
Maule,2019,5,30.39
Maule,2019,6,28.68
Maule,2019,7,26.78
Maule,2019,8,24.04
Maule,2019,9,25.55
Maule,2019,10,23.47
Maule,2019,11,23.15
Maule,2019,12,22.3
Maule,2019,13,17.61
Maule,2019,14,18.47
Maule,2019,15,13.09
Maule,2019,16,12.59
Maule,2019,17,11.12
Maule,2019,18,9.14
Maule,2019,19,8.85
Maule,2019,20,8.23
Maule,2019,21,7.78
Maule,2019,22,6.08
Maule,2019,23,7.51
Maule,2019,24,6.2
Maule,2019,25,8.24
Maule,2019,26,5.53
Maule,2019,27,8.94
Maule,2019,28,7.51
Maule,2019,29,8.54
Maule,2019,30,8.99
Maule,2019,31,11.48
Maule,2019,32,10.94
Maule,2019,33,10.93
Maule,2019,34,11.28
Maule,2019,35,13.08
Maule,2019,36,11.22
Maule,2019,37,13.48
Maule,2019,38,19.77
Maule,2019,39,16.72
Maule,2019,40,18.88
Maule,2019,41,18.15
Maule,2019,42,17.99
Maule,2019,43,23.39
Maule,2019,44,26.08
Maule,2019,45,27.2
Maule,2019,46,28.97
Maule,2019,47,27.37
Maule,2019,48,30.24
Maule,2019,49,31.86
Maule,2019,50,30.52
Maule,2019,51,30.62
Maule,2019,52,30.9
Maule,2020,1,32.41
Maule,2020,2,29.89
Maule,2020,3,31.47
Maule,2020,4,31.19
Maule,2020,5,29.74
Maule,2020,6,29.01
Maule,2020,7,28.36
Maule,2020,8,27.34
Maule,2020,9,25.13
Maule,2020,10,24.71
Maule,2020,11,23.08
Maule,2020,12,22.09
Maule,2020,13,18.79
Maule,2020,14,19.84
Maule,2020,15,17.1
Maule,2020,16,15.37
Maule,2020,17,11.97
Maule,2020,18,11.5
Maule,2020,19,11.96
Maule,2020,20,11.65
Maule,2020,21,9.25
Maule,2020,22,8.1
Maule,2020,23,8.37
Maule,2020,24,7.88
Maule,2020,25,3.57
Maule,2020,26,4.13
Maule,2020,27,5.99
Maule,2020,28,7.68
Maule,2020,29,6.1
Maule,2020,30,7.25
Maule,2020,31,8.77
Maule,2020,32,11.26
Maule,2020,33,13.34
Maule,2020,34,12.94
Maule,2020,35,9.26
Maule,2020,36,15.53
Maule,2020,37,15.4
Maule,2020,38,20.05
Maule,2020,39,17.61
Maule,2020,40,19.22
Maule,2020,41,25.03
Maule,2020,42,23.35
Maule,2020,43,27.52
Maule,2020,44,25.71
Maule,2020,45,28.53
Maule,2020,46,28.05
Maule,2020,47,29.19
Maule,2020,48,31.95
Maule,2020,49,32.21
Maule,2020,50,31.92
Maule,2020,51,31.48
Maule,2020,52,33.28
Maule,2020,53,32.11
Maule,2021,1,31.9
Maule,2021,2,32.41
Maule,2021,3,31.0
Maule,2021,4,22.92
Maule,2021,5,22.25
Maule,2021,6,20.85
Maule,2021,7,25.68
Maule,2021,8,26.63
Maule,2021,9,24.69
Maule,2021,10,23.11
Maule,2021,11,16.97
Maule,2021,12,20.71
Maule,2021,13,18.27
Maule,2021,14,15.88
Maule,2021,15,15.86
Maule,2021,16,11.66
Maule,2021,17,8.4
Maule,2021,18,9.26
Maule,2021,19,10.21
Maule,2021,20,7.87
Maule,2021,21,8.48
Maule,2021,22,6.34
Maule,2021,23,8.33
Maule,2021,24,7.32
Maule,2021,25,6.19
Maule,2021,26,8.32
Maule,2021,27,8.62
Maule,2021,28,8.14
Maule,2021,29,7.55
Maule,2021,30,11.32
Maule,2021,31,9.88
Maule,2021,32,9.65
Maule,2021,33,6.55
Maule,2021,34,13.83
Maule,2021,35,13.91
Maule,2021,36,13.53
Maule,2021,37,17.61
Maule,2021,38,19.14
Maule,2021,39,21.72
Maule,2021,40,22.43
Maule,2021,41,22.49
Maule,2021,42,25.3
Maule,2021,43,26.24
Maule,2021,44,26.05
Maule,2021,45,24.19
Maule,2021,46,30.04
Maule,2021,47,29.45
Maule,2021,48,28.48
Maule,2021,49,25.4
Maule,2021,50,32.51
Maule,2021,51,32.46
Maule,2021,52,30.36
Maule,2022,1,30.82
Maule,2022,2,29.35
Maule,2022,3,29.86
Maule,2022,4,28.83
Maule,2022,5,28.87
Maule,2022,6,28.04
Maule,2022,7,26.89
Maule,2022,8,23.5
Maule,2022,9,24.21
Maule,2022,10,23.48
Maule,2022,11,20.77
Maule,2022,12,18.68
Maule,2022,13,19.23
Maule,2022,14,15.98
Maule,2022,15,15.54
Maule,2022,16,7.51
Maule,2022,17,9.55
Maule,2022,18,9.45
Maule,2022,19,6.68
Maule,2022,20,7.12
Maule,2022,21,6.91
Maule,2022,22,5.84
Maule,2022,23,7.64
Maule,2022,24,5.77
Maule,2022,25,5.91
Maule,2022,26,6.41
Maule,2022,27,6.5
Maule,2022,28,5.13
Maule,2022,29,7.61
Maule,2022,30,8.1
Maule,2022,31,8.34
Maule,2022,32,10.63
Maule,2022,33,12.02
Maule,2022,34,11.61
Maule,2022,35,13.63
Maule,2022,36,13.4
Maule,2022,37,14.36
Maule,2022,38,15.91
Maule,2022,39,19.06
Maule,2022,40,15.67
Maule,2022,41,23.84
Maule,2022,42,22.57
Maule,2022,43,25.84
Maule,2022,44,28.38
Maule,2022,45,20.48
Maule,2022,46,29.61
Maule,2022,47,30.78
Maule,2022,48,30.28
Maule,2022,49,31.13
Maule,2022,50,32.45
Maule,2022,51,32.34
Maule,2022,52,28.76
Maule,2023,1,31.62
Maule,2023,2,30.46
Maule,2023,3,29.97
Maule,2023,4,29.83
Maule,2023,5,29.49
Maule,2023,6,28.78
Maule,2023,7,27.72
Maule,2023,8,26.46
Maule,2023,9,25.21
Maule,2023,10,22.62
Maule,2023,11,20.69
Maule,2023,12,21.33
Maule,2023,13,18.86
Maule,2023,14,17.13
Maule,2023,15,12.63
Maule,2023,16,13.45
Maule,2023,17,9.15
Maule,2023,18,9.72
Maule,2023,19,10.58
Maule,2023,20,7.36
Maule,2023,21,6.0
Maule,2023,22,8.02
Maule,2023,23,7.68
Maule,2023,24,7.69
Maule,2023,25,3.13
Maule,2023,26,6.54
Maule,2023,27,5.72
Maule,2023,28,7.49
Maule,2023,29,6.44
Maule,2023,30,8.12
Maule,2023,31,10.72
Maule,2023,32,10.85
Maule,2023,33,7.09
Maule,2023,34,11.97
Maule,2023,35,8.47
Maule,2023,36,8.61
Maule,2023,37,14.59
Maule,2023,38,14.59
Maule,2023,39,20.62
Maule,2023,40,20.12
Maule,2023,41,24.24
Maule,2023,42,20.55
Maule,2023,43,19.15
Maule,2023,44,24.36
Maule,2023,45,21.05
Maule,2023,46,24.1
Maule,2023,47,29.38
Maule,2023,48,28.65
Maule,2023,49,31.91
Maule,2023,50,28.61
Maule,2023,51,31.89
Maule,2023,52,25.91
Maule,2024,1,30.94
Maule,2024,2,31.84
Maule,2024,3,31.12
Maule,2024,4,30.11
Maule,2024,5,30.0
Maule,2024,6,28.34
Maule,2024,7,27.8
Maule,2024,8,24.32
Maule,2024,9,25.59
Maule,2024,10,23.7
Maule,2024,11,22.43
Maule,2024,12,18.05
Maule,2024,13,17.83
Maule,2024,14,16.73
Maule,2024,15,14.54
Maule,2024,16,11.83
Maule,2024,17,12.68
Maule,2024,18,7.87
Maule,2024,19,9.18
Maule,2024,20,10.0
Maule,2024,21,6.46
Maule,2024,22,5.59
Maule,2024,23,3.67
Maule,2024,24,4.28
Maule,2024,25,4.37
Maule,2024,26,8.51
Maule,2024,27,9.43
Maule,2024,28,7.85
Maule,2024,29,8.03
Maule,2024,30,9.49
Maule,2024,31,6.1
Maule,2024,32,11.37
Maule,2024,33,10.98
Maule,2024,34,11.64
Maule,2024,35,12.97
Maule,2024,36,14.52
Maule,2024,37,18.04
Maule,2024,38,13.64
Maule,2024,39,19.32
Maule,2024,40,19.25
Maule,2024,41,17.08
Maule,2024,42,21.01
Maule,2024,43,24.29
Maule,2024,44,22.65
Maule,2024,45,25.62
Maule,2024,46,28.07
Maule,2024,47,30.49
Maule,2024,48,30.9
Maule,2024,49,29.71
Maule,2024,50,32.72
Maule,2024,51,32.11
Maule,2024,52,31.48
Maule,2025,1,32.2
Maule,2025,2,31.68
Maule,2025,3,30.44
Maule,2025,4,30.39
Maule,2025,5,30.25
Maule,2025,6,28.74
Maule,2025,7,28.05
Maule,2025,8,26.46
Maule,2025,9,22.97
Maule,2025,10,22.52
Maule,2025,11,21.73
Maule,2025,12,21.49
Maule,2025,13,18.18
Maule,2025,14,17.07
Maule,2025,15,14.23
Maule,2025,16,14.23
Maule,2025,17,10.45
Maule,2025,18,10.93
Maule,2025,19,9.06
Maule,2025,20,7.9
Maule,2025,21,9.18
Maule,2025,22,9.34
Maule,2025,23,7.37
Maule,2025,24,5.09
Maule,2025,25,7.22
Maule,2025,26,9.05
Maule,2025,27,8.4
Maule,2025,28,8.02
Maule,2025,29,9.08
Maule,2025,30,8.14
Maule,2025,31,5.5
Maule,2025,32,10.77
Maule,2025,33,11.46
Maule,2025,34,11.35
Maule,2025,35,11.03
Maule,2025,36,13.05
Maule,2025,37,17.01
Maule,2025,38,15.98
Maule,2025,39,18.85
Maule,2025,40,19.62
Maule,2025,41,24.41
Maule,2025,42,23.92
Maule,2025,43,23.65
Maule,2025,44,26.37
Maule,2025,45,23.74
Maule,2025,46,29.41
Maule,2025,47,29.7
Maule,2025,48,27.34
Maule,2025,49,30.85
Maule,2025,50,27.12
Maule,2025,51,29.78
Maule,2025,52,32.51
Maule,2026,1,31.56
Maule,2026,2,27.9
Maule,2026,3,31.66
Maule,2026,4,29.47
Maule,2026,5,27.55
Maule,2026,6,22.96
Maule,2026,7,27.04
Maule,2026,8,26.61
Maule,2026,9,23.89
Maule,2026,10,22.44
Maule,2026,11,21.34
Maule,2026,12,14.57
Maule,2026,13,19.51
Maule,2026,14,17.56
Maule,2026,15,14.41
Maule,2026,16,10.02
Maule,2026,17,13.87
Maule,2026,18,10.69
Maule,2026,19,8.57
Maule,2026,20,8.97
Maule,2026,21,7.73
Maule,2026,22,7.31
Maule,2026,23,4.7
Maule,2026,24,5.11
Maule,2026,25,6.62
Metropolitana,2014,1,34.16
Metropolitana,2014,2,34.13
Metropolitana,2014,3,28.74
Metropolitana,2014,4,30.82
Metropolitana,2014,5,31.25
Metropolitana,2014,6,31.37
Metropolitana,2014,7,27.97
Metropolitana,2014,8,28.62
Metropolitana,2014,9,25.43
Metropolitana,2014,10,25.74
Metropolitana,2014,11,24.24
Metropolitana,2014,12,23.96
Metropolitana,2014,13,22.19
Metropolitana,2014,14,20.28
Metropolitana,2014,15,18.05
Metropolitana,2014,16,17.39
Metropolitana,2014,17,17.0
Metropolitana,2014,18,11.13
Metropolitana,2014,19,13.65
Metropolitana,2014,20,12.83
Metropolitana,2014,21,11.6
Metropolitana,2014,22,11.52
Metropolitana,2014,23,6.88
Metropolitana,2014,24,8.59
Metropolitana,2014,25,10.15
Metropolitana,2014,26,10.4
Metropolitana,2014,27,8.73
Metropolitana,2014,28,11.59
Metropolitana,2014,29,10.59
Metropolitana,2014,30,9.57
Metropolitana,2014,31,9.4
Metropolitana,2014,32,13.29
Metropolitana,2014,33,16.36
Metropolitana,2014,34,14.05
Metropolitana,2014,35,13.71
Metropolitana,2014,36,10.25
Metropolitana,2014,37,17.14
Metropolitana,2014,38,18.01
Metropolitana,2014,39,14.87
Metropolitana,2014,40,21.28
Metropolitana,2014,41,25.38
Metropolitana,2014,42,21.07
Metropolitana,2014,43,27.41
Metropolitana,2014,44,26.19
Metropolitana,2014,45,31.21
Metropolitana,2014,46,30.54
Metropolitana,2014,47,28.75
Metropolitana,2014,48,23.49
Metropolitana,2014,49,32.51
Metropolitana,2014,50,29.94
Metropolitana,2014,51,30.03
Metropolitana,2014,52,34.33
Metropolitana,2015,1,32.66
Metropolitana,2015,2,33.43
Metropolitana,2015,3,33.78
Metropolitana,2015,4,32.47
Metropolitana,2015,5,32.3
Metropolitana,2015,6,31.36
Metropolitana,2015,7,28.9
Metropolitana,2015,8,26.63
Metropolitana,2015,9,25.58
Metropolitana,2015,10,27.07
Metropolitana,2015,11,26.06
Metropolitana,2015,12,24.36
Metropolitana,2015,13,18.07
Metropolitana,2015,14,20.96
Metropolitana,2015,15,20.03
Metropolitana,2015,16,16.71
Metropolitana,2015,17,16.77
Metropolitana,2015,18,15.26
Metropolitana,2015,19,13.27
Metropolitana,2015,20,13.67
Metropolitana,2015,21,12.96
Metropolitana,2015,22,11.1
Metropolitana,2015,23,9.39
Metropolitana,2015,24,11.02
Metropolitana,2015,25,11.1
Metropolitana,2015,26,11.74
Metropolitana,2015,27,9.9
Metropolitana,2015,28,6.07
Metropolitana,2015,29,9.93
Metropolitana,2015,30,11.61
Metropolitana,2015,31,7.22
Metropolitana,2015,32,5.89
Metropolitana,2015,33,11.56
Metropolitana,2015,34,13.57
Metropolitana,2015,35,13.52
Metropolitana,2015,36,18.68
Metropolitana,2015,37,14.13
Metropolitana,2015,38,14.45
Metropolitana,2015,39,15.37
Metropolitana,2015,40,16.72
Metropolitana,2015,41,18.82
Metropolitana,2015,42,19.6
Metropolitana,2015,43,22.77
Metropolitana,2015,44,25.28
Metropolitana,2015,45,23.28
Metropolitana,2015,46,26.59
Metropolitana,2015,47,27.68
Metropolitana,2015,48,30.87
Metropolitana,2015,49,29.92
Metropolitana,2015,50,30.25
Metropolitana,2015,51,32.04
Metropolitana,2015,52,33.33
Metropolitana,2015,53,30.89
Metropolitana,2016,1,25.48
Metropolitana,2016,2,32.45
Metropolitana,2016,3,29.89
Metropolitana,2016,4,24.96
Metropolitana,2016,5,29.84
Metropolitana,2016,6,30.31
Metropolitana,2016,7,29.7
Metropolitana,2016,8,28.31
Metropolitana,2016,9,25.38
Metropolitana,2016,10,25.19
Metropolitana,2016,11,23.23
Metropolitana,2016,12,22.19
Metropolitana,2016,13,16.87
Metropolitana,2016,14,16.4
Metropolitana,2016,15,8.13
Metropolitana,2016,16,10.96
Metropolitana,2016,17,12.98
Metropolitana,2016,18,10.28
Metropolitana,2016,19,8.88
Metropolitana,2016,20,10.34
Metropolitana,2016,21,9.54
Metropolitana,2016,22,7.61
Metropolitana,2016,23,10.14
Metropolitana,2016,24,9.87
Metropolitana,2016,25,10.49
Metropolitana,2016,26,8.62
Metropolitana,2016,27,10.44
Metropolitana,2016,28,7.17
Metropolitana,2016,29,9.64
Metropolitana,2016,30,11.17
Metropolitana,2016,31,12.8
Metropolitana,2016,32,13.74
Metropolitana,2016,33,15.97
Metropolitana,2016,34,15.73
Metropolitana,2016,35,17.79
Metropolitana,2016,36,20.59
Metropolitana,2016,37,19.61
Metropolitana,2016,38,23.79
Metropolitana,2016,39,23.63
Metropolitana,2016,40,24.84
Metropolitana,2016,41,16.43
Metropolitana,2016,42,22.51
Metropolitana,2016,43,26.45
Metropolitana,2016,44,28.33
Metropolitana,2016,45,29.78
Metropolitana,2016,46,30.54
Metropolitana,2016,47,24.64
Metropolitana,2016,48,31.56
Metropolitana,2016,49,27.27
Metropolitana,2016,50,32.95
Metropolitana,2016,51,32.29
Metropolitana,2016,52,30.79
Metropolitana,2017,1,32.76
Metropolitana,2017,2,30.94
Metropolitana,2017,3,32.52
Metropolitana,2017,4,31.11
Metropolitana,2017,5,28.26
Metropolitana,2017,6,29.01
Metropolitana,2017,7,27.32
Metropolitana,2017,8,23.85
Metropolitana,2017,9,22.71
Metropolitana,2017,10,24.85
Metropolitana,2017,11,23.12
Metropolitana,2017,12,20.79
Metropolitana,2017,13,20.33
Metropolitana,2017,14,17.48
Metropolitana,2017,15,16.95
Metropolitana,2017,16,13.11
Metropolitana,2017,17,15.28
Metropolitana,2017,18,12.92
Metropolitana,2017,19,8.18
Metropolitana,2017,20,10.61
Metropolitana,2017,21,8.27
Metropolitana,2017,22,10.95
Metropolitana,2017,23,9.8
Metropolitana,2017,24,8.09
Metropolitana,2017,25,5.59
Metropolitana,2017,26,10.32
Metropolitana,2017,27,7.23
Metropolitana,2017,28,10.11
Metropolitana,2017,29,11.03
Metropolitana,2017,30,11.61
Metropolitana,2017,31,10.74
Metropolitana,2017,32,7.36
Metropolitana,2017,33,14.34
Metropolitana,2017,34,13.48
Metropolitana,2017,35,13.78
Metropolitana,2017,36,13.57
Metropolitana,2017,37,16.82
Metropolitana,2017,38,18.43
Metropolitana,2017,39,14.61
Metropolitana,2017,40,17.61
Metropolitana,2017,41,21.72
Metropolitana,2017,42,21.09
Metropolitana,2017,43,23.66
Metropolitana,2017,44,20.05
Metropolitana,2017,45,25.72
Metropolitana,2017,46,28.48
Metropolitana,2017,47,31.09
Metropolitana,2017,48,29.05
Metropolitana,2017,49,31.37
Metropolitana,2017,50,28.57
Metropolitana,2017,51,32.19
Metropolitana,2017,52,30.62
Metropolitana,2018,1,31.06
Metropolitana,2018,2,28.13
Metropolitana,2018,3,27.73
Metropolitana,2018,4,29.86
Metropolitana,2018,5,29.75
Metropolitana,2018,6,27.18
Metropolitana,2018,7,28.21
Metropolitana,2018,8,25.24
Metropolitana,2018,9,25.23
Metropolitana,2018,10,24.49
Metropolitana,2018,11,23.9
Metropolitana,2018,12,22.73
Metropolitana,2018,13,20.86
Metropolitana,2018,14,18.25
Metropolitana,2018,15,16.64
Metropolitana,2018,16,17.04
Metropolitana,2018,17,14.3
Metropolitana,2018,18,13.64
Metropolitana,2018,19,11.69
Metropolitana,2018,20,10.54
Metropolitana,2018,21,12.03
Metropolitana,2018,22,7.01
Metropolitana,2018,23,7.93
Metropolitana,2018,24,9.79
Metropolitana,2018,25,9.84
Metropolitana,2018,26,8.4
Metropolitana,2018,27,7.58
Metropolitana,2018,28,9.63
Metropolitana,2018,29,9.43
Metropolitana,2018,30,11.67
Metropolitana,2018,31,13.09
Metropolitana,2018,32,12.48
Metropolitana,2018,33,13.59
Metropolitana,2018,34,14.34
Metropolitana,2018,35,15.19
Metropolitana,2018,36,18.33
Metropolitana,2018,37,18.2
Metropolitana,2018,38,13.74
Metropolitana,2018,39,10.27
Metropolitana,2018,40,22.71
Metropolitana,2018,41,18.65
Metropolitana,2018,42,22.32
Metropolitana,2018,43,21.07
Metropolitana,2018,44,21.51
Metropolitana,2018,45,28.22
Metropolitana,2018,46,26.82
Metropolitana,2018,47,30.63
Metropolitana,2018,48,29.79
Metropolitana,2018,49,26.7
Metropolitana,2018,50,31.33
Metropolitana,2018,51,32.11
Metropolitana,2018,52,32.58
Metropolitana,2019,1,31.07
Metropolitana,2019,2,27.38
Metropolitana,2019,3,30.83
Metropolitana,2019,4,30.54
Metropolitana,2019,5,30.34
Metropolitana,2019,6,28.73
Metropolitana,2019,7,26.59
Metropolitana,2019,8,26.59
Metropolitana,2019,9,26.43
Metropolitana,2019,10,24.29
Metropolitana,2019,11,23.27
Metropolitana,2019,12,22.7
Metropolitana,2019,13,19.06
Metropolitana,2019,14,19.73
Metropolitana,2019,15,14.81
Metropolitana,2019,16,15.33
Metropolitana,2019,17,13.32
Metropolitana,2019,18,12.09
Metropolitana,2019,19,12.31
Metropolitana,2019,20,11.67
Metropolitana,2019,21,10.12
Metropolitana,2019,22,8.29
Metropolitana,2019,23,9.88
Metropolitana,2019,24,8.29
Metropolitana,2019,25,8.65
Metropolitana,2019,26,5.9
Metropolitana,2019,27,10.38
Metropolitana,2019,28,9.51
Metropolitana,2019,29,9.64
Metropolitana,2019,30,11.45
Metropolitana,2019,31,13.03
Metropolitana,2019,32,13.67
Metropolitana,2019,33,13.02
Metropolitana,2019,34,11.4
Metropolitana,2019,35,16.91
Metropolitana,2019,36,13.81
Metropolitana,2019,37,18.07
Metropolitana,2019,38,19.88
Metropolitana,2019,39,21.72
Metropolitana,2019,40,19.18
Metropolitana,2019,41,18.04
Metropolitana,2019,42,21.37
Metropolitana,2019,43,23.03
Metropolitana,2019,44,27.73
Metropolitana,2019,45,27.03
Metropolitana,2019,46,30.05
Metropolitana,2019,47,29.94
Metropolitana,2019,48,30.04
Metropolitana,2019,49,32.02
Metropolitana,2019,50,30.45
Metropolitana,2019,51,31.73
Metropolitana,2019,52,32.58
Metropolitana,2020,1,31.17
Metropolitana,2020,2,30.68
Metropolitana,2020,3,30.8
Metropolitana,2020,4,30.69
Metropolitana,2020,5,29.51
Metropolitana,2020,6,29.9
Metropolitana,2020,7,28.67
Metropolitana,2020,8,27.74
Metropolitana,2020,9,25.97
Metropolitana,2020,10,25.36
Metropolitana,2020,11,23.77
Metropolitana,2020,12,22.43
Metropolitana,2020,13,20.85
Metropolitana,2020,14,19.9
Metropolitana,2020,15,16.26
Metropolitana,2020,16,17.18
Metropolitana,2020,17,13.24
Metropolitana,2020,18,15.03
Metropolitana,2020,19,14.07
Metropolitana,2020,20,12.58
Metropolitana,2020,21,10.48
Metropolitana,2020,22,8.63
Metropolitana,2020,23,9.26
Metropolitana,2020,24,9.54
Metropolitana,2020,25,4.96
Metropolitana,2020,26,5.25
Metropolitana,2020,27,6.96
Metropolitana,2020,28,7.75
Metropolitana,2020,29,8.63
Metropolitana,2020,30,8.21
Metropolitana,2020,31,11.4
Metropolitana,2020,32,12.91
Metropolitana,2020,33,14.72
Metropolitana,2020,34,15.81
Metropolitana,2020,35,14.4
Metropolitana,2020,36,16.83
Metropolitana,2020,37,18.04
Metropolitana,2020,38,21.69
Metropolitana,2020,39,20.02
Metropolitana,2020,40,22.22
Metropolitana,2020,41,25.51
Metropolitana,2020,42,25.76
Metropolitana,2020,43,26.47
Metropolitana,2020,44,25.82
Metropolitana,2020,45,29.17
Metropolitana,2020,46,27.37
Metropolitana,2020,47,27.4
Metropolitana,2020,48,32.21
Metropolitana,2020,49,32.26
Metropolitana,2020,50,32.58
Metropolitana,2020,51,31.76
Metropolitana,2020,52,32.75
Metropolitana,2020,53,31.91
Metropolitana,2021,1,31.33
Metropolitana,2021,2,32.63
Metropolitana,2021,3,30.53
Metropolitana,2021,4,23.68
Metropolitana,2021,5,26.07
Metropolitana,2021,6,25.27
Metropolitana,2021,7,26.38
Metropolitana,2021,8,27.36
Metropolitana,2021,9,23.73
Metropolitana,2021,10,23.54
Metropolitana,2021,11,17.17
Metropolitana,2021,12,21.61
Metropolitana,2021,13,18.24
Metropolitana,2021,14,18.1
Metropolitana,2021,15,18.01
Metropolitana,2021,16,15.09
Metropolitana,2021,17,13.59
Metropolitana,2021,18,12.62
Metropolitana,2021,19,11.52
Metropolitana,2021,20,11.16
Metropolitana,2021,21,11.63
Metropolitana,2021,22,8.37
Metropolitana,2021,23,10.95
Metropolitana,2021,24,9.93
Metropolitana,2021,25,6.78
Metropolitana,2021,26,9.86
Metropolitana,2021,27,10.62
Metropolitana,2021,28,11.61
Metropolitana,2021,29,11.71
Metropolitana,2021,30,14.1
Metropolitana,2021,31,12.05
Metropolitana,2021,32,13.66
Metropolitana,2021,33,7.6
Metropolitana,2021,34,13.1
Metropolitana,2021,35,13.96
Metropolitana,2021,36,14.47
Metropolitana,2021,37,17.95
Metropolitana,2021,38,21.24
Metropolitana,2021,39,23.2
Metropolitana,2021,40,23.14
Metropolitana,2021,41,23.14
Metropolitana,2021,42,25.34
Metropolitana,2021,43,27.25
Metropolitana,2021,44,27.08
Metropolitana,2021,45,29.06
Metropolitana,2021,46,30.97
Metropolitana,2021,47,28.42
Metropolitana,2021,48,31.28
Metropolitana,2021,49,28.25
Metropolitana,2021,50,31.92
Metropolitana,2021,51,31.68
Metropolitana,2021,52,31.38
Metropolitana,2022,1,31.42
Metropolitana,2022,2,28.64
Metropolitana,2022,3,29.28
Metropolitana,2022,4,30.18
Metropolitana,2022,5,28.9
Metropolitana,2022,6,28.0
Metropolitana,2022,7,27.29
Metropolitana,2022,8,25.34
Metropolitana,2022,9,24.45
Metropolitana,2022,10,24.59
Metropolitana,2022,11,20.75
Metropolitana,2022,12,21.86
Metropolitana,2022,13,21.01
Metropolitana,2022,14,19.03
Metropolitana,2022,15,17.31
Metropolitana,2022,16,13.85
Metropolitana,2022,17,13.28
Metropolitana,2022,18,13.5
Metropolitana,2022,19,11.15
Metropolitana,2022,20,11.26
Metropolitana,2022,21,7.72
Metropolitana,2022,22,8.38
Metropolitana,2022,23,10.46
Metropolitana,2022,24,9.23
Metropolitana,2022,25,7.49
Metropolitana,2022,26,8.14
Metropolitana,2022,27,8.53
Metropolitana,2022,28,9.04
Metropolitana,2022,29,11.67
Metropolitana,2022,30,9.25
Metropolitana,2022,31,10.46
Metropolitana,2022,32,12.82
Metropolitana,2022,33,13.81
Metropolitana,2022,34,13.47
Metropolitana,2022,35,15.25
Metropolitana,2022,36,15.51
Metropolitana,2022,37,15.04
Metropolitana,2022,38,15.8
Metropolitana,2022,39,21.58
Metropolitana,2022,40,20.92
Metropolitana,2022,41,25.63
Metropolitana,2022,42,25.59
Metropolitana,2022,43,25.58
Metropolitana,2022,44,28.48
Metropolitana,2022,45,20.36
Metropolitana,2022,46,30.39
Metropolitana,2022,47,30.7
Metropolitana,2022,48,30.14
Metropolitana,2022,49,31.8
Metropolitana,2022,50,32.53
Metropolitana,2022,51,31.92
Metropolitana,2022,52,28.23
Metropolitana,2023,1,30.47
Metropolitana,2023,2,30.37
Metropolitana,2023,3,30.99
Metropolitana,2023,4,30.56
Metropolitana,2023,5,29.68
Metropolitana,2023,6,29.1
Metropolitana,2023,7,27.71
Metropolitana,2023,8,26.53
Metropolitana,2023,9,25.83
Metropolitana,2023,10,23.94
Metropolitana,2023,11,23.0
Metropolitana,2023,12,22.29
Metropolitana,2023,13,20.83
Metropolitana,2023,14,18.59
Metropolitana,2023,15,15.11
Metropolitana,2023,16,16.34
Metropolitana,2023,17,11.05
Metropolitana,2023,18,14.22
Metropolitana,2023,19,13.43
Metropolitana,2023,20,10.16
Metropolitana,2023,21,6.9
Metropolitana,2023,22,9.32
Metropolitana,2023,23,8.63
Metropolitana,2023,24,10.36
Metropolitana,2023,25,4.71
Metropolitana,2023,26,8.19
Metropolitana,2023,27,8.63
Metropolitana,2023,28,8.21
Metropolitana,2023,29,5.83
Metropolitana,2023,30,11.64
Metropolitana,2023,31,13.05
Metropolitana,2023,32,11.92
Metropolitana,2023,33,9.28
Metropolitana,2023,34,11.86
Metropolitana,2023,35,12.21
Metropolitana,2023,36,7.09
Metropolitana,2023,37,15.86
Metropolitana,2023,38,12.61
Metropolitana,2023,39,21.45
Metropolitana,2023,40,20.67
Metropolitana,2023,41,24.35
Metropolitana,2023,42,19.41
Metropolitana,2023,43,21.3
Metropolitana,2023,44,24.02
Metropolitana,2023,45,20.43
Metropolitana,2023,46,25.3
Metropolitana,2023,47,30.04
Metropolitana,2023,48,30.34
Metropolitana,2023,49,32.32
Metropolitana,2023,50,31.43
Metropolitana,2023,51,31.93
Metropolitana,2023,52,26.66
Metropolitana,2024,1,31.73
Metropolitana,2024,2,31.53
Metropolitana,2024,3,31.7
Metropolitana,2024,4,30.17
Metropolitana,2024,5,29.98
Metropolitana,2024,6,28.28
Metropolitana,2024,7,27.99
Metropolitana,2024,8,23.31
Metropolitana,2024,9,25.63
Metropolitana,2024,10,24.97
Metropolitana,2024,11,23.85
Metropolitana,2024,12,20.65
Metropolitana,2024,13,20.51
Metropolitana,2024,14,16.95
Metropolitana,2024,15,14.52
Metropolitana,2024,16,13.58
Metropolitana,2024,17,14.97
Metropolitana,2024,18,12.17
Metropolitana,2024,19,11.36
Metropolitana,2024,20,11.65
Metropolitana,2024,21,6.14
Metropolitana,2024,22,8.48
Metropolitana,2024,23,5.71
Metropolitana,2024,24,6.06
Metropolitana,2024,25,5.13
Metropolitana,2024,26,8.21
Metropolitana,2024,27,10.94
Metropolitana,2024,28,11.85
Metropolitana,2024,29,10.41
Metropolitana,2024,30,10.71
Metropolitana,2024,31,8.08
Metropolitana,2024,32,12.77
Metropolitana,2024,33,10.81
Metropolitana,2024,34,13.81
Metropolitana,2024,35,14.9
Metropolitana,2024,36,16.47
Metropolitana,2024,37,19.51
Metropolitana,2024,38,14.32
Metropolitana,2024,39,18.93
Metropolitana,2024,40,19.62
Metropolitana,2024,41,16.55
Metropolitana,2024,42,23.56
Metropolitana,2024,43,25.45
Metropolitana,2024,44,26.26
Metropolitana,2024,45,27.42
Metropolitana,2024,46,27.17
Metropolitana,2024,47,30.01
Metropolitana,2024,48,31.61
Metropolitana,2024,49,31.22
Metropolitana,2024,50,31.98
Metropolitana,2024,51,31.27
Metropolitana,2024,52,31.4
Metropolitana,2025,1,30.45
Metropolitana,2025,2,30.5
Metropolitana,2025,3,30.7
Metropolitana,2025,4,30.73
Metropolitana,2025,5,30.25
Metropolitana,2025,6,29.28
Metropolitana,2025,7,28.23
Metropolitana,2025,8,27.3
Metropolitana,2025,9,25.73
Metropolitana,2025,10,24.93
Metropolitana,2025,11,23.4
Metropolitana,2025,12,22.35
Metropolitana,2025,13,17.85
Metropolitana,2025,14,18.64
Metropolitana,2025,15,16.41
Metropolitana,2025,16,16.33
Metropolitana,2025,17,12.64
Metropolitana,2025,18,14.2
Metropolitana,2025,19,10.35
Metropolitana,2025,20,9.57
Metropolitana,2025,21,10.29
Metropolitana,2025,22,10.46
Metropolitana,2025,23,9.21
Metropolitana,2025,24,8.99
Metropolitana,2025,25,9.28
Metropolitana,2025,26,9.62
Metropolitana,2025,27,10.61
Metropolitana,2025,28,10.69
Metropolitana,2025,29,10.89
Metropolitana,2025,30,9.51
Metropolitana,2025,31,7.66
Metropolitana,2025,32,12.39
Metropolitana,2025,33,11.51
Metropolitana,2025,34,13.96
Metropolitana,2025,35,11.41
Metropolitana,2025,36,14.37
Metropolitana,2025,37,19.49
Metropolitana,2025,38,19.2
Metropolitana,2025,39,20.69
Metropolitana,2025,40,20.46
Metropolitana,2025,41,25.02
Metropolitana,2025,42,24.22
Metropolitana,2025,43,22.97
Metropolitana,2025,44,26.59
Metropolitana,2025,45,26.33
Metropolitana,2025,46,29.88
Metropolitana,2025,47,28.74
Metropolitana,2025,48,30.12
Metropolitana,2025,49,27.54
Metropolitana,2025,50,25.66
Metropolitana,2025,51,30.13
Metropolitana,2025,52,31.88
Metropolitana,2026,1,31.74
Metropolitana,2026,2,27.73
Metropolitana,2026,3,31.32
Metropolitana,2026,4,29.79
Metropolitana,2026,5,26.73
Metropolitana,2026,6,28.25
Metropolitana,2026,7,27.19
Metropolitana,2026,8,27.4
Metropolitana,2026,9,26.27
Metropolitana,2026,10,24.45
Metropolitana,2026,11,23.46
Metropolitana,2026,12,17.7
Metropolitana,2026,13,21.53
Metropolitana,2026,14,20.31
Metropolitana,2026,15,18.17
Metropolitana,2026,16,14.09
Metropolitana,2026,17,14.96
Metropolitana,2026,18,14.18
Metropolitana,2026,19,12.26
Metropolitana,2026,20,12.11
Metropolitana,2026,21,10.51
Metropolitana,2026,22,11.1
Metropolitana,2026,23,8.01
Metropolitana,2026,24,7.25
Metropolitana,2026,25,7.95
O'Higgins,2014,1,33.67
O'Higgins,2014,2,34.04
O'Higgins,2014,3,28.82
O'Higgins,2014,4,31.25
O'Higgins,2014,5,31.03
O'Higgins,2014,6,31.25
O'Higgins,2014,7,28.11
O'Higgins,2014,8,28.55
O'Higgins,2014,9,25.78
O'Higgins,2014,10,24.69
O'Higgins,2014,11,23.47
O'Higgins,2014,12,23.74
O'Higgins,2014,13,21.41
O'Higgins,2014,14,19.42
O'Higgins,2014,15,16.46
O'Higgins,2014,16,16.31
O'Higgins,2014,17,16.18
O'Higgins,2014,18,10.07
O'Higgins,2014,19,11.69
O'Higgins,2014,20,11.49
O'Higgins,2014,21,10.29
O'Higgins,2014,22,10.12
O'Higgins,2014,23,5.64
O'Higgins,2014,24,8.55
O'Higgins,2014,25,9.95
O'Higgins,2014,26,9.5
O'Higgins,2014,27,8.1
O'Higgins,2014,28,10.74
O'Higgins,2014,29,9.92
O'Higgins,2014,30,8.89
O'Higgins,2014,31,7.13
O'Higgins,2014,32,12.95
O'Higgins,2014,33,15.79
O'Higgins,2014,34,12.53
O'Higgins,2014,35,12.43
O'Higgins,2014,36,9.05
O'Higgins,2014,37,16.1
O'Higgins,2014,38,16.56
O'Higgins,2014,39,12.22
O'Higgins,2014,40,20.73
O'Higgins,2014,41,23.22
O'Higgins,2014,42,19.89
O'Higgins,2014,43,27.97
O'Higgins,2014,44,25.79
O'Higgins,2014,45,30.62
O'Higgins,2014,46,30.96
O'Higgins,2014,47,26.02
O'Higgins,2014,48,24.29
O'Higgins,2014,49,32.29
O'Higgins,2014,50,29.27
O'Higgins,2014,51,28.68
O'Higgins,2014,52,34.46
O'Higgins,2015,1,31.49
O'Higgins,2015,2,33.44
O'Higgins,2015,3,33.43
O'Higgins,2015,4,32.12
O'Higgins,2015,5,32.13
O'Higgins,2015,6,30.97
O'Higgins,2015,7,27.7
O'Higgins,2015,8,26.47
O'Higgins,2015,9,25.47
O'Higgins,2015,10,26.85
O'Higgins,2015,11,25.81
O'Higgins,2015,12,24.02
O'Higgins,2015,13,17.52
O'Higgins,2015,14,20.42
O'Higgins,2015,15,19.23
O'Higgins,2015,16,14.8
O'Higgins,2015,17,16.47
O'Higgins,2015,18,13.91
O'Higgins,2015,19,12.33
O'Higgins,2015,20,12.98
O'Higgins,2015,21,12.04
O'Higgins,2015,22,9.77
O'Higgins,2015,23,7.21
O'Higgins,2015,24,8.52
O'Higgins,2015,25,10.57
O'Higgins,2015,26,11.19
O'Higgins,2015,27,8.77
O'Higgins,2015,28,4.08
O'Higgins,2015,29,8.15
O'Higgins,2015,30,10.55
O'Higgins,2015,31,5.25
O'Higgins,2015,32,5.41
O'Higgins,2015,33,10.19
O'Higgins,2015,34,12.96
O'Higgins,2015,35,11.89
O'Higgins,2015,36,18.01
O'Higgins,2015,37,13.88
O'Higgins,2015,38,11.72
O'Higgins,2015,39,13.69
O'Higgins,2015,40,15.33
O'Higgins,2015,41,19.38
O'Higgins,2015,42,18.35
O'Higgins,2015,43,21.13
O'Higgins,2015,44,24.86
O'Higgins,2015,45,23.28
O'Higgins,2015,46,27.13
O'Higgins,2015,47,25.79
O'Higgins,2015,48,30.56
O'Higgins,2015,49,30.23
O'Higgins,2015,50,30.77
O'Higgins,2015,51,32.0
O'Higgins,2015,52,33.73
O'Higgins,2015,53,31.32
O'Higgins,2016,1,25.3
O'Higgins,2016,2,32.7
O'Higgins,2016,3,30.14
O'Higgins,2016,4,25.0
O'Higgins,2016,5,29.64
O'Higgins,2016,6,30.36
O'Higgins,2016,7,29.52
O'Higgins,2016,8,28.07
O'Higgins,2016,9,25.31
O'Higgins,2016,10,25.05
O'Higgins,2016,11,23.37
O'Higgins,2016,12,21.83
O'Higgins,2016,13,15.9
O'Higgins,2016,14,15.47
O'Higgins,2016,15,7.24
O'Higgins,2016,16,9.65
O'Higgins,2016,17,12.4
O'Higgins,2016,18,9.34
O'Higgins,2016,19,8.22
O'Higgins,2016,20,9.58
O'Higgins,2016,21,8.6
O'Higgins,2016,22,7.11
O'Higgins,2016,23,9.42
O'Higgins,2016,24,9.14
O'Higgins,2016,25,9.75
O'Higgins,2016,26,7.98
O'Higgins,2016,27,9.93
O'Higgins,2016,28,6.81
O'Higgins,2016,29,8.37
O'Higgins,2016,30,9.98
O'Higgins,2016,31,12.17
O'Higgins,2016,32,12.29
O'Higgins,2016,33,12.52
O'Higgins,2016,34,14.93
O'Higgins,2016,35,17.02
O'Higgins,2016,36,19.14
O'Higgins,2016,37,18.38
O'Higgins,2016,38,23.32
O'Higgins,2016,39,22.8
O'Higgins,2016,40,23.34
O'Higgins,2016,41,14.7
O'Higgins,2016,42,22.41
O'Higgins,2016,43,26.0
O'Higgins,2016,44,27.97
O'Higgins,2016,45,30.02
O'Higgins,2016,46,29.65
O'Higgins,2016,47,25.76
O'Higgins,2016,48,31.61
O'Higgins,2016,49,27.57
O'Higgins,2016,50,33.31
O'Higgins,2016,51,32.0
O'Higgins,2016,52,31.72
O'Higgins,2017,1,32.71
O'Higgins,2017,2,31.12
O'Higgins,2017,3,33.08
O'Higgins,2017,4,30.94
O'Higgins,2017,5,27.17
O'Higgins,2017,6,27.25
O'Higgins,2017,7,26.73
O'Higgins,2017,8,23.17
O'Higgins,2017,9,19.67
O'Higgins,2017,10,24.3
O'Higgins,2017,11,22.62
O'Higgins,2017,12,21.04
O'Higgins,2017,13,19.26
O'Higgins,2017,14,16.27
O'Higgins,2017,15,16.92
O'Higgins,2017,16,11.83
O'Higgins,2017,17,14.91
O'Higgins,2017,18,12.55
O'Higgins,2017,19,8.29
O'Higgins,2017,20,11.11
O'Higgins,2017,21,8.04
O'Higgins,2017,22,9.42
O'Higgins,2017,23,9.54
O'Higgins,2017,24,8.89
O'Higgins,2017,25,3.82
O'Higgins,2017,26,10.1
O'Higgins,2017,27,6.9
O'Higgins,2017,28,10.02
O'Higgins,2017,29,10.79
O'Higgins,2017,30,11.56
O'Higgins,2017,31,10.99
O'Higgins,2017,32,6.28
O'Higgins,2017,33,13.19
O'Higgins,2017,34,12.19
O'Higgins,2017,35,13.94
O'Higgins,2017,36,13.6
O'Higgins,2017,37,16.4
O'Higgins,2017,38,18.42
O'Higgins,2017,39,11.83
O'Higgins,2017,40,17.13
O'Higgins,2017,41,21.63
O'Higgins,2017,42,20.32
O'Higgins,2017,43,21.08
O'Higgins,2017,44,19.29
O'Higgins,2017,45,24.26
O'Higgins,2017,46,27.85
O'Higgins,2017,47,29.69
O'Higgins,2017,48,29.08
O'Higgins,2017,49,31.64
O'Higgins,2017,50,28.25
O'Higgins,2017,51,32.19
O'Higgins,2017,52,29.29
O'Higgins,2018,1,29.51
O'Higgins,2018,2,26.62
O'Higgins,2018,3,27.59
O'Higgins,2018,4,29.18
O'Higgins,2018,5,30.06
O'Higgins,2018,6,26.39
O'Higgins,2018,7,28.39
O'Higgins,2018,8,23.71
O'Higgins,2018,9,24.94
O'Higgins,2018,10,24.47
O'Higgins,2018,11,24.01
O'Higgins,2018,12,22.42
O'Higgins,2018,13,21.1
O'Higgins,2018,14,17.38
O'Higgins,2018,15,15.92
O'Higgins,2018,16,15.64
O'Higgins,2018,17,13.87
O'Higgins,2018,18,13.88
O'Higgins,2018,19,11.93
O'Higgins,2018,20,9.63
O'Higgins,2018,21,11.93
O'Higgins,2018,22,7.19
O'Higgins,2018,23,7.32
O'Higgins,2018,24,9.39
O'Higgins,2018,25,9.82
O'Higgins,2018,26,6.4
O'Higgins,2018,27,6.74
O'Higgins,2018,28,9.34
O'Higgins,2018,29,8.46
O'Higgins,2018,30,11.46
O'Higgins,2018,31,11.92
O'Higgins,2018,32,11.13
O'Higgins,2018,33,13.39
O'Higgins,2018,34,14.64
O'Higgins,2018,35,14.07
O'Higgins,2018,36,18.02
O'Higgins,2018,37,18.37
O'Higgins,2018,38,11.6
O'Higgins,2018,39,7.63
O'Higgins,2018,40,22.23
O'Higgins,2018,41,16.62
O'Higgins,2018,42,20.96
O'Higgins,2018,43,17.35
O'Higgins,2018,44,19.21
O'Higgins,2018,45,27.86
O'Higgins,2018,46,24.35
O'Higgins,2018,47,29.4
O'Higgins,2018,48,27.6
O'Higgins,2018,49,25.46
O'Higgins,2018,50,30.2
O'Higgins,2018,51,31.68
O'Higgins,2018,52,32.1
O'Higgins,2019,1,31.78
O'Higgins,2019,2,26.02
O'Higgins,2019,3,30.09
O'Higgins,2019,4,31.29
O'Higgins,2019,5,30.65
O'Higgins,2019,6,28.54
O'Higgins,2019,7,25.61
O'Higgins,2019,8,25.86
O'Higgins,2019,9,26.28
O'Higgins,2019,10,23.25
O'Higgins,2019,11,23.23
O'Higgins,2019,12,22.93
O'Higgins,2019,13,19.1
O'Higgins,2019,14,19.44
O'Higgins,2019,15,15.07
O'Higgins,2019,16,15.73
O'Higgins,2019,17,13.33
O'Higgins,2019,18,9.69
O'Higgins,2019,19,11.73
O'Higgins,2019,20,11.25
O'Higgins,2019,21,9.56
O'Higgins,2019,22,7.43
O'Higgins,2019,23,9.71
O'Higgins,2019,24,7.13
O'Higgins,2019,25,8.19
O'Higgins,2019,26,5.44
O'Higgins,2019,27,9.76
O'Higgins,2019,28,9.71
O'Higgins,2019,29,8.49
O'Higgins,2019,30,10.16
O'Higgins,2019,31,12.16
O'Higgins,2019,32,12.95
O'Higgins,2019,33,13.05
O'Higgins,2019,34,10.72
O'Higgins,2019,35,15.33
O'Higgins,2019,36,14.73
O'Higgins,2019,37,15.97
O'Higgins,2019,38,19.84
O'Higgins,2019,39,21.46
O'Higgins,2019,40,19.25
O'Higgins,2019,41,15.94
O'Higgins,2019,42,19.55
O'Higgins,2019,43,22.66
O'Higgins,2019,44,26.81
O'Higgins,2019,45,26.05
O'Higgins,2019,46,29.41
O'Higgins,2019,47,29.07
O'Higgins,2019,48,29.85
O'Higgins,2019,49,31.88
O'Higgins,2019,50,29.53
O'Higgins,2019,51,31.24
O'Higgins,2019,52,32.62
O'Higgins,2020,1,30.7
O'Higgins,2020,2,29.33
O'Higgins,2020,3,29.48
O'Higgins,2020,4,31.08
O'Higgins,2020,5,29.11
O'Higgins,2020,6,30.23
O'Higgins,2020,7,28.93
O'Higgins,2020,8,28.02
O'Higgins,2020,9,25.84
O'Higgins,2020,10,25.53
O'Higgins,2020,11,23.83
O'Higgins,2020,12,22.79
O'Higgins,2020,13,21.13
O'Higgins,2020,14,20.59
O'Higgins,2020,15,16.04
O'Higgins,2020,16,16.92
O'Higgins,2020,17,12.73
O'Higgins,2020,18,14.8
O'Higgins,2020,19,14.05
O'Higgins,2020,20,12.14
O'Higgins,2020,21,10.64
O'Higgins,2020,22,8.91
O'Higgins,2020,23,8.97
O'Higgins,2020,24,8.67
O'Higgins,2020,25,4.3
O'Higgins,2020,26,3.99
O'Higgins,2020,27,7.14
O'Higgins,2020,28,6.49
O'Higgins,2020,29,7.68
O'Higgins,2020,30,7.97
O'Higgins,2020,31,10.92
O'Higgins,2020,32,12.38
O'Higgins,2020,33,14.58
O'Higgins,2020,34,15.33
O'Higgins,2020,35,13.72
O'Higgins,2020,36,15.42
O'Higgins,2020,37,17.74
O'Higgins,2020,38,21.21
O'Higgins,2020,39,19.16
O'Higgins,2020,40,20.8
O'Higgins,2020,41,25.39
O'Higgins,2020,42,24.94
O'Higgins,2020,43,25.08
O'Higgins,2020,44,25.72
O'Higgins,2020,45,29.09
O'Higgins,2020,46,26.37
O'Higgins,2020,47,28.31
O'Higgins,2020,48,32.01
O'Higgins,2020,49,32.54
O'Higgins,2020,50,32.6
O'Higgins,2020,51,31.22
O'Higgins,2020,52,33.17
O'Higgins,2020,53,30.57
O'Higgins,2021,1,29.62
O'Higgins,2021,2,32.87
O'Higgins,2021,3,30.31
O'Higgins,2021,4,22.58
O'Higgins,2021,5,25.32
O'Higgins,2021,6,23.63
O'Higgins,2021,7,25.9
O'Higgins,2021,8,27.53
O'Higgins,2021,9,24.97
O'Higgins,2021,10,23.04
O'Higgins,2021,11,16.63
O'Higgins,2021,12,21.13
O'Higgins,2021,13,18.82
O'Higgins,2021,14,17.28
O'Higgins,2021,15,18.02
O'Higgins,2021,16,14.5
O'Higgins,2021,17,12.71
O'Higgins,2021,18,11.67
O'Higgins,2021,19,11.25
O'Higgins,2021,20,9.53
O'Higgins,2021,21,11.1
O'Higgins,2021,22,7.26
O'Higgins,2021,23,10.48
O'Higgins,2021,24,9.88
O'Higgins,2021,25,6.8
O'Higgins,2021,26,9.84
O'Higgins,2021,27,9.83
O'Higgins,2021,28,12.21
O'Higgins,2021,29,11.29
O'Higgins,2021,30,14.15
O'Higgins,2021,31,12.06
O'Higgins,2021,32,14.01
O'Higgins,2021,33,7.08
O'Higgins,2021,34,11.69
O'Higgins,2021,35,15.84
O'Higgins,2021,36,13.94
O'Higgins,2021,37,17.51
O'Higgins,2021,38,21.02
O'Higgins,2021,39,22.07
O'Higgins,2021,40,22.36
O'Higgins,2021,41,23.33
O'Higgins,2021,42,24.2
O'Higgins,2021,43,26.9
O'Higgins,2021,44,26.31
O'Higgins,2021,45,27.44
O'Higgins,2021,46,31.12
O'Higgins,2021,47,27.82
O'Higgins,2021,48,30.91
O'Higgins,2021,49,26.58
O'Higgins,2021,50,32.27
O'Higgins,2021,51,33.04
O'Higgins,2021,52,32.01
O'Higgins,2022,1,30.87
O'Higgins,2022,2,28.53
O'Higgins,2022,3,29.57
O'Higgins,2022,4,30.72
O'Higgins,2022,5,28.28
O'Higgins,2022,6,28.14
O'Higgins,2022,7,27.25
O'Higgins,2022,8,25.29
O'Higgins,2022,9,24.17
O'Higgins,2022,10,25.03
O'Higgins,2022,11,20.97
O'Higgins,2022,12,21.47
O'Higgins,2022,13,21.01
O'Higgins,2022,14,18.65
O'Higgins,2022,15,17.3
O'Higgins,2022,16,11.74
O'Higgins,2022,17,12.42
O'Higgins,2022,18,13.74
O'Higgins,2022,19,10.61
O'Higgins,2022,20,10.85
O'Higgins,2022,21,6.58
O'Higgins,2022,22,7.84
O'Higgins,2022,23,10.7
O'Higgins,2022,24,8.88
O'Higgins,2022,25,7.72
O'Higgins,2022,26,7.39
O'Higgins,2022,27,7.62
O'Higgins,2022,28,7.39
O'Higgins,2022,29,11.78
O'Higgins,2022,30,10.29
O'Higgins,2022,31,9.86
O'Higgins,2022,32,13.06
O'Higgins,2022,33,13.2
O'Higgins,2022,34,13.98
O'Higgins,2022,35,15.86
O'Higgins,2022,36,15.67
O'Higgins,2022,37,14.89
O'Higgins,2022,38,14.25
O'Higgins,2022,39,21.98
O'Higgins,2022,40,18.7
O'Higgins,2022,41,25.44
O'Higgins,2022,42,25.3
O'Higgins,2022,43,24.12
O'Higgins,2022,44,29.1
O'Higgins,2022,45,20.66
O'Higgins,2022,46,30.71
O'Higgins,2022,47,30.73
O'Higgins,2022,48,29.85
O'Higgins,2022,49,32.1
O'Higgins,2022,50,32.46
O'Higgins,2022,51,32.27
O'Higgins,2022,52,26.03
O'Higgins,2023,1,29.85
O'Higgins,2023,2,29.26
O'Higgins,2023,3,30.95
O'Higgins,2023,4,30.84
O'Higgins,2023,5,30.19
O'Higgins,2023,6,29.9
O'Higgins,2023,7,27.75
O'Higgins,2023,8,25.75
O'Higgins,2023,9,26.31
O'Higgins,2023,10,23.94
O'Higgins,2023,11,23.02
O'Higgins,2023,12,22.64
O'Higgins,2023,13,20.7
O'Higgins,2023,14,18.94
O'Higgins,2023,15,15.2
O'Higgins,2023,16,16.13
O'Higgins,2023,17,10.57
O'Higgins,2023,18,14.68
O'Higgins,2023,19,13.36
O'Higgins,2023,20,9.9
O'Higgins,2023,21,6.0
O'Higgins,2023,22,8.55
O'Higgins,2023,23,8.33
O'Higgins,2023,24,10.56
O'Higgins,2023,25,3.95
O'Higgins,2023,26,8.46
O'Higgins,2023,27,9.09
O'Higgins,2023,28,7.06
O'Higgins,2023,29,5.87
O'Higgins,2023,30,10.85
O'Higgins,2023,31,12.99
O'Higgins,2023,32,11.46
O'Higgins,2023,33,8.7
O'Higgins,2023,34,12.32
O'Higgins,2023,35,10.95
O'Higgins,2023,36,7.64
O'Higgins,2023,37,15.08
O'Higgins,2023,38,12.21
O'Higgins,2023,39,21.32
O'Higgins,2023,40,19.7
O'Higgins,2023,41,23.65
O'Higgins,2023,42,19.19
O'Higgins,2023,43,18.66
O'Higgins,2023,44,22.35
O'Higgins,2023,45,18.75
O'Higgins,2023,46,24.05
O'Higgins,2023,47,28.42
O'Higgins,2023,48,29.01
O'Higgins,2023,49,32.79
O'Higgins,2023,50,32.07
O'Higgins,2023,51,32.4
O'Higgins,2023,52,26.89
O'Higgins,2024,1,31.38
O'Higgins,2024,2,31.43
O'Higgins,2024,3,32.14
O'Higgins,2024,4,30.15
O'Higgins,2024,5,30.51
O'Higgins,2024,6,28.68
O'Higgins,2024,7,28.67
O'Higgins,2024,8,23.22
O'Higgins,2024,9,26.01
O'Higgins,2024,10,25.25
O'Higgins,2024,11,24.3
O'Higgins,2024,12,19.95
O'Higgins,2024,13,20.27
O'Higgins,2024,14,15.86
O'Higgins,2024,15,14.21
O'Higgins,2024,16,13.11
O'Higgins,2024,17,14.55
O'Higgins,2024,18,10.45
O'Higgins,2024,19,11.01
O'Higgins,2024,20,11.86
O'Higgins,2024,21,5.63
O'Higgins,2024,22,7.54
O'Higgins,2024,23,5.96
O'Higgins,2024,24,5.93
O'Higgins,2024,25,4.44
O'Higgins,2024,26,8.39
O'Higgins,2024,27,11.01
O'Higgins,2024,28,12.33
O'Higgins,2024,29,9.87
O'Higgins,2024,30,10.53
O'Higgins,2024,31,7.22
O'Higgins,2024,32,12.65
O'Higgins,2024,33,10.58
O'Higgins,2024,34,13.41
O'Higgins,2024,35,15.27
O'Higgins,2024,36,15.89
O'Higgins,2024,37,19.27
O'Higgins,2024,38,13.4
O'Higgins,2024,39,18.81
O'Higgins,2024,40,19.72
O'Higgins,2024,41,15.29
O'Higgins,2024,42,23.53
O'Higgins,2024,43,25.37
O'Higgins,2024,44,25.11
O'Higgins,2024,45,25.3
O'Higgins,2024,46,26.07
O'Higgins,2024,47,29.37
O'Higgins,2024,48,30.78
O'Higgins,2024,49,30.56
O'Higgins,2024,50,32.65
O'Higgins,2024,51,30.44
O'Higgins,2024,52,31.8
O'Higgins,2025,1,30.5
O'Higgins,2025,2,31.84
O'Higgins,2025,3,29.96
O'Higgins,2025,4,31.09
O'Higgins,2025,5,30.82
O'Higgins,2025,6,29.76
O'Higgins,2025,7,28.87
O'Higgins,2025,8,27.66
O'Higgins,2025,9,26.11
O'Higgins,2025,10,24.97
O'Higgins,2025,11,23.61
O'Higgins,2025,12,22.76
O'Higgins,2025,13,17.51
O'Higgins,2025,14,18.52
O'Higgins,2025,15,16.38
O'Higgins,2025,16,15.55
O'Higgins,2025,17,10.87
O'Higgins,2025,18,14.5
O'Higgins,2025,19,9.82
O'Higgins,2025,20,10.58
O'Higgins,2025,21,10.41
O'Higgins,2025,22,10.46
O'Higgins,2025,23,8.82
O'Higgins,2025,24,9.23
O'Higgins,2025,25,8.84
O'Higgins,2025,26,9.62
O'Higgins,2025,27,10.5
O'Higgins,2025,28,11.43
O'Higgins,2025,29,10.78
O'Higgins,2025,30,9.49
O'Higgins,2025,31,6.28
O'Higgins,2025,32,12.62
O'Higgins,2025,33,11.55
O'Higgins,2025,34,12.64
O'Higgins,2025,35,12.14
O'Higgins,2025,36,15.44
O'Higgins,2025,37,18.67
O'Higgins,2025,38,17.26
O'Higgins,2025,39,20.34
O'Higgins,2025,40,22.18
O'Higgins,2025,41,25.24
O'Higgins,2025,42,24.0
O'Higgins,2025,43,22.63
O'Higgins,2025,44,24.56
O'Higgins,2025,45,25.45
O'Higgins,2025,46,29.34
O'Higgins,2025,47,29.44
O'Higgins,2025,48,29.68
O'Higgins,2025,49,27.96
O'Higgins,2025,50,25.38
O'Higgins,2025,51,30.27
O'Higgins,2025,52,32.2
O'Higgins,2026,1,31.52
O'Higgins,2026,2,27.41
O'Higgins,2026,3,31.87
O'Higgins,2026,4,29.7
O'Higgins,2026,5,26.13
O'Higgins,2026,6,26.81
O'Higgins,2026,7,26.61
O'Higgins,2026,8,27.71
O'Higgins,2026,9,26.25
O'Higgins,2026,10,24.05
O'Higgins,2026,11,22.83
O'Higgins,2026,12,16.43
O'Higgins,2026,13,21.37
O'Higgins,2026,14,20.26
O'Higgins,2026,15,18.06
O'Higgins,2026,16,12.54
O'Higgins,2026,17,14.53
O'Higgins,2026,18,13.01
O'Higgins,2026,19,10.53
O'Higgins,2026,20,11.84
O'Higgins,2026,21,11.07
O'Higgins,2026,22,11.06
O'Higgins,2026,23,7.6
O'Higgins,2026,24,7.21
O'Higgins,2026,25,8.93
Tarapacá,2014,1,27.92
Tarapacá,2014,2,29.67
Tarapacá,2014,3,28.75
Tarapacá,2014,4,30.03
Tarapacá,2014,5,30.42
Tarapacá,2014,6,29.92
Tarapacá,2014,7,29.3
Tarapacá,2014,8,28.83
Tarapacá,2014,9,27.52
Tarapacá,2014,10,26.51
Tarapacá,2014,11,26.59
Tarapacá,2014,12,25.67
Tarapacá,2014,13,24.83
Tarapacá,2014,14,23.02
Tarapacá,2014,15,21.53
Tarapacá,2014,16,21.4
Tarapacá,2014,17,19.98
Tarapacá,2014,18,19.22
Tarapacá,2014,19,18.37
Tarapacá,2014,20,17.62
Tarapacá,2014,21,16.51
Tarapacá,2014,22,16.59
Tarapacá,2014,23,15.21
Tarapacá,2014,24,15.9
Tarapacá,2014,25,14.88
Tarapacá,2014,26,14.81
Tarapacá,2014,27,15.2
Tarapacá,2014,28,15.15
Tarapacá,2014,29,16.53
Tarapacá,2014,30,17.02
Tarapacá,2014,31,17.98
Tarapacá,2014,32,17.08
Tarapacá,2014,33,19.22
Tarapacá,2014,34,19.34
Tarapacá,2014,35,21.09
Tarapacá,2014,36,21.67
Tarapacá,2014,37,22.17
Tarapacá,2014,38,23.61
Tarapacá,2014,39,23.75
Tarapacá,2014,40,23.09
Tarapacá,2014,41,26.11
Tarapacá,2014,42,27.48
Tarapacá,2014,43,26.8
Tarapacá,2014,44,28.52
Tarapacá,2014,45,29.33
Tarapacá,2014,46,29.47
Tarapacá,2014,47,29.72
Tarapacá,2014,48,30.0
Tarapacá,2014,49,29.34
Tarapacá,2014,50,30.06
Tarapacá,2014,51,30.5
Tarapacá,2014,52,29.23
Tarapacá,2015,1,28.91
Tarapacá,2015,2,27.77
Tarapacá,2015,3,26.27
Tarapacá,2015,4,27.85
Tarapacá,2015,5,26.58
Tarapacá,2015,6,25.17
Tarapacá,2015,7,26.3
Tarapacá,2015,8,27.52
Tarapacá,2015,9,27.84
Tarapacá,2015,10,26.52
Tarapacá,2015,11,26.26
Tarapacá,2015,12,22.95
Tarapacá,2015,13,20.47
Tarapacá,2015,14,23.68
Tarapacá,2015,15,21.12
Tarapacá,2015,16,21.77
Tarapacá,2015,17,19.88
Tarapacá,2015,18,19.94
Tarapacá,2015,19,19.25
Tarapacá,2015,20,17.58
Tarapacá,2015,21,17.21
Tarapacá,2015,22,15.78
Tarapacá,2015,23,15.56
Tarapacá,2015,24,15.65
Tarapacá,2015,25,15.12
Tarapacá,2015,26,14.58
Tarapacá,2015,27,15.13
Tarapacá,2015,28,15.05
Tarapacá,2015,29,15.86
Tarapacá,2015,30,16.17
Tarapacá,2015,31,17.36
Tarapacá,2015,32,17.51
Tarapacá,2015,33,18.81
Tarapacá,2015,34,19.6
Tarapacá,2015,35,20.76
Tarapacá,2015,36,21.61
Tarapacá,2015,37,23.06
Tarapacá,2015,38,23.46
Tarapacá,2015,39,24.45
Tarapacá,2015,40,24.17
Tarapacá,2015,41,25.49
Tarapacá,2015,42,25.97
Tarapacá,2015,43,26.57
Tarapacá,2015,44,27.28
Tarapacá,2015,45,29.06
Tarapacá,2015,46,26.98
Tarapacá,2015,47,29.12
Tarapacá,2015,48,29.28
Tarapacá,2015,49,29.15
Tarapacá,2015,50,29.55
Tarapacá,2015,51,29.89
Tarapacá,2015,52,27.41
Tarapacá,2015,53,30.3
Tarapacá,2016,1,29.97
Tarapacá,2016,2,30.05
Tarapacá,2016,3,29.34
Tarapacá,2016,4,29.95
Tarapacá,2016,5,28.66
Tarapacá,2016,6,27.46
Tarapacá,2016,7,26.48
Tarapacá,2016,8,25.42
Tarapacá,2016,9,26.33
Tarapacá,2016,10,26.13
Tarapacá,2016,11,25.86
Tarapacá,2016,12,25.17
Tarapacá,2016,13,24.26
Tarapacá,2016,14,22.65
Tarapacá,2016,15,21.99
Tarapacá,2016,16,19.43
Tarapacá,2016,17,20.08
Tarapacá,2016,18,19.26
Tarapacá,2016,19,18.88
Tarapacá,2016,20,17.71
Tarapacá,2016,21,16.94
Tarapacá,2016,22,16.92
Tarapacá,2016,23,15.79
Tarapacá,2016,24,15.28
Tarapacá,2016,25,15.03
Tarapacá,2016,26,14.84
Tarapacá,2016,27,15.45
Tarapacá,2016,28,15.78
Tarapacá,2016,29,16.8
Tarapacá,2016,30,17.09
Tarapacá,2016,31,17.2
Tarapacá,2016,32,18.51
Tarapacá,2016,33,19.66
Tarapacá,2016,34,20.34
Tarapacá,2016,35,21.86
Tarapacá,2016,36,23.24
Tarapacá,2016,37,23.09
Tarapacá,2016,38,24.17
Tarapacá,2016,39,24.76
Tarapacá,2016,40,26.12
Tarapacá,2016,41,26.71
Tarapacá,2016,42,27.21
Tarapacá,2016,43,28.47
Tarapacá,2016,44,28.2
Tarapacá,2016,45,28.45
Tarapacá,2016,46,30.0
Tarapacá,2016,47,30.16
Tarapacá,2016,48,28.55
Tarapacá,2016,49,30.36
Tarapacá,2016,50,30.75
Tarapacá,2016,51,30.16
Tarapacá,2016,52,29.92
Tarapacá,2017,1,29.57
Tarapacá,2017,2,27.31
Tarapacá,2017,3,28.47
Tarapacá,2017,4,27.33
Tarapacá,2017,5,30.14
Tarapacá,2017,6,29.79
Tarapacá,2017,7,28.33
Tarapacá,2017,8,27.44
Tarapacá,2017,9,24.85
Tarapacá,2017,10,26.61
Tarapacá,2017,11,26.04
Tarapacá,2017,12,25.34
Tarapacá,2017,13,24.06
Tarapacá,2017,14,23.66
Tarapacá,2017,15,22.69
Tarapacá,2017,16,21.83
Tarapacá,2017,17,20.67
Tarapacá,2017,18,19.66
Tarapacá,2017,19,18.73
Tarapacá,2017,20,18.23
Tarapacá,2017,21,13.96
Tarapacá,2017,22,16.23
Tarapacá,2017,23,14.13
Tarapacá,2017,24,15.12
Tarapacá,2017,25,14.93
Tarapacá,2017,26,14.27
Tarapacá,2017,27,15.17
Tarapacá,2017,28,15.43
Tarapacá,2017,29,16.34
Tarapacá,2017,30,16.07
Tarapacá,2017,31,16.83
Tarapacá,2017,32,18.78
Tarapacá,2017,33,19.15
Tarapacá,2017,34,20.51
Tarapacá,2017,35,20.61
Tarapacá,2017,36,20.17
Tarapacá,2017,37,21.53
Tarapacá,2017,38,22.11
Tarapacá,2017,39,24.41
Tarapacá,2017,40,26.51
Tarapacá,2017,41,25.98
Tarapacá,2017,42,26.12
Tarapacá,2017,43,28.85
Tarapacá,2017,44,27.93
Tarapacá,2017,45,27.7
Tarapacá,2017,46,28.08
Tarapacá,2017,47,30.35
Tarapacá,2017,48,30.77
Tarapacá,2017,49,29.52
Tarapacá,2017,50,30.44
Tarapacá,2017,51,29.97
Tarapacá,2017,52,30.43
Tarapacá,2018,1,30.58
Tarapacá,2018,2,30.02
Tarapacá,2018,3,29.74
Tarapacá,2018,4,28.51
Tarapacá,2018,5,25.74
Tarapacá,2018,6,28.02
Tarapacá,2018,7,25.25
Tarapacá,2018,8,28.19
Tarapacá,2018,9,27.79
Tarapacá,2018,10,26.89
Tarapacá,2018,11,25.78
Tarapacá,2018,12,24.94
Tarapacá,2018,13,24.24
Tarapacá,2018,14,23.9
Tarapacá,2018,15,22.01
Tarapacá,2018,16,21.24
Tarapacá,2018,17,19.07
Tarapacá,2018,18,20.05
Tarapacá,2018,19,18.27
Tarapacá,2018,20,17.82
Tarapacá,2018,21,16.69
Tarapacá,2018,22,15.65
Tarapacá,2018,23,12.86
Tarapacá,2018,24,13.26
Tarapacá,2018,25,14.5
Tarapacá,2018,26,15.35
Tarapacá,2018,27,13.59
Tarapacá,2018,28,13.93
Tarapacá,2018,29,13.45
Tarapacá,2018,30,15.25
Tarapacá,2018,31,16.85
Tarapacá,2018,32,16.45
Tarapacá,2018,33,17.74
Tarapacá,2018,34,18.84
Tarapacá,2018,35,19.71
Tarapacá,2018,36,21.77
Tarapacá,2018,37,23.64
Tarapacá,2018,38,24.48
Tarapacá,2018,39,25.68
Tarapacá,2018,40,25.23
Tarapacá,2018,41,25.86
Tarapacá,2018,42,27.59
Tarapacá,2018,43,28.61
Tarapacá,2018,44,28.43
Tarapacá,2018,45,29.15
Tarapacá,2018,46,30.04
Tarapacá,2018,47,29.25
Tarapacá,2018,48,30.74
Tarapacá,2018,49,31.21
Tarapacá,2018,50,29.23
Tarapacá,2018,51,30.48
Tarapacá,2018,52,29.24
Tarapacá,2019,1,27.41
Tarapacá,2019,2,28.87
Tarapacá,2019,3,28.1
Tarapacá,2019,4,29.61
Tarapacá,2019,5,25.23
Tarapacá,2019,6,23.11
Tarapacá,2019,7,26.69
Tarapacá,2019,8,28.03
Tarapacá,2019,9,27.44
Tarapacá,2019,10,26.99
Tarapacá,2019,11,25.5
Tarapacá,2019,12,26.02
Tarapacá,2019,13,24.69
Tarapacá,2019,14,22.8
Tarapacá,2019,15,23.09
Tarapacá,2019,16,22.07
Tarapacá,2019,17,20.84
Tarapacá,2019,18,19.67
Tarapacá,2019,19,18.57
Tarapacá,2019,20,17.39
Tarapacá,2019,21,16.72
Tarapacá,2019,22,16.86
Tarapacá,2019,23,16.23
Tarapacá,2019,24,14.03
Tarapacá,2019,25,15.11
Tarapacá,2019,26,15.24
Tarapacá,2019,27,14.23
Tarapacá,2019,28,15.25
Tarapacá,2019,29,15.44
Tarapacá,2019,30,16.33
Tarapacá,2019,31,18.27
Tarapacá,2019,32,18.7
Tarapacá,2019,33,17.82
Tarapacá,2019,34,19.42
Tarapacá,2019,35,21.18
Tarapacá,2019,36,18.98
Tarapacá,2019,37,22.13
Tarapacá,2019,38,23.97
Tarapacá,2019,39,25.43
Tarapacá,2019,40,24.07
Tarapacá,2019,41,27.18
Tarapacá,2019,42,25.46
Tarapacá,2019,43,29.21
Tarapacá,2019,44,28.83
Tarapacá,2019,45,26.97
Tarapacá,2019,46,28.42
Tarapacá,2019,47,29.35
Tarapacá,2019,48,30.57
Tarapacá,2019,49,30.19
Tarapacá,2019,50,31.05
Tarapacá,2019,51,31.04
Tarapacá,2019,52,28.46
Tarapacá,2020,1,29.55
Tarapacá,2020,2,29.98
Tarapacá,2020,3,28.79
Tarapacá,2020,4,22.79
Tarapacá,2020,5,29.91
Tarapacá,2020,6,29.53
Tarapacá,2020,7,27.29
Tarapacá,2020,8,25.31
Tarapacá,2020,9,27.43
Tarapacá,2020,10,27.17
Tarapacá,2020,11,23.7
Tarapacá,2020,12,24.51
Tarapacá,2020,13,24.38
Tarapacá,2020,14,23.44
Tarapacá,2020,15,22.41
Tarapacá,2020,16,22.19
Tarapacá,2020,17,21.37
Tarapacá,2020,18,20.2
Tarapacá,2020,19,19.49
Tarapacá,2020,20,17.53
Tarapacá,2020,21,17.5
Tarapacá,2020,22,16.56
Tarapacá,2020,23,16.19
Tarapacá,2020,24,13.86
Tarapacá,2020,25,16.09
Tarapacá,2020,26,16.13
Tarapacá,2020,27,16.45
Tarapacá,2020,28,16.36
Tarapacá,2020,29,15.83
Tarapacá,2020,30,16.98
Tarapacá,2020,31,17.73
Tarapacá,2020,32,18.88
Tarapacá,2020,33,18.96
Tarapacá,2020,34,18.6
Tarapacá,2020,35,19.87
Tarapacá,2020,36,21.75
Tarapacá,2020,37,23.7
Tarapacá,2020,38,22.1
Tarapacá,2020,39,23.12
Tarapacá,2020,40,24.44
Tarapacá,2020,41,25.92
Tarapacá,2020,42,25.38
Tarapacá,2020,43,27.01
Tarapacá,2020,44,28.98
Tarapacá,2020,45,28.84
Tarapacá,2020,46,30.46
Tarapacá,2020,47,30.78
Tarapacá,2020,48,30.52
Tarapacá,2020,49,30.15
Tarapacá,2020,50,31.27
Tarapacá,2020,51,30.86
Tarapacá,2020,52,29.27
Tarapacá,2020,53,28.56
Tarapacá,2021,1,30.48
Tarapacá,2021,2,30.12
Tarapacá,2021,3,30.53
Tarapacá,2021,4,30.37
Tarapacá,2021,5,28.23
Tarapacá,2021,6,29.44
Tarapacá,2021,7,28.63
Tarapacá,2021,8,28.06
Tarapacá,2021,9,27.27
Tarapacá,2021,10,26.42
Tarapacá,2021,11,25.65
Tarapacá,2021,12,25.17
Tarapacá,2021,13,23.21
Tarapacá,2021,14,22.67
Tarapacá,2021,15,22.69
Tarapacá,2021,16,21.62
Tarapacá,2021,17,20.61
Tarapacá,2021,18,18.94
Tarapacá,2021,19,17.94
Tarapacá,2021,20,18.29
Tarapacá,2021,21,15.63
Tarapacá,2021,22,15.23
Tarapacá,2021,23,15.61
Tarapacá,2021,24,15.0
Tarapacá,2021,25,15.3
Tarapacá,2021,26,16.22
Tarapacá,2021,27,16.71
Tarapacá,2021,28,15.31
Tarapacá,2021,29,15.18
Tarapacá,2021,30,15.29
Tarapacá,2021,31,16.46
Tarapacá,2021,32,17.91
Tarapacá,2021,33,20.06
Tarapacá,2021,34,20.09
Tarapacá,2021,35,20.54
Tarapacá,2021,36,21.78
Tarapacá,2021,37,22.45
Tarapacá,2021,38,23.13
Tarapacá,2021,39,24.81
Tarapacá,2021,40,25.21
Tarapacá,2021,41,26.12
Tarapacá,2021,42,27.88
Tarapacá,2021,43,27.59
Tarapacá,2021,44,29.73
Tarapacá,2021,45,29.38
Tarapacá,2021,46,29.88
Tarapacá,2021,47,29.34
Tarapacá,2021,48,30.2
Tarapacá,2021,49,29.42
Tarapacá,2021,50,28.75
Tarapacá,2021,51,28.1
Tarapacá,2021,52,30.73
Tarapacá,2022,1,29.79
Tarapacá,2022,2,27.88
Tarapacá,2022,3,29.14
Tarapacá,2022,4,27.47
Tarapacá,2022,5,29.75
Tarapacá,2022,6,29.63
Tarapacá,2022,7,27.4
Tarapacá,2022,8,26.95
Tarapacá,2022,9,26.17
Tarapacá,2022,10,25.75
Tarapacá,2022,11,24.55
Tarapacá,2022,12,25.08
Tarapacá,2022,13,24.18
Tarapacá,2022,14,21.84
Tarapacá,2022,15,22.72
Tarapacá,2022,16,21.32
Tarapacá,2022,17,19.77
Tarapacá,2022,18,19.04
Tarapacá,2022,19,18.09
Tarapacá,2022,20,17.08
Tarapacá,2022,21,16.47
Tarapacá,2022,22,13.81
Tarapacá,2022,23,15.5
Tarapacá,2022,24,16.14
Tarapacá,2022,25,15.76
Tarapacá,2022,26,15.21
Tarapacá,2022,27,14.07
Tarapacá,2022,28,16.24
Tarapacá,2022,29,15.65
Tarapacá,2022,30,15.35
Tarapacá,2022,31,17.51
Tarapacá,2022,32,18.72
Tarapacá,2022,33,19.69
Tarapacá,2022,34,20.17
Tarapacá,2022,35,20.8
Tarapacá,2022,36,22.65
Tarapacá,2022,37,23.07
Tarapacá,2022,38,24.59
Tarapacá,2022,39,24.59
Tarapacá,2022,40,27.67
Tarapacá,2022,41,27.78
Tarapacá,2022,42,27.39
Tarapacá,2022,43,29.3
Tarapacá,2022,44,28.91
Tarapacá,2022,45,30.26
Tarapacá,2022,46,30.39
Tarapacá,2022,47,28.44
Tarapacá,2022,48,30.45
Tarapacá,2022,49,27.06
Tarapacá,2022,50,29.98
Tarapacá,2022,51,30.6
Tarapacá,2022,52,29.84
Tarapacá,2023,1,29.86
Tarapacá,2023,2,31.11
Tarapacá,2023,3,29.85
Tarapacá,2023,4,28.82
Tarapacá,2023,5,28.23
Tarapacá,2023,6,26.4
Tarapacá,2023,7,27.88
Tarapacá,2023,8,28.03
Tarapacá,2023,9,27.16
Tarapacá,2023,10,25.97
Tarapacá,2023,11,24.91
Tarapacá,2023,12,24.27
Tarapacá,2023,13,23.08
Tarapacá,2023,14,22.82
Tarapacá,2023,15,22.35
Tarapacá,2023,16,21.27
Tarapacá,2023,17,20.57
Tarapacá,2023,18,18.47
Tarapacá,2023,19,18.36
Tarapacá,2023,20,17.75
Tarapacá,2023,21,15.75
Tarapacá,2023,22,15.66
Tarapacá,2023,23,16.34
Tarapacá,2023,24,15.02
Tarapacá,2023,25,14.04
Tarapacá,2023,26,16.28
Tarapacá,2023,27,16.27
Tarapacá,2023,28,16.22
Tarapacá,2023,29,16.27
Tarapacá,2023,30,17.69
Tarapacá,2023,31,17.04
Tarapacá,2023,32,17.42
Tarapacá,2023,33,18.98
Tarapacá,2023,34,21.14
Tarapacá,2023,35,20.93
Tarapacá,2023,36,22.28
Tarapacá,2023,37,22.74
Tarapacá,2023,38,23.33
Tarapacá,2023,39,25.2
Tarapacá,2023,40,25.87
Tarapacá,2023,41,27.42
Tarapacá,2023,42,27.58
Tarapacá,2023,43,28.6
Tarapacá,2023,44,29.79
Tarapacá,2023,45,28.34
Tarapacá,2023,46,29.93
Tarapacá,2023,47,30.68
Tarapacá,2023,48,30.46
Tarapacá,2023,49,30.98
Tarapacá,2023,50,29.79
Tarapacá,2023,51,30.5
Tarapacá,2023,52,30.05
Tarapacá,2024,1,30.08
Tarapacá,2024,2,29.92
Tarapacá,2024,3,28.87
Tarapacá,2024,4,29.34
Tarapacá,2024,5,29.32
Tarapacá,2024,6,28.27
Tarapacá,2024,7,25.7
Tarapacá,2024,8,27.4
Tarapacá,2024,9,26.42
Tarapacá,2024,10,26.3
Tarapacá,2024,11,25.27
Tarapacá,2024,12,24.67
Tarapacá,2024,13,23.94
Tarapacá,2024,14,23.03
Tarapacá,2024,15,21.09
Tarapacá,2024,16,21.74
Tarapacá,2024,17,20.21
Tarapacá,2024,18,19.15
Tarapacá,2024,19,18.87
Tarapacá,2024,20,17.09
Tarapacá,2024,21,17.22
Tarapacá,2024,22,16.99
Tarapacá,2024,23,16.19
Tarapacá,2024,24,15.77
Tarapacá,2024,25,15.77
Tarapacá,2024,26,15.46
Tarapacá,2024,27,15.44
Tarapacá,2024,28,17.26
Tarapacá,2024,29,17.72
Tarapacá,2024,30,16.74
Tarapacá,2024,31,17.41
Tarapacá,2024,32,18.88
Tarapacá,2024,33,19.3
Tarapacá,2024,34,19.56
Tarapacá,2024,35,21.44
Tarapacá,2024,36,23.14
Tarapacá,2024,37,23.33
Tarapacá,2024,38,23.82
Tarapacá,2024,39,25.24
Tarapacá,2024,40,25.81
Tarapacá,2024,41,26.4
Tarapacá,2024,42,27.98
Tarapacá,2024,43,29.11
Tarapacá,2024,44,29.22
Tarapacá,2024,45,29.35
Tarapacá,2024,46,29.55
Tarapacá,2024,47,28.3
Tarapacá,2024,48,29.45
Tarapacá,2024,49,29.78
Tarapacá,2024,50,30.16
Tarapacá,2024,51,29.67
Tarapacá,2024,52,30.61
Tarapacá,2025,1,28.42
Tarapacá,2025,2,29.24
Tarapacá,2025,3,30.02
Tarapacá,2025,4,29.21
Tarapacá,2025,5,29.13
Tarapacá,2025,6,28.67
Tarapacá,2025,7,27.03
Tarapacá,2025,8,26.52
Tarapacá,2025,9,26.62
Tarapacá,2025,10,24.48
Tarapacá,2025,11,25.88
Tarapacá,2025,12,25.26
Tarapacá,2025,13,23.94
Tarapacá,2025,14,23.12
Tarapacá,2025,15,22.47
Tarapacá,2025,16,21.5
Tarapacá,2025,17,19.54
Tarapacá,2025,18,19.08
Tarapacá,2025,19,19.01
Tarapacá,2025,20,17.85
Tarapacá,2025,21,17.61
Tarapacá,2025,22,16.97
Tarapacá,2025,23,16.29
Tarapacá,2025,24,15.17
Tarapacá,2025,25,15.99
Tarapacá,2025,26,14.97
Tarapacá,2025,27,15.99
Tarapacá,2025,28,16.45
Tarapacá,2025,29,16.0
Tarapacá,2025,30,17.59
Tarapacá,2025,31,16.49
Tarapacá,2025,32,17.95
Tarapacá,2025,33,19.83
Tarapacá,2025,34,19.49
Tarapacá,2025,35,21.46
Tarapacá,2025,36,21.33
Tarapacá,2025,37,22.68
Tarapacá,2025,38,23.81
Tarapacá,2025,39,24.09
Tarapacá,2025,40,26.57
Tarapacá,2025,41,26.51
Tarapacá,2025,42,28.04
Tarapacá,2025,43,28.97
Tarapacá,2025,44,29.49
Tarapacá,2025,45,29.66
Tarapacá,2025,46,29.02
Tarapacá,2025,47,29.75
Tarapacá,2025,48,30.22
Tarapacá,2025,49,28.13
Tarapacá,2025,50,30.98
Tarapacá,2025,51,30.78
Tarapacá,2025,52,29.63
Tarapacá,2026,1,30.41
Tarapacá,2026,2,30.32
Tarapacá,2026,3,27.48
Tarapacá,2026,4,26.83
Tarapacá,2026,5,27.73
Tarapacá,2026,6,28.4
Tarapacá,2026,7,27.81
Tarapacá,2026,8,26.79
Tarapacá,2026,9,27.26
Tarapacá,2026,10,27.27
Tarapacá,2026,11,26.18
Tarapacá,2026,12,25.33
Tarapacá,2026,13,24.13
Tarapacá,2026,14,23.12
Tarapacá,2026,15,22.11
Tarapacá,2026,16,21.3
Tarapacá,2026,17,20.69
Tarapacá,2026,18,20.08
Tarapacá,2026,19,18.15
Tarapacá,2026,20,18.61
Tarapacá,2026,21,17.48
Tarapacá,2026,22,14.59
Tarapacá,2026,23,15.28
Tarapacá,2026,24,15.37
Tarapacá,2026,25,13.14
Valparaíso,2014,1,33.58
Valparaíso,2014,2,33.17
Valparaíso,2014,3,31.05
Valparaíso,2014,4,31.22
Valparaíso,2014,5,30.35
Valparaíso,2014,6,30.68
Valparaíso,2014,7,27.6
Valparaíso,2014,8,26.83
Valparaíso,2014,9,25.79
Valparaíso,2014,10,25.52
Valparaíso,2014,11,23.72
Valparaíso,2014,12,23.34
Valparaíso,2014,13,20.7
Valparaíso,2014,14,20.19
Valparaíso,2014,15,19.36
Valparaíso,2014,16,17.44
Valparaíso,2014,17,15.04
Valparaíso,2014,18,11.75
Valparaíso,2014,19,11.93
Valparaíso,2014,20,12.68
Valparaíso,2014,21,11.56
Valparaíso,2014,22,11.48
Valparaíso,2014,23,7.93
Valparaíso,2014,24,9.2
Valparaíso,2014,25,10.4
Valparaíso,2014,26,10.81
Valparaíso,2014,27,9.28
Valparaíso,2014,28,11.6
Valparaíso,2014,29,10.83
Valparaíso,2014,30,10.17
Valparaíso,2014,31,11.27
Valparaíso,2014,32,14.01
Valparaíso,2014,33,16.1
Valparaíso,2014,34,12.29
Valparaíso,2014,35,13.97
Valparaíso,2014,36,11.81
Valparaíso,2014,37,17.41
Valparaíso,2014,38,16.77
Valparaíso,2014,39,18.08
Valparaíso,2014,40,22.14
Valparaíso,2014,41,24.81
Valparaíso,2014,42,23.2
Valparaíso,2014,43,27.6
Valparaíso,2014,44,28.31
Valparaíso,2014,45,31.23
Valparaíso,2014,46,30.17
Valparaíso,2014,47,29.32
Valparaíso,2014,48,25.51
Valparaíso,2014,49,32.29
Valparaíso,2014,50,30.99
Valparaíso,2014,51,31.59
Valparaíso,2014,52,33.62
Valparaíso,2015,1,32.78
Valparaíso,2015,2,32.28
Valparaíso,2015,3,31.04
Valparaíso,2015,4,27.16
Valparaíso,2015,5,30.58
Valparaíso,2015,6,28.73
Valparaíso,2015,7,29.05
Valparaíso,2015,8,27.09
Valparaíso,2015,9,24.74
Valparaíso,2015,10,25.64
Valparaíso,2015,11,25.12
Valparaíso,2015,12,22.05
Valparaíso,2015,13,17.04
Valparaíso,2015,14,20.26
Valparaíso,2015,15,18.73
Valparaíso,2015,16,16.66
Valparaíso,2015,17,15.33
Valparaíso,2015,18,14.99
Valparaíso,2015,19,13.03
Valparaíso,2015,20,12.54
Valparaíso,2015,21,12.51
Valparaíso,2015,22,11.6
Valparaíso,2015,23,9.68
Valparaíso,2015,24,11.35
Valparaíso,2015,25,11.15
Valparaíso,2015,26,11.03
Valparaíso,2015,27,10.06
Valparaíso,2015,28,7.67
Valparaíso,2015,29,11.23
Valparaíso,2015,30,11.81
Valparaíso,2015,31,9.08
Valparaíso,2015,32,6.51
Valparaíso,2015,33,12.71
Valparaíso,2015,34,13.74
Valparaíso,2015,35,14.93
Valparaíso,2015,36,17.81
Valparaíso,2015,37,15.9
Valparaíso,2015,38,16.73
Valparaíso,2015,39,18.25
Valparaíso,2015,40,16.95
Valparaíso,2015,41,21.52
Valparaíso,2015,42,21.3
Valparaíso,2015,43,25.43
Valparaíso,2015,44,27.22
Valparaíso,2015,45,23.85
Valparaíso,2015,46,29.73
Valparaíso,2015,47,31.23
Valparaíso,2015,48,32.99
Valparaíso,2015,49,30.96
Valparaíso,2015,50,32.27
Valparaíso,2015,51,33.18
Valparaíso,2015,52,33.31
Valparaíso,2015,53,30.36
Valparaíso,2016,1,28.07
Valparaíso,2016,2,31.99
Valparaíso,2016,3,28.39
Valparaíso,2016,4,27.22
Valparaíso,2016,5,29.3
Valparaíso,2016,6,29.42
Valparaíso,2016,7,28.27
Valparaíso,2016,8,27.57
Valparaíso,2016,9,24.53
Valparaíso,2016,10,24.16
Valparaíso,2016,11,21.97
Valparaíso,2016,12,20.77
Valparaíso,2016,13,16.5
Valparaíso,2016,14,16.55
Valparaíso,2016,15,9.14
Valparaíso,2016,16,12.65
Valparaíso,2016,17,13.83
Valparaíso,2016,18,10.86
Valparaíso,2016,19,8.07
Valparaíso,2016,20,10.47
Valparaíso,2016,21,9.75
Valparaíso,2016,22,8.31
Valparaíso,2016,23,10.69
Valparaíso,2016,24,10.73
Valparaíso,2016,25,10.2
Valparaíso,2016,26,8.37
Valparaíso,2016,27,9.94
Valparaíso,2016,28,8.49
Valparaíso,2016,29,10.22
Valparaíso,2016,30,12.13
Valparaíso,2016,31,13.3
Valparaíso,2016,32,14.11
Valparaíso,2016,33,16.78
Valparaíso,2016,34,15.09
Valparaíso,2016,35,18.93
Valparaíso,2016,36,19.89
Valparaíso,2016,37,20.19
Valparaíso,2016,38,23.24
Valparaíso,2016,39,22.65
Valparaíso,2016,40,25.68
Valparaíso,2016,41,19.07
Valparaíso,2016,42,24.39
Valparaíso,2016,43,27.41
Valparaíso,2016,44,29.01
Valparaíso,2016,45,30.28
Valparaíso,2016,46,31.81
Valparaíso,2016,47,28.76
Valparaíso,2016,48,30.77
Valparaíso,2016,49,30.87
Valparaíso,2016,50,33.13
Valparaíso,2016,51,33.44
Valparaíso,2016,52,31.94
Valparaíso,2017,1,32.45
Valparaíso,2017,2,32.02
Valparaíso,2017,3,31.34
Valparaíso,2017,4,28.43
Valparaíso,2017,5,29.01
Valparaíso,2017,6,28.03
Valparaíso,2017,7,25.7
Valparaíso,2017,8,23.63
Valparaíso,2017,9,24.31
Valparaíso,2017,10,24.66
Valparaíso,2017,11,21.31
Valparaíso,2017,12,19.13
Valparaíso,2017,13,20.0
Valparaíso,2017,14,18.63
Valparaíso,2017,15,16.05
Valparaíso,2017,16,15.24
Valparaíso,2017,17,15.97
Valparaíso,2017,18,11.36
Valparaíso,2017,19,8.75
Valparaíso,2017,20,11.5
Valparaíso,2017,21,9.19
Valparaíso,2017,22,11.96
Valparaíso,2017,23,10.24
Valparaíso,2017,24,8.99
Valparaíso,2017,25,4.53
Valparaíso,2017,26,9.69
Valparaíso,2017,27,7.97
Valparaíso,2017,28,9.77
Valparaíso,2017,29,10.5
Valparaíso,2017,30,12.85
Valparaíso,2017,31,11.31
Valparaíso,2017,32,9.41
Valparaíso,2017,33,14.84
Valparaíso,2017,34,13.8
Valparaíso,2017,35,15.53
Valparaíso,2017,36,16.39
Valparaíso,2017,37,19.19
Valparaíso,2017,38,19.86
Valparaíso,2017,39,17.35
Valparaíso,2017,40,19.96
Valparaíso,2017,41,25.01
Valparaíso,2017,42,22.93
Valparaíso,2017,43,26.42
Valparaíso,2017,44,22.92
Valparaíso,2017,45,25.64
Valparaíso,2017,46,28.95
Valparaíso,2017,47,30.09
Valparaíso,2017,48,26.63
Valparaíso,2017,49,28.95
Valparaíso,2017,50,28.28
Valparaíso,2017,51,32.12
Valparaíso,2017,52,29.33
Valparaíso,2018,1,31.34
Valparaíso,2018,2,23.27
Valparaíso,2018,3,27.07
Valparaíso,2018,4,28.24
Valparaíso,2018,5,28.39
Valparaíso,2018,6,26.71
Valparaíso,2018,7,25.36
Valparaíso,2018,8,24.53
Valparaíso,2018,9,21.66
Valparaíso,2018,10,23.56
Valparaíso,2018,11,23.26
Valparaíso,2018,12,22.09
Valparaíso,2018,13,20.14
Valparaíso,2018,14,17.36
Valparaíso,2018,15,15.26
Valparaíso,2018,16,16.06
Valparaíso,2018,17,14.08
Valparaíso,2018,18,13.06
Valparaíso,2018,19,12.36
Valparaíso,2018,20,10.92
Valparaíso,2018,21,11.71
Valparaíso,2018,22,8.89
Valparaíso,2018,23,8.46
Valparaíso,2018,24,10.41
Valparaíso,2018,25,9.3
Valparaíso,2018,26,8.38
Valparaíso,2018,27,7.03
Valparaíso,2018,28,9.31
Valparaíso,2018,29,12.2
Valparaíso,2018,30,11.51
Valparaíso,2018,31,12.54
Valparaíso,2018,32,12.97
Valparaíso,2018,33,15.51
Valparaíso,2018,34,14.16
Valparaíso,2018,35,13.58
Valparaíso,2018,36,18.96
Valparaíso,2018,37,18.43
Valparaíso,2018,38,17.98
Valparaíso,2018,39,14.12
Valparaíso,2018,40,22.75
Valparaíso,2018,41,20.77
Valparaíso,2018,42,24.1
Valparaíso,2018,43,24.0
Valparaíso,2018,44,25.12
Valparaíso,2018,45,28.83
Valparaíso,2018,46,29.79
Valparaíso,2018,47,31.01
Valparaíso,2018,48,29.23
Valparaíso,2018,49,29.17
Valparaíso,2018,50,32.31
Valparaíso,2018,51,29.64
Valparaíso,2018,52,30.15
Valparaíso,2019,1,31.02
Valparaíso,2019,2,28.51
Valparaíso,2019,3,29.66
Valparaíso,2019,4,29.35
Valparaíso,2019,5,28.76
Valparaíso,2019,6,26.06
Valparaíso,2019,7,25.8
Valparaíso,2019,8,24.77
Valparaíso,2019,9,25.97
Valparaíso,2019,10,23.82
Valparaíso,2019,11,22.49
Valparaíso,2019,12,22.76
Valparaíso,2019,13,16.51
Valparaíso,2019,14,17.83
Valparaíso,2019,15,14.89
Valparaíso,2019,16,15.4
Valparaíso,2019,17,14.18
Valparaíso,2019,18,12.05
Valparaíso,2019,19,12.29
Valparaíso,2019,20,10.59
Valparaíso,2019,21,10.43
Valparaíso,2019,22,8.58
Valparaíso,2019,23,9.89
Valparaíso,2019,24,7.96
Valparaíso,2019,25,9.26
Valparaíso,2019,26,7.46
Valparaíso,2019,27,10.17
Valparaíso,2019,28,9.91
Valparaíso,2019,29,10.2
Valparaíso,2019,30,12.27
Valparaíso,2019,31,13.34
Valparaíso,2019,32,13.74
Valparaíso,2019,33,11.73
Valparaíso,2019,34,14.55
Valparaíso,2019,35,17.25
Valparaíso,2019,36,16.09
Valparaíso,2019,37,17.8
Valparaíso,2019,38,21.58
Valparaíso,2019,39,19.54
Valparaíso,2019,40,22.67
Valparaíso,2019,41,19.35
Valparaíso,2019,42,21.62
Valparaíso,2019,43,25.47
Valparaíso,2019,44,28.46
Valparaíso,2019,45,28.23
Valparaíso,2019,46,28.12
Valparaíso,2019,47,28.33
Valparaíso,2019,48,31.33
Valparaíso,2019,49,30.91
Valparaíso,2019,50,29.91
Valparaíso,2019,51,31.13
Valparaíso,2019,52,32.04
Valparaíso,2020,1,28.93
Valparaíso,2020,2,31.15
Valparaíso,2020,3,28.71
Valparaíso,2020,4,28.64
Valparaíso,2020,5,27.93
Valparaíso,2020,6,29.31
Valparaíso,2020,7,25.76
Valparaíso,2020,8,25.47
Valparaíso,2020,9,23.65
Valparaíso,2020,10,22.8
Valparaíso,2020,11,22.76
Valparaíso,2020,12,19.99
Valparaíso,2020,13,19.47
Valparaíso,2020,14,19.63
Valparaíso,2020,15,15.29
Valparaíso,2020,16,16.53
Valparaíso,2020,17,12.39
Valparaíso,2020,18,14.69
Valparaíso,2020,19,14.09
Valparaíso,2020,20,12.35
Valparaíso,2020,21,10.56
Valparaíso,2020,22,9.0
Valparaíso,2020,23,9.31
Valparaíso,2020,24,10.16
Valparaíso,2020,25,4.18
Valparaíso,2020,26,7.42
Valparaíso,2020,27,8.03
Valparaíso,2020,28,10.18
Valparaíso,2020,29,9.24
Valparaíso,2020,30,11.34
Valparaíso,2020,31,12.54
Valparaíso,2020,32,12.83
Valparaíso,2020,33,15.54
Valparaíso,2020,34,15.29
Valparaíso,2020,35,14.03
Valparaíso,2020,36,17.72
Valparaíso,2020,37,18.5
Valparaíso,2020,38,20.66
Valparaíso,2020,39,18.94
Valparaíso,2020,40,23.26
Valparaíso,2020,41,25.84
Valparaíso,2020,42,22.66
Valparaíso,2020,43,24.74
Valparaíso,2020,44,25.53
Valparaíso,2020,45,26.48
Valparaíso,2020,46,25.41
Valparaíso,2020,47,27.03
Valparaíso,2020,48,31.98
Valparaíso,2020,49,29.67
Valparaíso,2020,50,31.42
Valparaíso,2020,51,31.43
Valparaíso,2020,52,30.07
Valparaíso,2020,53,29.17
Valparaíso,2021,1,29.75
Valparaíso,2021,2,32.17
Valparaíso,2021,3,27.33
Valparaíso,2021,4,25.46
Valparaíso,2021,5,24.66
Valparaíso,2021,6,23.12
Valparaíso,2021,7,26.52
Valparaíso,2021,8,23.55
Valparaíso,2021,9,20.61
Valparaíso,2021,10,21.65
Valparaíso,2021,11,21.24
Valparaíso,2021,12,20.88
Valparaíso,2021,13,16.52
Valparaíso,2021,14,19.17
Valparaíso,2021,15,15.84
Valparaíso,2021,16,13.07
Valparaíso,2021,17,13.01
Valparaíso,2021,18,12.89
Valparaíso,2021,19,12.0
Valparaíso,2021,20,10.48
Valparaíso,2021,21,11.53
Valparaíso,2021,22,9.48
Valparaíso,2021,23,10.51
Valparaíso,2021,24,9.64
Valparaíso,2021,25,8.24
Valparaíso,2021,26,11.03
Valparaíso,2021,27,9.9
Valparaíso,2021,28,11.5
Valparaíso,2021,29,10.06
Valparaíso,2021,30,13.34
Valparaíso,2021,31,11.6
Valparaíso,2021,32,13.19
Valparaíso,2021,33,10.42
Valparaíso,2021,34,15.04
Valparaíso,2021,35,16.59
Valparaíso,2021,36,16.36
Valparaíso,2021,37,20.54
Valparaíso,2021,38,20.49
Valparaíso,2021,39,23.26
Valparaíso,2021,40,23.77
Valparaíso,2021,41,24.86
Valparaíso,2021,42,25.13
Valparaíso,2021,43,24.42
Valparaíso,2021,44,26.91
Valparaíso,2021,45,27.1
Valparaíso,2021,46,27.98
Valparaíso,2021,47,26.46
Valparaíso,2021,48,29.96
Valparaíso,2021,49,25.95
Valparaíso,2021,50,30.06
Valparaíso,2021,51,27.68
Valparaíso,2021,52,28.51
Valparaíso,2022,1,28.59
Valparaíso,2022,2,25.08
Valparaíso,2022,3,31.36
Valparaíso,2022,4,27.21
Valparaíso,2022,5,28.39
Valparaíso,2022,6,24.41
Valparaíso,2022,7,24.77
Valparaíso,2022,8,25.41
Valparaíso,2022,9,23.99
Valparaíso,2022,10,23.04
Valparaíso,2022,11,18.8
Valparaíso,2022,12,20.43
Valparaíso,2022,13,19.46
Valparaíso,2022,14,16.51
Valparaíso,2022,15,15.46
Valparaíso,2022,16,12.56
Valparaíso,2022,17,13.27
Valparaíso,2022,18,12.44
Valparaíso,2022,19,10.78
Valparaíso,2022,20,9.42
Valparaíso,2022,21,8.92
Valparaíso,2022,22,8.44
Valparaíso,2022,23,9.18
Valparaíso,2022,24,9.41
Valparaíso,2022,25,7.65
Valparaíso,2022,26,8.45
Valparaíso,2022,27,7.63
Valparaíso,2022,28,8.5
Valparaíso,2022,29,10.85
Valparaíso,2022,30,10.39
Valparaíso,2022,31,11.78
Valparaíso,2022,32,12.19
Valparaíso,2022,33,13.7
Valparaíso,2022,34,13.94
Valparaíso,2022,35,14.39
Valparaíso,2022,36,15.16
Valparaíso,2022,37,16.27
Valparaíso,2022,38,18.76
Valparaíso,2022,39,18.64
Valparaíso,2022,40,21.61
Valparaíso,2022,41,24.91
Valparaíso,2022,42,25.38
Valparaíso,2022,43,26.11
Valparaíso,2022,44,26.43
Valparaíso,2022,45,20.95
Valparaíso,2022,46,28.95
Valparaíso,2022,47,26.84
Valparaíso,2022,48,25.24
Valparaíso,2022,49,28.91
Valparaíso,2022,50,29.32
Valparaíso,2022,51,30.76
Valparaíso,2022,52,28.67
Valparaíso,2023,1,27.51
Valparaíso,2023,2,28.22
Valparaíso,2023,3,28.04
Valparaíso,2023,4,28.61
Valparaíso,2023,5,26.49
Valparaíso,2023,6,25.87
Valparaíso,2023,7,26.62
Valparaíso,2023,8,23.99
Valparaíso,2023,9,24.45
Valparaíso,2023,10,20.49
Valparaíso,2023,11,22.01
Valparaíso,2023,12,19.79
Valparaíso,2023,13,20.0
Valparaíso,2023,14,17.45
Valparaíso,2023,15,15.34
Valparaíso,2023,16,13.97
Valparaíso,2023,17,10.65
Valparaíso,2023,18,13.22
Valparaíso,2023,19,11.47
Valparaíso,2023,20,11.17
Valparaíso,2023,21,7.1
Valparaíso,2023,22,8.96
Valparaíso,2023,23,9.22
Valparaíso,2023,24,9.55
Valparaíso,2023,25,5.76
Valparaíso,2023,26,9.46
Valparaíso,2023,27,9.39
Valparaíso,2023,28,8.1
Valparaíso,2023,29,7.2
Valparaíso,2023,30,11.35
Valparaíso,2023,31,11.46
Valparaíso,2023,32,11.36
Valparaíso,2023,33,9.63
Valparaíso,2023,34,12.69
Valparaíso,2023,35,14.34
Valparaíso,2023,36,10.81
Valparaíso,2023,37,18.26
Valparaíso,2023,38,16.52
Valparaíso,2023,39,21.11
Valparaíso,2023,40,23.34
Valparaíso,2023,41,24.64
Valparaíso,2023,42,20.87
Valparaíso,2023,43,21.55
Valparaíso,2023,44,25.7
Valparaíso,2023,45,22.76
Valparaíso,2023,46,27.65
Valparaíso,2023,47,27.43
Valparaíso,2023,48,28.75
Valparaíso,2023,49,30.77
Valparaíso,2023,50,30.27
Valparaíso,2023,51,29.56
Valparaíso,2023,52,24.95
Valparaíso,2024,1,27.1
Valparaíso,2024,2,30.9
Valparaíso,2024,3,29.41
Valparaíso,2024,4,23.6
Valparaíso,2024,5,28.1
Valparaíso,2024,6,25.7
Valparaíso,2024,7,24.73
Valparaíso,2024,8,22.37
Valparaíso,2024,9,24.57
Valparaíso,2024,10,23.51
Valparaíso,2024,11,23.37
Valparaíso,2024,12,19.42
Valparaíso,2024,13,18.22
Valparaíso,2024,14,17.81
Valparaíso,2024,15,14.9
Valparaíso,2024,16,14.07
Valparaíso,2024,17,14.5
Valparaíso,2024,18,12.59
Valparaíso,2024,19,11.7
Valparaíso,2024,20,12.18
Valparaíso,2024,21,7.14
Valparaíso,2024,22,8.67
Valparaíso,2024,23,5.08
Valparaíso,2024,24,6.67
Valparaíso,2024,25,5.73
Valparaíso,2024,26,10.06
Valparaíso,2024,27,11.16
Valparaíso,2024,28,11.22
Valparaíso,2024,29,9.63
Valparaíso,2024,30,11.88
Valparaíso,2024,31,8.04
Valparaíso,2024,32,12.96
Valparaíso,2024,33,10.88
Valparaíso,2024,34,15.46
Valparaíso,2024,35,15.67
Valparaíso,2024,36,17.0
Valparaíso,2024,37,19.5
Valparaíso,2024,38,14.73
Valparaíso,2024,39,20.51
Valparaíso,2024,40,20.6
Valparaíso,2024,41,18.85
Valparaíso,2024,42,22.09
Valparaíso,2024,43,24.76
Valparaíso,2024,44,22.92
Valparaíso,2024,45,28.93
Valparaíso,2024,46,27.55
Valparaíso,2024,47,28.82
Valparaíso,2024,48,31.29
Valparaíso,2024,49,31.11
Valparaíso,2024,50,30.56
Valparaíso,2024,51,30.35
Valparaíso,2024,52,28.12
Valparaíso,2025,1,28.67
Valparaíso,2025,2,27.16
Valparaíso,2025,3,30.18
Valparaíso,2025,4,28.46
Valparaíso,2025,5,28.22
Valparaíso,2025,6,26.38
Valparaíso,2025,7,26.23
Valparaíso,2025,8,24.71
Valparaíso,2025,9,22.9
Valparaíso,2025,10,24.08
Valparaíso,2025,11,20.77
Valparaíso,2025,12,20.1
Valparaíso,2025,13,19.15
Valparaíso,2025,14,18.38
Valparaíso,2025,15,16.2
Valparaíso,2025,16,16.08
Valparaíso,2025,17,13.34
Valparaíso,2025,18,13.74
Valparaíso,2025,19,10.09
Valparaíso,2025,20,8.38
Valparaíso,2025,21,10.76
Valparaíso,2025,22,10.25
Valparaíso,2025,23,8.79
Valparaíso,2025,24,8.89
Valparaíso,2025,25,9.31
Valparaíso,2025,26,10.39
Valparaíso,2025,27,9.9
Valparaíso,2025,28,9.06
Valparaíso,2025,29,10.99
Valparaíso,2025,30,9.7
Valparaíso,2025,31,7.39
Valparaíso,2025,32,12.25
Valparaíso,2025,33,11.5
Valparaíso,2025,34,13.75
Valparaíso,2025,35,12.94
Valparaíso,2025,36,16.81
Valparaíso,2025,37,19.26
Valparaíso,2025,38,18.68
Valparaíso,2025,39,19.82
Valparaíso,2025,40,20.07
Valparaíso,2025,41,23.49
Valparaíso,2025,42,24.19
Valparaíso,2025,43,24.97
Valparaíso,2025,44,26.36
Valparaíso,2025,45,25.84
Valparaíso,2025,46,29.15
Valparaíso,2025,47,26.79
Valparaíso,2025,48,26.44
Valparaíso,2025,49,26.21
Valparaíso,2025,50,24.63
Valparaíso,2025,51,28.46
Valparaíso,2025,52,31.62
Valparaíso,2026,1,24.42
Valparaíso,2026,2,26.33
Valparaíso,2026,3,30.2
Valparaíso,2026,4,25.44
Valparaíso,2026,5,24.61
Valparaíso,2026,6,28.09
Valparaíso,2026,7,27.91
Valparaíso,2026,8,26.14
Valparaíso,2026,9,24.01
Valparaíso,2026,10,23.72
Valparaíso,2026,11,23.46
Valparaíso,2026,12,18.04
Valparaíso,2026,13,21.28
Valparaíso,2026,14,19.26
Valparaíso,2026,15,17.29
Valparaíso,2026,16,14.04
Valparaíso,2026,17,16.05
Valparaíso,2026,18,13.85
Valparaíso,2026,19,11.64
Valparaíso,2026,20,10.52
Valparaíso,2026,21,8.65
Valparaíso,2026,22,9.45
Valparaíso,2026,23,7.75
Valparaíso,2026,24,7.73
Valparaíso,2026,25,6.14
Ñuble,2014,1,32.98
Ñuble,2014,2,33.41
Ñuble,2014,3,31.53
Ñuble,2014,4,26.52
Ñuble,2014,5,28.13
Ñuble,2014,6,26.97
Ñuble,2014,7,28.01
Ñuble,2014,8,27.85
Ñuble,2014,9,25.57
Ñuble,2014,10,23.8
Ñuble,2014,11,20.07
Ñuble,2014,12,22.35
Ñuble,2014,13,18.02
Ñuble,2014,14,16.15
Ñuble,2014,15,13.79
Ñuble,2014,16,16.55
Ñuble,2014,17,13.09
Ñuble,2014,18,8.15
Ñuble,2014,19,9.68
Ñuble,2014,20,7.76
Ñuble,2014,21,9.99
Ñuble,2014,22,9.35
Ñuble,2014,23,3.55
Ñuble,2014,24,5.28
Ñuble,2014,25,7.95
Ñuble,2014,26,9.79
Ñuble,2014,27,7.74
Ñuble,2014,28,8.77
Ñuble,2014,29,8.36
Ñuble,2014,30,7.41
Ñuble,2014,31,5.38
Ñuble,2014,32,10.45
Ñuble,2014,33,14.24
Ñuble,2014,34,10.02
Ñuble,2014,35,12.07
Ñuble,2014,36,9.69
Ñuble,2014,37,16.75
Ñuble,2014,38,15.12
Ñuble,2014,39,12.38
Ñuble,2014,40,20.3
Ñuble,2014,41,23.08
Ñuble,2014,42,22.7
Ñuble,2014,43,27.78
Ñuble,2014,44,24.13
Ñuble,2014,45,29.86
Ñuble,2014,46,31.04
Ñuble,2014,47,28.91
Ñuble,2014,48,28.53
Ñuble,2014,49,30.68
Ñuble,2014,50,31.34
Ñuble,2014,51,31.31
Ñuble,2014,52,33.77
Ñuble,2015,1,27.64
Ñuble,2015,2,33.46
Ñuble,2015,3,33.09
Ñuble,2015,4,31.14
Ñuble,2015,5,31.56
Ñuble,2015,6,30.4
Ñuble,2015,7,29.48
Ñuble,2015,8,26.67
Ñuble,2015,9,23.2
Ñuble,2015,10,25.09
Ñuble,2015,11,24.38
Ñuble,2015,12,22.25
Ñuble,2015,13,17.61
Ñuble,2015,14,18.93
Ñuble,2015,15,15.93
Ñuble,2015,16,13.4
Ñuble,2015,17,15.87
Ñuble,2015,18,13.08
Ñuble,2015,19,11.85
Ñuble,2015,20,11.11
Ñuble,2015,21,8.69
Ñuble,2015,22,8.0
Ñuble,2015,23,4.73
Ñuble,2015,24,7.42
Ñuble,2015,25,9.68
Ñuble,2015,26,8.69
Ñuble,2015,27,8.97
Ñuble,2015,28,4.37
Ñuble,2015,29,5.49
Ñuble,2015,30,9.38
Ñuble,2015,31,4.68
Ñuble,2015,32,6.1
Ñuble,2015,33,11.54
Ñuble,2015,34,11.4
Ñuble,2015,35,6.81
Ñuble,2015,36,16.75
Ñuble,2015,37,15.42
Ñuble,2015,38,14.34
Ñuble,2015,39,13.26
Ñuble,2015,40,12.22
Ñuble,2015,41,23.5
Ñuble,2015,42,18.24
Ñuble,2015,43,21.59
Ñuble,2015,44,26.92
Ñuble,2015,45,25.74
Ñuble,2015,46,27.21
Ñuble,2015,47,27.34
Ñuble,2015,48,29.23
Ñuble,2015,49,30.39
Ñuble,2015,50,31.97
Ñuble,2015,51,33.2
Ñuble,2015,52,31.49
Ñuble,2015,53,30.99
Ñuble,2016,1,29.95
Ñuble,2016,2,30.41
Ñuble,2016,3,29.56
Ñuble,2016,4,25.93
Ñuble,2016,5,27.97
Ñuble,2016,6,29.21
Ñuble,2016,7,27.83
Ñuble,2016,8,27.01
Ñuble,2016,9,24.78
Ñuble,2016,10,23.88
Ñuble,2016,11,22.38
Ñuble,2016,12,19.42
Ñuble,2016,13,15.93
Ñuble,2016,14,15.16
Ñuble,2016,15,9.73
Ñuble,2016,16,9.64
Ñuble,2016,17,12.27
Ñuble,2016,18,10.68
Ñuble,2016,19,8.63
Ñuble,2016,20,8.77
Ñuble,2016,21,7.7
Ñuble,2016,22,7.68
Ñuble,2016,23,9.22
Ñuble,2016,24,8.51
Ñuble,2016,25,8.98
Ñuble,2016,26,7.89
Ñuble,2016,27,8.21
Ñuble,2016,28,5.64
Ñuble,2016,29,5.73
Ñuble,2016,30,7.74
Ñuble,2016,31,10.16
Ñuble,2016,32,9.33
Ñuble,2016,33,10.98
Ñuble,2016,34,14.18
Ñuble,2016,35,16.61
Ñuble,2016,36,17.48
Ñuble,2016,37,15.81
Ñuble,2016,38,22.0
Ñuble,2016,39,19.46
Ñuble,2016,40,23.54
Ñuble,2016,41,10.8
Ñuble,2016,42,21.48
Ñuble,2016,43,25.82
Ñuble,2016,44,25.96
Ñuble,2016,45,31.07
Ñuble,2016,46,29.02
Ñuble,2016,47,25.71
Ñuble,2016,48,29.98
Ñuble,2016,49,29.32
Ñuble,2016,50,32.88
Ñuble,2016,51,28.92
Ñuble,2016,52,31.14
Ñuble,2017,1,32.68
Ñuble,2017,2,32.4
Ñuble,2017,3,32.41
Ñuble,2017,4,31.21
Ñuble,2017,5,26.59
Ñuble,2017,6,28.62
Ñuble,2017,7,25.62
Ñuble,2017,8,23.98
Ñuble,2017,9,20.93
Ñuble,2017,10,20.51
Ñuble,2017,11,20.84
Ñuble,2017,12,16.76
Ñuble,2017,13,18.23
Ñuble,2017,14,16.3
Ñuble,2017,15,15.73
Ñuble,2017,16,11.48
Ñuble,2017,17,13.48
Ñuble,2017,18,8.2
Ñuble,2017,19,8.07
Ñuble,2017,20,7.61
Ñuble,2017,21,10.28
Ñuble,2017,22,7.84
Ñuble,2017,23,8.37
Ñuble,2017,24,6.17
Ñuble,2017,25,3.93
Ñuble,2017,26,7.52
Ñuble,2017,27,6.46
Ñuble,2017,28,7.73
Ñuble,2017,29,9.04
Ñuble,2017,30,10.45
Ñuble,2017,31,9.44
Ñuble,2017,32,5.9
Ñuble,2017,33,10.83
Ñuble,2017,34,6.33
Ñuble,2017,35,14.4
Ñuble,2017,36,13.47
Ñuble,2017,37,17.96
Ñuble,2017,38,17.01
Ñuble,2017,39,14.72
Ñuble,2017,40,13.88
Ñuble,2017,41,23.72
Ñuble,2017,42,20.12
Ñuble,2017,43,21.31
Ñuble,2017,44,16.02
Ñuble,2017,45,25.64
Ñuble,2017,46,29.36
Ñuble,2017,47,31.11
Ñuble,2017,48,27.53
Ñuble,2017,49,31.52
Ñuble,2017,50,24.84
Ñuble,2017,51,33.66
Ñuble,2017,52,29.86
Ñuble,2018,1,27.51
Ñuble,2018,2,29.54
Ñuble,2018,3,26.75
Ñuble,2018,4,30.05
Ñuble,2018,5,30.44
Ñuble,2018,6,29.16
Ñuble,2018,7,27.51
Ñuble,2018,8,24.99
Ñuble,2018,9,24.47
Ñuble,2018,10,24.31
Ñuble,2018,11,19.43
Ñuble,2018,12,19.93
Ñuble,2018,13,19.15
Ñuble,2018,14,14.45
Ñuble,2018,15,13.36
Ñuble,2018,16,13.59
Ñuble,2018,17,11.7
Ñuble,2018,18,8.86
Ñuble,2018,19,8.35
Ñuble,2018,20,7.02
Ñuble,2018,21,8.31
Ñuble,2018,22,8.5
Ñuble,2018,23,5.15
Ñuble,2018,24,8.26
Ñuble,2018,25,8.56
Ñuble,2018,26,3.33
Ñuble,2018,27,4.78
Ñuble,2018,28,7.63
Ñuble,2018,29,9.32
Ñuble,2018,30,9.37
Ñuble,2018,31,8.79
Ñuble,2018,32,9.89
Ñuble,2018,33,12.26
Ñuble,2018,34,12.26
Ñuble,2018,35,9.93
Ñuble,2018,36,17.05
Ñuble,2018,37,15.88
Ñuble,2018,38,11.4
Ñuble,2018,39,13.01
Ñuble,2018,40,19.05
Ñuble,2018,41,21.72
Ñuble,2018,42,18.13
Ñuble,2018,43,19.59
Ñuble,2018,44,18.9
Ñuble,2018,45,25.52
Ñuble,2018,46,23.93
Ñuble,2018,47,31.13
Ñuble,2018,48,30.61
Ñuble,2018,49,26.78
Ñuble,2018,50,28.85
Ñuble,2018,51,33.12
Ñuble,2018,52,32.4
Ñuble,2019,1,33.18
Ñuble,2019,2,23.06
Ñuble,2019,3,31.47
Ñuble,2019,4,31.9
Ñuble,2019,5,30.45
Ñuble,2019,6,27.7
Ñuble,2019,7,26.48
Ñuble,2019,8,22.35
Ñuble,2019,9,25.52
Ñuble,2019,10,23.41
Ñuble,2019,11,22.9
Ñuble,2019,12,22.08
Ñuble,2019,13,17.3
Ñuble,2019,14,18.93
Ñuble,2019,15,13.5
Ñuble,2019,16,12.18
Ñuble,2019,17,10.94
Ñuble,2019,18,9.93
Ñuble,2019,19,9.02
Ñuble,2019,20,9.08
Ñuble,2019,21,7.98
Ñuble,2019,22,5.18
Ñuble,2019,23,6.61
Ñuble,2019,24,5.21
Ñuble,2019,25,7.63
Ñuble,2019,26,4.21
Ñuble,2019,27,7.04
Ñuble,2019,28,6.34
Ñuble,2019,29,6.16
Ñuble,2019,30,8.86
Ñuble,2019,31,10.22
Ñuble,2019,32,10.81
Ñuble,2019,33,11.02
Ñuble,2019,34,10.46
Ñuble,2019,35,12.88
Ñuble,2019,36,11.77
Ñuble,2019,37,12.84
Ñuble,2019,38,20.51
Ñuble,2019,39,17.05
Ñuble,2019,40,18.59
Ñuble,2019,41,19.8
Ñuble,2019,42,18.26
Ñuble,2019,43,22.87
Ñuble,2019,44,24.45
Ñuble,2019,45,27.46
Ñuble,2019,46,28.37
Ñuble,2019,47,26.37
Ñuble,2019,48,29.05
Ñuble,2019,49,31.99
Ñuble,2019,50,29.21
Ñuble,2019,51,30.08
Ñuble,2019,52,29.24
Ñuble,2020,1,32.17
Ñuble,2020,2,30.03
Ñuble,2020,3,31.51
Ñuble,2020,4,31.26
Ñuble,2020,5,29.66
Ñuble,2020,6,29.12
Ñuble,2020,7,28.01
Ñuble,2020,8,27.09
Ñuble,2020,9,25.41
Ñuble,2020,10,24.65
Ñuble,2020,11,22.0
Ñuble,2020,12,20.59
Ñuble,2020,13,17.21
Ñuble,2020,14,19.75
Ñuble,2020,15,17.55
Ñuble,2020,16,13.89
Ñuble,2020,17,11.24
Ñuble,2020,18,11.73
Ñuble,2020,19,10.21
Ñuble,2020,20,11.67
Ñuble,2020,21,8.56
Ñuble,2020,22,9.37
Ñuble,2020,23,7.42
Ñuble,2020,24,6.2
Ñuble,2020,25,3.44
Ñuble,2020,26,3.51
Ñuble,2020,27,4.89
Ñuble,2020,28,5.23
Ñuble,2020,29,6.61
Ñuble,2020,30,7.37
Ñuble,2020,31,9.44
Ñuble,2020,32,10.29
Ñuble,2020,33,12.97
Ñuble,2020,34,13.31
Ñuble,2020,35,9.78
Ñuble,2020,36,14.02
Ñuble,2020,37,13.63
Ñuble,2020,38,18.58
Ñuble,2020,39,17.52
Ñuble,2020,40,20.05
Ñuble,2020,41,24.69
Ñuble,2020,42,24.44
Ñuble,2020,43,26.6
Ñuble,2020,44,25.66
Ñuble,2020,45,28.36
Ñuble,2020,46,28.05
Ñuble,2020,47,27.77
Ñuble,2020,48,31.93
Ñuble,2020,49,32.69
Ñuble,2020,50,29.08
Ñuble,2020,51,28.3
Ñuble,2020,52,33.21
Ñuble,2020,53,31.22
Ñuble,2021,1,31.64
Ñuble,2021,2,32.16
Ñuble,2021,3,31.37
Ñuble,2021,4,22.17
Ñuble,2021,5,22.66
Ñuble,2021,6,24.38
Ñuble,2021,7,24.03
Ñuble,2021,8,26.4
Ñuble,2021,9,24.41
Ñuble,2021,10,21.77
Ñuble,2021,11,16.11
Ñuble,2021,12,20.52
Ñuble,2021,13,17.57
Ñuble,2021,14,13.39
Ñuble,2021,15,15.69
Ñuble,2021,16,11.96
Ñuble,2021,17,8.94
Ñuble,2021,18,10.46
Ñuble,2021,19,11.0
Ñuble,2021,20,7.5
Ñuble,2021,21,7.13
Ñuble,2021,22,4.73
Ñuble,2021,23,7.55
Ñuble,2021,24,7.81
Ñuble,2021,25,5.83
Ñuble,2021,26,8.76
Ñuble,2021,27,7.8
Ñuble,2021,28,9.42
Ñuble,2021,29,7.73
Ñuble,2021,30,11.78
Ñuble,2021,31,10.39
Ñuble,2021,32,11.16
Ñuble,2021,33,7.19
Ñuble,2021,34,11.08
Ñuble,2021,35,12.69
Ñuble,2021,36,12.43
Ñuble,2021,37,18.57
Ñuble,2021,38,19.51
Ñuble,2021,39,21.05
Ñuble,2021,40,22.52
Ñuble,2021,41,21.07
Ñuble,2021,42,23.89
Ñuble,2021,43,25.3
Ñuble,2021,44,25.41
Ñuble,2021,45,23.74
Ñuble,2021,46,29.7
Ñuble,2021,47,28.87
Ñuble,2021,48,28.88
Ñuble,2021,49,27.65
Ñuble,2021,50,32.49
Ñuble,2021,51,33.35
Ñuble,2021,52,27.91
Ñuble,2022,1,29.68
Ñuble,2022,2,31.17
Ñuble,2022,3,29.24
Ñuble,2022,4,28.86
Ñuble,2022,5,29.04
Ñuble,2022,6,28.64
Ñuble,2022,7,27.51
Ñuble,2022,8,22.14
Ñuble,2022,9,23.73
Ñuble,2022,10,23.13
Ñuble,2022,11,20.53
Ñuble,2022,12,18.94
Ñuble,2022,13,19.04
Ñuble,2022,14,15.34
Ñuble,2022,15,14.52
Ñuble,2022,16,5.94
Ñuble,2022,17,8.98
Ñuble,2022,18,11.13
Ñuble,2022,19,7.81
Ñuble,2022,20,6.81
Ñuble,2022,21,7.55
Ñuble,2022,22,6.02
Ñuble,2022,23,6.64
Ñuble,2022,24,6.22
Ñuble,2022,25,4.17
Ñuble,2022,26,5.21
Ñuble,2022,27,5.81
Ñuble,2022,28,3.8
Ñuble,2022,29,7.32
Ñuble,2022,30,8.58
Ñuble,2022,31,7.58
Ñuble,2022,32,9.85
Ñuble,2022,33,11.3
Ñuble,2022,34,12.11
Ñuble,2022,35,14.65
Ñuble,2022,36,14.6
Ñuble,2022,37,14.52
Ñuble,2022,38,16.35
Ñuble,2022,39,19.6
Ñuble,2022,40,13.75
Ñuble,2022,41,23.33
Ñuble,2022,42,22.24
Ñuble,2022,43,20.32
Ñuble,2022,44,27.44
Ñuble,2022,45,20.6
Ñuble,2022,46,29.75
Ñuble,2022,47,30.84
Ñuble,2022,48,31.32
Ñuble,2022,49,29.58
Ñuble,2022,50,32.67
Ñuble,2022,51,30.59
Ñuble,2022,52,29.2
Ñuble,2023,1,31.98
Ñuble,2023,2,31.66
Ñuble,2023,3,30.23
Ñuble,2023,4,29.91
Ñuble,2023,5,29.79
Ñuble,2023,6,28.27
Ñuble,2023,7,27.92
Ñuble,2023,8,26.37
Ñuble,2023,9,25.15
Ñuble,2023,10,20.15
Ñuble,2023,11,20.77
Ñuble,2023,12,20.9
Ñuble,2023,13,17.44
Ñuble,2023,14,17.14
Ñuble,2023,15,12.26
Ñuble,2023,16,12.63
Ñuble,2023,17,8.64
Ñuble,2023,18,10.96
Ñuble,2023,19,10.51
Ñuble,2023,20,6.97
Ñuble,2023,21,6.13
Ñuble,2023,22,7.37
Ñuble,2023,23,6.72
Ñuble,2023,24,8.9
Ñuble,2023,25,3.22
Ñuble,2023,26,6.54
Ñuble,2023,27,5.93
Ñuble,2023,28,8.41
Ñuble,2023,29,6.24
Ñuble,2023,30,8.65
Ñuble,2023,31,10.72
Ñuble,2023,32,10.75
Ñuble,2023,33,6.36
Ñuble,2023,34,11.42
Ñuble,2023,35,7.9
Ñuble,2023,36,8.78
Ñuble,2023,37,13.74
Ñuble,2023,38,16.23
Ñuble,2023,39,20.24
Ñuble,2023,40,21.1
Ñuble,2023,41,23.86
Ñuble,2023,42,23.05
Ñuble,2023,43,19.55
Ñuble,2023,44,24.7
Ñuble,2023,45,22.73
Ñuble,2023,46,24.83
Ñuble,2023,47,29.6
Ñuble,2023,48,28.8
Ñuble,2023,49,32.28
Ñuble,2023,50,28.49
Ñuble,2023,51,32.56
Ñuble,2023,52,26.02
Ñuble,2024,1,30.35
Ñuble,2024,2,32.53
Ñuble,2024,3,31.59
Ñuble,2024,4,30.54
Ñuble,2024,5,30.2
Ñuble,2024,6,26.96
Ñuble,2024,7,28.16
Ñuble,2024,8,23.45
Ñuble,2024,9,25.67
Ñuble,2024,10,22.2
Ñuble,2024,11,22.27
Ñuble,2024,12,16.11
Ñuble,2024,13,17.77
Ñuble,2024,14,15.84
Ñuble,2024,15,15.02
Ñuble,2024,16,11.42
Ñuble,2024,17,11.03
Ñuble,2024,18,8.05
Ñuble,2024,19,9.78
Ñuble,2024,20,10.48
Ñuble,2024,21,7.53
Ñuble,2024,22,4.98
Ñuble,2024,23,3.72
Ñuble,2024,24,3.68
Ñuble,2024,25,5.04
Ñuble,2024,26,8.26
Ñuble,2024,27,9.17
Ñuble,2024,28,9.36
Ñuble,2024,29,9.44
Ñuble,2024,30,9.34
Ñuble,2024,31,5.33
Ñuble,2024,32,10.7
Ñuble,2024,33,12.61
Ñuble,2024,34,11.77
Ñuble,2024,35,12.68
Ñuble,2024,36,15.72
Ñuble,2024,37,18.94
Ñuble,2024,38,12.93
Ñuble,2024,39,18.49
Ñuble,2024,40,19.09
Ñuble,2024,41,18.91
Ñuble,2024,42,22.18
Ñuble,2024,43,21.56
Ñuble,2024,44,21.3
Ñuble,2024,45,25.05
Ñuble,2024,46,27.62
Ñuble,2024,47,30.27
Ñuble,2024,48,28.93
Ñuble,2024,49,30.89
Ñuble,2024,50,33.33
Ñuble,2024,51,31.87
Ñuble,2024,52,31.97
Ñuble,2025,1,32.06
Ñuble,2025,2,32.28
Ñuble,2025,3,30.19
Ñuble,2025,4,30.18
Ñuble,2025,5,30.54
Ñuble,2025,6,29.36
Ñuble,2025,7,28.31
Ñuble,2025,8,26.74
Ñuble,2025,9,23.32
Ñuble,2025,10,21.8
Ñuble,2025,11,21.77
Ñuble,2025,12,21.26
Ñuble,2025,13,17.32
Ñuble,2025,14,16.55
Ñuble,2025,15,14.69
Ñuble,2025,16,12.4
Ñuble,2025,17,9.17
Ñuble,2025,18,9.91
Ñuble,2025,19,8.46
Ñuble,2025,20,8.66
Ñuble,2025,21,7.5
Ñuble,2025,22,9.72
Ñuble,2025,23,8.09
Ñuble,2025,24,4.87
Ñuble,2025,25,7.8
Ñuble,2025,26,9.56
Ñuble,2025,27,7.48
Ñuble,2025,28,9.57
Ñuble,2025,29,8.87
Ñuble,2025,30,6.9
Ñuble,2025,31,4.23
Ñuble,2025,32,11.2
Ñuble,2025,33,10.66
Ñuble,2025,34,10.51
Ñuble,2025,35,13.13
Ñuble,2025,36,14.0
Ñuble,2025,37,16.47
Ñuble,2025,38,14.16
Ñuble,2025,39,18.53
Ñuble,2025,40,20.28
Ñuble,2025,41,23.8
Ñuble,2025,42,24.27
Ñuble,2025,43,25.44
Ñuble,2025,44,27.38
Ñuble,2025,45,24.44
Ñuble,2025,46,28.55
Ñuble,2025,47,30.84
Ñuble,2025,48,25.97
Ñuble,2025,49,31.48
Ñuble,2025,50,28.53
Ñuble,2025,51,29.3
Ñuble,2025,52,32.75
Ñuble,2026,1,32.28
Ñuble,2026,2,29.16
Ñuble,2026,3,31.96
Ñuble,2026,4,30.97
Ñuble,2026,5,27.7
Ñuble,2026,6,22.73
Ñuble,2026,7,26.95
Ñuble,2026,8,24.25
Ñuble,2026,9,23.91
Ñuble,2026,10,23.16
Ñuble,2026,11,18.9
Ñuble,2026,12,14.93
Ñuble,2026,13,19.48
Ñuble,2026,14,17.76
Ñuble,2026,15,15.42
Ñuble,2026,16,11.65
Ñuble,2026,17,13.67
Ñuble,2026,18,10.43
Ñuble,2026,19,7.37
Ñuble,2026,20,10.86
Ñuble,2026,21,8.53
Ñuble,2026,22,7.78
Ñuble,2026,23,5.7
Ñuble,2026,24,4.99
Ñuble,2026,25,8.21
