region,anio,semana,temp_promedio_semanal
Antofagasta,2014,1,21.7
Antofagasta,2014,2,21.91
Antofagasta,2014,3,22.21
Antofagasta,2014,4,21.87
Antofagasta,2014,5,21.4
Antofagasta,2014,6,21.36
Antofagasta,2014,7,20.53
Antofagasta,2014,8,20.56
Antofagasta,2014,9,20.26
Antofagasta,2014,10,20.53
Antofagasta,2014,11,20.24
Antofagasta,2014,12,20.11
Antofagasta,2014,13,19.59
Antofagasta,2014,14,19.47
Antofagasta,2014,15,18.81
Antofagasta,2014,16,18.56
Antofagasta,2014,17,18.31
Antofagasta,2014,18,17.94
Antofagasta,2014,19,17.64
Antofagasta,2014,20,17.74
Antofagasta,2014,21,16.53
Antofagasta,2014,22,16.81
Antofagasta,2014,23,15.67
Antofagasta,2014,24,16.36
Antofagasta,2014,25,16.67
Antofagasta,2014,26,15.11
Antofagasta,2014,27,15.01
Antofagasta,2014,28,15.49
Antofagasta,2014,29,16.51
Antofagasta,2014,30,15.04
Antofagasta,2014,31,16.7
Antofagasta,2014,32,15.86
Antofagasta,2014,33,17.03
Antofagasta,2014,34,15.99
Antofagasta,2014,35,17.63
Antofagasta,2014,36,17.73
Antofagasta,2014,37,16.27
Antofagasta,2014,38,16.9
Antofagasta,2014,39,16.61
Antofagasta,2014,40,16.93
Antofagasta,2014,41,16.5
Antofagasta,2014,42,17.61
Antofagasta,2014,43,18.4
Antofagasta,2014,44,17.4
Antofagasta,2014,45,17.49
Antofagasta,2014,46,18.51
Antofagasta,2014,47,18.2
Antofagasta,2014,48,18.14
Antofagasta,2014,49,18.4
Antofagasta,2014,50,19.03
Antofagasta,2014,51,18.79
Antofagasta,2014,52,19.36
Antofagasta,2015,1,20.03
Antofagasta,2015,2,20.23
Antofagasta,2015,3,20.34
Antofagasta,2015,4,20.6
Antofagasta,2015,5,21.93
Antofagasta,2015,6,21.87
Antofagasta,2015,7,22.56
Antofagasta,2015,8,22.11
Antofagasta,2015,9,20.64
Antofagasta,2015,10,20.5
Antofagasta,2015,11,21.83
Antofagasta,2015,12,22.0
Antofagasta,2015,13,21.87
Antofagasta,2015,14,20.39
Antofagasta,2015,15,20.24
Antofagasta,2015,16,20.24
Antofagasta,2015,17,18.86
Antofagasta,2015,18,18.9
Antofagasta,2015,19,19.71
Antofagasta,2015,20,18.49
Antofagasta,2015,21,18.14
Antofagasta,2015,22,17.49
Antofagasta,2015,23,17.43
Antofagasta,2015,24,17.56
Antofagasta,2015,25,17.26
Antofagasta,2015,26,17.34
Antofagasta,2015,27,16.93
Antofagasta,2015,28,16.96
Antofagasta,2015,29,16.54
Antofagasta,2015,30,16.6
Antofagasta,2015,31,16.44
Antofagasta,2015,32,17.49
Antofagasta,2015,33,15.64
Antofagasta,2015,34,17.14
Antofagasta,2015,35,17.54
Antofagasta,2015,36,17.59
Antofagasta,2015,37,19.1
Antofagasta,2015,38,18.59
Antofagasta,2015,39,17.54
Antofagasta,2015,40,18.67
Antofagasta,2015,41,17.67
Antofagasta,2015,42,17.73
Antofagasta,2015,43,19.29
Antofagasta,2015,44,18.4
Antofagasta,2015,45,17.89
Antofagasta,2015,46,18.53
Antofagasta,2015,47,18.76
Antofagasta,2015,48,19.0
Antofagasta,2015,49,19.64
Antofagasta,2015,50,20.21
Antofagasta,2015,51,19.67
Antofagasta,2015,52,20.67
Antofagasta,2015,53,20.87
Antofagasta,2016,1,21.47
Antofagasta,2016,2,21.19
Antofagasta,2016,3,21.74
Antofagasta,2016,4,22.37
Antofagasta,2016,5,22.79
Antofagasta,2016,6,22.04
Antofagasta,2016,7,21.6
Antofagasta,2016,8,23.04
Antofagasta,2016,9,21.64
Antofagasta,2016,10,21.84
Antofagasta,2016,11,21.31
Antofagasta,2016,12,20.56
Antofagasta,2016,13,21.1
Antofagasta,2016,14,20.43
Antofagasta,2016,15,19.33
Antofagasta,2016,16,18.93
Antofagasta,2016,17,18.77
Antofagasta,2016,18,18.79
Antofagasta,2016,19,19.64
Antofagasta,2016,20,18.64
Antofagasta,2016,21,18.71
Antofagasta,2016,22,18.66
Antofagasta,2016,23,18.06
Antofagasta,2016,24,17.47
Antofagasta,2016,25,16.11
Antofagasta,2016,26,16.53
Antofagasta,2016,27,17.61
Antofagasta,2016,28,16.34
Antofagasta,2016,29,16.9
Antofagasta,2016,30,16.63
Antofagasta,2016,31,16.47
Antofagasta,2016,32,16.9
Antofagasta,2016,33,17.39
Antofagasta,2016,34,16.86
Antofagasta,2016,35,16.76
Antofagasta,2016,36,17.76
Antofagasta,2016,37,16.2
Antofagasta,2016,38,16.93
Antofagasta,2016,39,16.56
Antofagasta,2016,40,17.69
Antofagasta,2016,41,19.07
Antofagasta,2016,42,17.59
Antofagasta,2016,43,18.03
Antofagasta,2016,44,18.67
Antofagasta,2016,45,19.1
Antofagasta,2016,46,19.69
Antofagasta,2016,47,19.07
Antofagasta,2016,48,19.79
Antofagasta,2016,49,19.9
Antofagasta,2016,50,20.61
Antofagasta,2016,51,20.56
Antofagasta,2016,52,20.1
Antofagasta,2017,1,21.31
Antofagasta,2017,2,21.91
Antofagasta,2017,3,23.59
Antofagasta,2017,4,24.41
Antofagasta,2017,5,23.71
Antofagasta,2017,6,21.81
Antofagasta,2017,7,22.11
Antofagasta,2017,8,22.84
Antofagasta,2017,9,23.44
Antofagasta,2017,10,21.04
Antofagasta,2017,11,21.06
Antofagasta,2017,12,20.21
Antofagasta,2017,13,19.29
Antofagasta,2017,14,18.76
Antofagasta,2017,15,18.24
Antofagasta,2017,16,18.64
Antofagasta,2017,17,17.0
Antofagasta,2017,18,16.63
Antofagasta,2017,19,19.2
Antofagasta,2017,20,16.89
Antofagasta,2017,21,16.3
Antofagasta,2017,22,15.4
Antofagasta,2017,23,15.71
Antofagasta,2017,24,15.47
Antofagasta,2017,25,14.8
Antofagasta,2017,26,15.24
Antofagasta,2017,27,14.79
Antofagasta,2017,28,14.69
Antofagasta,2017,29,13.97
Antofagasta,2017,30,14.46
Antofagasta,2017,31,14.03
Antofagasta,2017,32,14.53
Antofagasta,2017,33,14.37
Antofagasta,2017,34,14.67
Antofagasta,2017,35,14.7
Antofagasta,2017,36,14.39
Antofagasta,2017,37,14.47
Antofagasta,2017,38,14.89
Antofagasta,2017,39,15.39
Antofagasta,2017,40,15.19
Antofagasta,2017,41,14.91
Antofagasta,2017,42,15.16
Antofagasta,2017,43,15.37
Antofagasta,2017,44,15.46
Antofagasta,2017,45,16.71
Antofagasta,2017,46,17.23
Antofagasta,2017,47,16.8
Antofagasta,2017,48,17.26
Antofagasta,2017,49,17.71
Antofagasta,2017,50,18.44
Antofagasta,2017,51,19.51
Antofagasta,2017,52,19.89
Antofagasta,2018,1,20.76
Antofagasta,2018,2,20.87
Antofagasta,2018,3,20.14
Antofagasta,2018,4,20.4
Antofagasta,2018,5,20.6
Antofagasta,2018,6,21.87
Antofagasta,2018,7,21.66
Antofagasta,2018,8,21.84
Antofagasta,2018,9,20.8
Antofagasta,2018,10,20.53
Antofagasta,2018,11,20.2
Antofagasta,2018,12,18.71
Antofagasta,2018,13,18.3
Antofagasta,2018,14,18.93
Antofagasta,2018,15,18.5
Antofagasta,2018,16,17.94
Antofagasta,2018,17,17.39
Antofagasta,2018,18,16.06
Antofagasta,2018,19,16.34
Antofagasta,2018,20,15.11
Antofagasta,2018,21,15.07
Antofagasta,2018,22,15.4
Antofagasta,2018,23,15.57
Antofagasta,2018,24,15.2
Antofagasta,2018,25,14.13
Antofagasta,2018,26,13.67
Antofagasta,2018,27,14.57
Antofagasta,2018,28,14.23
Antofagasta,2018,29,14.47
Antofagasta,2018,30,14.07
Antofagasta,2018,31,13.5
Antofagasta,2018,32,14.14
Antofagasta,2018,33,13.61
Antofagasta,2018,34,13.79
Antofagasta,2018,35,14.09
Antofagasta,2018,36,14.04
Antofagasta,2018,37,14.06
Antofagasta,2018,38,14.61
Antofagasta,2018,39,14.93
Antofagasta,2018,40,15.91
Antofagasta,2018,41,15.87
Antofagasta,2018,42,14.94
Antofagasta,2018,43,15.64
Antofagasta,2018,44,16.7
Antofagasta,2018,45,16.59
Antofagasta,2018,46,17.51
Antofagasta,2018,47,17.84
Antofagasta,2018,48,18.06
Antofagasta,2018,49,18.66
Antofagasta,2018,50,18.49
Antofagasta,2018,51,18.17
Antofagasta,2018,52,18.67
Antofagasta,2019,1,20.06
Antofagasta,2019,2,20.67
Antofagasta,2019,3,19.89
Antofagasta,2019,4,20.54
Antofagasta,2019,5,23.1
Antofagasta,2019,6,22.41
Antofagasta,2019,7,20.71
Antofagasta,2019,8,21.34
Antofagasta,2019,9,21.06
Antofagasta,2019,10,20.3
Antofagasta,2019,11,19.63
Antofagasta,2019,12,19.07
Antofagasta,2019,13,19.14
Antofagasta,2019,14,19.87
Antofagasta,2019,15,17.96
Antofagasta,2019,16,17.13
Antofagasta,2019,17,18.07
Antofagasta,2019,18,17.3
Antofagasta,2019,19,16.66
Antofagasta,2019,20,15.56
Antofagasta,2019,21,14.91
Antofagasta,2019,22,15.53
Antofagasta,2019,23,14.7
Antofagasta,2019,24,14.61
Antofagasta,2019,25,15.04
Antofagasta,2019,26,14.24
Antofagasta,2019,27,14.17
Antofagasta,2019,28,13.94
Antofagasta,2019,29,13.79
Antofagasta,2019,30,13.53
Antofagasta,2019,31,14.34
Antofagasta,2019,32,13.83
Antofagasta,2019,33,14.29
Antofagasta,2019,34,13.73
Antofagasta,2019,35,14.6
Antofagasta,2019,36,14.19
Antofagasta,2019,37,14.59
Antofagasta,2019,38,14.13
Antofagasta,2019,39,14.39
Antofagasta,2019,40,14.89
Antofagasta,2019,41,15.11
Antofagasta,2019,42,16.03
Antofagasta,2019,43,15.31
Antofagasta,2019,44,15.71
Antofagasta,2019,45,16.44
Antofagasta,2019,46,17.39
Antofagasta,2019,47,18.54
Antofagasta,2019,48,18.33
Antofagasta,2019,49,17.96
Antofagasta,2019,50,18.33
Antofagasta,2019,51,19.01
Antofagasta,2019,52,19.49
Antofagasta,2020,1,20.3
Antofagasta,2020,2,20.69
Antofagasta,2020,3,21.07
Antofagasta,2020,4,23.34
Antofagasta,2020,5,21.53
Antofagasta,2020,6,20.79
Antofagasta,2020,7,21.29
Antofagasta,2020,8,21.43
Antofagasta,2020,9,21.06
Antofagasta,2020,10,20.37
Antofagasta,2020,11,20.76
Antofagasta,2020,12,19.9
Antofagasta,2020,13,18.63
Antofagasta,2020,14,19.23
Antofagasta,2020,15,19.54
Antofagasta,2020,16,18.66
Antofagasta,2020,17,17.97
Antofagasta,2020,18,17.39
Antofagasta,2020,19,16.84
Antofagasta,2020,20,16.5
Antofagasta,2020,21,16.2
Antofagasta,2020,22,17.31
Antofagasta,2020,23,16.4
Antofagasta,2020,24,15.87
Antofagasta,2020,25,15.43
Antofagasta,2020,26,15.19
Antofagasta,2020,27,14.96
Antofagasta,2020,28,14.66
Antofagasta,2020,29,14.31
Antofagasta,2020,30,14.49
Antofagasta,2020,31,14.06
Antofagasta,2020,32,14.47
Antofagasta,2020,33,14.14
Antofagasta,2020,34,13.74
Antofagasta,2020,35,14.53
Antofagasta,2020,36,14.31
Antofagasta,2020,37,14.46
Antofagasta,2020,38,14.71
Antofagasta,2020,39,14.81
Antofagasta,2020,40,14.83
Antofagasta,2020,41,14.96
Antofagasta,2020,42,15.27
Antofagasta,2020,43,15.56
Antofagasta,2020,44,15.61
Antofagasta,2020,45,16.16
Antofagasta,2020,46,16.59
Antofagasta,2020,47,16.6
Antofagasta,2020,48,17.59
Antofagasta,2020,49,17.51
Antofagasta,2020,50,17.89
Antofagasta,2020,51,18.26
Antofagasta,2020,52,19.07
Antofagasta,2020,53,20.37
Antofagasta,2021,1,20.1
Antofagasta,2021,2,19.33
Antofagasta,2021,3,19.66
Antofagasta,2021,4,20.1
Antofagasta,2021,5,20.07
Antofagasta,2021,6,20.96
Antofagasta,2021,7,20.37
Antofagasta,2021,8,20.41
Antofagasta,2021,9,21.3
Antofagasta,2021,10,21.0
Antofagasta,2021,11,20.0
Antofagasta,2021,12,18.71
Antofagasta,2021,13,17.91
Antofagasta,2021,14,18.56
Antofagasta,2021,15,17.6
Antofagasta,2021,16,17.83
Antofagasta,2021,17,17.37
Antofagasta,2021,18,17.16
Antofagasta,2021,19,16.89
Antofagasta,2021,20,16.37
Antofagasta,2021,21,16.31
Antofagasta,2021,22,15.79
Antofagasta,2021,23,15.1
Antofagasta,2021,24,15.4
Antofagasta,2021,25,15.1
Antofagasta,2021,26,13.79
Antofagasta,2021,27,14.43
Antofagasta,2021,28,14.31
Antofagasta,2021,29,14.14
Antofagasta,2021,30,14.1
Antofagasta,2021,31,13.9
Antofagasta,2021,32,13.81
Antofagasta,2021,33,14.36
Antofagasta,2021,34,13.87
Antofagasta,2021,35,14.34
Antofagasta,2021,36,14.21
Antofagasta,2021,37,14.19
Antofagasta,2021,38,14.36
Antofagasta,2021,39,14.64
Antofagasta,2021,40,14.66
Antofagasta,2021,41,14.56
Antofagasta,2021,42,14.5
Antofagasta,2021,43,15.69
Antofagasta,2021,44,16.1
Antofagasta,2021,45,15.99
Antofagasta,2021,46,15.83
Antofagasta,2021,47,16.43
Antofagasta,2021,48,17.1
Antofagasta,2021,49,17.4
Antofagasta,2021,50,17.84
Antofagasta,2021,51,19.93
Antofagasta,2021,52,19.47
Antofagasta,2022,1,19.64
Antofagasta,2022,2,20.26
Antofagasta,2022,3,19.39
Antofagasta,2022,4,19.1
Antofagasta,2022,5,19.21
Antofagasta,2022,6,19.37
Antofagasta,2022,7,20.2
Antofagasta,2022,8,19.61
Antofagasta,2022,9,20.16
Antofagasta,2022,10,19.44
Antofagasta,2022,11,18.67
Antofagasta,2022,12,17.64
Antofagasta,2022,13,17.03
Antofagasta,2022,14,16.64
Antofagasta,2022,15,15.96
Antofagasta,2022,16,16.33
Antofagasta,2022,17,16.19
Antofagasta,2022,18,15.84
Antofagasta,2022,19,15.26
Antofagasta,2022,20,15.01
Antofagasta,2022,21,14.46
Antofagasta,2022,22,14.63
Antofagasta,2022,23,14.44
Antofagasta,2022,24,13.61
Antofagasta,2022,25,13.86
Antofagasta,2022,26,14.39
Antofagasta,2022,27,13.86
Antofagasta,2022,28,13.87
Antofagasta,2022,29,13.61
Antofagasta,2022,30,13.47
Antofagasta,2022,31,13.87
Antofagasta,2022,32,13.47
Antofagasta,2022,33,13.63
Antofagasta,2022,34,13.34
Antofagasta,2022,35,13.71
Antofagasta,2022,36,13.54
Antofagasta,2022,37,13.77
Antofagasta,2022,38,13.74
Antofagasta,2022,39,13.94
Antofagasta,2022,40,14.71
Antofagasta,2022,41,14.3
Antofagasta,2022,42,14.79
Antofagasta,2022,43,14.89
Antofagasta,2022,44,15.49
Antofagasta,2022,45,16.56
Antofagasta,2022,46,17.0
Antofagasta,2022,47,17.99
Antofagasta,2022,48,17.84
Antofagasta,2022,49,18.77
Antofagasta,2022,50,20.29
Antofagasta,2022,51,19.47
Antofagasta,2022,52,19.71
Antofagasta,2023,1,20.04
Antofagasta,2023,2,20.09
Antofagasta,2023,3,20.34
Antofagasta,2023,4,20.73
Antofagasta,2023,5,21.41
Antofagasta,2023,6,21.83
Antofagasta,2023,7,22.29
Antofagasta,2023,8,21.53
Antofagasta,2023,9,20.71
Antofagasta,2023,10,22.57
Antofagasta,2023,11,21.26
Antofagasta,2023,12,21.5
Antofagasta,2023,13,21.13
Antofagasta,2023,14,20.53
Antofagasta,2023,15,18.9
Antofagasta,2023,16,18.03
Antofagasta,2023,17,17.51
Antofagasta,2023,18,16.1
Antofagasta,2023,19,16.47
Antofagasta,2023,20,17.16
Antofagasta,2023,21,16.44
Antofagasta,2023,22,16.07
Antofagasta,2023,23,15.9
Antofagasta,2023,24,15.01
Antofagasta,2023,25,16.36
Antofagasta,2023,26,16.04
Antofagasta,2023,27,15.46
Antofagasta,2023,28,15.9
Antofagasta,2023,29,16.41
Antofagasta,2023,30,16.44
Antofagasta,2023,31,16.34
Antofagasta,2023,32,16.46
Antofagasta,2023,33,16.63
Antofagasta,2023,34,16.09
Antofagasta,2023,35,16.19
Antofagasta,2023,36,17.1
Antofagasta,2023,37,16.93
Antofagasta,2023,38,16.43
Antofagasta,2023,39,15.86
Antofagasta,2023,40,16.2
Antofagasta,2023,41,16.51
Antofagasta,2023,42,16.99
Antofagasta,2023,43,16.97
Antofagasta,2023,44,16.81
Antofagasta,2023,45,17.7
Antofagasta,2023,46,16.84
Antofagasta,2023,47,17.3
Antofagasta,2023,48,17.76
Antofagasta,2023,49,17.89
Antofagasta,2023,50,19.17
Antofagasta,2023,51,18.93
Antofagasta,2023,52,19.84
Antofagasta,2024,1,19.86
Antofagasta,2024,2,20.36
Antofagasta,2024,3,21.0
Antofagasta,2024,4,21.41
Antofagasta,2024,5,21.67
Antofagasta,2024,6,23.31
Antofagasta,2024,7,21.71
Antofagasta,2024,8,22.17
Antofagasta,2024,9,20.83
Antofagasta,2024,10,20.87
Antofagasta,2024,11,19.77
Antofagasta,2024,12,19.7
Antofagasta,2024,13,19.91
Antofagasta,2024,14,18.87
Antofagasta,2024,15,18.33
Antofagasta,2024,16,18.77
Antofagasta,2024,17,17.87
Antofagasta,2024,18,16.79
Antofagasta,2024,19,15.69
Antofagasta,2024,20,15.41
Antofagasta,2024,21,14.76
Antofagasta,2024,22,14.57
Antofagasta,2024,23,15.21
Antofagasta,2024,24,15.79
Antofagasta,2024,25,15.1
Antofagasta,2024,26,14.34
Antofagasta,2024,27,13.91
Antofagasta,2024,28,13.14
Antofagasta,2024,29,14.01
Antofagasta,2024,30,14.6
Antofagasta,2024,31,14.39
Antofagasta,2024,32,14.13
Antofagasta,2024,33,14.1
Antofagasta,2024,34,14.51
Antofagasta,2024,35,13.69
Antofagasta,2024,36,14.29
Antofagasta,2024,37,14.81
Antofagasta,2024,38,14.76
Antofagasta,2024,39,14.9
Antofagasta,2024,40,15.87
Antofagasta,2024,41,16.74
Antofagasta,2024,42,15.91
Antofagasta,2024,43,16.03
Antofagasta,2024,44,16.44
Antofagasta,2024,45,17.01
Antofagasta,2024,46,17.63
Antofagasta,2024,47,17.66
Antofagasta,2024,48,17.9
Antofagasta,2024,49,17.17
Antofagasta,2024,50,17.36
Antofagasta,2024,51,18.09
Antofagasta,2024,52,18.99
Antofagasta,2025,1,20.04
Antofagasta,2025,2,20.11
Antofagasta,2025,3,21.03
Antofagasta,2025,4,20.76
Antofagasta,2025,5,20.83
Antofagasta,2025,6,21.67
Antofagasta,2025,7,22.56
Antofagasta,2025,8,21.06
Antofagasta,2025,9,21.31
Antofagasta,2025,10,20.23
Antofagasta,2025,11,20.06
Antofagasta,2025,12,19.26
Antofagasta,2025,13,19.59
Antofagasta,2025,14,17.79
Antofagasta,2025,15,17.47
Antofagasta,2025,16,16.89
Antofagasta,2025,17,17.44
Antofagasta,2025,18,16.27
Antofagasta,2025,19,16.27
Antofagasta,2025,20,15.6
Antofagasta,2025,21,15.44
Antofagasta,2025,22,15.21
Antofagasta,2025,23,15.11
Antofagasta,2025,24,15.41
Antofagasta,2025,25,14.23
Antofagasta,2025,26,14.57
Antofagasta,2025,27,14.13
Antofagasta,2025,28,13.76
Antofagasta,2025,29,13.93
Antofagasta,2025,30,13.77
Antofagasta,2025,31,15.19
Antofagasta,2025,32,14.23
Antofagasta,2025,33,14.43
Antofagasta,2025,34,15.36
Antofagasta,2025,35,14.03
Antofagasta,2025,36,14.43
Antofagasta,2025,37,15.17
Antofagasta,2025,38,15.1
Antofagasta,2025,39,15.49
Antofagasta,2025,40,15.64
Antofagasta,2025,41,15.4
Antofagasta,2025,42,16.14
Antofagasta,2025,43,16.39
Antofagasta,2025,44,16.79
Antofagasta,2025,45,16.99
Antofagasta,2025,46,16.64
Antofagasta,2025,47,17.99
Antofagasta,2025,48,18.31
Antofagasta,2025,49,19.04
Antofagasta,2025,50,19.43
Antofagasta,2025,51,20.14
Antofagasta,2025,52,20.39
Antofagasta,2026,1,20.1
Antofagasta,2026,2,20.73
Antofagasta,2026,3,21.53
Antofagasta,2026,4,22.09
Antofagasta,2026,5,21.99
Antofagasta,2026,6,22.74
Antofagasta,2026,7,22.19
Antofagasta,2026,8,23.06
Antofagasta,2026,9,22.76
Antofagasta,2026,10,21.33
Antofagasta,2026,11,21.11
Antofagasta,2026,12,20.41
Antofagasta,2026,13,19.11
Antofagasta,2026,14,19.5
Antofagasta,2026,15,18.64
Antofagasta,2026,16,18.59
Antofagasta,2026,17,17.76
Antofagasta,2026,18,16.33
Antofagasta,2026,19,17.27
Antofagasta,2026,20,16.53
Antofagasta,2026,21,15.56
Antofagasta,2026,22,16.44
Antofagasta,2026,23,16.33
Antofagasta,2026,24,15.84
Antofagasta,2026,25,15.67
Arica y Parinacota,2014,1,23.0
Arica y Parinacota,2014,2,23.27
Arica y Parinacota,2014,3,24.06
Arica y Parinacota,2014,4,23.93
Arica y Parinacota,2014,5,22.81
Arica y Parinacota,2014,6,22.61
Arica y Parinacota,2014,7,22.47
Arica y Parinacota,2014,8,21.96
Arica y Parinacota,2014,9,22.43
Arica y Parinacota,2014,10,22.5
Arica y Parinacota,2014,11,22.57
Arica y Parinacota,2014,12,21.33
Arica y Parinacota,2014,13,20.57
Arica y Parinacota,2014,14,20.76
Arica y Parinacota,2014,15,19.64
Arica y Parinacota,2014,16,19.7
Arica y Parinacota,2014,17,18.73
Arica y Parinacota,2014,18,18.04
Arica y Parinacota,2014,19,17.73
Arica y Parinacota,2014,20,17.4
Arica y Parinacota,2014,21,16.9
Arica y Parinacota,2014,22,16.36
Arica y Parinacota,2014,23,15.36
Arica y Parinacota,2014,24,14.93
Arica y Parinacota,2014,25,15.81
Arica y Parinacota,2014,26,14.81
Arica y Parinacota,2014,27,14.34
Arica y Parinacota,2014,28,14.31
Arica y Parinacota,2014,29,15.07
Arica y Parinacota,2014,30,14.0
Arica y Parinacota,2014,31,14.81
Arica y Parinacota,2014,32,14.61
Arica y Parinacota,2014,33,15.13
Arica y Parinacota,2014,34,14.84
Arica y Parinacota,2014,35,15.6
Arica y Parinacota,2014,36,15.61
Arica y Parinacota,2014,37,15.01
Arica y Parinacota,2014,38,15.44
Arica y Parinacota,2014,39,15.24
Arica y Parinacota,2014,40,15.69
Arica y Parinacota,2014,41,15.8
Arica y Parinacota,2014,42,16.89
Arica y Parinacota,2014,43,17.91
Arica y Parinacota,2014,44,17.86
Arica y Parinacota,2014,45,17.71
Arica y Parinacota,2014,46,19.31
Arica y Parinacota,2014,47,18.93
Arica y Parinacota,2014,48,19.04
Arica y Parinacota,2014,49,19.13
Arica y Parinacota,2014,50,20.06
Arica y Parinacota,2014,51,20.09
Arica y Parinacota,2014,52,19.91
Arica y Parinacota,2015,1,20.84
Arica y Parinacota,2015,2,21.5
Arica y Parinacota,2015,3,21.0
Arica y Parinacota,2015,4,22.27
Arica y Parinacota,2015,5,23.19
Arica y Parinacota,2015,6,23.76
Arica y Parinacota,2015,7,24.23
Arica y Parinacota,2015,8,24.44
Arica y Parinacota,2015,9,23.4
Arica y Parinacota,2015,10,23.07
Arica y Parinacota,2015,11,23.97
Arica y Parinacota,2015,12,24.46
Arica y Parinacota,2015,13,23.93
Arica y Parinacota,2015,14,22.3
Arica y Parinacota,2015,15,21.41
Arica y Parinacota,2015,16,21.33
Arica y Parinacota,2015,17,19.99
Arica y Parinacota,2015,18,19.47
Arica y Parinacota,2015,19,19.29
Arica y Parinacota,2015,20,18.49
Arica y Parinacota,2015,21,18.16
Arica y Parinacota,2015,22,17.5
Arica y Parinacota,2015,23,16.63
Arica y Parinacota,2015,24,17.01
Arica y Parinacota,2015,25,16.23
Arica y Parinacota,2015,26,15.96
Arica y Parinacota,2015,27,16.06
Arica y Parinacota,2015,28,15.41
Arica y Parinacota,2015,29,14.93
Arica y Parinacota,2015,30,14.83
Arica y Parinacota,2015,31,14.86
Arica y Parinacota,2015,32,15.6
Arica y Parinacota,2015,33,14.46
Arica y Parinacota,2015,34,15.33
Arica y Parinacota,2015,35,15.2
Arica y Parinacota,2015,36,16.47
Arica y Parinacota,2015,37,16.09
Arica y Parinacota,2015,38,16.74
Arica y Parinacota,2015,39,16.29
Arica y Parinacota,2015,40,17.04
Arica y Parinacota,2015,41,16.79
Arica y Parinacota,2015,42,16.64
Arica y Parinacota,2015,43,17.94
Arica y Parinacota,2015,44,17.84
Arica y Parinacota,2015,45,17.5
Arica y Parinacota,2015,46,18.03
Arica y Parinacota,2015,47,18.56
Arica y Parinacota,2015,48,19.06
Arica y Parinacota,2015,49,19.33
Arica y Parinacota,2015,50,20.51
Arica y Parinacota,2015,51,20.47
Arica y Parinacota,2015,52,21.06
Arica y Parinacota,2015,53,21.34
Arica y Parinacota,2016,1,22.56
Arica y Parinacota,2016,2,22.0
Arica y Parinacota,2016,3,22.87
Arica y Parinacota,2016,4,23.73
Arica y Parinacota,2016,5,24.09
Arica y Parinacota,2016,6,23.2
Arica y Parinacota,2016,7,23.86
Arica y Parinacota,2016,8,24.56
Arica y Parinacota,2016,9,24.14
Arica y Parinacota,2016,10,24.4
Arica y Parinacota,2016,11,23.29
Arica y Parinacota,2016,12,22.34
Arica y Parinacota,2016,13,22.7
Arica y Parinacota,2016,14,21.56
Arica y Parinacota,2016,15,20.3
Arica y Parinacota,2016,16,18.89
Arica y Parinacota,2016,17,18.44
Arica y Parinacota,2016,18,18.99
Arica y Parinacota,2016,19,18.47
Arica y Parinacota,2016,20,17.21
Arica y Parinacota,2016,21,17.07
Arica y Parinacota,2016,22,16.84
Arica y Parinacota,2016,23,16.09
Arica y Parinacota,2016,24,16.81
Arica y Parinacota,2016,25,15.41
Arica y Parinacota,2016,26,15.8
Arica y Parinacota,2016,27,16.19
Arica y Parinacota,2016,28,14.84
Arica y Parinacota,2016,29,15.49
Arica y Parinacota,2016,30,15.03
Arica y Parinacota,2016,31,15.3
Arica y Parinacota,2016,32,15.53
Arica y Parinacota,2016,33,15.17
Arica y Parinacota,2016,34,16.13
Arica y Parinacota,2016,35,15.06
Arica y Parinacota,2016,36,15.73
Arica y Parinacota,2016,37,15.37
Arica y Parinacota,2016,38,16.17
Arica y Parinacota,2016,39,16.39
Arica y Parinacota,2016,40,16.81
Arica y Parinacota,2016,41,17.83
Arica y Parinacota,2016,42,16.87
Arica y Parinacota,2016,43,17.4
Arica y Parinacota,2016,44,18.29
Arica y Parinacota,2016,45,19.21
Arica y Parinacota,2016,46,20.06
Arica y Parinacota,2016,47,19.1
Arica y Parinacota,2016,48,19.97
Arica y Parinacota,2016,49,20.3
Arica y Parinacota,2016,50,21.01
Arica y Parinacota,2016,51,22.01
Arica y Parinacota,2016,52,21.91
Arica y Parinacota,2017,1,23.26
Arica y Parinacota,2017,2,23.54
Arica y Parinacota,2017,3,24.97
Arica y Parinacota,2017,4,25.47
Arica y Parinacota,2017,5,25.63
Arica y Parinacota,2017,6,24.59
Arica y Parinacota,2017,7,24.29
Arica y Parinacota,2017,8,24.43
Arica y Parinacota,2017,9,25.0
Arica y Parinacota,2017,10,23.99
Arica y Parinacota,2017,11,23.63
Arica y Parinacota,2017,12,22.44
Arica y Parinacota,2017,13,21.77
Arica y Parinacota,2017,14,20.66
Arica y Parinacota,2017,15,19.81
Arica y Parinacota,2017,16,20.57
Arica y Parinacota,2017,17,19.44
Arica y Parinacota,2017,18,18.99
Arica y Parinacota,2017,19,20.73
Arica y Parinacota,2017,20,18.69
Arica y Parinacota,2017,21,18.3
Arica y Parinacota,2017,22,16.69
Arica y Parinacota,2017,23,16.89
Arica y Parinacota,2017,24,15.74
Arica y Parinacota,2017,25,16.13
Arica y Parinacota,2017,26,16.44
Arica y Parinacota,2017,27,15.29
Arica y Parinacota,2017,28,15.57
Arica y Parinacota,2017,29,14.9
Arica y Parinacota,2017,30,14.69
Arica y Parinacota,2017,31,14.6
Arica y Parinacota,2017,32,15.09
Arica y Parinacota,2017,33,14.81
Arica y Parinacota,2017,34,15.23
Arica y Parinacota,2017,35,15.41
Arica y Parinacota,2017,36,15.94
Arica y Parinacota,2017,37,15.31
Arica y Parinacota,2017,38,15.66
Arica y Parinacota,2017,39,15.07
Arica y Parinacota,2017,40,15.77
Arica y Parinacota,2017,41,16.33
Arica y Parinacota,2017,42,16.51
Arica y Parinacota,2017,43,16.67
Arica y Parinacota,2017,44,16.36
Arica y Parinacota,2017,45,17.73
Arica y Parinacota,2017,46,18.96
Arica y Parinacota,2017,47,18.56
Arica y Parinacota,2017,48,19.06
Arica y Parinacota,2017,49,19.34
Arica y Parinacota,2017,50,19.5
Arica y Parinacota,2017,51,20.57
Arica y Parinacota,2017,52,21.54
Arica y Parinacota,2018,1,22.3
Arica y Parinacota,2018,2,22.06
Arica y Parinacota,2018,3,22.1
Arica y Parinacota,2018,4,22.33
Arica y Parinacota,2018,5,22.66
Arica y Parinacota,2018,6,23.69
Arica y Parinacota,2018,7,23.63
Arica y Parinacota,2018,8,23.91
Arica y Parinacota,2018,9,23.4
Arica y Parinacota,2018,10,22.63
Arica y Parinacota,2018,11,22.54
Arica y Parinacota,2018,12,22.09
Arica y Parinacota,2018,13,21.64
Arica y Parinacota,2018,14,21.13
Arica y Parinacota,2018,15,20.67
Arica y Parinacota,2018,16,20.37
Arica y Parinacota,2018,17,20.07
Arica y Parinacota,2018,18,19.73
Arica y Parinacota,2018,19,19.06
Arica y Parinacota,2018,20,17.27
Arica y Parinacota,2018,21,16.54
Arica y Parinacota,2018,22,16.67
Arica y Parinacota,2018,23,16.56
Arica y Parinacota,2018,24,16.21
Arica y Parinacota,2018,25,15.87
Arica y Parinacota,2018,26,15.94
Arica y Parinacota,2018,27,14.83
Arica y Parinacota,2018,28,15.29
Arica y Parinacota,2018,29,15.06
Arica y Parinacota,2018,30,14.63
Arica y Parinacota,2018,31,14.56
Arica y Parinacota,2018,32,14.19
Arica y Parinacota,2018,33,14.39
Arica y Parinacota,2018,34,14.53
Arica y Parinacota,2018,35,14.3
Arica y Parinacota,2018,36,14.63
Arica y Parinacota,2018,37,15.7
Arica y Parinacota,2018,38,15.59
Arica y Parinacota,2018,39,15.73
Arica y Parinacota,2018,40,17.34
Arica y Parinacota,2018,41,18.6
Arica y Parinacota,2018,42,17.67
Arica y Parinacota,2018,43,17.69
Arica y Parinacota,2018,44,18.6
Arica y Parinacota,2018,45,18.84
Arica y Parinacota,2018,46,19.33
Arica y Parinacota,2018,47,20.11
Arica y Parinacota,2018,48,20.6
Arica y Parinacota,2018,49,20.23
Arica y Parinacota,2018,50,21.27
Arica y Parinacota,2018,51,21.9
Arica y Parinacota,2018,52,21.46
Arica y Parinacota,2019,1,22.37
Arica y Parinacota,2019,2,23.01
Arica y Parinacota,2019,3,22.49
Arica y Parinacota,2019,4,23.13
Arica y Parinacota,2019,5,24.49
Arica y Parinacota,2019,6,24.2
Arica y Parinacota,2019,7,23.59
Arica y Parinacota,2019,8,23.49
Arica y Parinacota,2019,9,22.9
Arica y Parinacota,2019,10,22.73
Arica y Parinacota,2019,11,22.46
Arica y Parinacota,2019,12,21.44
Arica y Parinacota,2019,13,21.23
Arica y Parinacota,2019,14,21.79
Arica y Parinacota,2019,15,20.26
Arica y Parinacota,2019,16,19.61
Arica y Parinacota,2019,17,19.73
Arica y Parinacota,2019,18,18.53
Arica y Parinacota,2019,19,18.23
Arica y Parinacota,2019,20,16.94
Arica y Parinacota,2019,21,16.4
Arica y Parinacota,2019,22,16.5
Arica y Parinacota,2019,23,16.13
Arica y Parinacota,2019,24,16.13
Arica y Parinacota,2019,25,15.31
Arica y Parinacota,2019,26,15.99
Arica y Parinacota,2019,27,15.24
Arica y Parinacota,2019,28,15.29
Arica y Parinacota,2019,29,14.8
Arica y Parinacota,2019,30,14.26
Arica y Parinacota,2019,31,13.9
Arica y Parinacota,2019,32,14.14
Arica y Parinacota,2019,33,14.39
Arica y Parinacota,2019,34,14.13
Arica y Parinacota,2019,35,14.69
Arica y Parinacota,2019,36,15.34
Arica y Parinacota,2019,37,15.46
Arica y Parinacota,2019,38,15.23
Arica y Parinacota,2019,39,15.36
Arica y Parinacota,2019,40,16.59
Arica y Parinacota,2019,41,15.47
Arica y Parinacota,2019,42,17.24
Arica y Parinacota,2019,43,16.49
Arica y Parinacota,2019,44,17.64
Arica y Parinacota,2019,45,18.34
Arica y Parinacota,2019,46,19.26
Arica y Parinacota,2019,47,19.9
Arica y Parinacota,2019,48,20.09
Arica y Parinacota,2019,49,20.63
Arica y Parinacota,2019,50,20.51
Arica y Parinacota,2019,51,20.79
Arica y Parinacota,2019,52,21.39
Arica y Parinacota,2020,1,22.36
Arica y Parinacota,2020,2,22.76
Arica y Parinacota,2020,3,22.94
Arica y Parinacota,2020,4,24.21
Arica y Parinacota,2020,5,24.33
Arica y Parinacota,2020,6,22.94
Arica y Parinacota,2020,7,23.16
Arica y Parinacota,2020,8,23.91
Arica y Parinacota,2020,9,24.1
Arica y Parinacota,2020,10,23.0
Arica y Parinacota,2020,11,23.26
Arica y Parinacota,2020,12,23.77
Arica y Parinacota,2020,13,22.56
Arica y Parinacota,2020,14,21.97
Arica y Parinacota,2020,15,22.13
Arica y Parinacota,2020,16,20.31
Arica y Parinacota,2020,17,19.06
Arica y Parinacota,2020,18,18.83
Arica y Parinacota,2020,19,18.13
Arica y Parinacota,2020,20,17.44
Arica y Parinacota,2020,21,16.29
Arica y Parinacota,2020,22,17.67
Arica y Parinacota,2020,23,17.41
Arica y Parinacota,2020,24,17.39
Arica y Parinacota,2020,25,16.54
Arica y Parinacota,2020,26,15.53
Arica y Parinacota,2020,27,15.16
Arica y Parinacota,2020,28,14.76
Arica y Parinacota,2020,29,14.26
Arica y Parinacota,2020,30,14.84
Arica y Parinacota,2020,31,13.96
Arica y Parinacota,2020,32,14.64
Arica y Parinacota,2020,33,14.96
Arica y Parinacota,2020,34,15.21
Arica y Parinacota,2020,35,16.07
Arica y Parinacota,2020,36,15.01
Arica y Parinacota,2020,37,14.71
Arica y Parinacota,2020,38,15.23
Arica y Parinacota,2020,39,15.36
Arica y Parinacota,2020,40,16.2
Arica y Parinacota,2020,41,16.19
Arica y Parinacota,2020,42,16.71
Arica y Parinacota,2020,43,17.3
Arica y Parinacota,2020,44,16.84
Arica y Parinacota,2020,45,17.24
Arica y Parinacota,2020,46,17.93
Arica y Parinacota,2020,47,17.51
Arica y Parinacota,2020,48,18.19
Arica y Parinacota,2020,49,19.77
Arica y Parinacota,2020,50,19.57
Arica y Parinacota,2020,51,20.17
Arica y Parinacota,2020,52,20.97
Arica y Parinacota,2020,53,22.01
Arica y Parinacota,2021,1,22.19
Arica y Parinacota,2021,2,21.79
Arica y Parinacota,2021,3,21.4
Arica y Parinacota,2021,4,21.04
Arica y Parinacota,2021,5,22.14
Arica y Parinacota,2021,6,22.97
Arica y Parinacota,2021,7,21.2
Arica y Parinacota,2021,8,21.76
Arica y Parinacota,2021,9,22.94
Arica y Parinacota,2021,10,22.29
Arica y Parinacota,2021,11,21.41
Arica y Parinacota,2021,12,20.64
Arica y Parinacota,2021,13,19.79
Arica y Parinacota,2021,14,19.7
Arica y Parinacota,2021,15,18.46
Arica y Parinacota,2021,16,18.89
Arica y Parinacota,2021,17,18.26
Arica y Parinacota,2021,18,18.2
Arica y Parinacota,2021,19,17.66
Arica y Parinacota,2021,20,16.91
Arica y Parinacota,2021,21,17.26
Arica y Parinacota,2021,22,16.53
Arica y Parinacota,2021,23,15.37
Arica y Parinacota,2021,24,15.83
Arica y Parinacota,2021,25,15.83
Arica y Parinacota,2021,26,14.36
Arica y Parinacota,2021,27,14.86
Arica y Parinacota,2021,28,15.0
Arica y Parinacota,2021,29,14.2
Arica y Parinacota,2021,30,14.54
Arica y Parinacota,2021,31,14.4
Arica y Parinacota,2021,32,14.69
Arica y Parinacota,2021,33,14.44
Arica y Parinacota,2021,34,14.61
Arica y Parinacota,2021,35,14.5
Arica y Parinacota,2021,36,14.73
Arica y Parinacota,2021,37,14.99
Arica y Parinacota,2021,38,15.26
Arica y Parinacota,2021,39,15.47
Arica y Parinacota,2021,40,15.86
Arica y Parinacota,2021,41,16.23
Arica y Parinacota,2021,42,15.29
Arica y Parinacota,2021,43,15.67
Arica y Parinacota,2021,44,16.83
Arica y Parinacota,2021,45,17.47
Arica y Parinacota,2021,46,18.01
Arica y Parinacota,2021,47,18.17
Arica y Parinacota,2021,48,18.93
Arica y Parinacota,2021,49,19.64
Arica y Parinacota,2021,50,20.1
Arica y Parinacota,2021,51,20.83
Arica y Parinacota,2021,52,21.43
Arica y Parinacota,2022,1,21.39
Arica y Parinacota,2022,2,21.9
Arica y Parinacota,2022,3,21.79
Arica y Parinacota,2022,4,20.97
Arica y Parinacota,2022,5,20.71
Arica y Parinacota,2022,6,20.41
Arica y Parinacota,2022,7,21.43
Arica y Parinacota,2022,8,22.29
Arica y Parinacota,2022,9,22.47
Arica y Parinacota,2022,10,22.13
Arica y Parinacota,2022,11,20.31
Arica y Parinacota,2022,12,19.03
Arica y Parinacota,2022,13,18.4
Arica y Parinacota,2022,14,18.63
Arica y Parinacota,2022,15,17.8
Arica y Parinacota,2022,16,17.99
Arica y Parinacota,2022,17,17.41
Arica y Parinacota,2022,18,17.41
Arica y Parinacota,2022,19,15.99
Arica y Parinacota,2022,20,15.67
Arica y Parinacota,2022,21,15.47
Arica y Parinacota,2022,22,15.93
Arica y Parinacota,2022,23,15.43
Arica y Parinacota,2022,24,14.87
Arica y Parinacota,2022,25,14.04
Arica y Parinacota,2022,26,15.01
Arica y Parinacota,2022,27,14.61
Arica y Parinacota,2022,28,14.84
Arica y Parinacota,2022,29,13.96
Arica y Parinacota,2022,30,13.89
Arica y Parinacota,2022,31,14.77
Arica y Parinacota,2022,32,14.06
Arica y Parinacota,2022,33,13.96
Arica y Parinacota,2022,34,13.07
Arica y Parinacota,2022,35,14.1
Arica y Parinacota,2022,36,14.2
Arica y Parinacota,2022,37,14.59
Arica y Parinacota,2022,38,14.84
Arica y Parinacota,2022,39,14.11
Arica y Parinacota,2022,40,14.44
Arica y Parinacota,2022,41,15.06
Arica y Parinacota,2022,42,15.54
Arica y Parinacota,2022,43,15.74
Arica y Parinacota,2022,44,15.96
Arica y Parinacota,2022,45,16.99
Arica y Parinacota,2022,46,18.36
Arica y Parinacota,2022,47,19.14
Arica y Parinacota,2022,48,19.24
Arica y Parinacota,2022,49,19.93
Arica y Parinacota,2022,50,21.81
Arica y Parinacota,2022,51,21.21
Arica y Parinacota,2022,52,21.49
Arica y Parinacota,2023,1,21.19
Arica y Parinacota,2023,2,20.73
Arica y Parinacota,2023,3,21.71
Arica y Parinacota,2023,4,22.64
Arica y Parinacota,2023,5,23.69
Arica y Parinacota,2023,6,23.76
Arica y Parinacota,2023,7,24.5
Arica y Parinacota,2023,8,23.17
Arica y Parinacota,2023,9,22.64
Arica y Parinacota,2023,10,24.33
Arica y Parinacota,2023,11,23.4
Arica y Parinacota,2023,12,23.47
Arica y Parinacota,2023,13,23.84
Arica y Parinacota,2023,14,23.26
Arica y Parinacota,2023,15,21.54
Arica y Parinacota,2023,16,20.5
Arica y Parinacota,2023,17,19.89
Arica y Parinacota,2023,18,19.07
Arica y Parinacota,2023,19,17.9
Arica y Parinacota,2023,20,18.84
Arica y Parinacota,2023,21,18.07
Arica y Parinacota,2023,22,17.7
Arica y Parinacota,2023,23,16.87
Arica y Parinacota,2023,24,15.83
Arica y Parinacota,2023,25,16.67
Arica y Parinacota,2023,26,16.53
Arica y Parinacota,2023,27,16.7
Arica y Parinacota,2023,28,16.63
Arica y Parinacota,2023,29,16.17
Arica y Parinacota,2023,30,16.84
Arica y Parinacota,2023,31,16.04
Arica y Parinacota,2023,32,17.03
Arica y Parinacota,2023,33,16.81
Arica y Parinacota,2023,34,16.94
Arica y Parinacota,2023,35,17.66
Arica y Parinacota,2023,36,17.36
Arica y Parinacota,2023,37,17.63
Arica y Parinacota,2023,38,17.99
Arica y Parinacota,2023,39,18.41
Arica y Parinacota,2023,40,18.77
Arica y Parinacota,2023,41,17.31
Arica y Parinacota,2023,42,18.84
Arica y Parinacota,2023,43,19.26
Arica y Parinacota,2023,44,18.3
Arica y Parinacota,2023,45,19.14
Arica y Parinacota,2023,46,19.6
Arica y Parinacota,2023,47,19.3
Arica y Parinacota,2023,48,19.96
Arica y Parinacota,2023,49,20.06
Arica y Parinacota,2023,50,21.37
Arica y Parinacota,2023,51,21.73
Arica y Parinacota,2023,52,21.91
Arica y Parinacota,2024,1,21.7
Arica y Parinacota,2024,2,22.59
Arica y Parinacota,2024,3,23.36
Arica y Parinacota,2024,4,23.46
Arica y Parinacota,2024,5,23.23
Arica y Parinacota,2024,6,24.7
Arica y Parinacota,2024,7,24.01
Arica y Parinacota,2024,8,24.69
Arica y Parinacota,2024,9,23.31
Arica y Parinacota,2024,10,23.17
Arica y Parinacota,2024,11,22.31
Arica y Parinacota,2024,12,22.43
Arica y Parinacota,2024,13,22.09
Arica y Parinacota,2024,14,21.49
Arica y Parinacota,2024,15,21.16
Arica y Parinacota,2024,16,19.87
Arica y Parinacota,2024,17,19.83
Arica y Parinacota,2024,18,19.87
Arica y Parinacota,2024,19,17.96
Arica y Parinacota,2024,20,17.31
Arica y Parinacota,2024,21,15.81
Arica y Parinacota,2024,22,14.73
Arica y Parinacota,2024,23,15.61
Arica y Parinacota,2024,24,15.67
Arica y Parinacota,2024,25,15.84
Arica y Parinacota,2024,26,15.03
Arica y Parinacota,2024,27,14.17
Arica y Parinacota,2024,28,14.24
Arica y Parinacota,2024,29,14.33
Arica y Parinacota,2024,30,14.2
Arica y Parinacota,2024,31,14.86
Arica y Parinacota,2024,32,14.53
Arica y Parinacota,2024,33,13.99
Arica y Parinacota,2024,34,15.06
Arica y Parinacota,2024,35,14.99
Arica y Parinacota,2024,36,14.79
Arica y Parinacota,2024,37,15.21
Arica y Parinacota,2024,38,15.5
Arica y Parinacota,2024,39,15.74
Arica y Parinacota,2024,40,16.31
Arica y Parinacota,2024,41,17.81
Arica y Parinacota,2024,42,16.73
Arica y Parinacota,2024,43,17.1
Arica y Parinacota,2024,44,17.99
Arica y Parinacota,2024,45,18.49
Arica y Parinacota,2024,46,19.44
Arica y Parinacota,2024,47,19.79
Arica y Parinacota,2024,48,21.03
Arica y Parinacota,2024,49,19.83
Arica y Parinacota,2024,50,19.01
Arica y Parinacota,2024,51,19.7
Arica y Parinacota,2024,52,20.4
Arica y Parinacota,2025,1,21.39
Arica y Parinacota,2025,2,21.94
Arica y Parinacota,2025,3,21.67
Arica y Parinacota,2025,4,22.34
Arica y Parinacota,2025,5,23.09
Arica y Parinacota,2025,6,23.71
Arica y Parinacota,2025,7,25.06
Arica y Parinacota,2025,8,23.73
Arica y Parinacota,2025,9,24.03
Arica y Parinacota,2025,10,22.91
Arica y Parinacota,2025,11,22.47
Arica y Parinacota,2025,12,21.33
Arica y Parinacota,2025,13,21.63
Arica y Parinacota,2025,14,20.79
Arica y Parinacota,2025,15,20.2
Arica y Parinacota,2025,16,18.76
Arica y Parinacota,2025,17,18.74
Arica y Parinacota,2025,18,18.3
Arica y Parinacota,2025,19,17.63
Arica y Parinacota,2025,20,17.36
Arica y Parinacota,2025,21,17.21
Arica y Parinacota,2025,22,16.04
Arica y Parinacota,2025,23,15.69
Arica y Parinacota,2025,24,16.83
Arica y Parinacota,2025,25,16.06
Arica y Parinacota,2025,26,16.23
Arica y Parinacota,2025,27,15.0
Arica y Parinacota,2025,28,14.8
Arica y Parinacota,2025,29,14.34
Arica y Parinacota,2025,30,13.81
Arica y Parinacota,2025,31,14.9
Arica y Parinacota,2025,32,14.67
Arica y Parinacota,2025,33,14.9
Arica y Parinacota,2025,34,15.47
Arica y Parinacota,2025,35,14.71
Arica y Parinacota,2025,36,14.87
Arica y Parinacota,2025,37,15.5
Arica y Parinacota,2025,38,15.2
Arica y Parinacota,2025,39,16.09
Arica y Parinacota,2025,40,16.3
Arica y Parinacota,2025,41,16.87
Arica y Parinacota,2025,42,16.8
Arica y Parinacota,2025,43,17.84
Arica y Parinacota,2025,44,17.9
Arica y Parinacota,2025,45,18.13
Arica y Parinacota,2025,46,18.2
Arica y Parinacota,2025,47,18.86
Arica y Parinacota,2025,48,18.96
Arica y Parinacota,2025,49,19.66
Arica y Parinacota,2025,50,19.56
Arica y Parinacota,2025,51,20.41
Arica y Parinacota,2025,52,21.09
Arica y Parinacota,2026,1,20.99
Arica y Parinacota,2026,2,22.23
Arica y Parinacota,2026,3,23.16
Arica y Parinacota,2026,4,23.83
Arica y Parinacota,2026,5,23.67
Arica y Parinacota,2026,6,24.31
Arica y Parinacota,2026,7,24.43
Arica y Parinacota,2026,8,25.0
Arica y Parinacota,2026,9,24.9
Arica y Parinacota,2026,10,23.19
Arica y Parinacota,2026,11,23.36
Arica y Parinacota,2026,12,23.16
Arica y Parinacota,2026,13,22.36
Arica y Parinacota,2026,14,22.73
Arica y Parinacota,2026,15,22.24
Arica y Parinacota,2026,16,20.96
Arica y Parinacota,2026,17,20.11
Arica y Parinacota,2026,18,18.74
Arica y Parinacota,2026,19,19.36
Arica y Parinacota,2026,20,18.57
Arica y Parinacota,2026,21,17.76
Arica y Parinacota,2026,22,17.5
Arica y Parinacota,2026,23,17.23
Arica y Parinacota,2026,24,17.0
Arica y Parinacota,2026,25,16.4
Atacama,2014,1,23.82
Atacama,2014,2,23.13
Atacama,2014,3,23.61
Atacama,2014,4,22.81
Atacama,2014,5,22.37
Atacama,2014,6,23.54
Atacama,2014,7,22.07
Atacama,2014,8,22.16
Atacama,2014,9,21.44
Atacama,2014,10,22.9
Atacama,2014,11,21.91
Atacama,2014,12,22.77
Atacama,2014,13,21.23
Atacama,2014,14,21.31
Atacama,2014,15,21.27
Atacama,2014,16,21.47
Atacama,2014,17,20.11
Atacama,2014,18,19.41
Atacama,2014,19,19.99
Atacama,2014,20,20.33
Atacama,2014,21,15.19
Atacama,2014,22,15.07
Atacama,2014,23,13.24
Atacama,2014,24,16.16
Atacama,2014,25,17.54
Atacama,2014,26,14.53
Atacama,2014,27,14.2
Atacama,2014,28,16.37
Atacama,2014,29,18.4
Atacama,2014,30,14.46
Atacama,2014,31,20.3
Atacama,2014,32,18.66
Atacama,2014,33,21.1
Atacama,2014,34,18.1
Atacama,2014,35,19.66
Atacama,2014,36,19.31
Atacama,2014,37,17.4
Atacama,2014,38,18.67
Atacama,2014,39,18.99
Atacama,2014,40,20.16
Atacama,2014,41,20.21
Atacama,2014,42,22.59
Atacama,2014,43,22.84
Atacama,2014,44,20.87
Atacama,2014,45,23.03
Atacama,2014,46,21.41
Atacama,2014,47,21.23
Atacama,2014,48,21.84
Atacama,2014,49,22.2
Atacama,2014,50,21.4
Atacama,2014,51,20.63
Atacama,2014,52,23.23
Atacama,2015,1,22.97
Atacama,2015,2,24.19
Atacama,2015,3,22.43
Atacama,2015,4,21.77
Atacama,2015,5,23.84
Atacama,2015,6,23.41
Atacama,2015,7,24.26
Atacama,2015,8,23.24
Atacama,2015,9,21.64
Atacama,2015,10,22.1
Atacama,2015,11,23.91
Atacama,2015,12,22.93
Atacama,2015,13,20.39
Atacama,2015,14,20.8
Atacama,2015,15,21.44
Atacama,2015,16,21.87
Atacama,2015,17,20.59
Atacama,2015,18,20.71
Atacama,2015,19,20.87
Atacama,2015,20,20.69
Atacama,2015,21,19.96
Atacama,2015,22,18.66
Atacama,2015,23,18.64
Atacama,2015,24,18.7
Atacama,2015,25,18.0
Atacama,2015,26,19.61
Atacama,2015,27,17.66
Atacama,2015,28,17.61
Atacama,2015,29,13.71
Atacama,2015,30,16.1
Atacama,2015,31,18.36
Atacama,2015,32,18.67
Atacama,2015,33,13.97
Atacama,2015,34,18.06
Atacama,2015,35,21.14
Atacama,2015,36,19.69
Atacama,2015,37,19.74
Atacama,2015,38,21.57
Atacama,2015,39,18.7
Atacama,2015,40,22.4
Atacama,2015,41,19.6
Atacama,2015,42,19.63
Atacama,2015,43,20.39
Atacama,2015,44,21.3
Atacama,2015,45,19.49
Atacama,2015,46,21.1
Atacama,2015,47,21.91
Atacama,2015,48,22.66
Atacama,2015,49,23.21
Atacama,2015,50,23.31
Atacama,2015,51,22.87
Atacama,2015,52,24.91
Atacama,2015,53,24.2
Atacama,2016,1,23.97
Atacama,2016,2,23.79
Atacama,2016,3,23.01
Atacama,2016,4,24.13
Atacama,2016,5,24.27
Atacama,2016,6,23.79
Atacama,2016,7,23.93
Atacama,2016,8,24.69
Atacama,2016,9,24.34
Atacama,2016,10,23.61
Atacama,2016,11,23.03
Atacama,2016,12,22.89
Atacama,2016,13,22.5
Atacama,2016,14,22.51
Atacama,2016,15,21.51
Atacama,2016,16,20.06
Atacama,2016,17,20.64
Atacama,2016,18,20.84
Atacama,2016,19,19.87
Atacama,2016,20,19.57
Atacama,2016,21,20.61
Atacama,2016,22,17.79
Atacama,2016,23,18.51
Atacama,2016,24,19.43
Atacama,2016,25,14.87
Atacama,2016,26,15.7
Atacama,2016,27,16.8
Atacama,2016,28,16.39
Atacama,2016,29,18.04
Atacama,2016,30,18.34
Atacama,2016,31,18.3
Atacama,2016,32,18.96
Atacama,2016,33,20.33
Atacama,2016,34,18.81
Atacama,2016,35,18.16
Atacama,2016,36,20.61
Atacama,2016,37,19.83
Atacama,2016,38,21.3
Atacama,2016,39,19.77
Atacama,2016,40,22.09
Atacama,2016,41,21.53
Atacama,2016,42,19.0
Atacama,2016,43,21.34
Atacama,2016,44,22.41
Atacama,2016,45,22.71
Atacama,2016,46,22.3
Atacama,2016,47,20.57
Atacama,2016,48,22.99
Atacama,2016,49,21.24
Atacama,2016,50,23.3
Atacama,2016,51,22.2
Atacama,2016,52,21.7
Atacama,2017,1,21.96
Atacama,2017,2,22.04
Atacama,2017,3,23.3
Atacama,2017,4,24.53
Atacama,2017,5,22.84
Atacama,2017,6,21.59
Atacama,2017,7,22.17
Atacama,2017,8,23.71
Atacama,2017,9,23.2
Atacama,2017,10,22.31
Atacama,2017,11,20.66
Atacama,2017,12,19.9
Atacama,2017,13,19.89
Atacama,2017,14,19.73
Atacama,2017,15,19.59
Atacama,2017,16,19.67
Atacama,2017,17,19.56
Atacama,2017,18,16.6
Atacama,2017,19,17.31
Atacama,2017,20,14.83
Atacama,2017,21,14.07
Atacama,2017,22,15.66
Atacama,2017,23,15.4
Atacama,2017,24,15.61
Atacama,2017,25,14.96
Atacama,2017,26,15.81
Atacama,2017,27,16.04
Atacama,2017,28,13.71
Atacama,2017,29,16.13
Atacama,2017,30,15.81
Atacama,2017,31,14.31
Atacama,2017,32,14.06
Atacama,2017,33,16.86
Atacama,2017,34,14.84
Atacama,2017,35,15.63
Atacama,2017,36,15.31
Atacama,2017,37,15.66
Atacama,2017,38,16.46
Atacama,2017,39,18.84
Atacama,2017,40,18.63
Atacama,2017,41,17.34
Atacama,2017,42,19.34
Atacama,2017,43,17.34
Atacama,2017,44,18.76
Atacama,2017,45,20.1
Atacama,2017,46,18.77
Atacama,2017,47,18.71
Atacama,2017,48,18.4
Atacama,2017,49,19.04
Atacama,2017,50,19.47
Atacama,2017,51,20.64
Atacama,2017,52,20.14
Atacama,2018,1,21.17
Atacama,2018,2,20.83
Atacama,2018,3,20.29
Atacama,2018,4,21.24
Atacama,2018,5,20.93
Atacama,2018,6,22.16
Atacama,2018,7,21.11
Atacama,2018,8,21.64
Atacama,2018,9,20.03
Atacama,2018,10,20.94
Atacama,2018,11,20.31
Atacama,2018,12,19.41
Atacama,2018,13,19.41
Atacama,2018,14,18.71
Atacama,2018,15,18.59
Atacama,2018,16,18.47
Atacama,2018,17,19.09
Atacama,2018,18,18.16
Atacama,2018,19,16.99
Atacama,2018,20,16.74
Atacama,2018,21,16.97
Atacama,2018,22,15.6
Atacama,2018,23,18.16
Atacama,2018,24,16.64
Atacama,2018,25,14.93
Atacama,2018,26,13.76
Atacama,2018,27,15.69
Atacama,2018,28,15.83
Atacama,2018,29,13.47
Atacama,2018,30,15.47
Atacama,2018,31,13.96
Atacama,2018,32,17.73
Atacama,2018,33,16.13
Atacama,2018,34,16.03
Atacama,2018,35,14.53
Atacama,2018,36,16.69
Atacama,2018,37,14.26
Atacama,2018,38,19.27
Atacama,2018,39,18.17
Atacama,2018,40,19.74
Atacama,2018,41,18.4
Atacama,2018,42,16.96
Atacama,2018,43,18.13
Atacama,2018,44,18.89
Atacama,2018,45,19.43
Atacama,2018,46,20.37
Atacama,2018,47,19.26
Atacama,2018,48,18.41
Atacama,2018,49,20.03
Atacama,2018,50,20.53
Atacama,2018,51,19.59
Atacama,2018,52,19.84
Atacama,2019,1,21.27
Atacama,2019,2,20.03
Atacama,2019,3,20.3
Atacama,2019,4,21.24
Atacama,2019,5,23.57
Atacama,2019,6,23.11
Atacama,2019,7,21.13
Atacama,2019,8,21.66
Atacama,2019,9,20.91
Atacama,2019,10,20.17
Atacama,2019,11,19.53
Atacama,2019,12,19.59
Atacama,2019,13,18.21
Atacama,2019,14,19.86
Atacama,2019,15,17.69
Atacama,2019,16,17.3
Atacama,2019,17,17.6
Atacama,2019,18,17.36
Atacama,2019,19,16.01
Atacama,2019,20,16.71
Atacama,2019,21,15.69
Atacama,2019,22,16.29
Atacama,2019,23,16.6
Atacama,2019,24,12.54
Atacama,2019,25,17.51
Atacama,2019,26,13.49
Atacama,2019,27,15.77
Atacama,2019,28,14.59
Atacama,2019,29,15.84
Atacama,2019,30,13.01
Atacama,2019,31,19.09
Atacama,2019,32,13.33
Atacama,2019,33,17.03
Atacama,2019,34,18.36
Atacama,2019,35,19.54
Atacama,2019,36,14.34
Atacama,2019,37,14.2
Atacama,2019,38,14.47
Atacama,2019,39,15.57
Atacama,2019,40,15.66
Atacama,2019,41,18.5
Atacama,2019,42,16.03
Atacama,2019,43,18.44
Atacama,2019,44,18.54
Atacama,2019,45,18.27
Atacama,2019,46,19.24
Atacama,2019,47,20.04
Atacama,2019,48,20.54
Atacama,2019,49,19.6
Atacama,2019,50,19.61
Atacama,2019,51,21.69
Atacama,2019,52,21.23
Atacama,2020,1,20.1
Atacama,2020,2,21.49
Atacama,2020,3,21.69
Atacama,2020,4,23.47
Atacama,2020,5,21.99
Atacama,2020,6,20.9
Atacama,2020,7,21.76
Atacama,2020,8,21.39
Atacama,2020,9,21.73
Atacama,2020,10,20.61
Atacama,2020,11,21.56
Atacama,2020,12,19.1
Atacama,2020,13,19.44
Atacama,2020,14,20.23
Atacama,2020,15,19.14
Atacama,2020,16,18.53
Atacama,2020,17,18.21
Atacama,2020,18,17.91
Atacama,2020,19,18.04
Atacama,2020,20,17.79
Atacama,2020,21,16.94
Atacama,2020,22,16.23
Atacama,2020,23,14.96
Atacama,2020,24,16.27
Atacama,2020,25,15.51
Atacama,2020,26,14.86
Atacama,2020,27,16.61
Atacama,2020,28,15.97
Atacama,2020,29,15.31
Atacama,2020,30,14.56
Atacama,2020,31,18.69
Atacama,2020,32,16.84
Atacama,2020,33,14.0
Atacama,2020,34,13.34
Atacama,2020,35,14.09
Atacama,2020,36,14.5
Atacama,2020,37,16.33
Atacama,2020,38,17.04
Atacama,2020,39,16.8
Atacama,2020,40,15.96
Atacama,2020,41,19.7
Atacama,2020,42,17.6
Atacama,2020,43,17.4
Atacama,2020,44,17.73
Atacama,2020,45,17.49
Atacama,2020,46,16.89
Atacama,2020,47,17.77
Atacama,2020,48,20.11
Atacama,2020,49,18.84
Atacama,2020,50,18.99
Atacama,2020,51,19.37
Atacama,2020,52,19.64
Atacama,2020,53,20.77
Atacama,2021,1,20.11
Atacama,2021,2,19.69
Atacama,2021,3,20.93
Atacama,2021,4,21.07
Atacama,2021,5,20.33
Atacama,2021,6,21.11
Atacama,2021,7,20.59
Atacama,2021,8,20.26
Atacama,2021,9,21.09
Atacama,2021,10,20.53
Atacama,2021,11,19.09
Atacama,2021,12,19.47
Atacama,2021,13,17.8
Atacama,2021,14,18.87
Atacama,2021,15,18.07
Atacama,2021,16,16.44
Atacama,2021,17,16.77
Atacama,2021,18,16.9
Atacama,2021,19,18.74
Atacama,2021,20,16.77
Atacama,2021,21,19.67
Atacama,2021,22,17.97
Atacama,2021,23,16.9
Atacama,2021,24,13.64
Atacama,2021,25,13.4
Atacama,2021,26,15.64
Atacama,2021,27,15.37
Atacama,2021,28,13.81
Atacama,2021,29,15.57
Atacama,2021,30,15.73
Atacama,2021,31,15.01
Atacama,2021,32,12.64
Atacama,2021,33,18.8
Atacama,2021,34,13.77
Atacama,2021,35,15.89
Atacama,2021,36,14.94
Atacama,2021,37,15.21
Atacama,2021,38,16.81
Atacama,2021,39,19.81
Atacama,2021,40,15.91
Atacama,2021,41,15.84
Atacama,2021,42,15.86
Atacama,2021,43,18.04
Atacama,2021,44,16.83
Atacama,2021,45,17.5
Atacama,2021,46,17.11
Atacama,2021,47,17.84
Atacama,2021,48,18.24
Atacama,2021,49,17.57
Atacama,2021,50,18.43
Atacama,2021,51,21.17
Atacama,2021,52,19.43
Atacama,2022,1,20.09
Atacama,2022,2,20.2
Atacama,2022,3,18.8
Atacama,2022,4,18.73
Atacama,2022,5,20.29
Atacama,2022,6,19.71
Atacama,2022,7,20.01
Atacama,2022,8,20.03
Atacama,2022,9,21.04
Atacama,2022,10,20.36
Atacama,2022,11,21.03
Atacama,2022,12,18.11
Atacama,2022,13,17.11
Atacama,2022,14,20.06
Atacama,2022,15,15.24
Atacama,2022,16,16.69
Atacama,2022,17,16.89
Atacama,2022,18,15.66
Atacama,2022,19,16.04
Atacama,2022,20,15.83
Atacama,2022,21,15.49
Atacama,2022,22,14.13
Atacama,2022,23,14.73
Atacama,2022,24,12.36
Atacama,2022,25,12.89
Atacama,2022,26,14.66
Atacama,2022,27,13.93
Atacama,2022,28,11.69
Atacama,2022,29,13.79
Atacama,2022,30,13.33
Atacama,2022,31,13.03
Atacama,2022,32,14.84
Atacama,2022,33,15.64
Atacama,2022,34,14.89
Atacama,2022,35,14.99
Atacama,2022,36,13.64
Atacama,2022,37,14.06
Atacama,2022,38,14.66
Atacama,2022,39,14.96
Atacama,2022,40,16.21
Atacama,2022,41,15.59
Atacama,2022,42,16.09
Atacama,2022,43,15.76
Atacama,2022,44,17.04
Atacama,2022,45,17.21
Atacama,2022,46,18.99
Atacama,2022,47,19.34
Atacama,2022,48,18.64
Atacama,2022,49,19.86
Atacama,2022,50,21.59
Atacama,2022,51,21.04
Atacama,2022,52,20.19
Atacama,2023,1,20.9
Atacama,2023,2,19.87
Atacama,2023,3,19.8
Atacama,2023,4,21.1
Atacama,2023,5,21.93
Atacama,2023,6,22.56
Atacama,2023,7,22.1
Atacama,2023,8,21.71
Atacama,2023,9,20.79
Atacama,2023,10,22.07
Atacama,2023,11,21.26
Atacama,2023,12,22.31
Atacama,2023,13,20.8
Atacama,2023,14,20.46
Atacama,2023,15,18.34
Atacama,2023,16,17.39
Atacama,2023,17,17.11
Atacama,2023,18,15.16
Atacama,2023,19,19.13
Atacama,2023,20,16.34
Atacama,2023,21,17.74
Atacama,2023,22,18.17
Atacama,2023,23,16.09
Atacama,2023,24,15.8
Atacama,2023,25,19.51
Atacama,2023,26,18.6
Atacama,2023,27,15.56
Atacama,2023,28,15.93
Atacama,2023,29,18.19
Atacama,2023,30,16.34
Atacama,2023,31,15.97
Atacama,2023,32,17.09
Atacama,2023,33,18.2
Atacama,2023,34,19.97
Atacama,2023,35,16.74
Atacama,2023,36,20.69
Atacama,2023,37,19.17
Atacama,2023,38,18.5
Atacama,2023,39,15.99
Atacama,2023,40,15.99
Atacama,2023,41,17.77
Atacama,2023,42,17.89
Atacama,2023,43,16.79
Atacama,2023,44,18.39
Atacama,2023,45,18.91
Atacama,2023,46,17.41
Atacama,2023,47,17.69
Atacama,2023,48,18.1
Atacama,2023,49,18.27
Atacama,2023,50,19.66
Atacama,2023,51,18.8
Atacama,2023,52,19.89
Atacama,2024,1,19.71
Atacama,2024,2,20.13
Atacama,2024,3,20.79
Atacama,2024,4,21.81
Atacama,2024,5,21.49
Atacama,2024,6,23.57
Atacama,2024,7,20.63
Atacama,2024,8,21.04
Atacama,2024,9,20.26
Atacama,2024,10,20.63
Atacama,2024,11,19.56
Atacama,2024,12,20.23
Atacama,2024,13,20.67
Atacama,2024,14,18.94
Atacama,2024,15,16.21
Atacama,2024,16,17.81
Atacama,2024,17,17.16
Atacama,2024,18,16.34
Atacama,2024,19,14.49
Atacama,2024,20,14.34
Atacama,2024,21,16.14
Atacama,2024,22,18.4
Atacama,2024,23,16.33
Atacama,2024,24,15.2
Atacama,2024,25,14.93
Atacama,2024,26,16.01
Atacama,2024,27,15.73
Atacama,2024,28,11.3
Atacama,2024,29,14.09
Atacama,2024,30,16.59
Atacama,2024,31,14.6
Atacama,2024,32,15.27
Atacama,2024,33,15.83
Atacama,2024,34,14.86
Atacama,2024,35,14.81
Atacama,2024,36,16.66
Atacama,2024,37,16.84
Atacama,2024,38,18.47
Atacama,2024,39,17.8
Atacama,2024,40,18.71
Atacama,2024,41,17.26
Atacama,2024,42,17.91
Atacama,2024,43,17.43
Atacama,2024,44,17.0
Atacama,2024,45,18.96
Atacama,2024,46,18.81
Atacama,2024,47,18.1
Atacama,2024,48,19.03
Atacama,2024,49,18.26
Atacama,2024,50,18.09
Atacama,2024,51,18.99
Atacama,2024,52,19.19
Atacama,2025,1,20.47
Atacama,2025,2,20.03
Atacama,2025,3,21.34
Atacama,2025,4,20.71
Atacama,2025,5,20.36
Atacama,2025,6,21.87
Atacama,2025,7,21.44
Atacama,2025,8,20.31
Atacama,2025,9,21.21
Atacama,2025,10,20.23
Atacama,2025,11,19.8
Atacama,2025,12,19.14
Atacama,2025,13,18.73
Atacama,2025,14,18.91
Atacama,2025,15,17.54
Atacama,2025,16,17.41
Atacama,2025,17,18.36
Atacama,2025,18,15.87
Atacama,2025,19,17.03
Atacama,2025,20,14.81
Atacama,2025,21,16.73
Atacama,2025,22,15.49
Atacama,2025,23,14.96
Atacama,2025,24,14.31
Atacama,2025,25,13.2
Atacama,2025,26,13.6
Atacama,2025,27,16.81
Atacama,2025,28,12.03
Atacama,2025,29,13.83
Atacama,2025,30,13.61
Atacama,2025,31,16.26
Atacama,2025,32,15.96
Atacama,2025,33,15.23
Atacama,2025,34,13.26
Atacama,2025,35,13.64
Atacama,2025,36,13.87
Atacama,2025,37,17.74
Atacama,2025,38,16.43
Atacama,2025,39,18.59
Atacama,2025,40,16.56
Atacama,2025,41,16.89
Atacama,2025,42,16.77
Atacama,2025,43,17.19
Atacama,2025,44,18.07
Atacama,2025,45,17.29
Atacama,2025,46,17.7
Atacama,2025,47,18.59
Atacama,2025,48,18.04
Atacama,2025,49,19.7
Atacama,2025,50,19.43
Atacama,2025,51,20.66
Atacama,2025,52,20.7
Atacama,2026,1,20.33
Atacama,2026,2,20.83
Atacama,2026,3,21.71
Atacama,2026,4,21.56
Atacama,2026,5,21.79
Atacama,2026,6,22.74
Atacama,2026,7,22.49
Atacama,2026,8,22.93
Atacama,2026,9,22.87
Atacama,2026,10,21.27
Atacama,2026,11,21.3
Atacama,2026,12,20.27
Atacama,2026,13,19.39
Atacama,2026,14,19.29
Atacama,2026,15,17.24
Atacama,2026,16,18.27
Atacama,2026,17,18.33
Atacama,2026,18,16.89
Atacama,2026,19,17.06
Atacama,2026,20,15.66
Atacama,2026,21,13.24
Atacama,2026,22,17.03
Atacama,2026,23,16.17
Atacama,2026,24,14.57
Atacama,2026,25,15.27
Aysén,2014,1,8.66
Aysén,2014,2,11.3
Aysén,2014,3,14.2
Aysén,2014,4,8.79
Aysén,2014,5,9.83
Aysén,2014,6,8.94
Aysén,2014,7,15.01
Aysén,2014,8,12.49
Aysén,2014,9,14.04
Aysén,2014,10,9.99
Aysén,2014,11,8.26
Aysén,2014,12,8.81
Aysén,2014,13,8.09
Aysén,2014,14,9.59
Aysén,2014,15,7.64
Aysén,2014,16,4.07
Aysén,2014,17,7.27
Aysén,2014,18,4.36
Aysén,2014,19,4.59
Aysén,2014,20,2.69
Aysén,2014,21,2.01
Aysén,2014,22,4.41
Aysén,2014,23,0.44
Aysén,2014,24,1.4
Aysén,2014,25,2.36
Aysén,2014,26,3.37
Aysén,2014,27,1.34
Aysén,2014,28,0.5
Aysén,2014,29,3.26
Aysén,2014,30,-0.26
Aysén,2014,31,2.47
Aysén,2014,32,2.71
Aysén,2014,33,2.74
Aysén,2014,34,4.17
Aysén,2014,35,5.09
Aysén,2014,36,5.83
Aysén,2014,37,3.84
Aysén,2014,38,5.06
Aysén,2014,39,2.37
Aysén,2014,40,6.93
Aysén,2014,41,4.83
Aysén,2014,42,6.19
Aysén,2014,43,8.13
Aysén,2014,44,5.41
Aysén,2014,45,6.16
Aysén,2014,46,8.61
Aysén,2014,47,8.51
Aysén,2014,48,8.19
Aysén,2014,49,11.37
Aysén,2014,50,11.01
Aysén,2014,51,9.11
Aysén,2014,52,10.2
Aysén,2015,1,11.59
Aysén,2015,2,9.41
Aysén,2015,3,12.09
Aysén,2015,4,16.86
Aysén,2015,5,13.74
Aysén,2015,6,14.59
Aysén,2015,7,11.07
Aysén,2015,8,10.5
Aysén,2015,9,15.77
Aysén,2015,10,11.17
Aysén,2015,11,10.2
Aysén,2015,12,9.09
Aysén,2015,13,12.5
Aysén,2015,14,6.97
Aysén,2015,15,9.66
Aysén,2015,16,6.86
Aysén,2015,17,7.99
Aysén,2015,18,5.99
Aysén,2015,19,5.77
Aysén,2015,20,7.59
Aysén,2015,21,4.36
Aysén,2015,22,4.21
Aysén,2015,23,3.44
Aysén,2015,24,1.13
Aysén,2015,25,1.31
Aysén,2015,26,1.57
Aysén,2015,27,0.11
Aysén,2015,28,0.34
Aysén,2015,29,0.54
Aysén,2015,30,3.73
Aysén,2015,31,3.13
Aysén,2015,32,1.27
Aysén,2015,33,1.67
Aysén,2015,34,1.71
Aysén,2015,35,3.51
Aysén,2015,36,2.23
Aysén,2015,37,1.21
Aysén,2015,38,1.96
Aysén,2015,39,5.2
Aysén,2015,40,5.26
Aysén,2015,41,5.44
Aysén,2015,42,5.4
Aysén,2015,43,6.31
Aysén,2015,44,6.06
Aysén,2015,45,11.31
Aysén,2015,46,9.13
Aysén,2015,47,5.37
Aysén,2015,48,9.71
Aysén,2015,49,14.47
Aysén,2015,50,8.6
Aysén,2015,51,9.27
Aysén,2015,52,9.99
Aysén,2015,53,13.03
Aysén,2016,1,16.17
Aysén,2016,2,12.99
Aysén,2016,3,16.73
Aysén,2016,4,14.14
Aysén,2016,5,15.56
Aysén,2016,6,12.97
Aysén,2016,7,10.4
Aysén,2016,8,9.86
Aysén,2016,9,14.5
Aysén,2016,10,12.33
Aysén,2016,11,10.34
Aysén,2016,12,11.87
Aysén,2016,13,10.33
Aysén,2016,14,7.41
Aysén,2016,15,7.44
Aysén,2016,16,4.63
Aysén,2016,17,5.64
Aysén,2016,18,7.69
Aysén,2016,19,6.84
Aysén,2016,20,4.79
Aysén,2016,21,3.7
Aysén,2016,22,4.37
Aysén,2016,23,2.77
Aysén,2016,24,4.37
Aysén,2016,25,3.9
Aysén,2016,26,2.27
Aysén,2016,27,5.53
Aysén,2016,28,2.44
Aysén,2016,29,-0.4
Aysén,2016,30,-0.33
Aysén,2016,31,1.87
Aysén,2016,32,3.97
Aysén,2016,33,1.6
Aysén,2016,34,4.13
Aysén,2016,35,2.0
Aysén,2016,36,4.71
Aysén,2016,37,5.46
Aysén,2016,38,7.03
Aysén,2016,39,8.04
Aysén,2016,40,6.21
Aysén,2016,41,4.67
Aysén,2016,42,11.23
Aysén,2016,43,10.56
Aysén,2016,44,6.86
Aysén,2016,45,7.07
Aysén,2016,46,8.69
Aysén,2016,47,15.51
Aysén,2016,48,13.21
Aysén,2016,49,11.1
Aysén,2016,50,10.43
Aysén,2016,51,10.4
Aysén,2016,52,12.69
Aysén,2017,1,9.9
Aysén,2017,2,10.74
Aysén,2017,3,13.01
Aysén,2017,4,14.21
Aysén,2017,5,11.96
Aysén,2017,6,13.21
Aysén,2017,7,13.39
Aysén,2017,8,16.33
Aysén,2017,9,11.3
Aysén,2017,10,10.0
Aysén,2017,11,12.27
Aysén,2017,12,12.03
Aysén,2017,13,12.2
Aysén,2017,14,8.29
Aysén,2017,15,8.34
Aysén,2017,16,8.36
Aysén,2017,17,9.51
Aysén,2017,18,8.24
Aysén,2017,19,6.86
Aysén,2017,20,5.19
Aysén,2017,21,3.36
Aysén,2017,22,2.53
Aysén,2017,23,5.27
Aysén,2017,24,-0.39
Aysén,2017,25,-0.06
Aysén,2017,26,2.61
Aysén,2017,27,1.96
Aysén,2017,28,-0.53
Aysén,2017,29,3.97
Aysén,2017,30,2.5
Aysén,2017,31,3.49
Aysén,2017,32,3.01
Aysén,2017,33,3.01
Aysén,2017,34,2.49
Aysén,2017,35,2.87
Aysén,2017,36,2.91
Aysén,2017,37,5.04
Aysén,2017,38,5.61
Aysén,2017,39,5.84
Aysén,2017,40,5.3
Aysén,2017,41,6.9
Aysén,2017,42,6.1
Aysén,2017,43,7.03
Aysén,2017,44,9.83
Aysén,2017,45,10.34
Aysén,2017,46,8.21
Aysén,2017,47,9.03
Aysén,2017,48,13.06
Aysén,2017,49,13.67
Aysén,2017,50,11.97
Aysén,2017,51,9.63
Aysén,2017,52,11.57
Aysén,2018,1,11.3
Aysén,2018,2,14.61
Aysén,2018,3,14.26
Aysén,2018,4,12.43
Aysén,2018,5,14.53
Aysén,2018,6,11.44
Aysén,2018,7,15.33
Aysén,2018,8,13.33
Aysén,2018,9,12.7
Aysén,2018,10,11.64
Aysén,2018,11,8.37
Aysén,2018,12,7.8
Aysén,2018,13,9.76
Aysén,2018,14,8.07
Aysén,2018,15,6.87
Aysén,2018,16,8.46
Aysén,2018,17,5.67
Aysén,2018,18,5.57
Aysén,2018,19,6.97
Aysén,2018,20,5.03
Aysén,2018,21,6.73
Aysén,2018,22,0.57
Aysén,2018,23,1.39
Aysén,2018,24,-1.04
Aysén,2018,25,2.47
Aysén,2018,26,2.01
Aysén,2018,27,-2.7
Aysén,2018,28,3.11
Aysén,2018,29,-0.21
Aysén,2018,30,2.4
Aysén,2018,31,3.34
Aysén,2018,32,3.31
Aysén,2018,33,3.39
Aysén,2018,34,3.63
Aysén,2018,35,3.1
Aysén,2018,36,5.36
Aysén,2018,37,6.76
Aysén,2018,38,5.53
Aysén,2018,39,4.57
Aysén,2018,40,6.1
Aysén,2018,41,6.1
Aysén,2018,42,6.0
Aysén,2018,43,9.89
Aysén,2018,44,8.91
Aysén,2018,45,9.76
Aysén,2018,46,9.04
Aysén,2018,47,8.93
Aysén,2018,48,11.6
Aysén,2018,49,16.17
Aysén,2018,50,11.19
Aysén,2018,51,13.53
Aysén,2018,52,12.17
Aysén,2019,1,10.46
Aysén,2019,2,9.36
Aysén,2019,3,13.59
Aysén,2019,4,10.39
Aysén,2019,5,14.01
Aysén,2019,6,14.44
Aysén,2019,7,15.7
Aysén,2019,8,9.11
Aysén,2019,9,11.36
Aysén,2019,10,11.39
Aysén,2019,11,12.54
Aysén,2019,12,9.41
Aysén,2019,13,11.73
Aysén,2019,14,10.91
Aysén,2019,15,9.67
Aysén,2019,16,8.66
Aysén,2019,17,7.67
Aysén,2019,18,6.23
Aysén,2019,19,7.56
Aysén,2019,20,5.61
Aysén,2019,21,4.77
Aysén,2019,22,2.84
Aysén,2019,23,4.41
Aysén,2019,24,2.07
Aysén,2019,25,3.87
Aysén,2019,26,0.89
Aysén,2019,27,3.0
Aysén,2019,28,3.96
Aysén,2019,29,2.79
Aysén,2019,30,3.91
Aysén,2019,31,4.81
Aysén,2019,32,4.27
Aysén,2019,33,3.64
Aysén,2019,34,5.2
Aysén,2019,35,3.89
Aysén,2019,36,2.53
Aysén,2019,37,4.09
Aysén,2019,38,5.27
Aysén,2019,39,9.29
Aysén,2019,40,4.7
Aysén,2019,41,6.86
Aysén,2019,42,8.99
Aysén,2019,43,8.11
Aysén,2019,44,6.77
Aysén,2019,45,8.6
Aysén,2019,46,11.5
Aysén,2019,47,10.94
Aysén,2019,48,8.81
Aysén,2019,49,12.3
Aysén,2019,50,11.36
Aysén,2019,51,11.66
Aysén,2019,52,11.29
Aysén,2020,1,14.39
Aysén,2020,2,10.87
Aysén,2020,3,12.79
Aysén,2020,4,15.11
Aysén,2020,5,12.06
Aysén,2020,6,11.16
Aysén,2020,7,12.83
Aysén,2020,8,12.74
Aysén,2020,9,14.06
Aysén,2020,10,14.01
Aysén,2020,11,11.96
Aysén,2020,12,12.24
Aysén,2020,13,11.36
Aysén,2020,14,8.37
Aysén,2020,15,9.19
Aysén,2020,16,10.33
Aysén,2020,17,7.69
Aysén,2020,18,8.47
Aysén,2020,19,7.16
Aysén,2020,20,6.87
Aysén,2020,21,5.33
Aysén,2020,22,4.63
Aysén,2020,23,4.43
Aysén,2020,24,3.51
Aysén,2020,25,3.31
Aysén,2020,26,-0.16
Aysén,2020,27,2.46
Aysén,2020,28,0.96
Aysén,2020,29,2.0
Aysén,2020,30,0.33
Aysén,2020,31,2.7
Aysén,2020,32,2.73
Aysén,2020,33,3.44
Aysén,2020,34,3.41
Aysén,2020,35,2.91
Aysén,2020,36,5.04
Aysén,2020,37,4.73
Aysén,2020,38,4.69
Aysén,2020,39,6.46
Aysén,2020,40,4.27
Aysén,2020,41,6.57
Aysén,2020,42,7.99
Aysén,2020,43,7.74
Aysén,2020,44,9.44
Aysén,2020,45,10.89
Aysén,2020,46,11.41
Aysén,2020,47,13.56
Aysén,2020,48,7.84
Aysén,2020,49,11.13
Aysén,2020,50,11.1
Aysén,2020,51,10.53
Aysén,2020,52,13.84
Aysén,2020,53,12.79
Aysén,2021,1,11.31
Aysén,2021,2,12.11
Aysén,2021,3,15.41
Aysén,2021,4,11.39
Aysén,2021,5,17.7
Aysén,2021,6,16.69
Aysén,2021,7,11.53
Aysén,2021,8,15.31
Aysén,2021,9,14.67
Aysén,2021,10,11.6
Aysén,2021,11,10.86
Aysén,2021,12,10.51
Aysén,2021,13,12.04
Aysén,2021,14,10.29
Aysén,2021,15,10.77
Aysén,2021,16,8.03
Aysén,2021,17,9.57
Aysén,2021,18,3.99
Aysén,2021,19,5.07
Aysén,2021,20,6.13
Aysén,2021,21,4.96
Aysén,2021,22,5.2
Aysén,2021,23,4.77
Aysén,2021,24,0.6
Aysén,2021,25,2.37
Aysén,2021,26,3.04
Aysén,2021,27,4.39
Aysén,2021,28,3.69
Aysén,2021,29,4.43
Aysén,2021,30,3.29
Aysén,2021,31,4.36
Aysén,2021,32,4.1
Aysén,2021,33,3.5
Aysén,2021,34,3.41
Aysén,2021,35,6.24
Aysén,2021,36,5.69
Aysén,2021,37,5.81
Aysén,2021,38,7.29
Aysén,2021,39,5.23
Aysén,2021,40,7.41
Aysén,2021,41,7.31
Aysén,2021,42,8.16
Aysén,2021,43,9.13
Aysén,2021,44,10.01
Aysén,2021,45,10.63
Aysén,2021,46,9.81
Aysén,2021,47,11.2
Aysén,2021,48,11.09
Aysén,2021,49,15.53
Aysén,2021,50,15.2
Aysén,2021,51,16.24
Aysén,2021,52,11.74
Aysén,2022,1,14.11
Aysén,2022,2,12.89
Aysén,2022,3,12.51
Aysén,2022,4,15.13
Aysén,2022,5,14.36
Aysén,2022,6,13.99
Aysén,2022,7,13.3
Aysén,2022,8,13.21
Aysén,2022,9,10.53
Aysén,2022,10,11.4
Aysén,2022,11,10.87
Aysén,2022,12,9.51
Aysén,2022,13,7.7
Aysén,2022,14,9.24
Aysén,2022,15,9.27
Aysén,2022,16,7.1
Aysén,2022,17,3.44
Aysén,2022,18,8.14
Aysén,2022,19,5.17
Aysén,2022,20,3.53
Aysén,2022,21,1.4
Aysén,2022,22,0.27
Aysén,2022,23,1.56
Aysén,2022,24,2.94
Aysén,2022,25,-2.17
Aysén,2022,26,2.31
Aysén,2022,27,1.36
Aysén,2022,28,-1.01
Aysén,2022,29,0.97
Aysén,2022,30,2.36
Aysén,2022,31,2.36
Aysén,2022,32,3.87
Aysén,2022,33,4.64
Aysén,2022,34,4.69
Aysén,2022,35,6.4
Aysén,2022,36,4.71
Aysén,2022,37,4.47
Aysén,2022,38,4.87
Aysén,2022,39,7.63
Aysén,2022,40,6.86
Aysén,2022,41,7.09
Aysén,2022,42,8.66
Aysén,2022,43,7.39
Aysén,2022,44,13.27
Aysén,2022,45,11.6
Aysén,2022,46,10.63
Aysén,2022,47,11.43
Aysén,2022,48,11.07
Aysén,2022,49,10.96
Aysén,2022,50,11.69
Aysén,2022,51,13.44
Aysén,2022,52,11.31
Aysén,2023,1,15.09
Aysén,2023,2,12.37
Aysén,2023,3,16.69
Aysén,2023,4,13.13
Aysén,2023,5,15.37
Aysén,2023,6,14.09
Aysén,2023,7,9.7
Aysén,2023,8,11.73
Aysén,2023,9,12.4
Aysén,2023,10,11.24
Aysén,2023,11,8.84
Aysén,2023,12,9.11
Aysén,2023,13,6.1
Aysén,2023,14,8.83
Aysén,2023,15,5.76
Aysén,2023,16,8.77
Aysén,2023,17,7.66
Aysén,2023,18,7.99
Aysén,2023,19,8.61
Aysén,2023,20,5.79
Aysén,2023,21,1.84
Aysén,2023,22,5.11
Aysén,2023,23,3.9
Aysén,2023,24,1.43
Aysén,2023,25,2.07
Aysén,2023,26,2.49
Aysén,2023,27,1.7
Aysén,2023,28,0.89
Aysén,2023,29,0.24
Aysén,2023,30,2.73
Aysén,2023,31,3.83
Aysén,2023,32,3.69
Aysén,2023,33,0.97
Aysén,2023,34,3.97
Aysén,2023,35,3.67
Aysén,2023,36,3.61
Aysén,2023,37,4.66
Aysén,2023,38,1.91
Aysén,2023,39,5.51
Aysén,2023,40,6.09
Aysén,2023,41,5.7
Aysén,2023,42,8.81
Aysén,2023,43,7.47
Aysén,2023,44,6.9
Aysén,2023,45,7.59
Aysén,2023,46,6.11
Aysén,2023,47,9.31
Aysén,2023,48,7.99
Aysén,2023,49,12.31
Aysén,2023,50,9.17
Aysén,2023,51,13.23
Aysén,2023,52,14.96
Aysén,2024,1,14.41
Aysén,2024,2,11.6
Aysén,2024,3,13.51
Aysén,2024,4,16.03
Aysén,2024,5,15.13
Aysén,2024,6,13.84
Aysén,2024,7,15.01
Aysén,2024,8,13.11
Aysén,2024,9,11.84
Aysén,2024,10,10.31
Aysén,2024,11,8.9
Aysén,2024,12,9.36
Aysén,2024,13,9.87
Aysén,2024,14,7.89
Aysén,2024,15,5.99
Aysén,2024,16,7.1
Aysén,2024,17,4.21
Aysén,2024,18,3.89
Aysén,2024,19,1.37
Aysén,2024,20,1.54
Aysén,2024,21,1.19
Aysén,2024,22,2.49
Aysén,2024,23,3.1
Aysén,2024,24,4.69
Aysén,2024,25,-0.59
Aysén,2024,26,2.03
Aysén,2024,27,1.29
Aysén,2024,28,-0.59
Aysén,2024,29,1.81
Aysén,2024,30,3.84
Aysén,2024,31,3.09
Aysén,2024,32,2.53
Aysén,2024,33,3.51
Aysén,2024,34,2.31
Aysén,2024,35,4.37
Aysén,2024,36,5.3
Aysén,2024,37,4.49
Aysén,2024,38,5.3
Aysén,2024,39,4.13
Aysén,2024,40,4.59
Aysén,2024,41,7.51
Aysén,2024,42,9.39
Aysén,2024,43,9.41
Aysén,2024,44,9.73
Aysén,2024,45,7.13
Aysén,2024,46,8.84
Aysén,2024,47,11.1
Aysén,2024,48,9.81
Aysén,2024,49,9.21
Aysén,2024,50,11.59
Aysén,2024,51,11.96
Aysén,2024,52,15.9
Aysén,2025,1,13.91
Aysén,2025,2,14.79
Aysén,2025,3,12.56
Aysén,2025,4,13.53
Aysén,2025,5,12.46
Aysén,2025,6,10.87
Aysén,2025,7,11.37
Aysén,2025,8,13.37
Aysén,2025,9,11.49
Aysén,2025,10,10.17
Aysén,2025,11,10.06
Aysén,2025,12,10.49
Aysén,2025,13,11.81
Aysén,2025,14,7.61
Aysén,2025,15,8.96
Aysén,2025,16,7.57
Aysén,2025,17,7.6
Aysén,2025,18,7.46
Aysén,2025,19,6.84
Aysén,2025,20,6.14
Aysén,2025,21,4.77
Aysén,2025,22,5.81
Aysén,2025,23,4.97
Aysén,2025,24,4.04
Aysén,2025,25,4.4
Aysén,2025,26,0.11
Aysén,2025,27,1.29
Aysén,2025,28,5.87
Aysén,2025,29,5.6
Aysén,2025,30,-0.81
Aysén,2025,31,3.66
Aysén,2025,32,4.06
Aysén,2025,33,4.44
Aysén,2025,34,4.53
Aysén,2025,35,6.76
Aysén,2025,36,4.69
Aysén,2025,37,6.84
Aysén,2025,38,6.36
Aysén,2025,39,7.56
Aysén,2025,40,6.19
Aysén,2025,41,7.17
Aysén,2025,42,7.84
Aysén,2025,43,6.89
Aysén,2025,44,9.11
Aysén,2025,45,11.79
Aysén,2025,46,10.43
Aysén,2025,47,10.83
Aysén,2025,48,15.0
Aysén,2025,49,12.07
Aysén,2025,50,11.39
Aysén,2025,51,11.1
Aysén,2025,52,11.5
Aysén,2026,1,17.13
Aysén,2026,2,16.9
Aysén,2026,3,12.21
Aysén,2026,4,15.64
Aysén,2026,5,17.69
Aysén,2026,6,13.94
Aysén,2026,7,9.97
Aysén,2026,8,14.01
Aysén,2026,9,12.03
Aysén,2026,10,11.27
Aysén,2026,11,11.86
Aysén,2026,12,8.64
Aysén,2026,13,9.31
Aysén,2026,14,9.03
Aysén,2026,15,9.0
Aysén,2026,16,7.93
Aysén,2026,17,6.54
Aysén,2026,18,5.54
Aysén,2026,19,3.87
Aysén,2026,20,4.54
Aysén,2026,21,4.09
Aysén,2026,22,5.63
Aysén,2026,23,5.19
Aysén,2026,24,2.93
Aysén,2026,25,3.83
Bío Bío,2014,1,18.08
Bío Bío,2014,2,18.6
Bío Bío,2014,3,19.04
Bío Bío,2014,4,17.19
Bío Bío,2014,5,18.61
Bío Bío,2014,6,16.97
Bío Bío,2014,7,18.13
Bío Bío,2014,8,18.27
Bío Bío,2014,9,16.61
Bío Bío,2014,10,16.26
Bío Bío,2014,11,15.94
Bío Bío,2014,12,16.36
Bío Bío,2014,13,14.31
Bío Bío,2014,14,12.83
Bío Bío,2014,15,12.76
Bío Bío,2014,16,13.39
Bío Bío,2014,17,13.56
Bío Bío,2014,18,12.17
Bío Bío,2014,19,12.94
Bío Bío,2014,20,11.96
Bío Bío,2014,21,10.31
Bío Bío,2014,22,11.11
Bío Bío,2014,23,10.2
Bío Bío,2014,24,10.33
Bío Bío,2014,25,11.06
Bío Bío,2014,26,8.53
Bío Bío,2014,27,8.19
Bío Bío,2014,28,8.81
Bío Bío,2014,29,10.54
Bío Bío,2014,30,8.96
Bío Bío,2014,31,12.1
Bío Bío,2014,32,9.71
Bío Bío,2014,33,9.61
Bío Bío,2014,34,10.19
Bío Bío,2014,35,10.29
Bío Bío,2014,36,11.34
Bío Bío,2014,37,10.19
Bío Bío,2014,38,11.69
Bío Bío,2014,39,10.8
Bío Bío,2014,40,11.94
Bío Bío,2014,41,11.63
Bío Bío,2014,42,12.81
Bío Bío,2014,43,15.84
Bío Bío,2014,44,12.37
Bío Bío,2014,45,13.54
Bío Bío,2014,46,16.34
Bío Bío,2014,47,14.44
Bío Bío,2014,48,14.74
Bío Bío,2014,49,16.49
Bío Bío,2014,50,16.6
Bío Bío,2014,51,15.29
Bío Bío,2014,52,16.87
Bío Bío,2015,1,17.46
Bío Bío,2015,2,19.4
Bío Bío,2015,3,19.76
Bío Bío,2015,4,18.59
Bío Bío,2015,5,18.66
Bío Bío,2015,6,18.76
Bío Bío,2015,7,18.77
Bío Bío,2015,8,17.19
Bío Bío,2015,9,17.93
Bío Bío,2015,10,17.71
Bío Bío,2015,11,18.41
Bío Bío,2015,12,18.31
Bío Bío,2015,13,17.1
Bío Bío,2015,14,16.11
Bío Bío,2015,15,16.6
Bío Bío,2015,16,14.06
Bío Bío,2015,17,13.29
Bío Bío,2015,18,12.89
Bío Bío,2015,19,12.21
Bío Bío,2015,20,13.53
Bío Bío,2015,21,12.04
Bío Bío,2015,22,10.49
Bío Bío,2015,23,13.41
Bío Bío,2015,24,9.94
Bío Bío,2015,25,9.5
Bío Bío,2015,26,10.87
Bío Bío,2015,27,9.37
Bío Bío,2015,28,10.5
Bío Bío,2015,29,8.51
Bío Bío,2015,30,9.74
Bío Bío,2015,31,11.14
Bío Bío,2015,32,10.31
Bío Bío,2015,33,8.46
Bío Bío,2015,34,10.54
Bío Bío,2015,35,12.07
Bío Bío,2015,36,12.01
Bío Bío,2015,37,9.47
Bío Bío,2015,38,9.44
Bío Bío,2015,39,10.83
Bío Bío,2015,40,12.33
Bío Bío,2015,41,11.17
Bío Bío,2015,42,11.69
Bío Bío,2015,43,12.49
Bío Bío,2015,44,13.07
Bío Bío,2015,45,14.4
Bío Bío,2015,46,14.53
Bío Bío,2015,47,12.84
Bío Bío,2015,48,15.04
Bío Bío,2015,49,16.84
Bío Bío,2015,50,16.44
Bío Bío,2015,51,16.23
Bío Bío,2015,52,16.09
Bío Bío,2015,53,19.54
Bío Bío,2016,1,18.71
Bío Bío,2016,2,18.19
Bío Bío,2016,3,20.16
Bío Bío,2016,4,18.93
Bío Bío,2016,5,19.44
Bío Bío,2016,6,18.11
Bío Bío,2016,7,17.73
Bío Bío,2016,8,18.41
Bío Bío,2016,9,18.7
Bío Bío,2016,10,17.93
Bío Bío,2016,11,16.89
Bío Bío,2016,12,17.4
Bío Bío,2016,13,14.6
Bío Bío,2016,14,13.17
Bío Bío,2016,15,13.63
Bío Bío,2016,16,12.21
Bío Bío,2016,17,12.43
Bío Bío,2016,18,13.37
Bío Bío,2016,19,13.71
Bío Bío,2016,20,12.33
Bío Bío,2016,21,12.67
Bío Bío,2016,22,10.06
Bío Bío,2016,23,10.3
Bío Bío,2016,24,9.84
Bío Bío,2016,25,9.24
Bío Bío,2016,26,8.3
Bío Bío,2016,27,9.57
Bío Bío,2016,28,9.6
Bío Bío,2016,29,10.89
Bío Bío,2016,30,9.74
Bío Bío,2016,31,10.13
Bío Bío,2016,32,10.89
Bío Bío,2016,33,11.01
Bío Bío,2016,34,10.63
Bío Bío,2016,35,10.34
Bío Bío,2016,36,11.8
Bío Bío,2016,37,11.57
Bío Bío,2016,38,13.34
Bío Bío,2016,39,13.44
Bío Bío,2016,40,12.46
Bío Bío,2016,41,12.2
Bío Bío,2016,42,12.03
Bío Bío,2016,43,15.74
Bío Bío,2016,44,14.24
Bío Bío,2016,45,15.26
Bío Bío,2016,46,16.24
Bío Bío,2016,47,15.61
Bío Bío,2016,48,17.61
Bío Bío,2016,49,16.39
Bío Bío,2016,50,17.66
Bío Bío,2016,51,16.3
Bío Bío,2016,52,16.8
Bío Bío,2017,1,16.93
Bío Bío,2017,2,17.26
Bío Bío,2017,3,18.89
Bío Bío,2017,4,20.03
Bío Bío,2017,5,16.91
Bío Bío,2017,6,17.06
Bío Bío,2017,7,16.13
Bío Bío,2017,8,19.16
Bío Bío,2017,9,16.67
Bío Bío,2017,10,15.4
Bío Bío,2017,11,15.7
Bío Bío,2017,12,15.01
Bío Bío,2017,13,14.23
Bío Bío,2017,14,13.93
Bío Bío,2017,15,14.9
Bío Bío,2017,16,14.17
Bío Bío,2017,17,13.0
Bío Bío,2017,18,13.39
Bío Bío,2017,19,13.27
Bío Bío,2017,20,10.5
Bío Bío,2017,21,7.76
Bío Bío,2017,22,8.76
Bío Bío,2017,23,9.29
Bío Bío,2017,24,8.86
Bío Bío,2017,25,10.1
Bío Bío,2017,26,11.56
Bío Bío,2017,27,10.41
Bío Bío,2017,28,7.67
Bío Bío,2017,29,8.66
Bío Bío,2017,30,8.36
Bío Bío,2017,31,7.69
Bío Bío,2017,32,9.93
Bío Bío,2017,33,9.63
Bío Bío,2017,34,9.54
Bío Bío,2017,35,8.74
Bío Bío,2017,36,8.83
Bío Bío,2017,37,10.07
Bío Bío,2017,38,10.63
Bío Bío,2017,39,10.76
Bío Bío,2017,40,10.97
Bío Bío,2017,41,11.93
Bío Bío,2017,42,11.69
Bío Bío,2017,43,11.84
Bío Bío,2017,44,11.84
Bío Bío,2017,45,14.26
Bío Bío,2017,46,13.49
Bío Bío,2017,47,14.24
Bío Bío,2017,48,14.07
Bío Bío,2017,49,15.37
Bío Bío,2017,50,15.37
Bío Bío,2017,51,15.14
Bío Bío,2017,52,16.16
Bío Bío,2018,1,16.83
Bío Bío,2018,2,17.21
Bío Bío,2018,3,17.13
Bío Bío,2018,4,16.11
Bío Bío,2018,5,17.04
Bío Bío,2018,6,16.14
Bío Bío,2018,7,16.63
Bío Bío,2018,8,16.69
Bío Bío,2018,9,16.99
Bío Bío,2018,10,15.34
Bío Bío,2018,11,13.9
Bío Bío,2018,12,13.97
Bío Bío,2018,13,14.84
Bío Bío,2018,14,12.43
Bío Bío,2018,15,12.16
Bío Bío,2018,16,13.36
Bío Bío,2018,17,10.54
Bío Bío,2018,18,12.73
Bío Bío,2018,19,11.86
Bío Bío,2018,20,10.94
Bío Bío,2018,21,9.77
Bío Bío,2018,22,8.51
Bío Bío,2018,23,8.4
Bío Bío,2018,24,7.41
Bío Bío,2018,25,8.6
Bío Bío,2018,26,10.46
Bío Bío,2018,27,11.16
Bío Bío,2018,28,10.1
Bío Bío,2018,29,6.49
Bío Bío,2018,30,6.84
Bío Bío,2018,31,8.01
Bío Bío,2018,32,9.61
Bío Bío,2018,33,9.44
Bío Bío,2018,34,8.9
Bío Bío,2018,35,10.23
Bío Bío,2018,36,10.26
Bío Bío,2018,37,10.37
Bío Bío,2018,38,11.43
Bío Bío,2018,39,10.76
Bío Bío,2018,40,10.9
Bío Bío,2018,41,10.13
Bío Bío,2018,42,11.26
Bío Bío,2018,43,12.69
Bío Bío,2018,44,12.64
Bío Bío,2018,45,13.94
Bío Bío,2018,46,13.63
Bío Bío,2018,47,14.8
Bío Bío,2018,48,15.34
Bío Bío,2018,49,15.77
Bío Bío,2018,50,14.86
Bío Bío,2018,51,16.33
Bío Bío,2018,52,15.67
Bío Bío,2019,1,15.89
Bío Bío,2019,2,14.47
Bío Bío,2019,3,16.44
Bío Bío,2019,4,16.57
Bío Bío,2019,5,17.21
Bío Bío,2019,6,16.9
Bío Bío,2019,7,17.47
Bío Bío,2019,8,16.86
Bío Bío,2019,9,15.66
Bío Bío,2019,10,15.94
Bío Bío,2019,11,15.24
Bío Bío,2019,12,13.83
Bío Bío,2019,13,13.39
Bío Bío,2019,14,14.24
Bío Bío,2019,15,13.11
Bío Bío,2019,16,12.93
Bío Bío,2019,17,12.27
Bío Bío,2019,18,13.31
Bío Bío,2019,19,11.27
Bío Bío,2019,20,11.63
Bío Bío,2019,21,9.07
Bío Bío,2019,22,11.97
Bío Bío,2019,23,11.33
Bío Bío,2019,24,9.34
Bío Bío,2019,25,9.37
Bío Bío,2019,26,9.16
Bío Bío,2019,27,10.03
Bío Bío,2019,28,10.83
Bío Bío,2019,29,9.73
Bío Bío,2019,30,8.37
Bío Bío,2019,31,10.14
Bío Bío,2019,32,8.21
Bío Bío,2019,33,10.14
Bío Bío,2019,34,10.4
Bío Bío,2019,35,10.21
Bío Bío,2019,36,9.39
Bío Bío,2019,37,9.97
Bío Bío,2019,38,9.84
Bío Bío,2019,39,12.47
Bío Bío,2019,40,9.33
Bío Bío,2019,41,12.84
Bío Bío,2019,42,11.91
Bío Bío,2019,43,12.24
Bío Bío,2019,44,12.0
Bío Bío,2019,45,14.9
Bío Bío,2019,46,14.71
Bío Bío,2019,47,15.39
Bío Bío,2019,48,13.83
Bío Bío,2019,49,15.44
Bío Bío,2019,50,14.7
Bío Bío,2019,51,15.83
Bío Bío,2019,52,16.04
Bío Bío,2020,1,16.8
Bío Bío,2020,2,15.46
Bío Bío,2020,3,17.1
Bío Bío,2020,4,17.74
Bío Bío,2020,5,17.39
Bío Bío,2020,6,16.4
Bío Bío,2020,7,16.81
Bío Bío,2020,8,16.21
Bío Bío,2020,9,16.46
Bío Bío,2020,10,16.76
Bío Bío,2020,11,16.3
Bío Bío,2020,12,15.07
Bío Bío,2020,13,15.21
Bío Bío,2020,14,14.89
Bío Bío,2020,15,12.86
Bío Bío,2020,16,13.33
Bío Bío,2020,17,14.01
Bío Bío,2020,18,12.36
Bío Bío,2020,19,12.97
Bío Bío,2020,20,12.69
Bío Bío,2020,21,11.27
Bío Bío,2020,22,10.13
Bío Bío,2020,23,8.46
Bío Bío,2020,24,9.26
Bío Bío,2020,25,10.99
Bío Bío,2020,26,9.43
Bío Bío,2020,27,9.8
Bío Bío,2020,28,9.23
Bío Bío,2020,29,10.56
Bío Bío,2020,30,9.34
Bío Bío,2020,31,8.8
Bío Bío,2020,32,10.04
Bío Bío,2020,33,8.43
Bío Bío,2020,34,10.0
Bío Bío,2020,35,9.46
Bío Bío,2020,36,9.5
Bío Bío,2020,37,9.97
Bío Bío,2020,38,11.7
Bío Bío,2020,39,10.5
Bío Bío,2020,40,9.3
Bío Bío,2020,41,11.0
Bío Bío,2020,42,12.33
Bío Bío,2020,43,11.46
Bío Bío,2020,44,12.54
Bío Bío,2020,45,13.14
Bío Bío,2020,46,13.64
Bío Bío,2020,47,13.44
Bío Bío,2020,48,14.57
Bío Bío,2020,49,14.49
Bío Bío,2020,50,14.03
Bío Bío,2020,51,14.51
Bío Bío,2020,52,16.63
Bío Bío,2020,53,16.56
Bío Bío,2021,1,15.54
Bío Bío,2021,2,15.13
Bío Bío,2021,3,17.51
Bío Bío,2021,4,16.04
Bío Bío,2021,5,16.49
Bío Bío,2021,6,16.63
Bío Bío,2021,7,15.26
Bío Bío,2021,8,16.16
Bío Bío,2021,9,16.64
Bío Bío,2021,10,15.5
Bío Bío,2021,11,14.71
Bío Bío,2021,12,14.9
Bío Bío,2021,13,13.44
Bío Bío,2021,14,13.51
Bío Bío,2021,15,13.77
Bío Bío,2021,16,13.0
Bío Bío,2021,17,12.77
Bío Bío,2021,18,11.7
Bío Bío,2021,19,10.57
Bío Bío,2021,20,10.76
Bío Bío,2021,21,11.46
Bío Bío,2021,22,12.01
Bío Bío,2021,23,11.41
Bío Bío,2021,24,9.73
Bío Bío,2021,25,9.37
Bío Bío,2021,26,8.37
Bío Bío,2021,27,8.81
Bío Bío,2021,28,7.2
Bío Bío,2021,29,9.39
Bío Bío,2021,30,9.16
Bío Bío,2021,31,9.7
Bío Bío,2021,32,8.11
Bío Bío,2021,33,10.51
Bío Bío,2021,34,9.31
Bío Bío,2021,35,10.49
Bío Bío,2021,36,10.14
Bío Bío,2021,37,9.86
Bío Bío,2021,38,11.07
Bío Bío,2021,39,10.31
Bío Bío,2021,40,11.54
Bío Bío,2021,41,11.23
Bío Bío,2021,42,12.0
Bío Bío,2021,43,13.47
Bío Bío,2021,44,12.61
Bío Bío,2021,45,12.83
Bío Bío,2021,46,14.76
Bío Bío,2021,47,14.74
Bío Bío,2021,48,14.96
Bío Bío,2021,49,15.1
Bío Bío,2021,50,15.17
Bío Bío,2021,51,17.7
Bío Bío,2021,52,16.03
Bío Bío,2022,1,16.6
Bío Bío,2022,2,16.71
Bío Bío,2022,3,14.79
Bío Bío,2022,4,16.16
Bío Bío,2022,5,17.01
Bío Bío,2022,6,17.31
Bío Bío,2022,7,15.7
Bío Bío,2022,8,15.9
Bío Bío,2022,9,16.13
Bío Bío,2022,10,15.94
Bío Bío,2022,11,15.1
Bío Bío,2022,12,13.96
Bío Bío,2022,13,12.99
Bío Bío,2022,14,12.83
Bío Bío,2022,15,11.7
Bío Bío,2022,16,12.21
Bío Bío,2022,17,10.06
Bío Bío,2022,18,11.5
Bío Bío,2022,19,11.19
Bío Bío,2022,20,10.81
Bío Bío,2022,21,6.84
Bío Bío,2022,22,7.67
Bío Bío,2022,23,9.37
Bío Bío,2022,24,8.61
Bío Bío,2022,25,9.53
Bío Bío,2022,26,9.69
Bío Bío,2022,27,9.09
Bío Bío,2022,28,7.39
Bío Bío,2022,29,9.46
Bío Bío,2022,30,9.66
Bío Bío,2022,31,8.9
Bío Bío,2022,32,9.24
Bío Bío,2022,33,9.71
Bío Bío,2022,34,9.54
Bío Bío,2022,35,10.71
Bío Bío,2022,36,9.2
Bío Bío,2022,37,9.54
Bío Bío,2022,38,9.61
Bío Bío,2022,39,11.86
Bío Bío,2022,40,11.09
Bío Bío,2022,41,11.36
Bío Bío,2022,42,11.56
Bío Bío,2022,43,12.33
Bío Bío,2022,44,13.71
Bío Bío,2022,45,13.43
Bío Bío,2022,46,14.9
Bío Bío,2022,47,16.2
Bío Bío,2022,48,14.9
Bío Bío,2022,49,16.46
Bío Bío,2022,50,16.71
Bío Bío,2022,51,16.61
Bío Bío,2022,52,16.37
Bío Bío,2023,1,16.16
Bío Bío,2023,2,16.09
Bío Bío,2023,3,15.61
Bío Bío,2023,4,16.76
Bío Bío,2023,5,17.5
Bío Bío,2023,6,17.4
Bío Bío,2023,7,16.74
Bío Bío,2023,8,16.97
Bío Bío,2023,9,17.21
Bío Bío,2023,10,15.54
Bío Bío,2023,11,16.63
Bío Bío,2023,12,15.54
Bío Bío,2023,13,13.79
Bío Bío,2023,14,13.76
Bío Bío,2023,15,13.89
Bío Bío,2023,16,12.31
Bío Bío,2023,17,12.56
Bío Bío,2023,18,10.66
Bío Bío,2023,19,12.34
Bío Bío,2023,20,11.57
Bío Bío,2023,21,10.37
Bío Bío,2023,22,11.01
Bío Bío,2023,23,10.43
Bío Bío,2023,24,8.76
Bío Bío,2023,25,12.37
Bío Bío,2023,26,10.5
Bío Bío,2023,27,9.59
Bío Bío,2023,28,7.3
Bío Bío,2023,29,9.8
Bío Bío,2023,30,10.2
Bío Bío,2023,31,9.91
Bío Bío,2023,32,9.49
Bío Bío,2023,33,11.31
Bío Bío,2023,34,9.06
Bío Bío,2023,35,9.69
Bío Bío,2023,36,10.77
Bío Bío,2023,37,10.59
Bío Bío,2023,38,10.03
Bío Bío,2023,39,10.87
Bío Bío,2023,40,10.33
Bío Bío,2023,41,11.31
Bío Bío,2023,42,13.0
Bío Bío,2023,43,11.83
Bío Bío,2023,44,11.03
Bío Bío,2023,45,11.87
Bío Bío,2023,46,11.29
Bío Bío,2023,47,13.67
Bío Bío,2023,48,13.44
Bío Bío,2023,49,14.87
Bío Bío,2023,50,13.56
Bío Bío,2023,51,15.37
Bío Bío,2023,52,16.23
Bío Bío,2024,1,17.3
Bío Bío,2024,2,16.44
Bío Bío,2024,3,16.73
Bío Bío,2024,4,17.19
Bío Bío,2024,5,19.07
Bío Bío,2024,6,17.7
Bío Bío,2024,7,17.11
Bío Bío,2024,8,16.41
Bío Bío,2024,9,16.86
Bío Bío,2024,10,14.77
Bío Bío,2024,11,14.51
Bío Bío,2024,12,14.87
Bío Bío,2024,13,15.64
Bío Bío,2024,14,13.0
Bío Bío,2024,15,12.9
Bío Bío,2024,16,13.26
Bío Bío,2024,17,11.14
Bío Bío,2024,18,9.86
Bío Bío,2024,19,8.79
Bío Bío,2024,20,7.3
Bío Bío,2024,21,8.36
Bío Bío,2024,22,9.74
Bío Bío,2024,23,12.0
Bío Bío,2024,24,11.96
Bío Bío,2024,25,9.6
Bío Bío,2024,26,7.64
Bío Bío,2024,27,7.36
Bío Bío,2024,28,5.46
Bío Bío,2024,29,7.44
Bío Bío,2024,30,7.8
Bío Bío,2024,31,9.79
Bío Bío,2024,32,7.76
Bío Bío,2024,33,8.27
Bío Bío,2024,34,6.94
Bío Bío,2024,35,9.14
Bío Bío,2024,36,9.04
Bío Bío,2024,37,9.36
Bío Bío,2024,38,10.63
Bío Bío,2024,39,9.99
Bío Bío,2024,40,10.54
Bío Bío,2024,41,12.3
Bío Bío,2024,42,12.16
Bío Bío,2024,43,13.04
Bío Bío,2024,44,12.9
Bío Bío,2024,45,13.16
Bío Bío,2024,46,14.16
Bío Bío,2024,47,14.24
Bío Bío,2024,48,14.51
Bío Bío,2024,49,14.13
Bío Bío,2024,50,15.17
Bío Bío,2024,51,16.31
Bío Bío,2024,52,16.16
Bío Bío,2025,1,17.19
Bío Bío,2025,2,17.77
Bío Bío,2025,3,16.93
Bío Bío,2025,4,16.79
Bío Bío,2025,5,17.34
Bío Bío,2025,6,18.97
Bío Bío,2025,7,16.39
Bío Bío,2025,8,16.56
Bío Bío,2025,9,17.3
Bío Bío,2025,10,16.89
Bío Bío,2025,11,16.2
Bío Bío,2025,12,16.17
Bío Bío,2025,13,14.47
Bío Bío,2025,14,13.9
Bío Bío,2025,15,12.94
Bío Bío,2025,16,12.07
Bío Bío,2025,17,13.46
Bío Bío,2025,18,11.37
Bío Bío,2025,19,12.01
Bío Bío,2025,20,11.36
Bío Bío,2025,21,10.04
Bío Bío,2025,22,9.6
Bío Bío,2025,23,9.91
Bío Bío,2025,24,9.46
Bío Bío,2025,25,8.96
Bío Bío,2025,26,6.5
Bío Bío,2025,27,8.17
Bío Bío,2025,28,8.24
Bío Bío,2025,29,9.31
Bío Bío,2025,30,10.2
Bío Bío,2025,31,10.89
Bío Bío,2025,32,10.86
Bío Bío,2025,33,11.97
Bío Bío,2025,34,9.87
Bío Bío,2025,35,11.14
Bío Bío,2025,36,9.96
Bío Bío,2025,37,11.26
Bío Bío,2025,38,11.53
Bío Bío,2025,39,11.61
Bío Bío,2025,40,11.51
Bío Bío,2025,41,12.07
Bío Bío,2025,42,12.83
Bío Bío,2025,43,12.67
Bío Bío,2025,44,14.31
Bío Bío,2025,45,13.74
Bío Bío,2025,46,14.73
Bío Bío,2025,47,16.31
Bío Bío,2025,48,15.03
Bío Bío,2025,49,16.91
Bío Bío,2025,50,15.77
Bío Bío,2025,51,16.69
Bío Bío,2025,52,16.83
Bío Bío,2026,1,18.0
Bío Bío,2026,2,17.86
Bío Bío,2026,3,18.31
Bío Bío,2026,4,16.31
Bío Bío,2026,5,18.71
Bío Bío,2026,6,16.84
Bío Bío,2026,7,16.87
Bío Bío,2026,8,17.17
Bío Bío,2026,9,16.83
Bío Bío,2026,10,15.76
Bío Bío,2026,11,16.69
Bío Bío,2026,12,14.1
Bío Bío,2026,13,13.03
Bío Bío,2026,14,14.61
Bío Bío,2026,15,13.2
Bío Bío,2026,16,12.89
Bío Bío,2026,17,11.24
Bío Bío,2026,18,11.11
Bío Bío,2026,19,12.51
Bío Bío,2026,20,10.63
Bío Bío,2026,21,9.39
Bío Bío,2026,22,11.1
Bío Bío,2026,23,11.37
Bío Bío,2026,24,10.07
Bío Bío,2026,25,10.1
Coquimbo,2014,1,22.08
Coquimbo,2014,2,21.29
Coquimbo,2014,3,21.61
Coquimbo,2014,4,21.24
Coquimbo,2014,5,21.29
Coquimbo,2014,6,21.67
Coquimbo,2014,7,20.09
Coquimbo,2014,8,20.97
Coquimbo,2014,9,19.59
Coquimbo,2014,10,20.81
Coquimbo,2014,11,20.07
Coquimbo,2014,12,20.4
Coquimbo,2014,13,18.29
Coquimbo,2014,14,17.99
Coquimbo,2014,15,19.09
Coquimbo,2014,16,19.24
Coquimbo,2014,17,17.34
Coquimbo,2014,18,17.33
Coquimbo,2014,19,17.59
Coquimbo,2014,20,18.37
Coquimbo,2014,21,14.7
Coquimbo,2014,22,15.84
Coquimbo,2014,23,13.04
Coquimbo,2014,24,14.1
Coquimbo,2014,25,14.73
Coquimbo,2014,26,13.34
Coquimbo,2014,27,12.7
Coquimbo,2014,28,14.06
Coquimbo,2014,29,15.69
Coquimbo,2014,30,12.93
Coquimbo,2014,31,17.26
Coquimbo,2014,32,15.43
Coquimbo,2014,33,17.57
Coquimbo,2014,34,15.0
Coquimbo,2014,35,15.09
Coquimbo,2014,36,15.67
Coquimbo,2014,37,14.3
Coquimbo,2014,38,15.49
Coquimbo,2014,39,15.83
Coquimbo,2014,40,16.73
Coquimbo,2014,41,17.79
Coquimbo,2014,42,19.06
Coquimbo,2014,43,19.76
Coquimbo,2014,44,18.21
Coquimbo,2014,45,19.47
Coquimbo,2014,46,18.99
Coquimbo,2014,47,18.36
Coquimbo,2014,48,18.57
Coquimbo,2014,49,19.76
Coquimbo,2014,50,19.04
Coquimbo,2014,51,18.69
Coquimbo,2014,52,20.89
Coquimbo,2015,1,20.64
Coquimbo,2015,2,21.3
Coquimbo,2015,3,20.44
Coquimbo,2015,4,20.47
Coquimbo,2015,5,21.76
Coquimbo,2015,6,21.67
Coquimbo,2015,7,22.66
Coquimbo,2015,8,21.04
Coquimbo,2015,9,19.77
Coquimbo,2015,10,20.5
Coquimbo,2015,11,22.03
Coquimbo,2015,12,21.14
Coquimbo,2015,13,20.43
Coquimbo,2015,14,19.89
Coquimbo,2015,15,19.86
Coquimbo,2015,16,19.37
Coquimbo,2015,17,18.36
Coquimbo,2015,18,18.47
Coquimbo,2015,19,18.87
Coquimbo,2015,20,18.44
Coquimbo,2015,21,17.16
Coquimbo,2015,22,16.8
Coquimbo,2015,23,18.34
Coquimbo,2015,24,15.97
Coquimbo,2015,25,16.84
Coquimbo,2015,26,16.06
Coquimbo,2015,27,15.46
Coquimbo,2015,28,15.84
Coquimbo,2015,29,12.87
Coquimbo,2015,30,14.29
Coquimbo,2015,31,15.21
Coquimbo,2015,32,15.53
Coquimbo,2015,33,12.94
Coquimbo,2015,34,14.73
Coquimbo,2015,35,17.94
Coquimbo,2015,36,16.69
Coquimbo,2015,37,17.06
Coquimbo,2015,38,16.96
Coquimbo,2015,39,15.77
Coquimbo,2015,40,17.97
Coquimbo,2015,41,16.21
Coquimbo,2015,42,16.23
Coquimbo,2015,43,16.9
Coquimbo,2015,44,17.96
Coquimbo,2015,45,17.04
Coquimbo,2015,46,18.09
Coquimbo,2015,47,18.59
Coquimbo,2015,48,19.64
Coquimbo,2015,49,20.1
Coquimbo,2015,50,20.17
Coquimbo,2015,51,20.53
Coquimbo,2015,52,21.7
Coquimbo,2015,53,21.3
Coquimbo,2016,1,21.7
Coquimbo,2016,2,22.14
Coquimbo,2016,3,21.44
Coquimbo,2016,4,22.89
Coquimbo,2016,5,22.23
Coquimbo,2016,6,22.13
Coquimbo,2016,7,21.89
Coquimbo,2016,8,22.93
Coquimbo,2016,9,21.59
Coquimbo,2016,10,21.27
Coquimbo,2016,11,20.59
Coquimbo,2016,12,20.27
Coquimbo,2016,13,19.76
Coquimbo,2016,14,19.11
Coquimbo,2016,15,19.09
Coquimbo,2016,16,17.87
Coquimbo,2016,17,19.14
Coquimbo,2016,18,18.54
Coquimbo,2016,19,17.8
Coquimbo,2016,20,16.89
Coquimbo,2016,21,17.66
Coquimbo,2016,22,15.7
Coquimbo,2016,23,15.36
Coquimbo,2016,24,17.27
Coquimbo,2016,25,14.27
Coquimbo,2016,26,14.71
Coquimbo,2016,27,14.54
Coquimbo,2016,28,14.27
Coquimbo,2016,29,15.64
Coquimbo,2016,30,15.79
Coquimbo,2016,31,15.97
Coquimbo,2016,32,17.2
Coquimbo,2016,33,17.37
Coquimbo,2016,34,15.41
Coquimbo,2016,35,14.66
Coquimbo,2016,36,18.17
Coquimbo,2016,37,17.17
Coquimbo,2016,38,17.97
Coquimbo,2016,39,16.39
Coquimbo,2016,40,19.7
Coquimbo,2016,41,18.47
Coquimbo,2016,42,16.11
Coquimbo,2016,43,19.36
Coquimbo,2016,44,20.14
Coquimbo,2016,45,20.16
Coquimbo,2016,46,20.41
Coquimbo,2016,47,18.51
Coquimbo,2016,48,20.14
Coquimbo,2016,49,20.11
Coquimbo,2016,50,21.49
Coquimbo,2016,51,20.24
Coquimbo,2016,52,19.94
Coquimbo,2017,1,19.24
Coquimbo,2017,2,18.81
Coquimbo,2017,3,19.37
Coquimbo,2017,4,21.34
Coquimbo,2017,5,20.3
Coquimbo,2017,6,19.31
Coquimbo,2017,7,19.69
Coquimbo,2017,8,20.43
Coquimbo,2017,9,21.2
Coquimbo,2017,10,19.33
Coquimbo,2017,11,17.34
Coquimbo,2017,12,17.37
Coquimbo,2017,13,17.76
Coquimbo,2017,14,17.21
Coquimbo,2017,15,16.39
Coquimbo,2017,16,17.73
Coquimbo,2017,17,15.86
Coquimbo,2017,18,14.36
Coquimbo,2017,19,15.14
Coquimbo,2017,20,12.84
Coquimbo,2017,21,13.06
Coquimbo,2017,22,12.97
Coquimbo,2017,23,12.84
Coquimbo,2017,24,12.23
Coquimbo,2017,25,12.54
Coquimbo,2017,26,12.73
Coquimbo,2017,27,12.59
Coquimbo,2017,28,11.5
Coquimbo,2017,29,11.93
Coquimbo,2017,30,11.93
Coquimbo,2017,31,11.3
Coquimbo,2017,32,11.53
Coquimbo,2017,33,12.96
Coquimbo,2017,34,11.91
Coquimbo,2017,35,12.44
Coquimbo,2017,36,12.43
Coquimbo,2017,37,12.9
Coquimbo,2017,38,13.2
Coquimbo,2017,39,14.51
Coquimbo,2017,40,14.86
Coquimbo,2017,41,13.64
Coquimbo,2017,42,15.47
Coquimbo,2017,43,14.93
Coquimbo,2017,44,15.31
Coquimbo,2017,45,16.91
Coquimbo,2017,46,16.2
Coquimbo,2017,47,15.64
Coquimbo,2017,48,15.54
Coquimbo,2017,49,16.39
Coquimbo,2017,50,17.11
Coquimbo,2017,51,17.71
Coquimbo,2017,52,17.66
Coquimbo,2018,1,18.64
Coquimbo,2018,2,18.56
Coquimbo,2018,3,18.5
Coquimbo,2018,4,18.83
Coquimbo,2018,5,18.04
Coquimbo,2018,6,19.41
Coquimbo,2018,7,18.23
Coquimbo,2018,8,19.19
Coquimbo,2018,9,18.23
Coquimbo,2018,10,18.34
Coquimbo,2018,11,17.71
Coquimbo,2018,12,16.81
Coquimbo,2018,13,15.94
Coquimbo,2018,14,15.93
Coquimbo,2018,15,15.84
Coquimbo,2018,16,15.34
Coquimbo,2018,17,15.09
Coquimbo,2018,18,13.94
Coquimbo,2018,19,14.34
Coquimbo,2018,20,14.4
Coquimbo,2018,21,12.79
Coquimbo,2018,22,12.81
Coquimbo,2018,23,13.31
Coquimbo,2018,24,11.77
Coquimbo,2018,25,10.91
Coquimbo,2018,26,11.19
Coquimbo,2018,27,12.04
Coquimbo,2018,28,11.16
Coquimbo,2018,29,10.87
Coquimbo,2018,30,10.73
Coquimbo,2018,31,10.56
Coquimbo,2018,32,12.49
Coquimbo,2018,33,12.49
Coquimbo,2018,34,11.3
Coquimbo,2018,35,12.1
Coquimbo,2018,36,13.11
Coquimbo,2018,37,12.43
Coquimbo,2018,38,15.37
Coquimbo,2018,39,14.36
Coquimbo,2018,40,14.67
Coquimbo,2018,41,13.99
Coquimbo,2018,42,14.57
Coquimbo,2018,43,15.43
Coquimbo,2018,44,16.26
Coquimbo,2018,45,16.19
Coquimbo,2018,46,18.09
Coquimbo,2018,47,17.0
Coquimbo,2018,48,16.54
Coquimbo,2018,49,17.8
Coquimbo,2018,50,18.4
Coquimbo,2018,51,17.59
Coquimbo,2018,52,17.79
Coquimbo,2019,1,17.93
Coquimbo,2019,2,18.36
Coquimbo,2019,3,18.44
Coquimbo,2019,4,18.07
Coquimbo,2019,5,19.29
Coquimbo,2019,6,19.3
Coquimbo,2019,7,18.53
Coquimbo,2019,8,19.51
Coquimbo,2019,9,18.01
Coquimbo,2019,10,18.03
Coquimbo,2019,11,17.13
Coquimbo,2019,12,16.23
Coquimbo,2019,13,15.41
Coquimbo,2019,14,16.8
Coquimbo,2019,15,14.84
Coquimbo,2019,16,14.39
Coquimbo,2019,17,14.51
Coquimbo,2019,18,13.99
Coquimbo,2019,19,13.53
Coquimbo,2019,20,12.67
Coquimbo,2019,21,12.53
Coquimbo,2019,22,13.5
Coquimbo,2019,23,12.93
Coquimbo,2019,24,10.79
Coquimbo,2019,25,12.63
Coquimbo,2019,26,11.01
Coquimbo,2019,27,12.06
Coquimbo,2019,28,11.29
Coquimbo,2019,29,11.66
Coquimbo,2019,30,9.91
Coquimbo,2019,31,14.41
Coquimbo,2019,32,10.73
Coquimbo,2019,33,13.26
Coquimbo,2019,34,14.13
Coquimbo,2019,35,15.89
Coquimbo,2019,36,11.6
Coquimbo,2019,37,12.43
Coquimbo,2019,38,12.61
Coquimbo,2019,39,12.4
Coquimbo,2019,40,13.81
Coquimbo,2019,41,14.46
Coquimbo,2019,42,14.01
Coquimbo,2019,43,15.21
Coquimbo,2019,44,15.87
Coquimbo,2019,45,15.39
Coquimbo,2019,46,16.43
Coquimbo,2019,47,17.06
Coquimbo,2019,48,17.83
Coquimbo,2019,49,16.63
Coquimbo,2019,50,17.29
Coquimbo,2019,51,18.0
Coquimbo,2019,52,17.64
Coquimbo,2020,1,16.89
Coquimbo,2020,2,18.93
Coquimbo,2020,3,18.47
Coquimbo,2020,4,19.9
Coquimbo,2020,5,19.37
Coquimbo,2020,6,19.0
Coquimbo,2020,7,19.06
Coquimbo,2020,8,18.44
Coquimbo,2020,9,18.11
Coquimbo,2020,10,17.86
Coquimbo,2020,11,18.23
Coquimbo,2020,12,17.31
Coquimbo,2020,13,17.79
Coquimbo,2020,14,17.26
Coquimbo,2020,15,16.67
Coquimbo,2020,16,15.89
Coquimbo,2020,17,15.41
Coquimbo,2020,18,15.54
Coquimbo,2020,19,14.26
Coquimbo,2020,20,14.51
Coquimbo,2020,21,13.8
Coquimbo,2020,22,13.84
Coquimbo,2020,23,11.87
Coquimbo,2020,24,12.63
Coquimbo,2020,25,12.23
Coquimbo,2020,26,11.79
Coquimbo,2020,27,12.71
Coquimbo,2020,28,12.7
Coquimbo,2020,29,10.89
Coquimbo,2020,30,11.76
Coquimbo,2020,31,13.86
Coquimbo,2020,32,12.84
Coquimbo,2020,33,11.4
Coquimbo,2020,34,10.73
Coquimbo,2020,35,11.19
Coquimbo,2020,36,12.4
Coquimbo,2020,37,13.83
Coquimbo,2020,38,12.9
Coquimbo,2020,39,13.03
Coquimbo,2020,40,13.0
Coquimbo,2020,41,14.91
Coquimbo,2020,42,13.63
Coquimbo,2020,43,14.61
Coquimbo,2020,44,14.73
Coquimbo,2020,45,14.71
Coquimbo,2020,46,14.84
Coquimbo,2020,47,15.39
Coquimbo,2020,48,17.29
Coquimbo,2020,49,15.87
Coquimbo,2020,50,16.49
Coquimbo,2020,51,16.64
Coquimbo,2020,52,16.09
Coquimbo,2020,53,17.9
Coquimbo,2021,1,17.56
Coquimbo,2021,2,17.89
Coquimbo,2021,3,17.69
Coquimbo,2021,4,19.19
Coquimbo,2021,5,18.31
Coquimbo,2021,6,18.96
Coquimbo,2021,7,18.67
Coquimbo,2021,8,18.14
Coquimbo,2021,9,18.29
Coquimbo,2021,10,18.07
Coquimbo,2021,11,17.66
Coquimbo,2021,12,17.39
Coquimbo,2021,13,15.91
Coquimbo,2021,14,17.17
Coquimbo,2021,15,15.27
Coquimbo,2021,16,15.13
Coquimbo,2021,17,14.24
Coquimbo,2021,18,15.29
Coquimbo,2021,19,14.8
Coquimbo,2021,20,13.99
Coquimbo,2021,21,15.16
Coquimbo,2021,22,15.11
Coquimbo,2021,23,13.37
Coquimbo,2021,24,11.73
Coquimbo,2021,25,11.39
Coquimbo,2021,26,11.86
Coquimbo,2021,27,11.81
Coquimbo,2021,28,12.27
Coquimbo,2021,29,10.46
Coquimbo,2021,30,11.13
Coquimbo,2021,31,11.69
Coquimbo,2021,32,10.3
Coquimbo,2021,33,13.97
Coquimbo,2021,34,11.93
Coquimbo,2021,35,12.84
Coquimbo,2021,36,12.44
Coquimbo,2021,37,13.06
Coquimbo,2021,38,13.69
Coquimbo,2021,39,15.53
Coquimbo,2021,40,13.23
Coquimbo,2021,41,14.36
Coquimbo,2021,42,14.14
Coquimbo,2021,43,14.09
Coquimbo,2021,44,14.76
Coquimbo,2021,45,15.17
Coquimbo,2021,46,15.13
Coquimbo,2021,47,15.89
Coquimbo,2021,48,16.1
Coquimbo,2021,49,16.06
Coquimbo,2021,50,17.27
Coquimbo,2021,51,17.43
Coquimbo,2021,52,18.01
Coquimbo,2022,1,18.11
Coquimbo,2022,2,19.39
Coquimbo,2022,3,18.8
Coquimbo,2022,4,18.06
Coquimbo,2022,5,18.31
Coquimbo,2022,6,17.81
Coquimbo,2022,7,18.76
Coquimbo,2022,8,18.96
Coquimbo,2022,9,18.19
Coquimbo,2022,10,17.3
Coquimbo,2022,11,17.16
Coquimbo,2022,12,16.54
Coquimbo,2022,13,15.17
Coquimbo,2022,14,14.71
Coquimbo,2022,15,13.91
Coquimbo,2022,16,14.23
Coquimbo,2022,17,14.71
Coquimbo,2022,18,13.29
Coquimbo,2022,19,12.9
Coquimbo,2022,20,12.66
Coquimbo,2022,21,13.0
Coquimbo,2022,22,11.77
Coquimbo,2022,23,11.24
Coquimbo,2022,24,10.63
Coquimbo,2022,25,11.34
Coquimbo,2022,26,11.8
Coquimbo,2022,27,10.99
Coquimbo,2022,28,10.27
Coquimbo,2022,29,11.41
Coquimbo,2022,30,11.19
Coquimbo,2022,31,10.87
Coquimbo,2022,32,11.73
Coquimbo,2022,33,12.27
Coquimbo,2022,34,12.01
Coquimbo,2022,35,11.71
Coquimbo,2022,36,11.06
Coquimbo,2022,37,12.27
Coquimbo,2022,38,13.03
Coquimbo,2022,39,12.64
Coquimbo,2022,40,14.33
Coquimbo,2022,41,13.3
Coquimbo,2022,42,13.79
Coquimbo,2022,43,14.43
Coquimbo,2022,44,14.16
Coquimbo,2022,45,15.31
Coquimbo,2022,46,16.99
Coquimbo,2022,47,15.73
Coquimbo,2022,48,16.7
Coquimbo,2022,49,17.43
Coquimbo,2022,50,18.13
Coquimbo,2022,51,18.4
Coquimbo,2022,52,18.16
Coquimbo,2023,1,18.76
Coquimbo,2023,2,19.09
Coquimbo,2023,3,18.26
Coquimbo,2023,4,18.94
Coquimbo,2023,5,18.81
Coquimbo,2023,6,19.09
Coquimbo,2023,7,19.76
Coquimbo,2023,8,18.57
Coquimbo,2023,9,18.0
Coquimbo,2023,10,18.83
Coquimbo,2023,11,19.37
Coquimbo,2023,12,18.31
Coquimbo,2023,13,17.69
Coquimbo,2023,14,16.66
Coquimbo,2023,15,16.16
Coquimbo,2023,16,15.8
Coquimbo,2023,17,15.3
Coquimbo,2023,18,13.63
Coquimbo,2023,19,13.84
Coquimbo,2023,20,14.87
Coquimbo,2023,21,14.77
Coquimbo,2023,22,14.91
Coquimbo,2023,23,13.43
Coquimbo,2023,24,12.51
Coquimbo,2023,25,15.7
Coquimbo,2023,26,14.87
Coquimbo,2023,27,12.29
Coquimbo,2023,28,13.09
Coquimbo,2023,29,13.91
Coquimbo,2023,30,12.93
Coquimbo,2023,31,12.86
Coquimbo,2023,32,13.31
Coquimbo,2023,33,15.43
Coquimbo,2023,34,15.67
Coquimbo,2023,35,14.67
Coquimbo,2023,36,15.77
Coquimbo,2023,37,15.54
Coquimbo,2023,38,14.89
Coquimbo,2023,39,13.91
Coquimbo,2023,40,14.57
Coquimbo,2023,41,15.06
Coquimbo,2023,42,14.87
Coquimbo,2023,43,14.86
Coquimbo,2023,44,15.96
Coquimbo,2023,45,16.43
Coquimbo,2023,46,15.74
Coquimbo,2023,47,16.13
Coquimbo,2023,48,16.83
Coquimbo,2023,49,16.63
Coquimbo,2023,50,17.23
Coquimbo,2023,51,16.84
Coquimbo,2023,52,17.8
Coquimbo,2024,1,18.31
Coquimbo,2024,2,18.96
Coquimbo,2024,3,18.44
Coquimbo,2024,4,18.4
Coquimbo,2024,5,18.63
Coquimbo,2024,6,20.24
Coquimbo,2024,7,19.13
Coquimbo,2024,8,19.53
Coquimbo,2024,9,19.13
Coquimbo,2024,10,18.63
Coquimbo,2024,11,18.1
Coquimbo,2024,12,17.7
Coquimbo,2024,13,17.11
Coquimbo,2024,14,17.09
Coquimbo,2024,15,14.99
Coquimbo,2024,16,16.49
Coquimbo,2024,17,15.91
Coquimbo,2024,18,13.74
Coquimbo,2024,19,12.51
Coquimbo,2024,20,11.76
Coquimbo,2024,21,13.34
Coquimbo,2024,22,13.4
Coquimbo,2024,23,12.44
Coquimbo,2024,24,12.7
Coquimbo,2024,25,11.81
Coquimbo,2024,26,11.76
Coquimbo,2024,27,12.49
Coquimbo,2024,28,8.8
Coquimbo,2024,29,10.69
Coquimbo,2024,30,12.43
Coquimbo,2024,31,11.3
Coquimbo,2024,32,12.19
Coquimbo,2024,33,12.51
Coquimbo,2024,34,10.91
Coquimbo,2024,35,12.36
Coquimbo,2024,36,13.61
Coquimbo,2024,37,13.79
Coquimbo,2024,38,13.77
Coquimbo,2024,39,13.79
Coquimbo,2024,40,14.77
Coquimbo,2024,41,15.01
Coquimbo,2024,42,14.83
Coquimbo,2024,43,15.11
Coquimbo,2024,44,15.14
Coquimbo,2024,45,16.9
Coquimbo,2024,46,16.9
Coquimbo,2024,47,16.44
Coquimbo,2024,48,17.37
Coquimbo,2024,49,16.74
Coquimbo,2024,50,16.71
Coquimbo,2024,51,17.19
Coquimbo,2024,52,17.3
Coquimbo,2025,1,18.3
Coquimbo,2025,2,18.71
Coquimbo,2025,3,19.74
Coquimbo,2025,4,18.86
Coquimbo,2025,5,18.36
Coquimbo,2025,6,19.13
Coquimbo,2025,7,19.26
Coquimbo,2025,8,17.91
Coquimbo,2025,9,18.59
Coquimbo,2025,10,18.94
Coquimbo,2025,11,17.51
Coquimbo,2025,12,17.3
Coquimbo,2025,13,17.14
Coquimbo,2025,14,16.2
Coquimbo,2025,15,15.77
Coquimbo,2025,16,14.97
Coquimbo,2025,17,15.89
Coquimbo,2025,18,14.11
Coquimbo,2025,19,14.63
Coquimbo,2025,20,13.09
Coquimbo,2025,21,14.66
Coquimbo,2025,22,13.31
Coquimbo,2025,23,11.89
Coquimbo,2025,24,12.51
Coquimbo,2025,25,10.87
Coquimbo,2025,26,11.56
Coquimbo,2025,27,13.33
Coquimbo,2025,28,10.83
Coquimbo,2025,29,11.04
Coquimbo,2025,30,11.2
Coquimbo,2025,31,13.1
Coquimbo,2025,32,12.76
Coquimbo,2025,33,12.83
Coquimbo,2025,34,11.54
Coquimbo,2025,35,12.24
Coquimbo,2025,36,11.9
Coquimbo,2025,37,14.13
Coquimbo,2025,38,13.6
Coquimbo,2025,39,15.09
Coquimbo,2025,40,13.77
Coquimbo,2025,41,14.27
Coquimbo,2025,42,13.99
Coquimbo,2025,43,15.01
Coquimbo,2025,44,15.24
Coquimbo,2025,45,15.63
Coquimbo,2025,46,16.24
Coquimbo,2025,47,16.13
Coquimbo,2025,48,16.76
Coquimbo,2025,49,18.17
Coquimbo,2025,50,18.59
Coquimbo,2025,51,18.53
Coquimbo,2025,52,18.76
Coquimbo,2026,1,18.16
Coquimbo,2026,2,19.37
Coquimbo,2026,3,19.51
Coquimbo,2026,4,19.24
Coquimbo,2026,5,20.16
Coquimbo,2026,6,21.21
Coquimbo,2026,7,20.07
Coquimbo,2026,8,19.44
Coquimbo,2026,9,18.67
Coquimbo,2026,10,18.81
Coquimbo,2026,11,19.23
Coquimbo,2026,12,18.17
Coquimbo,2026,13,16.86
Coquimbo,2026,14,16.01
Coquimbo,2026,15,14.7
Coquimbo,2026,16,15.29
Coquimbo,2026,17,15.09
Coquimbo,2026,18,13.94
Coquimbo,2026,19,13.83
Coquimbo,2026,20,11.73
Coquimbo,2026,21,10.37
Coquimbo,2026,22,12.89
Coquimbo,2026,23,12.79
Coquimbo,2026,24,12.2
Coquimbo,2026,25,10.9
La Araucanía,2014,1,15.16
La Araucanía,2014,2,17.04
La Araucanía,2014,3,20.39
La Araucanía,2014,4,15.6
La Araucanía,2014,5,15.87
La Araucanía,2014,6,15.09
La Araucanía,2014,7,18.84
La Araucanía,2014,8,16.37
La Araucanía,2014,9,17.77
La Araucanía,2014,10,14.33
La Araucanía,2014,11,14.89
La Araucanía,2014,12,13.66
La Araucanía,2014,13,14.36
La Araucanía,2014,14,12.29
La Araucanía,2014,15,10.76
La Araucanía,2014,16,10.71
La Araucanía,2014,17,11.71
La Araucanía,2014,18,9.96
La Araucanía,2014,19,11.76
La Araucanía,2014,20,10.8
La Araucanía,2014,21,9.01
La Araucanía,2014,22,10.61
La Araucanía,2014,23,7.6
La Araucanía,2014,24,8.11
La Araucanía,2014,25,8.49
La Araucanía,2014,26,6.13
La Araucanía,2014,27,6.6
La Araucanía,2014,28,7.44
La Araucanía,2014,29,8.93
La Araucanía,2014,30,7.29
La Araucanía,2014,31,10.99
La Araucanía,2014,32,7.24
La Araucanía,2014,33,7.94
La Araucanía,2014,34,10.29
La Araucanía,2014,35,9.63
La Araucanía,2014,36,10.69
La Araucanía,2014,37,8.06
La Araucanía,2014,38,10.04
La Araucanía,2014,39,9.09
La Araucanía,2014,40,11.57
La Araucanía,2014,41,8.9
La Araucanía,2014,42,11.41
La Araucanía,2014,43,14.06
La Araucanía,2014,44,10.51
La Araucanía,2014,45,11.44
La Araucanía,2014,46,13.59
La Araucanía,2014,47,12.49
La Araucanía,2014,48,12.53
La Araucanía,2014,49,15.54
La Araucanía,2014,50,14.96
La Araucanía,2014,51,13.53
La Araucanía,2014,52,15.9
La Araucanía,2015,1,16.26
La Araucanía,2015,2,17.11
La Araucanía,2015,3,18.44
La Araucanía,2015,4,19.83
La Araucanía,2015,5,17.77
La Araucanía,2015,6,17.64
La Araucanía,2015,7,16.77
La Araucanía,2015,8,16.57
La Araucanía,2015,9,19.24
La Araucanía,2015,10,17.06
La Araucanía,2015,11,16.69
La Araucanía,2015,12,17.59
La Araucanía,2015,13,18.49
La Araucanía,2015,14,14.8
La Araucanía,2015,15,15.63
La Araucanía,2015,16,12.1
La Araucanía,2015,17,10.69
La Araucanía,2015,18,10.77
La Araucanía,2015,19,10.94
La Araucanía,2015,20,12.97
La Araucanía,2015,21,10.99
La Araucanía,2015,22,8.74
La Araucanía,2015,23,12.16
La Araucanía,2015,24,7.63
La Araucanía,2015,25,6.61
La Araucanía,2015,26,8.26
La Araucanía,2015,27,6.8
La Araucanía,2015,28,8.01
La Araucanía,2015,29,6.3
La Araucanía,2015,30,9.01
La Araucanía,2015,31,9.74
La Araucanía,2015,32,9.26
La Araucanía,2015,33,5.8
La Araucanía,2015,34,9.33
La Araucanía,2015,35,11.17
La Araucanía,2015,36,9.77
La Araucanía,2015,37,6.66
La Araucanía,2015,38,6.56
La Araucanía,2015,39,10.11
La Araucanía,2015,40,11.76
La Araucanía,2015,41,9.46
La Araucanía,2015,42,9.96
La Araucanía,2015,43,11.79
La Araucanía,2015,44,10.96
La Araucanía,2015,45,13.84
La Araucanía,2015,46,13.24
La Araucanía,2015,47,10.77
La Araucanía,2015,48,13.46
La Araucanía,2015,49,16.87
La Araucanía,2015,50,14.27
La Araucanía,2015,51,13.06
La Araucanía,2015,52,14.26
La Araucanía,2015,53,18.59
La Araucanía,2016,1,19.56
La Araucanía,2016,2,18.24
La Araucanía,2016,3,19.94
La Araucanía,2016,4,18.19
La Araucanía,2016,5,18.71
La Araucanía,2016,6,18.07
La Araucanía,2016,7,16.6
La Araucanía,2016,8,16.37
La Araucanía,2016,9,17.64
La Araucanía,2016,10,17.76
La Araucanía,2016,11,14.96
La Araucanía,2016,12,16.53
La Araucanía,2016,13,13.74
La Araucanía,2016,14,11.6
La Araucanía,2016,15,12.73
La Araucanía,2016,16,9.96
La Araucanía,2016,17,10.84
La Araucanía,2016,18,12.4
La Araucanía,2016,19,12.74
La Araucanía,2016,20,10.47
La Araucanía,2016,21,11.41
La Araucanía,2016,22,7.83
La Araucanía,2016,23,8.26
La Araucanía,2016,24,7.67
La Araucanía,2016,25,6.69
La Araucanía,2016,26,5.8
La Araucanía,2016,27,7.9
La Araucanía,2016,28,7.56
La Araucanía,2016,29,8.51
La Araucanía,2016,30,8.27
La Araucanía,2016,31,9.33
La Araucanía,2016,32,8.81
La Araucanía,2016,33,8.7
La Araucanía,2016,34,8.66
La Araucanía,2016,35,7.81
La Araucanía,2016,36,10.69
La Araucanía,2016,37,10.16
La Araucanía,2016,38,12.2
La Araucanía,2016,39,12.29
La Araucanía,2016,40,9.9
La Araucanía,2016,41,10.91
La Araucanía,2016,42,11.87
La Araucanía,2016,43,13.91
La Araucanía,2016,44,12.53
La Araucanía,2016,45,11.84
La Araucanía,2016,46,13.73
La Araucanía,2016,47,16.9
La Araucanía,2016,48,17.29
La Araucanía,2016,49,15.57
La Araucanía,2016,50,15.71
La Araucanía,2016,51,14.94
La Araucanía,2016,52,16.83
La Araucanía,2017,1,15.76
La Araucanía,2017,2,15.33
La Araucanía,2017,3,17.97
La Araucanía,2017,4,19.89
La Araucanía,2017,5,15.61
La Araucanía,2017,6,16.0
La Araucanía,2017,7,17.04
La Araucanía,2017,8,19.84
La Araucanía,2017,9,14.9
La Araucanía,2017,10,13.49
La Araucanía,2017,11,14.53
La Araucanía,2017,12,15.17
La Araucanía,2017,13,13.83
La Araucanía,2017,14,11.6
La Araucanía,2017,15,14.07
La Araucanía,2017,16,12.51
La Araucanía,2017,17,11.4
La Araucanía,2017,18,12.6
La Araucanía,2017,19,12.1
La Araucanía,2017,20,8.19
La Araucanía,2017,21,4.99
La Araucanía,2017,22,7.21
La Araucanía,2017,23,7.54
La Araucanía,2017,24,5.76
La Araucanía,2017,25,7.69
La Araucanía,2017,26,10.31
La Araucanía,2017,27,8.16
La Araucanía,2017,28,3.86
La Araucanía,2017,29,6.6
La Araucanía,2017,30,6.49
La Araucanía,2017,31,5.36
La Araucanía,2017,32,8.03
La Araucanía,2017,33,7.79
La Araucanía,2017,34,7.26
La Araucanía,2017,35,7.0
La Araucanía,2017,36,6.03
La Araucanía,2017,37,7.49
La Araucanía,2017,38,8.99
La Araucanía,2017,39,8.99
La Araucanía,2017,40,9.41
La Araucanía,2017,41,9.74
La Araucanía,2017,42,9.76
La Araucanía,2017,43,9.83
La Araucanía,2017,44,10.51
La Araucanía,2017,45,12.64
La Araucanía,2017,46,11.01
La Araucanía,2017,47,11.09
La Araucanía,2017,48,13.86
La Araucanía,2017,49,14.7
La Araucanía,2017,50,14.81
La Araucanía,2017,51,13.04
La Araucanía,2017,52,16.01
La Araucanía,2018,1,15.1
La Araucanía,2018,2,17.16
La Araucanía,2018,3,17.57
La Araucanía,2018,4,14.87
La Araucanía,2018,5,17.4
La Araucanía,2018,6,15.46
La Araucanía,2018,7,17.67
La Araucanía,2018,8,16.39
La Araucanía,2018,9,15.94
La Araucanía,2018,10,15.39
La Araucanía,2018,11,12.07
La Araucanía,2018,12,11.89
La Araucanía,2018,13,12.94
La Araucanía,2018,14,11.33
La Araucanía,2018,15,10.84
La Araucanía,2018,16,11.96
La Araucanía,2018,17,8.23
La Araucanía,2018,18,11.29
La Araucanía,2018,19,11.56
La Araucanía,2018,20,9.19
La Araucanía,2018,21,7.71
La Araucanía,2018,22,5.7
La Araucanía,2018,23,5.83
La Araucanía,2018,24,5.83
La Araucanía,2018,25,6.51
La Araucanía,2018,26,9.54
La Araucanía,2018,27,9.19
La Araucanía,2018,28,8.31
La Araucanía,2018,29,4.01
La Araucanía,2018,30,4.36
La Araucanía,2018,31,5.87
La Araucanía,2018,32,8.44
La Araucanía,2018,33,6.64
La Araucanía,2018,34,7.2
La Araucanía,2018,35,8.64
La Araucanía,2018,36,7.6
La Araucanía,2018,37,8.11
La Araucanía,2018,38,10.23
La Araucanía,2018,39,8.87
La Araucanía,2018,40,9.1
La Araucanía,2018,41,8.09
La Araucanía,2018,42,9.99
La Araucanía,2018,43,11.81
La Araucanía,2018,44,11.13
La Araucanía,2018,45,12.57
La Araucanía,2018,46,11.54
La Araucanía,2018,47,12.0
La Araucanía,2018,48,12.97
La Araucanía,2018,49,16.87
La Araucanía,2018,50,12.67
La Araucanía,2018,51,14.19
La Araucanía,2018,52,14.43
La Araucanía,2019,1,14.47
La Araucanía,2019,2,13.21
La Araucanía,2019,3,16.53
La Araucanía,2019,4,14.8
La Araucanía,2019,5,18.41
La Araucanía,2019,6,16.9
La Araucanía,2019,7,19.1
La Araucanía,2019,8,15.71
La Araucanía,2019,9,13.59
La Araucanía,2019,10,15.76
La Araucanía,2019,11,14.13
La Araucanía,2019,12,12.0
La Araucanía,2019,13,14.5
La Araucanía,2019,14,12.36
La Araucanía,2019,15,12.27
La Araucanía,2019,16,11.29
La Araucanía,2019,17,11.17
La Araucanía,2019,18,11.83
La Araucanía,2019,19,10.39
La Araucanía,2019,20,9.84
La Araucanía,2019,21,6.76
La Araucanía,2019,22,10.31
La Araucanía,2019,23,10.64
La Araucanía,2019,24,7.06
La Araucanía,2019,25,8.57
La Araucanía,2019,26,6.39
La Araucanía,2019,27,7.07
La Araucanía,2019,28,9.4
La Araucanía,2019,29,7.44
La Araucanía,2019,30,5.79
La Araucanía,2019,31,7.64
La Araucanía,2019,32,5.83
La Araucanía,2019,33,8.41
La Araucanía,2019,34,9.34
La Araucanía,2019,35,8.06
La Araucanía,2019,36,7.84
La Araucanía,2019,37,8.03
La Araucanía,2019,38,6.84
La Araucanía,2019,39,11.61
La Araucanía,2019,40,7.11
La Araucanía,2019,41,10.53
La Araucanía,2019,42,11.76
La Araucanía,2019,43,10.57
La Araucanía,2019,44,10.26
La Araucanía,2019,45,11.87
La Araucanía,2019,46,14.23
La Araucanía,2019,47,14.5
La Araucanía,2019,48,11.77
La Araucanía,2019,49,13.51
La Araucanía,2019,50,13.63
La Araucanía,2019,51,14.77
La Araucanía,2019,52,15.31
La Araucanía,2020,1,16.7
La Araucanía,2020,2,14.59
La Araucanía,2020,3,15.79
La Araucanía,2020,4,17.97
La Araucanía,2020,5,16.37
La Araucanía,2020,6,15.06
La Araucanía,2020,7,16.06
La Araucanía,2020,8,17.21
La Araucanía,2020,9,16.87
La Araucanía,2020,10,16.59
La Araucanía,2020,11,15.79
La Araucanía,2020,12,14.6
La Araucanía,2020,13,15.37
La Araucanía,2020,14,12.31
La Araucanía,2020,15,11.63
La Araucanía,2020,16,13.96
La Araucanía,2020,17,12.54
La Araucanía,2020,18,11.44
La Araucanía,2020,19,11.16
La Araucanía,2020,20,11.33
La Araucanía,2020,21,9.54
La Araucanía,2020,22,7.17
La Araucanía,2020,23,7.04
La Araucanía,2020,24,7.5
La Araucanía,2020,25,9.19
La Araucanía,2020,26,7.34
La Araucanía,2020,27,8.0
La Araucanía,2020,28,6.13
La Araucanía,2020,29,8.43
La Araucanía,2020,30,7.16
La Araucanía,2020,31,6.9
La Araucanía,2020,32,7.9
La Araucanía,2020,33,5.86
La Araucanía,2020,34,6.46
La Araucanía,2020,35,7.46
La Araucanía,2020,36,7.93
La Araucanía,2020,37,8.09
La Araucanía,2020,38,8.54
La Araucanía,2020,39,8.74
La Araucanía,2020,40,7.43
La Araucanía,2020,41,8.86
La Araucanía,2020,42,11.27
La Araucanía,2020,43,9.43
La Araucanía,2020,44,11.61
La Araucanía,2020,45,11.79
La Araucanía,2020,46,11.96
La Araucanía,2020,47,13.21
La Araucanía,2020,48,11.79
La Araucanía,2020,49,12.93
La Araucanía,2020,50,12.79
La Araucanía,2020,51,12.11
La Araucanía,2020,52,15.4
La Araucanía,2020,53,14.89
La Araucanía,2021,1,14.69
La Araucanía,2021,2,13.4
La Araucanía,2021,3,17.84
La Araucanía,2021,4,14.66
La Araucanía,2021,5,18.06
La Araucanía,2021,6,17.26
La Araucanía,2021,7,12.96
La Araucanía,2021,8,15.24
La Araucanía,2021,9,16.83
La Araucanía,2021,10,14.94
La Araucanía,2021,11,14.57
La Araucanía,2021,12,12.46
La Araucanía,2021,13,13.29
La Araucanía,2021,14,12.16
La Araucanía,2021,15,13.31
La Araucanía,2021,16,11.66
La Araucanía,2021,17,11.77
La Araucanía,2021,18,9.61
La Araucanía,2021,19,8.47
La Araucanía,2021,20,9.51
La Araucanía,2021,21,10.74
La Araucanía,2021,22,10.14
La Araucanía,2021,23,10.11
La Araucanía,2021,24,6.5
La Araucanía,2021,25,7.04
La Araucanía,2021,26,6.01
La Araucanía,2021,27,7.47
La Araucanía,2021,28,5.19
La Araucanía,2021,29,7.89
La Araucanía,2021,30,4.99
La Araucanía,2021,31,7.93
La Araucanía,2021,32,5.94
La Araucanía,2021,33,8.6
La Araucanía,2021,34,7.33
La Araucanía,2021,35,9.89
La Araucanía,2021,36,8.56
La Araucanía,2021,37,7.84
La Araucanía,2021,38,9.79
La Araucanía,2021,39,8.0
La Araucanía,2021,40,9.56
La Araucanía,2021,41,9.1
La Araucanía,2021,42,10.59
La Araucanía,2021,43,12.33
La Araucanía,2021,44,11.64
La Araucanía,2021,45,12.24
La Araucanía,2021,46,12.74
La Araucanía,2021,47,13.49
La Araucanía,2021,48,14.0
La Araucanía,2021,49,16.59
La Araucanía,2021,50,15.14
La Araucanía,2021,51,16.71
La Araucanía,2021,52,15.84
La Araucanía,2022,1,16.21
La Araucanía,2022,2,16.46
La Araucanía,2022,3,13.99
La Araucanía,2022,4,16.97
La Araucanía,2022,5,17.09
La Araucanía,2022,6,17.89
La Araucanía,2022,7,15.94
La Araucanía,2022,8,16.49
La Araucanía,2022,9,14.23
La Araucanía,2022,10,13.97
La Araucanía,2022,11,13.37
La Araucanía,2022,12,11.87
La Araucanía,2022,13,10.23
La Araucanía,2022,14,11.39
La Araucanía,2022,15,10.04
La Araucanía,2022,16,10.76
La Araucanía,2022,17,7.23
La Araucanía,2022,18,10.0
La Araucanía,2022,19,8.93
La Araucanía,2022,20,9.56
La Araucanía,2022,21,3.93
La Araucanía,2022,22,4.87
La Araucanía,2022,23,7.54
La Araucanía,2022,24,7.63
La Araucanía,2022,25,6.9
La Araucanía,2022,26,7.59
La Araucanía,2022,27,6.86
La Araucanía,2022,28,4.81
La Araucanía,2022,29,7.77
La Araucanía,2022,30,7.89
La Araucanía,2022,31,6.8
La Araucanía,2022,32,7.24
La Araucanía,2022,33,6.91
La Araucanía,2022,34,6.77
La Araucanía,2022,35,7.9
La Araucanía,2022,36,7.6
La Araucanía,2022,37,8.34
La Araucanía,2022,38,7.66
La Araucanía,2022,39,10.54
La Araucanía,2022,40,9.33
La Araucanía,2022,41,8.73
La Araucanía,2022,42,10.96
La Araucanía,2022,43,10.96
La Araucanía,2022,44,13.1
La Araucanía,2022,45,13.43
La Araucanía,2022,46,13.67
La Araucanía,2022,47,15.36
La Araucanía,2022,48,13.89
La Araucanía,2022,49,16.16
La Araucanía,2022,50,15.33
La Araucanía,2022,51,16.87
La Araucanía,2022,52,15.94
La Araucanía,2023,1,16.8
La Araucanía,2023,2,14.9
La Araucanía,2023,3,16.79
La Araucanía,2023,4,15.89
La Araucanía,2023,5,18.83
La Araucanía,2023,6,17.96
La Araucanía,2023,7,15.37
La Araucanía,2023,8,15.46
La Araucanía,2023,9,15.86
La Araucanía,2023,10,16.46
La Araucanía,2023,11,14.37
La Araucanía,2023,12,11.83
La Araucanía,2023,13,11.41
La Araucanía,2023,14,11.76
La Araucanía,2023,15,13.27
La Araucanía,2023,16,10.8
La Araucanía,2023,17,11.97
La Araucanía,2023,18,8.56
La Araucanía,2023,19,10.91
La Araucanía,2023,20,10.07
La Araucanía,2023,21,7.73
La Araucanía,2023,22,8.99
La Araucanía,2023,23,8.24
La Araucanía,2023,24,5.1
La Araucanía,2023,25,10.41
La Araucanía,2023,26,9.5
La Araucanía,2023,27,7.46
La Araucanía,2023,28,5.01
La Araucanía,2023,29,8.4
La Araucanía,2023,30,9.49
La Araucanía,2023,31,7.21
La Araucanía,2023,32,8.29
La Araucanía,2023,33,9.81
La Araucanía,2023,34,6.51
La Araucanía,2023,35,6.97
La Araucanía,2023,36,9.24
La Araucanía,2023,37,8.37
La Araucanía,2023,38,8.01
La Araucanía,2023,39,8.9
La Araucanía,2023,40,8.61
La Araucanía,2023,41,8.23
La Araucanía,2023,42,11.03
La Araucanía,2023,43,9.51
La Araucanía,2023,44,9.63
La Araucanía,2023,45,10.03
La Araucanía,2023,46,9.41
La Araucanía,2023,47,12.07
La Araucanía,2023,48,11.83
La Araucanía,2023,49,13.01
La Araucanía,2023,50,12.29
La Araucanía,2023,51,14.19
La Araucanía,2023,52,17.06
La Araucanía,2024,1,16.31
La Araucanía,2024,2,14.33
La Araucanía,2024,3,16.19
La Araucanía,2024,4,18.29
La Araucanía,2024,5,18.46
La Araucanía,2024,6,17.59
La Araucanía,2024,7,18.07
La Araucanía,2024,8,16.51
La Araucanía,2024,9,15.71
La Araucanía,2024,10,14.04
La Araucanía,2024,11,13.56
La Araucanía,2024,12,13.87
La Araucanía,2024,13,13.49
La Araucanía,2024,14,11.71
La Araucanía,2024,15,12.41
La Araucanía,2024,16,11.94
La Araucanía,2024,17,9.61
La Araucanía,2024,18,6.77
La Araucanía,2024,19,6.73
La Araucanía,2024,20,5.66
La Araucanía,2024,21,6.34
La Araucanía,2024,22,8.61
La Araucanía,2024,23,11.26
La Araucanía,2024,24,10.43
La Araucanía,2024,25,7.39
La Araucanía,2024,26,5.13
La Araucanía,2024,27,4.77
La Araucanía,2024,28,3.67
La Araucanía,2024,29,5.57
La Araucanía,2024,30,6.34
La Araucanía,2024,31,8.17
La Araucanía,2024,32,6.3
La Araucanía,2024,33,6.26
La Araucanía,2024,34,5.84
La Araucanía,2024,35,7.96
La Araucanía,2024,36,7.39
La Araucanía,2024,37,6.83
La Araucanía,2024,38,8.86
La Araucanía,2024,39,8.4
La Araucanía,2024,40,8.49
La Araucanía,2024,41,10.67
La Araucanía,2024,42,11.43
La Araucanía,2024,43,11.56
La Araucanía,2024,44,11.87
La Araucanía,2024,45,11.67
La Araucanía,2024,46,11.87
La Araucanía,2024,47,14.29
La Araucanía,2024,48,12.17
La Araucanía,2024,49,12.11
La Araucanía,2024,50,14.16
La Araucanía,2024,51,15.4
La Araucanía,2024,52,17.63
La Araucanía,2025,1,16.76
La Araucanía,2025,2,17.43
La Araucanía,2025,3,15.57
La Araucanía,2025,4,16.47
La Araucanía,2025,5,16.21
La Araucanía,2025,6,17.57
La Araucanía,2025,7,14.73
La Araucanía,2025,8,16.63
La Araucanía,2025,9,16.8
La Araucanía,2025,10,15.43
La Araucanía,2025,11,13.93
La Araucanía,2025,12,14.63
La Araucanía,2025,13,14.83
La Araucanía,2025,14,12.03
La Araucanía,2025,15,12.04
La Araucanía,2025,16,10.43
La Araucanía,2025,17,12.16
La Araucanía,2025,18,9.49
La Araucanía,2025,19,10.37
La Araucanía,2025,20,10.17
La Araucanía,2025,21,7.94
La Araucanía,2025,22,6.29
La Araucanía,2025,23,7.86
La Araucanía,2025,24,7.59
La Araucanía,2025,25,6.76
La Araucanía,2025,26,4.24
La Araucanía,2025,27,5.36
La Araucanía,2025,28,6.4
La Araucanía,2025,29,6.76
La Araucanía,2025,30,7.11
La Araucanía,2025,31,10.06
La Araucanía,2025,32,9.0
La Araucanía,2025,33,10.51
La Araucanía,2025,34,7.77
La Araucanía,2025,35,9.51
La Araucanía,2025,36,8.67
La Araucanía,2025,37,9.61
La Araucanía,2025,38,10.37
La Araucanía,2025,39,10.84
La Araucanía,2025,40,9.44
La Araucanía,2025,41,10.37
La Araucanía,2025,42,10.84
La Araucanía,2025,43,10.39
La Araucanía,2025,44,12.1
La Araucanía,2025,45,12.73
La Araucanía,2025,46,12.31
La Araucanía,2025,47,14.09
La Araucanía,2025,48,15.9
La Araucanía,2025,49,15.64
La Araucanía,2025,50,15.39
La Araucanía,2025,51,14.71
La Araucanía,2025,52,14.87
La Araucanía,2026,1,18.3
La Araucanía,2026,2,17.5
La Araucanía,2026,3,16.19
La Araucanía,2026,4,16.59
La Araucanía,2026,5,19.17
La Araucanía,2026,6,15.2
La Araucanía,2026,7,14.47
La Araucanía,2026,8,16.59
La Araucanía,2026,9,16.26
La Araucanía,2026,10,15.0
La Araucanía,2026,11,15.43
La Araucanía,2026,12,11.71
La Araucanía,2026,13,11.46
La Araucanía,2026,14,12.97
La Araucanía,2026,15,11.97
La Araucanía,2026,16,11.57
La Araucanía,2026,17,8.79
La Araucanía,2026,18,8.8
La Araucanía,2026,19,9.37
La Araucanía,2026,20,7.5
La Araucanía,2026,21,7.64
La Araucanía,2026,22,10.26
La Araucanía,2026,23,10.26
La Araucanía,2026,24,7.34
La Araucanía,2026,25,4.87
Los Lagos,2014,1,13.0
Los Lagos,2014,2,14.41
Los Lagos,2014,3,17.69
Los Lagos,2014,4,13.43
Los Lagos,2014,5,15.09
Los Lagos,2014,6,13.71
Los Lagos,2014,7,16.63
Los Lagos,2014,8,13.66
Los Lagos,2014,9,16.01
Los Lagos,2014,10,13.63
Los Lagos,2014,11,12.69
Los Lagos,2014,12,12.2
Los Lagos,2014,13,11.83
Los Lagos,2014,14,13.1
Los Lagos,2014,15,11.01
Los Lagos,2014,16,10.7
Los Lagos,2014,17,11.16
Los Lagos,2014,18,10.0
Los Lagos,2014,19,11.09
Los Lagos,2014,20,9.46
Los Lagos,2014,21,9.14
Los Lagos,2014,22,10.51
Los Lagos,2014,23,7.01
Los Lagos,2014,24,7.97
Los Lagos,2014,25,8.39
Los Lagos,2014,26,7.44
Los Lagos,2014,27,7.1
Los Lagos,2014,28,7.46
Los Lagos,2014,29,8.51
Los Lagos,2014,30,6.63
Los Lagos,2014,31,9.19
Los Lagos,2014,32,7.21
Los Lagos,2014,33,7.76
Los Lagos,2014,34,10.07
Los Lagos,2014,35,9.87
Los Lagos,2014,36,10.43
Los Lagos,2014,37,7.54
Los Lagos,2014,38,9.81
Los Lagos,2014,39,8.09
Los Lagos,2014,40,10.84
Los Lagos,2014,41,9.11
Los Lagos,2014,42,10.71
Los Lagos,2014,43,12.31
Los Lagos,2014,44,9.74
Los Lagos,2014,45,11.39
Los Lagos,2014,46,11.86
Los Lagos,2014,47,12.01
Los Lagos,2014,48,11.53
Los Lagos,2014,49,14.01
Los Lagos,2014,50,12.7
Los Lagos,2014,51,12.23
Los Lagos,2014,52,15.1
Los Lagos,2015,1,13.96
Los Lagos,2015,2,14.17
Los Lagos,2015,3,15.29
Los Lagos,2015,4,18.63
Los Lagos,2015,5,16.7
Los Lagos,2015,6,16.56
Los Lagos,2015,7,13.97
Los Lagos,2015,8,13.89
Los Lagos,2015,9,17.21
Los Lagos,2015,10,15.69
Los Lagos,2015,11,14.67
Los Lagos,2015,12,13.01
Los Lagos,2015,13,16.7
Los Lagos,2015,14,13.2
Los Lagos,2015,15,14.93
Los Lagos,2015,16,11.61
Los Lagos,2015,17,10.73
Los Lagos,2015,18,11.09
Los Lagos,2015,19,11.23
Los Lagos,2015,20,13.14
Los Lagos,2015,21,10.61
Los Lagos,2015,22,10.04
Los Lagos,2015,23,11.17
Los Lagos,2015,24,7.14
Los Lagos,2015,25,7.09
Los Lagos,2015,26,7.94
Los Lagos,2015,27,7.03
Los Lagos,2015,28,6.93
Los Lagos,2015,29,5.7
Los Lagos,2015,30,9.31
Los Lagos,2015,31,8.9
Los Lagos,2015,32,7.81
Los Lagos,2015,33,6.21
Los Lagos,2015,34,8.23
Los Lagos,2015,35,9.67
Los Lagos,2015,36,8.07
Los Lagos,2015,37,6.4
Los Lagos,2015,38,6.5
Los Lagos,2015,39,10.07
Los Lagos,2015,40,10.83
Los Lagos,2015,41,8.91
Los Lagos,2015,42,9.13
Los Lagos,2015,43,11.13
Los Lagos,2015,44,9.89
Los Lagos,2015,45,12.63
Los Lagos,2015,46,12.16
Los Lagos,2015,47,10.07
Los Lagos,2015,48,12.47
Los Lagos,2015,49,15.24
Los Lagos,2015,50,12.64
Los Lagos,2015,51,12.21
Los Lagos,2015,52,13.83
Los Lagos,2015,53,16.41
Los Lagos,2016,1,16.8
Los Lagos,2016,2,16.19
Los Lagos,2016,3,17.31
Los Lagos,2016,4,16.17
Los Lagos,2016,5,17.23
Los Lagos,2016,6,15.79
Los Lagos,2016,7,15.43
Los Lagos,2016,8,14.2
Los Lagos,2016,9,14.43
Los Lagos,2016,10,14.83
Los Lagos,2016,11,13.13
Los Lagos,2016,12,15.13
Los Lagos,2016,13,13.5
Los Lagos,2016,14,11.54
Los Lagos,2016,15,11.74
Los Lagos,2016,16,10.04
Los Lagos,2016,17,11.49
Los Lagos,2016,18,12.89
Los Lagos,2016,19,13.01
Los Lagos,2016,20,10.96
Los Lagos,2016,21,10.64
Los Lagos,2016,22,8.7
Los Lagos,2016,23,8.33
Los Lagos,2016,24,8.46
Los Lagos,2016,25,8.29
Los Lagos,2016,26,6.97
Los Lagos,2016,27,9.17
Los Lagos,2016,28,7.49
Los Lagos,2016,29,7.36
Los Lagos,2016,30,8.47
Los Lagos,2016,31,9.16
Los Lagos,2016,32,8.93
Los Lagos,2016,33,7.64
Los Lagos,2016,34,9.06
Los Lagos,2016,35,7.99
Los Lagos,2016,36,9.8
Los Lagos,2016,37,9.54
Los Lagos,2016,38,10.74
Los Lagos,2016,39,11.41
Los Lagos,2016,40,9.4
Los Lagos,2016,41,9.59
Los Lagos,2016,42,12.73
Los Lagos,2016,43,12.9
Los Lagos,2016,44,11.77
Los Lagos,2016,45,10.7
Los Lagos,2016,46,11.46
Los Lagos,2016,47,15.59
Los Lagos,2016,48,14.87
Los Lagos,2016,49,13.79
Los Lagos,2016,50,14.17
Los Lagos,2016,51,14.2
Los Lagos,2016,52,15.29
Los Lagos,2017,1,13.69
Los Lagos,2017,2,13.69
Los Lagos,2017,3,15.19
Los Lagos,2017,4,16.67
Los Lagos,2017,5,14.93
Los Lagos,2017,6,14.96
Los Lagos,2017,7,15.36
Los Lagos,2017,8,17.37
Los Lagos,2017,9,14.01
Los Lagos,2017,10,12.9
Los Lagos,2017,11,13.23
Los Lagos,2017,12,13.81
Los Lagos,2017,13,13.36
Los Lagos,2017,14,11.97
Los Lagos,2017,15,12.49
Los Lagos,2017,16,12.43
Los Lagos,2017,17,12.39
Los Lagos,2017,18,12.9
Los Lagos,2017,19,11.67
Los Lagos,2017,20,9.61
Los Lagos,2017,21,6.2
Los Lagos,2017,22,7.97
Los Lagos,2017,23,8.59
Los Lagos,2017,24,6.46
Los Lagos,2017,25,7.84
Los Lagos,2017,26,9.46
Los Lagos,2017,27,7.4
Los Lagos,2017,28,5.34
Los Lagos,2017,29,8.73
Los Lagos,2017,30,7.84
Los Lagos,2017,31,7.5
Los Lagos,2017,32,8.59
Los Lagos,2017,33,7.96
Los Lagos,2017,34,7.41
Los Lagos,2017,35,7.31
Los Lagos,2017,36,6.6
Los Lagos,2017,37,7.51
Los Lagos,2017,38,9.29
Los Lagos,2017,39,9.23
Los Lagos,2017,40,8.83
Los Lagos,2017,41,9.49
Los Lagos,2017,42,9.34
Los Lagos,2017,43,9.8
Los Lagos,2017,44,11.33
Los Lagos,2017,45,12.29
Los Lagos,2017,46,10.81
Los Lagos,2017,47,11.04
Los Lagos,2017,48,12.36
Los Lagos,2017,49,13.23
Los Lagos,2017,50,13.8
Los Lagos,2017,51,12.73
Los Lagos,2017,52,14.64
Los Lagos,2018,1,14.07
Los Lagos,2018,2,14.46
Los Lagos,2018,3,14.93
Los Lagos,2018,4,13.9
Los Lagos,2018,5,14.89
Los Lagos,2018,6,14.23
Los Lagos,2018,7,16.23
Los Lagos,2018,8,14.83
Los Lagos,2018,9,14.79
Los Lagos,2018,10,14.34
Los Lagos,2018,11,12.24
Los Lagos,2018,12,11.71
Los Lagos,2018,13,12.51
Los Lagos,2018,14,11.49
Los Lagos,2018,15,11.64
Los Lagos,2018,16,12.4
Los Lagos,2018,17,9.76
Los Lagos,2018,18,10.04
Los Lagos,2018,19,11.21
Los Lagos,2018,20,9.66
Los Lagos,2018,21,9.86
Los Lagos,2018,22,7.09
Los Lagos,2018,23,6.94
Los Lagos,2018,24,8.0
Los Lagos,2018,25,7.47
Los Lagos,2018,26,7.53
Los Lagos,2018,27,7.63
Los Lagos,2018,28,8.6
Los Lagos,2018,29,5.44
Los Lagos,2018,30,5.91
Los Lagos,2018,31,7.27
Los Lagos,2018,32,8.59
Los Lagos,2018,33,7.39
Los Lagos,2018,34,7.53
Los Lagos,2018,35,8.44
Los Lagos,2018,36,8.44
Los Lagos,2018,37,9.24
Los Lagos,2018,38,9.64
Los Lagos,2018,39,8.37
Los Lagos,2018,40,8.3
Los Lagos,2018,41,8.66
Los Lagos,2018,42,10.17
Los Lagos,2018,43,11.94
Los Lagos,2018,44,10.66
Los Lagos,2018,45,11.63
Los Lagos,2018,46,11.29
Los Lagos,2018,47,12.36
Los Lagos,2018,48,11.8
Los Lagos,2018,49,14.51
Los Lagos,2018,50,12.94
Los Lagos,2018,51,12.99
Los Lagos,2018,52,13.84
Los Lagos,2019,1,12.73
Los Lagos,2019,2,11.41
Los Lagos,2019,3,13.26
Los Lagos,2019,4,13.1
Los Lagos,2019,5,15.23
Los Lagos,2019,6,16.07
Los Lagos,2019,7,14.89
Los Lagos,2019,8,13.11
Los Lagos,2019,9,13.11
Los Lagos,2019,10,13.36
Los Lagos,2019,11,13.2
Los Lagos,2019,12,11.96
Los Lagos,2019,13,13.14
Los Lagos,2019,14,12.21
Los Lagos,2019,15,11.57
Los Lagos,2019,16,9.97
Los Lagos,2019,17,10.81
Los Lagos,2019,18,11.14
Los Lagos,2019,19,10.69
Los Lagos,2019,20,9.97
Los Lagos,2019,21,8.14
Los Lagos,2019,22,9.81
Los Lagos,2019,23,10.4
Los Lagos,2019,24,6.5
Los Lagos,2019,25,9.5
Los Lagos,2019,26,6.34
Los Lagos,2019,27,7.34
Los Lagos,2019,28,9.99
Los Lagos,2019,29,7.99
Los Lagos,2019,30,6.59
Los Lagos,2019,31,7.9
Los Lagos,2019,32,6.79
Los Lagos,2019,33,8.23
Los Lagos,2019,34,9.06
Los Lagos,2019,35,8.19
Los Lagos,2019,36,8.0
Los Lagos,2019,37,8.1
Los Lagos,2019,38,7.51
Los Lagos,2019,39,10.36
Los Lagos,2019,40,7.77
Los Lagos,2019,41,10.19
Los Lagos,2019,42,11.1
Los Lagos,2019,43,10.53
Los Lagos,2019,44,10.13
Los Lagos,2019,45,10.54
Los Lagos,2019,46,13.4
Los Lagos,2019,47,13.17
Los Lagos,2019,48,11.21
Los Lagos,2019,49,12.64
Los Lagos,2019,50,13.31
Los Lagos,2019,51,13.93
Los Lagos,2019,52,13.76
Los Lagos,2020,1,14.73
Los Lagos,2020,2,13.27
Los Lagos,2020,3,13.4
Los Lagos,2020,4,15.13
Los Lagos,2020,5,15.63
Los Lagos,2020,6,13.66
Los Lagos,2020,7,14.76
Los Lagos,2020,8,15.09
Los Lagos,2020,9,14.09
Los Lagos,2020,10,14.43
Los Lagos,2020,11,14.57
Los Lagos,2020,12,14.84
Los Lagos,2020,13,13.83
Los Lagos,2020,14,12.2
Los Lagos,2020,15,11.44
Los Lagos,2020,16,13.53
Los Lagos,2020,17,12.19
Los Lagos,2020,18,12.57
Los Lagos,2020,19,10.7
Los Lagos,2020,20,11.73
Los Lagos,2020,21,9.86
Los Lagos,2020,22,7.61
Los Lagos,2020,23,8.76
Los Lagos,2020,24,8.83
Los Lagos,2020,25,9.46
Los Lagos,2020,26,7.01
Los Lagos,2020,27,7.77
Los Lagos,2020,28,6.09
Los Lagos,2020,29,8.4
Los Lagos,2020,30,7.43
Los Lagos,2020,31,7.7
Los Lagos,2020,32,8.14
Los Lagos,2020,33,6.5
Los Lagos,2020,34,6.54
Los Lagos,2020,35,7.46
Los Lagos,2020,36,7.84
Los Lagos,2020,37,8.59
Los Lagos,2020,38,8.14
Los Lagos,2020,39,8.8
Los Lagos,2020,40,8.03
Los Lagos,2020,41,9.5
Los Lagos,2020,42,10.13
Los Lagos,2020,43,9.57
Los Lagos,2020,44,9.71
Los Lagos,2020,45,11.27
Los Lagos,2020,46,11.74
Los Lagos,2020,47,13.01
Los Lagos,2020,48,11.67
Los Lagos,2020,49,11.67
Los Lagos,2020,50,12.47
Los Lagos,2020,51,12.03
Los Lagos,2020,52,15.17
Los Lagos,2020,53,14.61
Los Lagos,2021,1,13.51
Los Lagos,2021,2,13.01
Los Lagos,2021,3,16.37
Los Lagos,2021,4,13.94
Los Lagos,2021,5,15.39
Los Lagos,2021,6,16.61
Los Lagos,2021,7,13.31
Los Lagos,2021,8,13.87
Los Lagos,2021,9,15.4
Los Lagos,2021,10,14.13
Los Lagos,2021,11,13.66
Los Lagos,2021,12,12.44
Los Lagos,2021,13,12.96
Los Lagos,2021,14,13.36
Los Lagos,2021,15,13.43
Los Lagos,2021,16,10.91
Los Lagos,2021,17,12.76
Los Lagos,2021,18,8.91
Los Lagos,2021,19,9.51
Los Lagos,2021,20,10.77
Los Lagos,2021,21,10.11
Los Lagos,2021,22,9.86
Los Lagos,2021,23,10.11
Los Lagos,2021,24,6.01
Los Lagos,2021,25,7.17
Los Lagos,2021,26,7.26
Los Lagos,2021,27,8.86
Los Lagos,2021,28,6.63
Los Lagos,2021,29,8.66
Los Lagos,2021,30,6.63
Los Lagos,2021,31,8.24
Los Lagos,2021,32,7.24
Los Lagos,2021,33,7.9
Los Lagos,2021,34,7.7
Los Lagos,2021,35,10.01
Los Lagos,2021,36,9.41
Los Lagos,2021,37,8.81
Los Lagos,2021,38,9.54
Los Lagos,2021,39,8.19
Los Lagos,2021,40,9.13
Los Lagos,2021,41,9.51
Los Lagos,2021,42,10.77
Los Lagos,2021,43,12.23
Los Lagos,2021,44,11.39
Los Lagos,2021,45,11.64
Los Lagos,2021,46,11.74
Los Lagos,2021,47,12.73
Los Lagos,2021,48,12.36
Los Lagos,2021,49,13.44
Los Lagos,2021,50,13.36
Los Lagos,2021,51,14.64
Los Lagos,2021,52,14.96
Los Lagos,2022,1,15.07
Los Lagos,2022,2,15.1
Los Lagos,2022,3,14.19
Los Lagos,2022,4,15.16
Los Lagos,2022,5,14.99
Los Lagos,2022,6,14.53
Los Lagos,2022,7,14.86
Los Lagos,2022,8,16.16
Los Lagos,2022,9,13.84
Los Lagos,2022,10,12.87
Los Lagos,2022,11,12.53
Los Lagos,2022,12,12.0
Los Lagos,2022,13,10.5
Los Lagos,2022,14,11.71
Los Lagos,2022,15,10.39
Los Lagos,2022,16,10.81
Los Lagos,2022,17,7.94
Los Lagos,2022,18,12.14
Los Lagos,2022,19,8.74
Los Lagos,2022,20,9.86
Los Lagos,2022,21,6.17
Los Lagos,2022,22,5.69
Los Lagos,2022,23,7.4
Los Lagos,2022,24,7.76
Los Lagos,2022,25,4.66
Los Lagos,2022,26,7.23
Los Lagos,2022,27,7.14
Los Lagos,2022,28,5.0
Los Lagos,2022,29,7.23
Los Lagos,2022,30,7.63
Los Lagos,2022,31,6.21
Los Lagos,2022,32,7.03
Los Lagos,2022,33,6.99
Los Lagos,2022,34,6.74
Los Lagos,2022,35,7.0
Los Lagos,2022,36,8.01
Los Lagos,2022,37,8.9
Los Lagos,2022,38,7.59
Los Lagos,2022,39,9.16
Los Lagos,2022,40,9.4
Los Lagos,2022,41,8.79
Los Lagos,2022,42,10.76
Los Lagos,2022,43,10.63
Los Lagos,2022,44,11.73
Los Lagos,2022,45,13.13
Los Lagos,2022,46,13.13
Los Lagos,2022,47,12.94
Los Lagos,2022,48,13.19
Los Lagos,2022,49,14.84
Los Lagos,2022,50,13.87
Los Lagos,2022,51,14.84
Los Lagos,2022,52,13.76
Los Lagos,2023,1,14.77
Los Lagos,2023,2,13.29
Los Lagos,2023,3,15.17
Los Lagos,2023,4,15.16
Los Lagos,2023,5,15.1
Los Lagos,2023,6,16.19
Los Lagos,2023,7,13.2
Los Lagos,2023,8,13.81
Los Lagos,2023,9,15.3
Los Lagos,2023,10,14.89
Los Lagos,2023,11,12.37
Los Lagos,2023,12,10.96
Los Lagos,2023,13,10.73
Los Lagos,2023,14,11.43
Los Lagos,2023,15,11.99
Los Lagos,2023,16,10.71
Los Lagos,2023,17,11.24
Los Lagos,2023,18,9.6
Los Lagos,2023,19,11.79
Los Lagos,2023,20,9.8
Los Lagos,2023,21,7.39
Los Lagos,2023,22,9.63
Los Lagos,2023,23,8.19
Los Lagos,2023,24,6.43
Los Lagos,2023,25,9.73
Los Lagos,2023,26,8.93
Los Lagos,2023,27,7.46
Los Lagos,2023,28,5.76
Los Lagos,2023,29,7.1
Los Lagos,2023,30,9.73
Los Lagos,2023,31,7.21
Los Lagos,2023,32,7.81
Los Lagos,2023,33,8.54
Los Lagos,2023,34,6.13
Los Lagos,2023,35,6.71
Los Lagos,2023,36,8.84
Los Lagos,2023,37,8.27
Los Lagos,2023,38,6.76
Los Lagos,2023,39,8.24
Los Lagos,2023,40,8.59
Los Lagos,2023,41,9.16
Los Lagos,2023,42,10.71
Los Lagos,2023,43,10.14
Los Lagos,2023,44,9.89
Los Lagos,2023,45,9.96
Los Lagos,2023,46,9.26
Los Lagos,2023,47,10.61
Los Lagos,2023,48,11.57
Los Lagos,2023,49,12.04
Los Lagos,2023,50,12.06
Los Lagos,2023,51,13.71
Los Lagos,2023,52,14.5
Los Lagos,2024,1,15.66
Los Lagos,2024,2,13.64
Los Lagos,2024,3,14.61
Los Lagos,2024,4,16.74
Los Lagos,2024,5,17.21
Los Lagos,2024,6,15.93
Los Lagos,2024,7,15.1
Los Lagos,2024,8,14.61
Los Lagos,2024,9,13.91
Los Lagos,2024,10,13.67
Los Lagos,2024,11,13.03
Los Lagos,2024,12,12.51
Los Lagos,2024,13,12.6
Los Lagos,2024,14,12.04
Los Lagos,2024,15,11.36
Los Lagos,2024,16,11.54
Los Lagos,2024,17,9.49
Los Lagos,2024,18,7.04
Los Lagos,2024,19,7.31
Los Lagos,2024,20,6.24
Los Lagos,2024,21,7.04
Los Lagos,2024,22,7.89
Los Lagos,2024,23,11.16
Los Lagos,2024,24,10.49
Los Lagos,2024,25,7.03
Los Lagos,2024,26,6.41
Los Lagos,2024,27,5.04
Los Lagos,2024,28,5.44
Los Lagos,2024,29,6.26
Los Lagos,2024,30,6.54
Los Lagos,2024,31,8.21
Los Lagos,2024,32,6.83
Los Lagos,2024,33,7.3
Los Lagos,2024,34,6.26
Los Lagos,2024,35,7.89
Los Lagos,2024,36,7.81
Los Lagos,2024,37,7.66
Los Lagos,2024,38,8.27
Los Lagos,2024,39,7.69
Los Lagos,2024,40,7.64
Los Lagos,2024,41,9.47
Los Lagos,2024,42,10.97
Los Lagos,2024,43,10.84
Los Lagos,2024,44,11.41
Los Lagos,2024,45,11.24
Los Lagos,2024,46,11.57
Los Lagos,2024,47,12.7
Los Lagos,2024,48,11.41
Los Lagos,2024,49,11.49
Los Lagos,2024,50,12.74
Los Lagos,2024,51,13.34
Los Lagos,2024,52,14.49
Los Lagos,2025,1,14.46
Los Lagos,2025,2,15.37
Los Lagos,2025,3,14.17
Los Lagos,2025,4,15.3
Los Lagos,2025,5,14.84
Los Lagos,2025,6,14.96
Los Lagos,2025,7,13.57
Los Lagos,2025,8,14.99
Los Lagos,2025,9,14.24
Los Lagos,2025,10,14.1
Los Lagos,2025,11,12.21
Los Lagos,2025,12,13.69
Los Lagos,2025,13,13.7
Los Lagos,2025,14,10.61
Los Lagos,2025,15,12.14
Los Lagos,2025,16,10.81
Los Lagos,2025,17,11.44
Los Lagos,2025,18,9.81
Los Lagos,2025,19,10.67
Los Lagos,2025,20,10.84
Los Lagos,2025,21,8.89
Los Lagos,2025,22,7.53
Los Lagos,2025,23,8.14
Los Lagos,2025,24,8.5
Los Lagos,2025,25,7.97
Los Lagos,2025,26,4.81
Los Lagos,2025,27,7.23
Los Lagos,2025,28,8.66
Los Lagos,2025,29,8.81
Los Lagos,2025,30,6.96
Los Lagos,2025,31,9.69
Los Lagos,2025,32,8.19
Los Lagos,2025,33,9.73
Los Lagos,2025,34,7.49
Los Lagos,2025,35,10.16
Los Lagos,2025,36,7.93
Los Lagos,2025,37,10.0
Los Lagos,2025,38,10.87
Los Lagos,2025,39,10.64
Los Lagos,2025,40,9.83
Los Lagos,2025,41,11.07
Los Lagos,2025,42,10.5
Los Lagos,2025,43,10.09
Los Lagos,2025,44,11.94
Los Lagos,2025,45,12.56
Los Lagos,2025,46,12.49
Los Lagos,2025,47,13.11
Los Lagos,2025,48,15.04
Los Lagos,2025,49,14.33
Los Lagos,2025,50,13.64
Los Lagos,2025,51,13.96
Los Lagos,2025,52,13.8
Los Lagos,2026,1,16.17
Los Lagos,2026,2,16.14
Los Lagos,2026,3,14.2
Los Lagos,2026,4,15.56
Los Lagos,2026,5,17.86
Los Lagos,2026,6,14.7
Los Lagos,2026,7,13.14
Los Lagos,2026,8,14.5
Los Lagos,2026,9,14.9
Los Lagos,2026,10,13.49
Los Lagos,2026,11,14.16
Los Lagos,2026,12,11.07
Los Lagos,2026,13,11.56
Los Lagos,2026,14,12.47
Los Lagos,2026,15,11.44
Los Lagos,2026,16,10.59
Los Lagos,2026,17,9.19
Los Lagos,2026,18,9.29
Los Lagos,2026,19,8.69
Los Lagos,2026,20,8.43
Los Lagos,2026,21,9.3
Los Lagos,2026,22,10.87
Los Lagos,2026,23,10.46
Los Lagos,2026,24,8.14
Los Lagos,2026,25,5.73
Los Ríos,2014,1,15.2
Los Ríos,2014,2,16.99
Los Ríos,2014,3,19.9
Los Ríos,2014,4,15.11
Los Ríos,2014,5,16.27
Los Ríos,2014,6,15.13
Los Ríos,2014,7,19.11
Los Ríos,2014,8,16.7
Los Ríos,2014,9,17.93
Los Ríos,2014,10,14.56
Los Ríos,2014,11,14.31
Los Ríos,2014,12,14.14
Los Ríos,2014,13,13.31
Los Ríos,2014,14,12.97
Los Ríos,2014,15,11.59
Los Ríos,2014,16,11.59
Los Ríos,2014,17,11.87
Los Ríos,2014,18,10.26
Los Ríos,2014,19,11.41
Los Ríos,2014,20,10.8
Los Ríos,2014,21,9.63
Los Ríos,2014,22,11.11
Los Ríos,2014,23,8.6
Los Ríos,2014,24,8.79
Los Ríos,2014,25,8.69
Los Ríos,2014,26,7.29
Los Ríos,2014,27,7.59
Los Ríos,2014,28,7.79
Los Ríos,2014,29,9.19
Los Ríos,2014,30,8.09
Los Ríos,2014,31,10.59
Los Ríos,2014,32,8.3
Los Ríos,2014,33,8.11
Los Ríos,2014,34,9.94
Los Ríos,2014,35,9.89
Los Ríos,2014,36,10.76
Los Ríos,2014,37,8.51
Los Ríos,2014,38,9.87
Los Ríos,2014,39,9.27
Los Ríos,2014,40,11.7
Los Ríos,2014,41,9.93
Los Ríos,2014,42,11.27
Los Ríos,2014,43,13.49
Los Ríos,2014,44,10.71
Los Ríos,2014,45,12.21
Los Ríos,2014,46,13.67
Los Ríos,2014,47,12.59
Los Ríos,2014,48,12.71
Los Ríos,2014,49,15.26
Los Ríos,2014,50,14.89
Los Ríos,2014,51,13.9
Los Ríos,2014,52,15.66
Los Ríos,2015,1,16.34
Los Ríos,2015,2,16.96
Los Ríos,2015,3,18.2
Los Ríos,2015,4,19.4
Los Ríos,2015,5,18.01
Los Ríos,2015,6,17.59
Los Ríos,2015,7,16.61
Los Ríos,2015,8,16.49
Los Ríos,2015,9,18.8
Los Ríos,2015,10,16.06
Los Ríos,2015,11,16.53
Los Ríos,2015,12,15.4
Los Ríos,2015,13,17.71
Los Ríos,2015,14,14.63
Los Ríos,2015,15,15.13
Los Ríos,2015,16,12.27
Los Ríos,2015,17,11.23
Los Ríos,2015,18,11.46
Los Ríos,2015,19,10.9
Los Ríos,2015,20,13.16
Los Ríos,2015,21,11.54
Los Ríos,2015,22,9.67
Los Ríos,2015,23,12.53
Los Ríos,2015,24,8.46
Los Ríos,2015,25,7.37
Los Ríos,2015,26,8.16
Los Ríos,2015,27,7.4
Los Ríos,2015,28,8.36
Los Ríos,2015,29,7.43
Los Ríos,2015,30,9.74
Los Ríos,2015,31,10.03
Los Ríos,2015,32,8.97
Los Ríos,2015,33,6.94
Los Ríos,2015,34,9.37
Los Ríos,2015,35,11.13
Los Ríos,2015,36,9.41
Los Ríos,2015,37,8.01
Los Ríos,2015,38,7.44
Los Ríos,2015,39,10.19
Los Ríos,2015,40,11.6
Los Ríos,2015,41,9.99
Los Ríos,2015,42,10.44
Los Ríos,2015,43,11.84
Los Ríos,2015,44,11.23
Los Ríos,2015,45,13.86
Los Ríos,2015,46,13.0
Los Ríos,2015,47,11.36
Los Ríos,2015,48,13.4
Los Ríos,2015,49,16.76
Los Ríos,2015,50,14.1
Los Ríos,2015,51,13.73
Los Ríos,2015,52,13.87
Los Ríos,2015,53,18.3
Los Ríos,2016,1,18.87
Los Ríos,2016,2,17.86
Los Ríos,2016,3,19.89
Los Ríos,2016,4,18.06
Los Ríos,2016,5,18.9
Los Ríos,2016,6,17.43
Los Ríos,2016,7,16.43
Los Ríos,2016,8,15.87
Los Ríos,2016,9,17.6
Los Ríos,2016,10,17.39
Los Ríos,2016,11,14.91
Los Ríos,2016,12,15.81
Los Ríos,2016,13,13.4
Los Ríos,2016,14,11.79
Los Ríos,2016,15,12.37
Los Ríos,2016,16,10.63
Los Ríos,2016,17,11.01
Los Ríos,2016,18,12.89
Los Ríos,2016,19,12.36
Los Ríos,2016,20,10.14
Los Ríos,2016,21,11.27
Los Ríos,2016,22,8.4
Los Ríos,2016,23,8.6
Los Ríos,2016,24,8.19
Los Ríos,2016,25,7.8
Los Ríos,2016,26,6.03
Los Ríos,2016,27,8.63
Los Ríos,2016,28,7.89
Los Ríos,2016,29,7.66
Los Ríos,2016,30,8.53
Los Ríos,2016,31,9.56
Los Ríos,2016,32,9.19
Los Ríos,2016,33,8.93
Los Ríos,2016,34,9.14
Los Ríos,2016,35,8.93
Los Ríos,2016,36,10.3
Los Ríos,2016,37,10.44
Los Ríos,2016,38,11.51
Los Ríos,2016,39,11.89
Los Ríos,2016,40,10.13
Los Ríos,2016,41,10.31
Los Ríos,2016,42,12.59
Los Ríos,2016,43,14.14
Los Ríos,2016,44,12.34
Los Ríos,2016,45,11.9
Los Ríos,2016,46,13.4
Los Ríos,2016,47,16.01
Los Ríos,2016,48,16.46
Los Ríos,2016,49,15.2
Los Ríos,2016,50,15.19
Los Ríos,2016,51,14.26
Los Ríos,2016,52,16.37
Los Ríos,2017,1,14.83
Los Ríos,2017,2,14.91
Los Ríos,2017,3,17.19
Los Ríos,2017,4,20.17
Los Ríos,2017,5,16.33
Los Ríos,2017,6,17.11
Los Ríos,2017,7,16.71
Los Ríos,2017,8,19.64
Los Ríos,2017,9,14.39
Los Ríos,2017,10,13.26
Los Ríos,2017,11,14.63
Los Ríos,2017,12,15.26
Los Ríos,2017,13,13.61
Los Ríos,2017,14,12.29
Los Ríos,2017,15,13.59
Los Ríos,2017,16,13.01
Los Ríos,2017,17,12.31
Los Ríos,2017,18,12.76
Los Ríos,2017,19,11.77
Los Ríos,2017,20,8.87
Los Ríos,2017,21,5.53
Los Ríos,2017,22,7.39
Los Ríos,2017,23,8.54
Los Ríos,2017,24,6.67
Los Ríos,2017,25,7.43
Los Ríos,2017,26,9.71
Los Ríos,2017,27,7.41
Los Ríos,2017,28,4.61
Los Ríos,2017,29,8.11
Los Ríos,2017,30,7.57
Los Ríos,2017,31,6.64
Los Ríos,2017,32,8.14
Los Ríos,2017,33,8.06
Los Ríos,2017,34,7.47
Los Ríos,2017,35,7.1
Los Ríos,2017,36,6.07
Los Ríos,2017,37,7.8
Los Ríos,2017,38,8.77
Los Ríos,2017,39,9.16
Los Ríos,2017,40,9.41
Los Ríos,2017,41,10.54
Los Ríos,2017,42,9.71
Los Ríos,2017,43,9.9
Los Ríos,2017,44,10.53
Los Ríos,2017,45,12.37
Los Ríos,2017,46,11.13
Los Ríos,2017,47,12.34
Los Ríos,2017,48,14.64
Los Ríos,2017,49,16.14
Los Ríos,2017,50,14.04
Los Ríos,2017,51,13.76
Los Ríos,2017,52,14.86
Los Ríos,2018,1,14.46
Los Ríos,2018,2,16.94
Los Ríos,2018,3,18.17
Los Ríos,2018,4,15.99
Los Ríos,2018,5,18.67
Los Ríos,2018,6,16.23
Los Ríos,2018,7,17.74
Los Ríos,2018,8,16.43
Los Ríos,2018,9,16.9
Los Ríos,2018,10,15.57
Los Ríos,2018,11,12.49
Los Ríos,2018,12,12.36
Los Ríos,2018,13,12.96
Los Ríos,2018,14,11.67
Los Ríos,2018,15,10.81
Los Ríos,2018,16,12.03
Los Ríos,2018,17,9.26
Los Ríos,2018,18,10.73
Los Ríos,2018,19,11.86
Los Ríos,2018,20,9.29
Los Ríos,2018,21,8.73
Los Ríos,2018,22,6.74
Los Ríos,2018,23,6.21
Los Ríos,2018,24,6.27
Los Ríos,2018,25,7.43
Los Ríos,2018,26,8.06
Los Ríos,2018,27,7.91
Los Ríos,2018,28,8.61
Los Ríos,2018,29,5.01
Los Ríos,2018,30,4.69
Los Ríos,2018,31,6.67
Los Ríos,2018,32,8.53
Los Ríos,2018,33,7.0
Los Ríos,2018,34,7.31
Los Ríos,2018,35,8.47
Los Ríos,2018,36,8.39
Los Ríos,2018,37,9.04
Los Ríos,2018,38,10.14
Los Ríos,2018,39,8.79
Los Ríos,2018,40,9.11
Los Ríos,2018,41,8.66
Los Ríos,2018,42,10.31
Los Ríos,2018,43,11.54
Los Ríos,2018,44,10.97
Los Ríos,2018,45,12.16
Los Ríos,2018,46,11.44
Los Ríos,2018,47,12.77
Los Ríos,2018,48,13.83
Los Ríos,2018,49,16.87
Los Ríos,2018,50,12.84
Los Ríos,2018,51,15.0
Los Ríos,2018,52,14.93
Los Ríos,2019,1,14.44
Los Ríos,2019,2,13.04
Los Ríos,2019,3,15.73
Los Ríos,2019,4,15.3
Los Ríos,2019,5,18.24
Los Ríos,2019,6,17.09
Los Ríos,2019,7,18.26
Los Ríos,2019,8,14.36
Los Ríos,2019,9,14.3
Los Ríos,2019,10,14.96
Los Ríos,2019,11,15.09
Los Ríos,2019,12,12.7
Los Ríos,2019,13,14.24
Los Ríos,2019,14,12.5
Los Ríos,2019,15,11.87
Los Ríos,2019,16,10.61
Los Ríos,2019,17,11.26
Los Ríos,2019,18,11.84
Los Ríos,2019,19,10.73
Los Ríos,2019,20,9.6
Los Ríos,2019,21,7.51
Los Ríos,2019,22,10.14
Los Ríos,2019,23,10.84
Los Ríos,2019,24,6.31
Los Ríos,2019,25,9.06
Los Ríos,2019,26,6.83
Los Ríos,2019,27,7.29
Los Ríos,2019,28,9.49
Los Ríos,2019,29,8.11
Los Ríos,2019,30,5.94
Los Ríos,2019,31,7.74
Los Ríos,2019,32,6.6
Los Ríos,2019,33,8.06
Los Ríos,2019,34,8.79
Los Ríos,2019,35,8.14
Los Ríos,2019,36,7.37
Los Ríos,2019,37,8.1
Los Ríos,2019,38,7.64
Los Ríos,2019,39,12.1
Los Ríos,2019,40,8.07
Los Ríos,2019,41,10.09
Los Ríos,2019,42,11.21
Los Ríos,2019,43,10.36
Los Ríos,2019,44,10.14
Los Ríos,2019,45,12.66
Los Ríos,2019,46,13.51
Los Ríos,2019,47,13.83
Los Ríos,2019,48,12.16
Los Ríos,2019,49,14.97
Los Ríos,2019,50,13.83
Los Ríos,2019,51,14.66
Los Ríos,2019,52,15.06
Los Ríos,2020,1,17.94
Los Ríos,2020,2,14.74
Los Ríos,2020,3,16.41
Los Ríos,2020,4,19.2
Los Ríos,2020,5,16.63
Los Ríos,2020,6,15.61
Los Ríos,2020,7,16.3
Los Ríos,2020,8,16.76
Los Ríos,2020,9,17.16
Los Ríos,2020,10,17.03
Los Ríos,2020,11,15.34
Los Ríos,2020,12,15.01
Los Ríos,2020,13,15.16
Los Ríos,2020,14,12.96
Los Ríos,2020,15,11.71
Los Ríos,2020,16,12.73
Los Ríos,2020,17,11.99
Los Ríos,2020,18,11.84
Los Ríos,2020,19,11.8
Los Ríos,2020,20,11.26
Los Ríos,2020,21,9.8
Los Ríos,2020,22,8.01
Los Ríos,2020,23,7.8
Los Ríos,2020,24,8.57
Los Ríos,2020,25,9.19
Los Ríos,2020,26,7.19
Los Ríos,2020,27,7.69
Los Ríos,2020,28,6.54
Los Ríos,2020,29,7.9
Los Ríos,2020,30,7.33
Los Ríos,2020,31,6.94
Los Ríos,2020,32,7.49
Los Ríos,2020,33,6.87
Los Ríos,2020,34,6.57
Los Ríos,2020,35,7.07
Los Ríos,2020,36,7.9
Los Ríos,2020,37,8.71
Los Ríos,2020,38,8.81
Los Ríos,2020,39,9.63
Los Ríos,2020,40,7.8
Los Ríos,2020,41,9.84
Los Ríos,2020,42,11.39
Los Ríos,2020,43,10.04
Los Ríos,2020,44,11.64
Los Ríos,2020,45,12.37
Los Ríos,2020,46,13.1
Los Ríos,2020,47,13.5
Los Ríos,2020,48,12.06
Los Ríos,2020,49,14.19
Los Ríos,2020,50,12.86
Los Ríos,2020,51,13.64
Los Ríos,2020,52,16.41
Los Ríos,2020,53,16.3
Los Ríos,2021,1,15.69
Los Ríos,2021,2,14.44
Los Ríos,2021,3,21.23
Los Ríos,2021,4,15.49
Los Ríos,2021,5,19.83
Los Ríos,2021,6,19.73
Los Ríos,2021,7,14.04
Los Ríos,2021,8,16.71
Los Ríos,2021,9,19.21
Los Ríos,2021,10,15.33
Los Ríos,2021,11,14.51
Los Ríos,2021,12,13.91
Los Ríos,2021,13,14.86
Los Ríos,2021,14,12.73
Los Ríos,2021,15,13.69
Los Ríos,2021,16,11.64
Los Ríos,2021,17,12.57
Los Ríos,2021,18,9.16
Los Ríos,2021,19,9.19
Los Ríos,2021,20,9.53
Los Ríos,2021,21,10.94
Los Ríos,2021,22,10.26
Los Ríos,2021,23,10.13
Los Ríos,2021,24,5.3
Los Ríos,2021,25,7.39
Los Ríos,2021,26,6.53
Los Ríos,2021,27,8.27
Los Ríos,2021,28,6.24
Los Ríos,2021,29,8.04
Los Ríos,2021,30,5.81
Los Ríos,2021,31,8.13
Los Ríos,2021,32,6.57
Los Ríos,2021,33,8.56
Los Ríos,2021,34,7.66
Los Ríos,2021,35,9.33
Los Ríos,2021,36,8.61
Los Ríos,2021,37,8.23
Los Ríos,2021,38,9.61
Los Ríos,2021,39,8.3
Los Ríos,2021,40,9.87
Los Ríos,2021,41,9.87
Los Ríos,2021,42,11.79
Los Ríos,2021,43,12.7
Los Ríos,2021,44,11.96
Los Ríos,2021,45,12.46
Los Ríos,2021,46,13.3
Los Ríos,2021,47,14.13
Los Ríos,2021,48,14.61
Los Ríos,2021,49,16.03
Los Ríos,2021,50,15.39
Los Ríos,2021,51,18.51
Los Ríos,2021,52,15.71
Los Ríos,2022,1,16.69
Los Ríos,2022,2,16.0
Los Ríos,2022,3,13.73
Los Ríos,2022,4,16.61
Los Ríos,2022,5,17.39
Los Ríos,2022,6,17.27
Los Ríos,2022,7,15.96
Los Ríos,2022,8,15.9
Los Ríos,2022,9,14.26
Los Ríos,2022,10,14.3
Los Ríos,2022,11,13.51
Los Ríos,2022,12,12.07
Los Ríos,2022,13,10.71
Los Ríos,2022,14,11.56
Los Ríos,2022,15,10.79
Los Ríos,2022,16,11.04
Los Ríos,2022,17,8.19
Los Ríos,2022,18,10.84
Los Ríos,2022,19,8.69
Los Ríos,2022,20,9.51
Los Ríos,2022,21,5.23
Los Ríos,2022,22,5.2
Los Ríos,2022,23,7.31
Los Ríos,2022,24,7.14
Los Ríos,2022,25,5.43
Los Ríos,2022,26,7.44
Los Ríos,2022,27,7.07
Los Ríos,2022,28,5.16
Los Ríos,2022,29,7.34
Los Ríos,2022,30,7.47
Los Ríos,2022,31,5.74
Los Ríos,2022,32,7.3
Los Ríos,2022,33,7.69
Los Ríos,2022,34,6.93
Los Ríos,2022,35,7.96
Los Ríos,2022,36,7.67
Los Ríos,2022,37,8.2
Los Ríos,2022,38,7.73
Los Ríos,2022,39,10.73
Los Ríos,2022,40,9.64
Los Ríos,2022,41,9.93
Los Ríos,2022,42,11.54
Los Ríos,2022,43,10.93
Los Ríos,2022,44,12.86
Los Ríos,2022,45,13.5
Los Ríos,2022,46,13.46
Los Ríos,2022,47,16.0
Los Ríos,2022,48,14.5
Los Ríos,2022,49,15.36
Los Ríos,2022,50,15.6
Los Ríos,2022,51,15.81
Los Ríos,2022,52,16.04
Los Ríos,2023,1,16.06
Los Ríos,2023,2,15.1
Los Ríos,2023,3,17.09
Los Ríos,2023,4,16.4
Los Ríos,2023,5,19.97
Los Ríos,2023,6,18.2
Los Ríos,2023,7,15.11
Los Ríos,2023,8,16.09
Los Ríos,2023,9,16.73
Los Ríos,2023,10,15.11
Los Ríos,2023,11,12.94
Los Ríos,2023,12,12.8
Los Ríos,2023,13,11.5
Los Ríos,2023,14,12.44
Los Ríos,2023,15,13.11
Los Ríos,2023,16,11.59
Los Ríos,2023,17,11.5
Los Ríos,2023,18,9.51
Los Ríos,2023,19,11.24
Los Ríos,2023,20,9.61
Los Ríos,2023,21,7.54
Los Ríos,2023,22,9.1
Los Ríos,2023,23,7.97
Los Ríos,2023,24,5.56
Los Ríos,2023,25,9.77
Los Ríos,2023,26,8.83
Los Ríos,2023,27,7.69
Los Ríos,2023,28,5.07
Los Ríos,2023,29,7.04
Los Ríos,2023,30,9.17
Los Ríos,2023,31,7.16
Los Ríos,2023,32,7.81
Los Ríos,2023,33,9.16
Los Ríos,2023,34,6.23
Los Ríos,2023,35,7.34
Los Ríos,2023,36,8.89
Los Ríos,2023,37,8.71
Los Ríos,2023,38,7.76
Los Ríos,2023,39,8.93
Los Ríos,2023,40,9.0
Los Ríos,2023,41,9.64
Los Ríos,2023,42,11.96
Los Ríos,2023,43,10.5
Los Ríos,2023,44,9.96
Los Ríos,2023,45,10.49
Los Ríos,2023,46,9.17
Los Ríos,2023,47,12.8
Los Ríos,2023,48,11.56
Los Ríos,2023,49,13.93
Los Ríos,2023,50,12.49
Los Ríos,2023,51,14.94
Los Ríos,2023,52,17.6
Los Ríos,2024,1,17.33
Los Ríos,2024,2,15.41
Los Ríos,2024,3,17.4
Los Ríos,2024,4,19.77
Los Ríos,2024,5,18.46
Los Ríos,2024,6,16.76
Los Ríos,2024,7,17.03
Los Ríos,2024,8,16.73
Los Ríos,2024,9,15.53
Los Ríos,2024,10,14.6
Los Ríos,2024,11,12.99
Los Ríos,2024,12,13.11
Los Ríos,2024,13,13.94
Los Ríos,2024,14,12.09
Los Ríos,2024,15,12.06
Los Ríos,2024,16,11.4
Los Ríos,2024,17,9.67
Los Ríos,2024,18,7.04
Los Ríos,2024,19,7.6
Los Ríos,2024,20,5.67
Los Ríos,2024,21,6.41
Los Ríos,2024,22,7.53
Los Ríos,2024,23,10.64
Los Ríos,2024,24,10.19
Los Ríos,2024,25,7.26
Los Ríos,2024,26,6.53
Los Ríos,2024,27,5.2
Los Ríos,2024,28,5.43
Los Ríos,2024,29,5.86
Los Ríos,2024,30,6.47
Los Ríos,2024,31,7.83
Los Ríos,2024,32,6.44
Los Ríos,2024,33,6.91
Los Ríos,2024,34,5.57
Los Ríos,2024,35,7.99
Los Ríos,2024,36,7.74
Los Ríos,2024,37,7.27
Los Ríos,2024,38,8.8
Los Ríos,2024,39,7.83
Los Ríos,2024,40,9.1
Los Ríos,2024,41,10.87
Los Ríos,2024,42,11.59
Los Ríos,2024,43,12.16
Los Ríos,2024,44,12.4
Los Ríos,2024,45,11.69
Los Ríos,2024,46,12.33
Los Ríos,2024,47,13.47
Los Ríos,2024,48,12.2
Los Ríos,2024,49,12.49
Los Ríos,2024,50,14.27
Los Ríos,2024,51,14.77
Los Ríos,2024,52,18.47
Los Ríos,2025,1,17.26
Los Ríos,2025,2,17.64
Los Ríos,2025,3,16.11
Los Ríos,2025,4,16.43
Los Ríos,2025,5,16.67
Los Ríos,2025,6,16.84
Los Ríos,2025,7,15.53
Los Ríos,2025,8,16.03
Los Ríos,2025,9,15.56
Los Ríos,2025,10,14.56
Los Ríos,2025,11,14.29
Los Ríos,2025,12,14.51
Los Ríos,2025,13,13.86
Los Ríos,2025,14,12.03
Los Ríos,2025,15,11.94
Los Ríos,2025,16,10.66
Los Ríos,2025,17,11.69
Los Ríos,2025,18,9.9
Los Ríos,2025,19,10.96
Los Ríos,2025,20,10.46
Los Ríos,2025,21,7.94
Los Ríos,2025,22,6.53
Los Ríos,2025,23,7.84
Los Ríos,2025,24,7.09
Los Ríos,2025,25,7.59
Los Ríos,2025,26,4.61
Los Ríos,2025,27,4.73
Los Ríos,2025,28,7.34
Los Ríos,2025,29,7.29
Los Ríos,2025,30,5.61
Los Ríos,2025,31,9.56
Los Ríos,2025,32,8.07
Los Ríos,2025,33,9.93
Los Ríos,2025,34,8.04
Los Ríos,2025,35,10.23
Los Ríos,2025,36,8.46
Los Ríos,2025,37,9.54
Los Ríos,2025,38,10.11
Los Ríos,2025,39,10.26
Los Ríos,2025,40,9.71
Los Ríos,2025,41,10.7
Los Ríos,2025,42,11.1
Los Ríos,2025,43,10.67
Los Ríos,2025,44,12.27
Los Ríos,2025,45,13.27
Los Ríos,2025,46,13.17
Los Ríos,2025,47,14.66
Los Ríos,2025,48,16.34
Los Ríos,2025,49,16.43
Los Ríos,2025,50,16.09
Los Ríos,2025,51,15.17
Los Ríos,2025,52,15.06
Los Ríos,2026,1,18.87
Los Ríos,2026,2,18.73
Los Ríos,2026,3,16.04
Los Ríos,2026,4,17.17
Los Ríos,2026,5,19.76
Los Ríos,2026,6,15.66
Los Ríos,2026,7,14.59
Los Ríos,2026,8,16.89
Los Ríos,2026,9,15.24
Los Ríos,2026,10,13.87
Los Ríos,2026,11,14.3
Los Ríos,2026,12,11.43
Los Ríos,2026,13,11.2
Los Ríos,2026,14,12.99
Los Ríos,2026,15,12.36
Los Ríos,2026,16,11.23
Los Ríos,2026,17,9.34
Los Ríos,2026,18,8.81
Los Ríos,2026,19,9.46
Los Ríos,2026,20,8.74
Los Ríos,2026,21,8.94
Los Ríos,2026,22,10.6
Los Ríos,2026,23,9.9
Los Ríos,2026,24,7.57
Los Ríos,2026,25,5.43
Magallanes,2014,1,7.16
Magallanes,2014,2,9.14
Magallanes,2014,3,8.84
Magallanes,2014,4,7.67
Magallanes,2014,5,6.93
Magallanes,2014,6,7.97
Magallanes,2014,7,10.43
Magallanes,2014,8,9.1
Magallanes,2014,9,11.0
Magallanes,2014,10,8.34
Magallanes,2014,11,5.81
Magallanes,2014,12,6.79
Magallanes,2014,13,7.8
Magallanes,2014,14,7.84
Magallanes,2014,15,7.36
Magallanes,2014,16,5.39
Magallanes,2014,17,6.71
Magallanes,2014,18,5.09
Magallanes,2014,19,5.2
Magallanes,2014,20,2.9
Magallanes,2014,21,4.03
Magallanes,2014,22,4.64
Magallanes,2014,23,0.33
Magallanes,2014,24,1.16
Magallanes,2014,25,3.14
Magallanes,2014,26,4.5
Magallanes,2014,27,3.23
Magallanes,2014,28,2.7
Magallanes,2014,29,2.37
Magallanes,2014,30,-0.03
Magallanes,2014,31,1.31
Magallanes,2014,32,3.16
Magallanes,2014,33,3.33
Magallanes,2014,34,2.06
Magallanes,2014,35,4.99
Magallanes,2014,36,5.67
Magallanes,2014,37,4.14
Magallanes,2014,38,3.71
Magallanes,2014,39,3.4
Magallanes,2014,40,5.3
Magallanes,2014,41,4.31
Magallanes,2014,42,5.56
Magallanes,2014,43,7.0
Magallanes,2014,44,4.5
Magallanes,2014,45,6.26
Magallanes,2014,46,6.1
Magallanes,2014,47,6.7
Magallanes,2014,48,7.5
Magallanes,2014,49,8.81
Magallanes,2014,50,7.99
Magallanes,2014,51,7.21
Magallanes,2014,52,7.91
Magallanes,2015,1,9.7
Magallanes,2015,2,7.37
Magallanes,2015,3,7.79
Magallanes,2015,4,11.71
Magallanes,2015,5,10.96
Magallanes,2015,6,10.51
Magallanes,2015,7,8.99
Magallanes,2015,8,8.46
Magallanes,2015,9,9.6
Magallanes,2015,10,9.31
Magallanes,2015,11,8.91
Magallanes,2015,12,7.43
Magallanes,2015,13,9.97
Magallanes,2015,14,5.31
Magallanes,2015,15,8.53
Magallanes,2015,16,5.7
Magallanes,2015,17,6.11
Magallanes,2015,18,5.64
Magallanes,2015,19,4.51
Magallanes,2015,20,5.27
Magallanes,2015,21,4.01
Magallanes,2015,22,3.5
Magallanes,2015,23,2.54
Magallanes,2015,24,1.99
Magallanes,2015,25,1.69
Magallanes,2015,26,3.56
Magallanes,2015,27,1.86
Magallanes,2015,28,-0.11
Magallanes,2015,29,1.1
Magallanes,2015,30,2.76
Magallanes,2015,31,1.07
Magallanes,2015,32,1.97
Magallanes,2015,33,3.1
Magallanes,2015,34,0.09
Magallanes,2015,35,3.7
Magallanes,2015,36,4.59
Magallanes,2015,37,1.77
Magallanes,2015,38,1.24
Magallanes,2015,39,4.01
Magallanes,2015,40,5.93
Magallanes,2015,41,5.5
Magallanes,2015,42,5.33
Magallanes,2015,43,5.01
Magallanes,2015,44,6.54
Magallanes,2015,45,7.51
Magallanes,2015,46,6.56
Magallanes,2015,47,5.57
Magallanes,2015,48,7.96
Magallanes,2015,49,9.74
Magallanes,2015,50,5.7
Magallanes,2015,51,8.57
Magallanes,2015,52,7.16
Magallanes,2015,53,10.91
Magallanes,2016,1,8.93
Magallanes,2016,2,9.14
Magallanes,2016,3,10.89
Magallanes,2016,4,11.7
Magallanes,2016,5,12.04
Magallanes,2016,6,9.0
Magallanes,2016,7,9.07
Magallanes,2016,8,8.36
Magallanes,2016,9,11.16
Magallanes,2016,10,8.76
Magallanes,2016,11,9.17
Magallanes,2016,12,10.06
Magallanes,2016,13,8.3
Magallanes,2016,14,7.03
Magallanes,2016,15,5.61
Magallanes,2016,16,4.39
Magallanes,2016,17,4.34
Magallanes,2016,18,4.66
Magallanes,2016,19,4.04
Magallanes,2016,20,5.47
Magallanes,2016,21,2.69
Magallanes,2016,22,3.2
Magallanes,2016,23,4.66
Magallanes,2016,24,5.79
Magallanes,2016,25,6.34
Magallanes,2016,26,4.07
Magallanes,2016,27,3.64
Magallanes,2016,28,1.21
Magallanes,2016,29,2.77
Magallanes,2016,30,2.16
Magallanes,2016,31,2.94
Magallanes,2016,32,1.97
Magallanes,2016,33,-0.07
Magallanes,2016,34,3.8
Magallanes,2016,35,4.71
Magallanes,2016,36,5.23
Magallanes,2016,37,5.29
Magallanes,2016,38,6.64
Magallanes,2016,39,6.53
Magallanes,2016,40,6.81
Magallanes,2016,41,4.66
Magallanes,2016,42,7.56
Magallanes,2016,43,8.74
Magallanes,2016,44,6.11
Magallanes,2016,45,6.53
Magallanes,2016,46,6.86
Magallanes,2016,47,11.1
Magallanes,2016,48,9.7
Magallanes,2016,49,8.64
Magallanes,2016,50,8.7
Magallanes,2016,51,8.17
Magallanes,2016,52,9.9
Magallanes,2017,1,8.61
Magallanes,2017,2,9.03
Magallanes,2017,3,9.9
Magallanes,2017,4,11.03
Magallanes,2017,5,9.4
Magallanes,2017,6,11.66
Magallanes,2017,7,10.31
Magallanes,2017,8,10.26
Magallanes,2017,9,9.27
Magallanes,2017,10,8.37
Magallanes,2017,11,9.51
Magallanes,2017,12,9.91
Magallanes,2017,13,9.01
Magallanes,2017,14,6.43
Magallanes,2017,15,7.96
Magallanes,2017,16,6.6
Magallanes,2017,17,6.21
Magallanes,2017,18,4.94
Magallanes,2017,19,6.14
Magallanes,2017,20,5.37
Magallanes,2017,21,4.1
Magallanes,2017,22,2.81
Magallanes,2017,23,4.16
Magallanes,2017,24,0.16
Magallanes,2017,25,-0.09
Magallanes,2017,26,3.5
Magallanes,2017,27,4.14
Magallanes,2017,28,2.5
Magallanes,2017,29,4.3
Magallanes,2017,30,3.71
Magallanes,2017,31,3.66
Magallanes,2017,32,4.54
Magallanes,2017,33,2.21
Magallanes,2017,34,3.16
Magallanes,2017,35,4.59
Magallanes,2017,36,3.97
Magallanes,2017,37,4.16
Magallanes,2017,38,5.06
Magallanes,2017,39,5.47
Magallanes,2017,40,5.57
Magallanes,2017,41,6.01
Magallanes,2017,42,5.63
Magallanes,2017,43,6.2
Magallanes,2017,44,7.36
Magallanes,2017,45,8.99
Magallanes,2017,46,6.46
Magallanes,2017,47,7.39
Magallanes,2017,48,9.41
Magallanes,2017,49,8.5
Magallanes,2017,50,7.69
Magallanes,2017,51,8.27
Magallanes,2017,52,8.26
Magallanes,2018,1,9.31
Magallanes,2018,2,12.29
Magallanes,2018,3,10.49
Magallanes,2018,4,10.37
Magallanes,2018,5,12.0
Magallanes,2018,6,8.49
Magallanes,2018,7,10.2
Magallanes,2018,8,11.37
Magallanes,2018,9,9.81
Magallanes,2018,10,8.7
Magallanes,2018,11,6.96
Magallanes,2018,12,7.27
Magallanes,2018,13,7.51
Magallanes,2018,14,5.17
Magallanes,2018,15,7.17
Magallanes,2018,16,5.36
Magallanes,2018,17,4.16
Magallanes,2018,18,5.3
Magallanes,2018,19,6.0
Magallanes,2018,20,2.5
Magallanes,2018,21,4.37
Magallanes,2018,22,3.44
Magallanes,2018,23,2.54
Magallanes,2018,24,2.54
Magallanes,2018,25,1.39
Magallanes,2018,26,0.9
Magallanes,2018,27,0.91
Magallanes,2018,28,2.14
Magallanes,2018,29,-0.26
Magallanes,2018,30,3.51
Magallanes,2018,31,2.64
Magallanes,2018,32,3.01
Magallanes,2018,33,4.47
Magallanes,2018,34,4.97
Magallanes,2018,35,2.94
Magallanes,2018,36,4.41
Magallanes,2018,37,4.44
Magallanes,2018,38,2.33
Magallanes,2018,39,3.4
Magallanes,2018,40,4.74
Magallanes,2018,41,4.87
Magallanes,2018,42,5.37
Magallanes,2018,43,6.83
Magallanes,2018,44,7.74
Magallanes,2018,45,6.33
Magallanes,2018,46,7.89
Magallanes,2018,47,7.44
Magallanes,2018,48,9.69
Magallanes,2018,49,9.49
Magallanes,2018,50,9.41
Magallanes,2018,51,10.47
Magallanes,2018,52,8.97
Magallanes,2019,1,8.0
Magallanes,2019,2,8.49
Magallanes,2019,3,10.46
Magallanes,2019,4,9.29
Magallanes,2019,5,10.06
Magallanes,2019,6,10.99
Magallanes,2019,7,10.36
Magallanes,2019,8,6.49
Magallanes,2019,9,9.91
Magallanes,2019,10,8.3
Magallanes,2019,11,9.73
Magallanes,2019,12,9.61
Magallanes,2019,13,9.61
Magallanes,2019,14,7.31
Magallanes,2019,15,6.14
Magallanes,2019,16,6.61
Magallanes,2019,17,7.1
Magallanes,2019,18,3.71
Magallanes,2019,19,6.41
Magallanes,2019,20,6.13
Magallanes,2019,21,6.19
Magallanes,2019,22,3.27
Magallanes,2019,23,4.3
Magallanes,2019,24,2.54
Magallanes,2019,25,4.4
Magallanes,2019,26,0.7
Magallanes,2019,27,2.84
Magallanes,2019,28,4.24
Magallanes,2019,29,2.19
Magallanes,2019,30,3.83
Magallanes,2019,31,3.54
Magallanes,2019,32,1.84
Magallanes,2019,33,1.41
Magallanes,2019,34,3.9
Magallanes,2019,35,3.37
Magallanes,2019,36,3.09
Magallanes,2019,37,3.67
Magallanes,2019,38,4.43
Magallanes,2019,39,7.24
Magallanes,2019,40,4.6
Magallanes,2019,41,3.3
Magallanes,2019,42,7.21
Magallanes,2019,43,7.94
Magallanes,2019,44,6.5
Magallanes,2019,45,4.77
Magallanes,2019,46,9.56
Magallanes,2019,47,8.76
Magallanes,2019,48,7.64
Magallanes,2019,49,9.73
Magallanes,2019,50,9.27
Magallanes,2019,51,10.16
Magallanes,2019,52,9.7
Magallanes,2020,1,11.23
Magallanes,2020,2,10.39
Magallanes,2020,3,10.24
Magallanes,2020,4,10.03
Magallanes,2020,5,9.94
Magallanes,2020,6,11.34
Magallanes,2020,7,10.3
Magallanes,2020,8,10.61
Magallanes,2020,9,11.1
Magallanes,2020,10,11.34
Magallanes,2020,11,10.09
Magallanes,2020,12,8.57
Magallanes,2020,13,8.6
Magallanes,2020,14,8.33
Magallanes,2020,15,9.87
Magallanes,2020,16,8.56
Magallanes,2020,17,5.93
Magallanes,2020,18,5.64
Magallanes,2020,19,5.93
Magallanes,2020,20,4.79
Magallanes,2020,21,5.59
Magallanes,2020,22,5.44
Magallanes,2020,23,5.06
Magallanes,2020,24,1.44
Magallanes,2020,25,2.51
Magallanes,2020,26,1.76
Magallanes,2020,27,-0.16
Magallanes,2020,28,0.09
Magallanes,2020,29,0.53
Magallanes,2020,30,0.29
Magallanes,2020,31,2.93
Magallanes,2020,32,3.63
Magallanes,2020,33,0.71
Magallanes,2020,34,3.2
Magallanes,2020,35,1.37
Magallanes,2020,36,3.77
Magallanes,2020,37,4.83
Magallanes,2020,38,3.76
Magallanes,2020,39,6.03
Magallanes,2020,40,2.57
Magallanes,2020,41,6.06
Magallanes,2020,42,6.17
Magallanes,2020,43,6.29
Magallanes,2020,44,8.23
Magallanes,2020,45,9.16
Magallanes,2020,46,8.29
Magallanes,2020,47,10.41
Magallanes,2020,48,6.96
Magallanes,2020,49,8.56
Magallanes,2020,50,9.91
Magallanes,2020,51,8.3
Magallanes,2020,52,9.76
Magallanes,2020,53,10.67
Magallanes,2021,1,9.86
Magallanes,2021,2,10.34
Magallanes,2021,3,11.14
Magallanes,2021,4,7.89
Magallanes,2021,5,11.76
Magallanes,2021,6,12.99
Magallanes,2021,7,10.47
Magallanes,2021,8,11.36
Magallanes,2021,9,10.19
Magallanes,2021,10,9.41
Magallanes,2021,11,8.56
Magallanes,2021,12,9.03
Magallanes,2021,13,7.4
Magallanes,2021,14,8.04
Magallanes,2021,15,8.1
Magallanes,2021,16,7.59
Magallanes,2021,17,5.67
Magallanes,2021,18,6.14
Magallanes,2021,19,7.24
Magallanes,2021,20,6.09
Magallanes,2021,21,1.33
Magallanes,2021,22,1.23
Magallanes,2021,23,4.14
Magallanes,2021,24,3.39
Magallanes,2021,25,3.61
Magallanes,2021,26,4.33
Magallanes,2021,27,3.09
Magallanes,2021,28,2.43
Magallanes,2021,29,3.1
Magallanes,2021,30,5.17
Magallanes,2021,31,4.29
Magallanes,2021,32,5.39
Magallanes,2021,33,2.8
Magallanes,2021,34,2.61
Magallanes,2021,35,4.87
Magallanes,2021,36,6.37
Magallanes,2021,37,3.51
Magallanes,2021,38,6.49
Magallanes,2021,39,5.17
Magallanes,2021,40,5.93
Magallanes,2021,41,6.43
Magallanes,2021,42,6.59
Magallanes,2021,43,7.29
Magallanes,2021,44,8.7
Magallanes,2021,45,9.14
Magallanes,2021,46,6.51
Magallanes,2021,47,7.5
Magallanes,2021,48,9.03
Magallanes,2021,49,9.97
Magallanes,2021,50,10.04
Magallanes,2021,51,11.93
Magallanes,2021,52,9.06
Magallanes,2022,1,9.44
Magallanes,2022,2,8.49
Magallanes,2022,3,11.76
Magallanes,2022,4,10.84
Magallanes,2022,5,9.19
Magallanes,2022,6,10.46
Magallanes,2022,7,8.71
Magallanes,2022,8,11.44
Magallanes,2022,9,7.93
Magallanes,2022,10,9.17
Magallanes,2022,11,7.8
Magallanes,2022,12,8.91
Magallanes,2022,13,6.9
Magallanes,2022,14,4.94
Magallanes,2022,15,8.37
Magallanes,2022,16,6.4
Magallanes,2022,17,3.94
Magallanes,2022,18,5.97
Magallanes,2022,19,6.31
Magallanes,2022,20,4.76
Magallanes,2022,21,3.81
Magallanes,2022,22,4.01
Magallanes,2022,23,4.6
Magallanes,2022,24,3.34
Magallanes,2022,25,3.57
Magallanes,2022,26,1.97
Magallanes,2022,27,-0.43
Magallanes,2022,28,-0.39
Magallanes,2022,29,1.63
Magallanes,2022,30,3.59
Magallanes,2022,31,3.8
Magallanes,2022,32,2.16
Magallanes,2022,33,2.83
Magallanes,2022,34,3.6
Magallanes,2022,35,5.31
Magallanes,2022,36,4.19
Magallanes,2022,37,3.83
Magallanes,2022,38,5.54
Magallanes,2022,39,6.3
Magallanes,2022,40,6.14
Magallanes,2022,41,6.46
Magallanes,2022,42,6.93
Magallanes,2022,43,5.69
Magallanes,2022,44,10.47
Magallanes,2022,45,9.3
Magallanes,2022,46,9.7
Magallanes,2022,47,8.84
Magallanes,2022,48,8.24
Magallanes,2022,49,7.29
Magallanes,2022,50,10.14
Magallanes,2022,51,12.03
Magallanes,2022,52,8.19
Magallanes,2023,1,11.39
Magallanes,2023,2,10.84
Magallanes,2023,3,12.81
Magallanes,2023,4,10.84
Magallanes,2023,5,11.86
Magallanes,2023,6,11.03
Magallanes,2023,7,7.66
Magallanes,2023,8,9.4
Magallanes,2023,9,7.24
Magallanes,2023,10,7.9
Magallanes,2023,11,6.61
Magallanes,2023,12,7.66
Magallanes,2023,13,5.31
Magallanes,2023,14,6.63
Magallanes,2023,15,4.63
Magallanes,2023,16,6.5
Magallanes,2023,17,4.89
Magallanes,2023,18,7.19
Magallanes,2023,19,5.09
Magallanes,2023,20,4.39
Magallanes,2023,21,3.11
Magallanes,2023,22,5.91
Magallanes,2023,23,2.6
Magallanes,2023,24,4.04
Magallanes,2023,25,2.29
Magallanes,2023,26,1.36
Magallanes,2023,27,0.49
Magallanes,2023,28,0.14
Magallanes,2023,29,0.54
Magallanes,2023,30,-0.4
Magallanes,2023,31,1.46
Magallanes,2023,32,1.97
Magallanes,2023,33,1.13
Magallanes,2023,34,2.29
Magallanes,2023,35,2.66
Magallanes,2023,36,3.01
Magallanes,2023,37,2.9
Magallanes,2023,38,3.46
Magallanes,2023,39,5.26
Magallanes,2023,40,4.74
Magallanes,2023,41,5.46
Magallanes,2023,42,7.59
Magallanes,2023,43,5.7
Magallanes,2023,44,6.19
Magallanes,2023,45,7.27
Magallanes,2023,46,5.09
Magallanes,2023,47,7.5
Magallanes,2023,48,6.89
Magallanes,2023,49,8.79
Magallanes,2023,50,8.21
Magallanes,2023,51,10.31
Magallanes,2023,52,9.36
Magallanes,2024,1,11.53
Magallanes,2024,2,8.43
Magallanes,2024,3,10.64
Magallanes,2024,4,12.39
Magallanes,2024,5,10.59
Magallanes,2024,6,11.4
Magallanes,2024,7,11.1
Magallanes,2024,8,10.09
Magallanes,2024,9,10.56
Magallanes,2024,10,9.81
Magallanes,2024,11,6.67
Magallanes,2024,12,6.84
Magallanes,2024,13,8.29
Magallanes,2024,14,6.33
Magallanes,2024,15,6.67
Magallanes,2024,16,7.76
Magallanes,2024,17,5.03
Magallanes,2024,18,2.77
Magallanes,2024,19,2.26
Magallanes,2024,20,5.41
Magallanes,2024,21,2.96
Magallanes,2024,22,1.97
Magallanes,2024,23,2.11
Magallanes,2024,24,0.87
Magallanes,2024,25,-3.93
Magallanes,2024,26,-0.24
Magallanes,2024,27,0.04
Magallanes,2024,28,3.87
Magallanes,2024,29,5.11
Magallanes,2024,30,2.83
Magallanes,2024,31,2.27
Magallanes,2024,32,1.49
Magallanes,2024,33,2.61
Magallanes,2024,34,4.49
Magallanes,2024,35,5.64
Magallanes,2024,36,5.27
Magallanes,2024,37,3.9
Magallanes,2024,38,2.69
Magallanes,2024,39,2.09
Magallanes,2024,40,3.9
Magallanes,2024,41,7.37
Magallanes,2024,42,8.21
Magallanes,2024,43,6.94
Magallanes,2024,44,8.9
Magallanes,2024,45,6.84
Magallanes,2024,46,7.99
Magallanes,2024,47,10.11
Magallanes,2024,48,8.5
Magallanes,2024,49,7.57
Magallanes,2024,50,10.4
Magallanes,2024,51,9.47
Magallanes,2024,52,12.4
Magallanes,2025,1,12.41
Magallanes,2025,2,11.54
Magallanes,2025,3,9.61
Magallanes,2025,4,11.94
Magallanes,2025,5,11.27
Magallanes,2025,6,9.41
Magallanes,2025,7,9.16
Magallanes,2025,8,10.73
Magallanes,2025,9,8.61
Magallanes,2025,10,8.14
Magallanes,2025,11,9.64
Magallanes,2025,12,8.71
Magallanes,2025,13,8.89
Magallanes,2025,14,6.27
Magallanes,2025,15,7.84
Magallanes,2025,16,7.11
Magallanes,2025,17,6.51
Magallanes,2025,18,6.7
Magallanes,2025,19,4.66
Magallanes,2025,20,3.86
Magallanes,2025,21,2.36
Magallanes,2025,22,3.03
Magallanes,2025,23,5.26
Magallanes,2025,24,4.46
Magallanes,2025,25,3.17
Magallanes,2025,26,1.01
Magallanes,2025,27,3.0
Magallanes,2025,28,3.6
Magallanes,2025,29,3.46
Magallanes,2025,30,2.33
Magallanes,2025,31,1.81
Magallanes,2025,32,3.77
Magallanes,2025,33,3.16
Magallanes,2025,34,3.6
Magallanes,2025,35,4.8
Magallanes,2025,36,4.64
Magallanes,2025,37,6.61
Magallanes,2025,38,5.0
Magallanes,2025,39,5.59
Magallanes,2025,40,4.56
Magallanes,2025,41,5.9
Magallanes,2025,42,7.31
Magallanes,2025,43,6.19
Magallanes,2025,44,8.39
Magallanes,2025,45,8.44
Magallanes,2025,46,8.43
Magallanes,2025,47,8.09
Magallanes,2025,48,9.23
Magallanes,2025,49,9.5
Magallanes,2025,50,8.47
Magallanes,2025,51,8.34
Magallanes,2025,52,8.34
Magallanes,2026,1,10.83
Magallanes,2026,2,10.44
Magallanes,2026,3,10.31
Magallanes,2026,4,11.56
Magallanes,2026,5,13.01
Magallanes,2026,6,11.01
Magallanes,2026,7,9.01
Magallanes,2026,8,11.71
Magallanes,2026,9,10.86
Magallanes,2026,10,9.24
Magallanes,2026,11,10.83
Magallanes,2026,12,7.74
Magallanes,2026,13,7.06
Magallanes,2026,14,7.14
Magallanes,2026,15,8.06
Magallanes,2026,16,7.07
Magallanes,2026,17,5.34
Magallanes,2026,18,4.8
Magallanes,2026,19,4.41
Magallanes,2026,20,6.06
Magallanes,2026,21,6.93
Magallanes,2026,22,4.66
Magallanes,2026,23,4.69
Magallanes,2026,24,3.94
Magallanes,2026,25,4.27
Maule,2014,1,20.7
Maule,2014,2,22.69
Maule,2014,3,24.16
Maule,2014,4,20.24
Maule,2014,5,22.16
Maule,2014,6,19.94
Maule,2014,7,21.94
Maule,2014,8,22.3
Maule,2014,9,20.7
Maule,2014,10,19.86
Maule,2014,11,19.13
Maule,2014,12,19.3
Maule,2014,13,16.94
Maule,2014,14,13.87
Maule,2014,15,13.0
Maule,2014,16,13.76
Maule,2014,17,14.26
Maule,2014,18,12.89
Maule,2014,19,13.9
Maule,2014,20,11.84
Maule,2014,21,9.41
Maule,2014,22,9.61
Maule,2014,23,8.39
Maule,2014,24,9.4
Maule,2014,25,10.66
Maule,2014,26,7.34
Maule,2014,27,6.33
Maule,2014,28,8.34
Maule,2014,29,10.4
Maule,2014,30,7.76
Maule,2014,31,12.14
Maule,2014,32,8.99
Maule,2014,33,10.4
Maule,2014,34,11.11
Maule,2014,35,10.27
Maule,2014,36,11.94
Maule,2014,37,10.5
Maule,2014,38,12.91
Maule,2014,39,11.41
Maule,2014,40,13.54
Maule,2014,41,12.74
Maule,2014,42,14.57
Maule,2014,43,19.77
Maule,2014,44,14.31
Maule,2014,45,16.0
Maule,2014,46,19.23
Maule,2014,47,18.36
Maule,2014,48,17.69
Maule,2014,49,20.61
Maule,2014,50,21.24
Maule,2014,51,18.6
Maule,2014,52,21.04
Maule,2015,1,21.01
Maule,2015,2,23.76
Maule,2015,3,23.76
Maule,2015,4,22.89
Maule,2015,5,23.27
Maule,2015,6,24.06
Maule,2015,7,23.11
Maule,2015,8,20.66
Maule,2015,9,21.11
Maule,2015,10,21.11
Maule,2015,11,21.91
Maule,2015,12,21.81
Maule,2015,13,19.36
Maule,2015,14,17.6
Maule,2015,15,18.54
Maule,2015,16,15.67
Maule,2015,17,14.64
Maule,2015,18,13.59
Maule,2015,19,12.4
Maule,2015,20,13.01
Maule,2015,21,11.67
Maule,2015,22,9.69
Maule,2015,23,12.77
Maule,2015,24,7.94
Maule,2015,25,8.06
Maule,2015,26,9.14
Maule,2015,27,7.69
Maule,2015,28,9.73
Maule,2015,29,8.17
Maule,2015,30,8.46
Maule,2015,31,10.46
Maule,2015,32,11.46
Maule,2015,33,7.89
Maule,2015,34,10.63
Maule,2015,35,12.31
Maule,2015,36,12.99
Maule,2015,37,9.44
Maule,2015,38,10.71
Maule,2015,39,11.03
Maule,2015,40,13.23
Maule,2015,41,11.41
Maule,2015,42,12.3
Maule,2015,43,13.23
Maule,2015,44,14.71
Maule,2015,45,16.86
Maule,2015,46,17.16
Maule,2015,47,15.07
Maule,2015,48,17.24
Maule,2015,49,20.83
Maule,2015,50,20.37
Maule,2015,51,19.31
Maule,2015,52,20.27
Maule,2015,53,23.36
Maule,2016,1,22.84
Maule,2016,2,21.93
Maule,2016,3,23.79
Maule,2016,4,22.39
Maule,2016,5,23.94
Maule,2016,6,21.9
Maule,2016,7,21.84
Maule,2016,8,22.07
Maule,2016,9,22.7
Maule,2016,10,21.33
Maule,2016,11,19.91
Maule,2016,12,19.46
Maule,2016,13,17.6
Maule,2016,14,15.51
Maule,2016,15,15.13
Maule,2016,16,13.17
Maule,2016,17,12.56
Maule,2016,18,13.76
Maule,2016,19,13.54
Maule,2016,20,12.64
Maule,2016,21,12.0
Maule,2016,22,9.77
Maule,2016,23,8.36
Maule,2016,24,8.51
Maule,2016,25,7.61
Maule,2016,26,8.03
Maule,2016,27,8.23
Maule,2016,28,8.71
Maule,2016,29,10.43
Maule,2016,30,9.9
Maule,2016,31,9.8
Maule,2016,32,11.29
Maule,2016,33,10.49
Maule,2016,34,10.86
Maule,2016,35,9.69
Maule,2016,36,13.13
Maule,2016,37,12.11
Maule,2016,38,15.5
Maule,2016,39,15.51
Maule,2016,40,14.94
Maule,2016,41,14.56
Maule,2016,42,13.34
Maule,2016,43,17.51
Maule,2016,44,17.46
Maule,2016,45,19.1
Maule,2016,46,19.1
Maule,2016,47,18.66
Maule,2016,48,21.54
Maule,2016,49,20.27
Maule,2016,50,21.61
Maule,2016,51,19.66
Maule,2016,52,20.31
Maule,2017,1,21.74
Maule,2017,2,23.59
Maule,2017,3,25.47
Maule,2017,4,25.69
Maule,2017,5,21.6
Maule,2017,6,22.43
Maule,2017,7,20.99
Maule,2017,8,25.99
Maule,2017,9,21.5
Maule,2017,10,18.94
Maule,2017,11,20.27
Maule,2017,12,19.74
Maule,2017,13,17.74
Maule,2017,14,16.04
Maule,2017,15,16.27
Maule,2017,16,15.11
Maule,2017,17,13.56
Maule,2017,18,13.23
Maule,2017,19,14.31
Maule,2017,20,9.74
Maule,2017,21,7.87
Maule,2017,22,7.77
Maule,2017,23,7.66
Maule,2017,24,8.01
Maule,2017,25,9.64
Maule,2017,26,11.0
Maule,2017,27,9.31
Maule,2017,28,6.77
Maule,2017,29,8.56
Maule,2017,30,6.73
Maule,2017,31,7.33
Maule,2017,32,9.43
Maule,2017,33,8.83
Maule,2017,34,9.61
Maule,2017,35,8.8
Maule,2017,36,8.84
Maule,2017,37,10.81
Maule,2017,38,12.37
Maule,2017,39,11.97
Maule,2017,40,11.8
Maule,2017,41,12.6
Maule,2017,42,13.26
Maule,2017,43,14.6
Maule,2017,44,13.3
Maule,2017,45,18.26
Maule,2017,46,17.59
Maule,2017,47,19.63
Maule,2017,48,19.06
Maule,2017,49,21.31
Maule,2017,50,20.47
Maule,2017,51,21.46
Maule,2017,52,22.93
Maule,2018,1,21.89
Maule,2018,2,22.97
Maule,2018,3,21.69
Maule,2018,4,22.04
Maule,2018,5,22.79
Maule,2018,6,21.24
Maule,2018,7,22.94
Maule,2018,8,21.66
Maule,2018,9,21.57
Maule,2018,10,19.43
Maule,2018,11,16.66
Maule,2018,12,17.07
Maule,2018,13,18.87
Maule,2018,14,15.8
Maule,2018,15,13.69
Maule,2018,16,14.31
Maule,2018,17,12.3
Maule,2018,18,13.41
Maule,2018,19,12.36
Maule,2018,20,11.03
Maule,2018,21,8.94
Maule,2018,22,7.84
Maule,2018,23,7.46
Maule,2018,24,6.81
Maule,2018,25,8.3
Maule,2018,26,9.8
Maule,2018,27,11.23
Maule,2018,28,8.99
Maule,2018,29,5.36
Maule,2018,30,5.84
Maule,2018,31,6.61
Maule,2018,32,8.84
Maule,2018,33,9.2
Maule,2018,34,8.6
Maule,2018,35,9.9
Maule,2018,36,11.5
Maule,2018,37,11.41
Maule,2018,38,12.11
Maule,2018,39,12.01
Maule,2018,40,11.21
Maule,2018,41,11.69
Maule,2018,42,13.23
Maule,2018,43,15.44
Maule,2018,44,14.29
Maule,2018,45,16.74
Maule,2018,46,16.54
Maule,2018,47,19.47
Maule,2018,48,20.37
Maule,2018,49,20.24
Maule,2018,50,19.66
Maule,2018,51,22.81
Maule,2018,52,21.87
Maule,2019,1,21.1
Maule,2019,2,19.4
Maule,2019,3,22.5
Maule,2019,4,23.94
Maule,2019,5,24.09
Maule,2019,6,23.67
Maule,2019,7,21.77
Maule,2019,8,21.97
Maule,2019,9,20.33
Maule,2019,10,19.07
Maule,2019,11,20.1
Maule,2019,12,17.8
Maule,2019,13,17.13
Maule,2019,14,16.77
Maule,2019,15,14.96
Maule,2019,16,14.6
Maule,2019,17,13.36
Maule,2019,18,13.94
Maule,2019,19,11.07
Maule,2019,20,11.01
Maule,2019,21,8.71
Maule,2019,22,11.76
Maule,2019,23,10.09
Maule,2019,24,8.74
Maule,2019,25,8.39
Maule,2019,26,8.3
Maule,2019,27,7.71
Maule,2019,28,9.3
Maule,2019,29,8.33
Maule,2019,30,7.04
Maule,2019,31,10.01
Maule,2019,32,7.03
Maule,2019,33,9.53
Maule,2019,34,11.17
Maule,2019,35,11.03
Maule,2019,36,9.77
Maule,2019,37,10.96
Maule,2019,38,10.01
Maule,2019,39,12.9
Maule,2019,40,9.79
Maule,2019,41,15.19
Maule,2019,42,13.93
Maule,2019,43,15.83
Maule,2019,44,14.79
Maule,2019,45,19.36
Maule,2019,46,21.34
Maule,2019,47,20.86
Maule,2019,48,18.4
Maule,2019,49,21.34
Maule,2019,50,21.24
Maule,2019,51,22.41
Maule,2019,52,23.16
Maule,2020,1,23.56
Maule,2020,2,21.49
Maule,2020,3,23.47
Maule,2020,4,25.07
Maule,2020,5,25.03
Maule,2020,6,21.84
Maule,2020,7,23.41
Maule,2020,8,21.67
Maule,2020,9,22.37
Maule,2020,10,23.43
Maule,2020,11,22.59
Maule,2020,12,19.76
Maule,2020,13,18.91
Maule,2020,14,18.56
Maule,2020,15,16.21
Maule,2020,16,17.26
Maule,2020,17,16.66
Maule,2020,18,13.13
Maule,2020,19,13.94
Maule,2020,20,13.61
Maule,2020,21,11.4
Maule,2020,22,10.77
Maule,2020,23,8.9
Maule,2020,24,8.2
Maule,2020,25,11.33
Maule,2020,26,8.79
Maule,2020,27,10.11
Maule,2020,28,8.51
Maule,2020,29,10.57
Maule,2020,30,8.27
Maule,2020,31,7.8
Maule,2020,32,10.0
Maule,2020,33,7.7
Maule,2020,34,8.84
Maule,2020,35,9.31
Maule,2020,36,9.69
Maule,2020,37,10.4
Maule,2020,38,12.07
Maule,2020,39,12.64
Maule,2020,40,10.46
Maule,2020,41,13.53
Maule,2020,42,16.14
Maule,2020,43,15.8
Maule,2020,44,16.03
Maule,2020,45,18.24
Maule,2020,46,18.34
Maule,2020,47,18.17
Maule,2020,48,19.86
Maule,2020,49,20.73
Maule,2020,50,19.76
Maule,2020,51,19.97
Maule,2020,52,23.14
Maule,2020,53,23.09
Maule,2021,1,22.07
Maule,2021,2,21.69
Maule,2021,3,23.5
Maule,2021,4,21.04
Maule,2021,5,19.09
Maule,2021,6,20.16
Maule,2021,7,18.74
Maule,2021,8,21.26
Maule,2021,9,22.09
Maule,2021,10,20.54
Maule,2021,11,17.69
Maule,2021,12,18.6
Maule,2021,13,16.6
Maule,2021,14,16.21
Maule,2021,15,16.83
Maule,2021,16,13.89
Maule,2021,17,13.2
Maule,2021,18,12.36
Maule,2021,19,9.9
Maule,2021,20,10.56
Maule,2021,21,10.61
Maule,2021,22,12.04
Maule,2021,23,11.27
Maule,2021,24,8.94
Maule,2021,25,8.57
Maule,2021,26,5.99
Maule,2021,27,7.71
Maule,2021,28,5.04
Maule,2021,29,9.13
Maule,2021,30,7.9
Maule,2021,31,8.96
Maule,2021,32,7.37
Maule,2021,33,10.99
Maule,2021,34,9.03
Maule,2021,35,11.23
Maule,2021,36,10.69
Maule,2021,37,10.26
Maule,2021,38,12.21
Maule,2021,39,11.4
Maule,2021,40,13.06
Maule,2021,41,12.96
Maule,2021,42,15.34
Maule,2021,43,18.83
Maule,2021,44,16.29
Maule,2021,45,17.47
Maule,2021,46,19.83
Maule,2021,47,20.21
Maule,2021,48,20.21
Maule,2021,49,18.86
Maule,2021,50,20.8
Maule,2021,51,24.06
Maule,2021,52,21.11
Maule,2022,1,23.04
Maule,2022,2,22.3
Maule,2022,3,19.37
Maule,2022,4,21.71
Maule,2022,5,22.06
Maule,2022,6,22.41
Maule,2022,7,21.6
Maule,2022,8,18.97
Maule,2022,9,20.33
Maule,2022,10,19.83
Maule,2022,11,19.93
Maule,2022,12,16.5
Maule,2022,13,16.2
Maule,2022,14,16.4
Maule,2022,15,13.83
Maule,2022,16,13.41
Maule,2022,17,10.7
Maule,2022,18,11.47
Maule,2022,19,10.84
Maule,2022,20,10.33
Maule,2022,21,7.49
Maule,2022,22,6.51
Maule,2022,23,8.63
Maule,2022,24,7.63
Maule,2022,25,9.17
Maule,2022,26,8.93
Maule,2022,27,7.99
Maule,2022,28,6.96
Maule,2022,29,8.59
Maule,2022,30,9.41
Maule,2022,31,8.09
Maule,2022,32,8.43
Maule,2022,33,9.07
Maule,2022,34,9.79
Maule,2022,35,11.01
Maule,2022,36,10.07
Maule,2022,37,10.5
Maule,2022,38,10.09
Maule,2022,39,13.29
Maule,2022,40,11.61
Maule,2022,41,13.73
Maule,2022,42,14.51
Maule,2022,43,15.49
Maule,2022,44,16.9
Maule,2022,45,15.91
Maule,2022,46,19.61
Maule,2022,47,22.56
Maule,2022,48,21.54
Maule,2022,49,23.59
Maule,2022,50,22.8
Maule,2022,51,21.39
Maule,2022,52,22.11
Maule,2023,1,22.29
Maule,2023,2,22.34
Maule,2023,3,21.91
Maule,2023,4,23.11
Maule,2023,5,24.07
Maule,2023,6,25.13
Maule,2023,7,22.21
Maule,2023,8,22.67
Maule,2023,9,22.96
Maule,2023,10,20.24
Maule,2023,11,21.3
Maule,2023,12,21.4
Maule,2023,13,18.27
Maule,2023,14,17.94
Maule,2023,15,16.79
Maule,2023,16,14.69
Maule,2023,17,14.79
Maule,2023,18,10.29
Maule,2023,19,13.46
Maule,2023,20,12.24
Maule,2023,21,10.59
Maule,2023,22,11.5
Maule,2023,23,10.3
Maule,2023,24,7.06
Maule,2023,25,13.09
Maule,2023,26,9.99
Maule,2023,27,10.46
Maule,2023,28,7.54
Maule,2023,29,9.93
Maule,2023,30,9.97
Maule,2023,31,10.07
Maule,2023,32,9.86
Maule,2023,33,11.79
Maule,2023,34,9.6
Maule,2023,35,10.09
Maule,2023,36,11.31
Maule,2023,37,11.14
Maule,2023,38,11.26
Maule,2023,39,11.81
Maule,2023,40,11.94
Maule,2023,41,13.89
Maule,2023,42,15.59
Maule,2023,43,14.23
Maule,2023,44,13.13
Maule,2023,45,14.16
Maule,2023,46,13.59
Maule,2023,47,17.67
Maule,2023,48,17.6
Maule,2023,49,20.13
Maule,2023,50,18.36
Maule,2023,51,20.53
Maule,2023,52,20.36
Maule,2024,1,22.1
Maule,2024,2,21.7
Maule,2024,3,23.41
Maule,2024,4,23.89
Maule,2024,5,25.76
Maule,2024,6,23.64
Maule,2024,7,23.3
Maule,2024,8,21.41
Maule,2024,9,22.57
Maule,2024,10,20.24
Maule,2024,11,18.57
Maule,2024,12,19.0
Maule,2024,13,19.63
Maule,2024,14,15.44
Maule,2024,15,14.41
Maule,2024,16,15.09
Maule,2024,17,11.8
Maule,2024,18,10.19
Maule,2024,19,8.4
Maule,2024,20,6.73
Maule,2024,21,8.23
Maule,2024,22,10.27
Maule,2024,23,11.46
Maule,2024,24,11.67
Maule,2024,25,9.13
Maule,2024,26,6.47
Maule,2024,27,5.89
Maule,2024,28,2.33
Maule,2024,29,6.06
Maule,2024,30,7.5
Maule,2024,31,9.77
Maule,2024,32,7.56
Maule,2024,33,8.94
Maule,2024,34,6.86
Maule,2024,35,9.73
Maule,2024,36,9.36
Maule,2024,37,10.86
Maule,2024,38,11.71
Maule,2024,39,11.46
Maule,2024,40,13.17
Maule,2024,41,14.64
Maule,2024,42,15.07
Maule,2024,43,16.09
Maule,2024,44,16.96
Maule,2024,45,17.54
Maule,2024,46,17.53
Maule,2024,47,19.26
Maule,2024,48,18.44
Maule,2024,49,17.9
Maule,2024,50,21.43
Maule,2024,51,22.3
Maule,2024,52,22.21
Maule,2025,1,23.67
Maule,2025,2,24.26
Maule,2025,3,23.83
Maule,2025,4,22.99
Maule,2025,5,23.39
Maule,2025,6,24.57
Maule,2025,7,21.74
Maule,2025,8,21.87
Maule,2025,9,22.46
Maule,2025,10,19.93
Maule,2025,11,19.83
Maule,2025,12,20.39
Maule,2025,13,16.64
Maule,2025,14,15.19
Maule,2025,15,14.31
Maule,2025,16,13.29
Maule,2025,17,14.07
Maule,2025,18,11.64
Maule,2025,19,12.29
Maule,2025,20,10.99
Maule,2025,21,10.64
Maule,2025,22,9.11
Maule,2025,23,8.94
Maule,2025,24,8.47
Maule,2025,25,8.36
Maule,2025,26,5.3
Maule,2025,27,7.07
Maule,2025,28,7.36
Maule,2025,29,8.31
Maule,2025,30,10.11
Maule,2025,31,10.96
Maule,2025,32,10.13
Maule,2025,33,12.27
Maule,2025,34,9.4
Maule,2025,35,11.99
Maule,2025,36,9.79
Maule,2025,37,12.2
Maule,2025,38,12.46
Maule,2025,39,12.4
Maule,2025,40,12.89
Maule,2025,41,14.03
Maule,2025,42,15.43
Maule,2025,43,15.26
Maule,2025,44,17.76
Maule,2025,45,16.41
Maule,2025,46,18.37
Maule,2025,47,21.57
Maule,2025,48,18.17
Maule,2025,49,22.44
Maule,2025,50,20.46
Maule,2025,51,21.14
Maule,2025,52,22.67
Maule,2026,1,23.6
Maule,2026,2,23.7
Maule,2026,3,23.73
Maule,2026,4,22.49
Maule,2026,5,23.96
Maule,2026,6,21.59
Maule,2026,7,21.5
Maule,2026,8,22.21
Maule,2026,9,22.4
Maule,2026,10,18.97
Maule,2026,11,20.63
Maule,2026,12,15.64
Maule,2026,13,14.34
Maule,2026,14,16.34
Maule,2026,15,14.79
Maule,2026,16,14.5
Maule,2026,17,11.84
Maule,2026,18,11.69
Maule,2026,19,11.51
Maule,2026,20,9.26
Maule,2026,21,7.26
Maule,2026,22,10.06
Maule,2026,23,10.93
Maule,2026,24,9.71
Maule,2026,25,7.87
Metropolitana,2014,1,22.36
Metropolitana,2014,2,23.07
Metropolitana,2014,3,22.4
Metropolitana,2014,4,19.76
Metropolitana,2014,5,21.01
Metropolitana,2014,6,19.91
Metropolitana,2014,7,20.37
Metropolitana,2014,8,21.44
Metropolitana,2014,9,19.09
Metropolitana,2014,10,21.1
Metropolitana,2014,11,19.09
Metropolitana,2014,12,21.31
Metropolitana,2014,13,18.53
Metropolitana,2014,14,15.74
Metropolitana,2014,15,15.37
Metropolitana,2014,16,17.81
Metropolitana,2014,17,16.96
Metropolitana,2014,18,14.5
Metropolitana,2014,19,15.59
Metropolitana,2014,20,14.06
Metropolitana,2014,21,8.97
Metropolitana,2014,22,9.81
Metropolitana,2014,23,6.71
Metropolitana,2014,24,7.1
Metropolitana,2014,25,10.29
Metropolitana,2014,26,8.81
Metropolitana,2014,27,6.77
Metropolitana,2014,28,9.11
Metropolitana,2014,29,9.91
Metropolitana,2014,30,7.54
Metropolitana,2014,31,12.83
Metropolitana,2014,32,10.2
Metropolitana,2014,33,10.8
Metropolitana,2014,34,12.09
Metropolitana,2014,35,10.34
Metropolitana,2014,36,10.56
Metropolitana,2014,37,10.09
Metropolitana,2014,38,13.07
Metropolitana,2014,39,11.37
Metropolitana,2014,40,13.99
Metropolitana,2014,41,14.39
Metropolitana,2014,42,16.04
Metropolitana,2014,43,20.67
Metropolitana,2014,44,15.16
Metropolitana,2014,45,17.29
Metropolitana,2014,46,19.83
Metropolitana,2014,47,17.56
Metropolitana,2014,48,16.09
Metropolitana,2014,49,18.96
Metropolitana,2014,50,19.71
Metropolitana,2014,51,17.49
Metropolitana,2014,52,21.07
Metropolitana,2015,1,21.64
Metropolitana,2015,2,23.51
Metropolitana,2015,3,22.89
Metropolitana,2015,4,21.37
Metropolitana,2015,5,22.81
Metropolitana,2015,6,22.67
Metropolitana,2015,7,23.86
Metropolitana,2015,8,20.86
Metropolitana,2015,9,19.09
Metropolitana,2015,10,20.36
Metropolitana,2015,11,23.24
Metropolitana,2015,12,23.06
Metropolitana,2015,13,19.51
Metropolitana,2015,14,19.74
Metropolitana,2015,15,19.63
Metropolitana,2015,16,16.76
Metropolitana,2015,17,18.04
Metropolitana,2015,18,17.33
Metropolitana,2015,19,14.29
Metropolitana,2015,20,15.44
Metropolitana,2015,21,14.03
Metropolitana,2015,22,12.61
Metropolitana,2015,23,14.4
Metropolitana,2015,24,9.87
Metropolitana,2015,25,10.79
Metropolitana,2015,26,11.67
Metropolitana,2015,27,9.69
Metropolitana,2015,28,10.67
Metropolitana,2015,29,7.39
Metropolitana,2015,30,9.2
Metropolitana,2015,31,10.74
Metropolitana,2015,32,10.63
Metropolitana,2015,33,7.57
Metropolitana,2015,34,11.29
Metropolitana,2015,35,14.17
Metropolitana,2015,36,14.56
Metropolitana,2015,37,10.37
Metropolitana,2015,38,12.31
Metropolitana,2015,39,10.1
Metropolitana,2015,40,13.83
Metropolitana,2015,41,10.43
Metropolitana,2015,42,12.06
Metropolitana,2015,43,13.06
Metropolitana,2015,44,15.54
Metropolitana,2015,45,15.4
Metropolitana,2015,46,15.66
Metropolitana,2015,47,15.09
Metropolitana,2015,48,16.77
Metropolitana,2015,49,19.59
Metropolitana,2015,50,20.41
Metropolitana,2015,51,19.86
Metropolitana,2015,52,21.53
Metropolitana,2015,53,21.61
Metropolitana,2016,1,21.51
Metropolitana,2016,2,21.66
Metropolitana,2016,3,21.84
Metropolitana,2016,4,21.17
Metropolitana,2016,5,22.53
Metropolitana,2016,6,22.37
Metropolitana,2016,7,22.86
Metropolitana,2016,8,23.66
Metropolitana,2016,9,23.29
Metropolitana,2016,10,21.87
Metropolitana,2016,11,21.53
Metropolitana,2016,12,20.97
Metropolitana,2016,13,18.5
Metropolitana,2016,14,16.43
Metropolitana,2016,15,15.6
Metropolitana,2016,16,13.03
Metropolitana,2016,17,13.81
Metropolitana,2016,18,14.69
Metropolitana,2016,19,12.53
Metropolitana,2016,20,12.11
Metropolitana,2016,21,13.03
Metropolitana,2016,22,8.79
Metropolitana,2016,23,7.37
Metropolitana,2016,24,9.73
Metropolitana,2016,25,9.17
Metropolitana,2016,26,11.56
Metropolitana,2016,27,8.74
Metropolitana,2016,28,8.3
Metropolitana,2016,29,10.84
Metropolitana,2016,30,10.46
Metropolitana,2016,31,10.84
Metropolitana,2016,32,12.27
Metropolitana,2016,33,10.99
Metropolitana,2016,34,11.89
Metropolitana,2016,35,10.03
Metropolitana,2016,36,14.03
Metropolitana,2016,37,13.54
Metropolitana,2016,38,17.8
Metropolitana,2016,39,16.01
Metropolitana,2016,40,16.99
Metropolitana,2016,41,15.4
Metropolitana,2016,42,11.73
Metropolitana,2016,43,16.59
Metropolitana,2016,44,18.24
Metropolitana,2016,45,21.01
Metropolitana,2016,46,19.96
Metropolitana,2016,47,16.71
Metropolitana,2016,48,20.84
Metropolitana,2016,49,18.39
Metropolitana,2016,50,22.09
Metropolitana,2016,51,19.87
Metropolitana,2016,52,19.67
Metropolitana,2017,1,21.84
Metropolitana,2017,2,23.13
Metropolitana,2017,3,24.77
Metropolitana,2017,4,24.63
Metropolitana,2017,5,21.46
Metropolitana,2017,6,21.1
Metropolitana,2017,7,21.13
Metropolitana,2017,8,23.8
Metropolitana,2017,9,21.31
Metropolitana,2017,10,20.6
Metropolitana,2017,11,20.26
Metropolitana,2017,12,18.39
Metropolitana,2017,13,17.26
Metropolitana,2017,14,16.14
Metropolitana,2017,15,17.67
Metropolitana,2017,16,16.21
Metropolitana,2017,17,16.33
Metropolitana,2017,18,14.81
Metropolitana,2017,19,13.43
Metropolitana,2017,20,10.53
Metropolitana,2017,21,10.3
Metropolitana,2017,22,10.6
Metropolitana,2017,23,9.91
Metropolitana,2017,24,9.51
Metropolitana,2017,25,11.27
Metropolitana,2017,26,11.9
Metropolitana,2017,27,9.64
Metropolitana,2017,28,8.17
Metropolitana,2017,29,11.51
Metropolitana,2017,30,10.53
Metropolitana,2017,31,10.41
Metropolitana,2017,32,8.76
Metropolitana,2017,33,11.01
Metropolitana,2017,34,10.77
Metropolitana,2017,35,10.49
Metropolitana,2017,36,9.77
Metropolitana,2017,37,12.17
Metropolitana,2017,38,13.64
Metropolitana,2017,39,13.73
Metropolitana,2017,40,12.6
Metropolitana,2017,41,13.1
Metropolitana,2017,42,15.04
Metropolitana,2017,43,14.97
Metropolitana,2017,44,13.69
Metropolitana,2017,45,19.21
Metropolitana,2017,46,17.91
Metropolitana,2017,47,19.79
Metropolitana,2017,48,18.0
Metropolitana,2017,49,19.76
Metropolitana,2017,50,20.4
Metropolitana,2017,51,22.09
Metropolitana,2017,52,22.07
Metropolitana,2018,1,22.07
Metropolitana,2018,2,20.96
Metropolitana,2018,3,20.74
Metropolitana,2018,4,21.11
Metropolitana,2018,5,21.81
Metropolitana,2018,6,21.69
Metropolitana,2018,7,21.86
Metropolitana,2018,8,20.99
Metropolitana,2018,9,19.94
Metropolitana,2018,10,20.04
Metropolitana,2018,11,18.46
Metropolitana,2018,12,18.7
Metropolitana,2018,13,20.03
Metropolitana,2018,14,17.3
Metropolitana,2018,15,16.2
Metropolitana,2018,16,17.07
Metropolitana,2018,17,16.13
Metropolitana,2018,18,15.41
Metropolitana,2018,19,14.69
Metropolitana,2018,20,14.14
Metropolitana,2018,21,14.77
Metropolitana,2018,22,9.5
Metropolitana,2018,23,11.07
Metropolitana,2018,24,9.7
Metropolitana,2018,25,11.57
Metropolitana,2018,26,10.6
Metropolitana,2018,27,10.84
Metropolitana,2018,28,11.71
Metropolitana,2018,29,7.47
Metropolitana,2018,30,8.96
Metropolitana,2018,31,9.67
Metropolitana,2018,32,12.3
Metropolitana,2018,33,11.9
Metropolitana,2018,34,11.19
Metropolitana,2018,35,11.69
Metropolitana,2018,36,14.9
Metropolitana,2018,37,13.34
Metropolitana,2018,38,12.93
Metropolitana,2018,39,12.89
Metropolitana,2018,40,14.66
Metropolitana,2018,41,12.29
Metropolitana,2018,42,13.61
Metropolitana,2018,43,17.29
Metropolitana,2018,44,15.84
Metropolitana,2018,45,20.17
Metropolitana,2018,46,17.7
Metropolitana,2018,47,22.29
Metropolitana,2018,48,20.21
Metropolitana,2018,49,18.63
Metropolitana,2018,50,19.46
Metropolitana,2018,51,20.7
Metropolitana,2018,52,21.0
Metropolitana,2019,1,22.26
Metropolitana,2019,2,18.61
Metropolitana,2019,3,21.27
Metropolitana,2019,4,24.14
Metropolitana,2019,5,23.87
Metropolitana,2019,6,23.31
Metropolitana,2019,7,20.96
Metropolitana,2019,8,21.41
Metropolitana,2019,9,21.09
Metropolitana,2019,10,19.51
Metropolitana,2019,11,19.7
Metropolitana,2019,12,20.11
Metropolitana,2019,13,17.86
Metropolitana,2019,14,19.31
Metropolitana,2019,15,14.74
Metropolitana,2019,16,16.37
Metropolitana,2019,17,13.9
Metropolitana,2019,18,15.96
Metropolitana,2019,19,13.04
Metropolitana,2019,20,14.5
Metropolitana,2019,21,11.07
Metropolitana,2019,22,11.6
Metropolitana,2019,23,12.74
Metropolitana,2019,24,9.33
Metropolitana,2019,25,11.49
Metropolitana,2019,26,7.5
Metropolitana,2019,27,10.94
Metropolitana,2019,28,9.61
Metropolitana,2019,29,11.13
Metropolitana,2019,30,8.26
Metropolitana,2019,31,12.96
Metropolitana,2019,32,8.86
Metropolitana,2019,33,11.97
Metropolitana,2019,34,14.89
Metropolitana,2019,35,15.37
Metropolitana,2019,36,12.46
Metropolitana,2019,37,11.93
Metropolitana,2019,38,13.13
Metropolitana,2019,39,14.56
Metropolitana,2019,40,11.66
Metropolitana,2019,41,19.47
Metropolitana,2019,42,13.63
Metropolitana,2019,43,17.37
Metropolitana,2019,44,16.09
Metropolitana,2019,45,20.81
Metropolitana,2019,46,21.31
Metropolitana,2019,47,21.47
Metropolitana,2019,48,19.61
Metropolitana,2019,49,20.91
Metropolitana,2019,50,20.87
Metropolitana,2019,51,23.03
Metropolitana,2019,52,23.64
Metropolitana,2020,1,22.34
Metropolitana,2020,2,21.4
Metropolitana,2020,3,23.96
Metropolitana,2020,4,23.71
Metropolitana,2020,5,23.63
Metropolitana,2020,6,21.79
Metropolitana,2020,7,22.89
Metropolitana,2020,8,22.0
Metropolitana,2020,9,22.19
Metropolitana,2020,10,22.6
Metropolitana,2020,11,22.36
Metropolitana,2020,12,18.51
Metropolitana,2020,13,18.71
Metropolitana,2020,14,20.31
Metropolitana,2020,15,17.5
Metropolitana,2020,16,17.69
Metropolitana,2020,17,17.44
Metropolitana,2020,18,15.53
Metropolitana,2020,19,17.06
Metropolitana,2020,20,15.87
Metropolitana,2020,21,13.64
Metropolitana,2020,22,14.39
Metropolitana,2020,23,10.26
Metropolitana,2020,24,10.06
Metropolitana,2020,25,10.01
Metropolitana,2020,26,9.16
Metropolitana,2020,27,9.27
Metropolitana,2020,28,9.79
Metropolitana,2020,29,12.53
Metropolitana,2020,30,8.7
Metropolitana,2020,31,11.69
Metropolitana,2020,32,12.36
Metropolitana,2020,33,8.56
Metropolitana,2020,34,10.99
Metropolitana,2020,35,9.46
Metropolitana,2020,36,11.04
Metropolitana,2020,37,12.69
Metropolitana,2020,38,15.67
Metropolitana,2020,39,15.03
Metropolitana,2020,40,11.31
Metropolitana,2020,41,16.03
Metropolitana,2020,42,17.93
Metropolitana,2020,43,16.41
Metropolitana,2020,44,16.69
Metropolitana,2020,45,18.71
Metropolitana,2020,46,17.23
Metropolitana,2020,47,16.63
Metropolitana,2020,48,20.27
Metropolitana,2020,49,20.44
Metropolitana,2020,50,20.23
Metropolitana,2020,51,20.19
Metropolitana,2020,52,22.13
Metropolitana,2020,53,22.01
Metropolitana,2021,1,20.53
Metropolitana,2021,2,21.34
Metropolitana,2021,3,22.2
Metropolitana,2021,4,20.03
Metropolitana,2021,5,18.51
Metropolitana,2021,6,19.03
Metropolitana,2021,7,18.74
Metropolitana,2021,8,21.2
Metropolitana,2021,9,21.6
Metropolitana,2021,10,20.3
Metropolitana,2021,11,16.03
Metropolitana,2021,12,18.23
Metropolitana,2021,13,16.43
Metropolitana,2021,14,16.27
Metropolitana,2021,15,17.83
Metropolitana,2021,16,14.7
Metropolitana,2021,17,14.79
Metropolitana,2021,18,14.27
Metropolitana,2021,19,15.79
Metropolitana,2021,20,12.26
Metropolitana,2021,21,13.77
Metropolitana,2021,22,13.97
Metropolitana,2021,23,13.51
Metropolitana,2021,24,10.84
Metropolitana,2021,25,8.89
Metropolitana,2021,26,10.99
Metropolitana,2021,27,10.74
Metropolitana,2021,28,9.24
Metropolitana,2021,29,13.1
Metropolitana,2021,30,12.0
Metropolitana,2021,31,12.07
Metropolitana,2021,32,9.71
Metropolitana,2021,33,10.66
Metropolitana,2021,34,10.4
Metropolitana,2021,35,11.1
Metropolitana,2021,36,10.97
Metropolitana,2021,37,11.66
Metropolitana,2021,38,13.77
Metropolitana,2021,39,14.26
Metropolitana,2021,40,14.46
Metropolitana,2021,41,13.77
Metropolitana,2021,42,16.1
Metropolitana,2021,43,20.11
Metropolitana,2021,44,16.29
Metropolitana,2021,45,17.39
Metropolitana,2021,46,19.21
Metropolitana,2021,47,19.51
Metropolitana,2021,48,19.7
Metropolitana,2021,49,18.27
Metropolitana,2021,50,19.79
Metropolitana,2021,51,22.29
Metropolitana,2021,52,20.49
Metropolitana,2022,1,21.13
Metropolitana,2022,2,20.33
Metropolitana,2022,3,19.11
Metropolitana,2022,4,19.73
Metropolitana,2022,5,21.04
Metropolitana,2022,6,20.86
Metropolitana,2022,7,20.59
Metropolitana,2022,8,18.57
Metropolitana,2022,9,20.81
Metropolitana,2022,10,20.24
Metropolitana,2022,11,20.41
Metropolitana,2022,12,17.89
Metropolitana,2022,13,18.3
Metropolitana,2022,14,18.07
Metropolitana,2022,15,15.7
Metropolitana,2022,16,14.99
Metropolitana,2022,17,14.04
Metropolitana,2022,18,14.76
Metropolitana,2022,19,14.87
Metropolitana,2022,20,12.57
Metropolitana,2022,21,11.2
Metropolitana,2022,22,8.9
Metropolitana,2022,23,11.71
Metropolitana,2022,24,9.37
Metropolitana,2022,25,9.73
Metropolitana,2022,26,9.41
Metropolitana,2022,27,7.97
Metropolitana,2022,28,6.44
Metropolitana,2022,29,11.21
Metropolitana,2022,30,10.97
Metropolitana,2022,31,8.67
Metropolitana,2022,32,10.71
Metropolitana,2022,33,11.99
Metropolitana,2022,34,12.89
Metropolitana,2022,35,13.06
Metropolitana,2022,36,11.74
Metropolitana,2022,37,11.57
Metropolitana,2022,38,10.74
Metropolitana,2022,39,14.17
Metropolitana,2022,40,13.81
Metropolitana,2022,41,16.04
Metropolitana,2022,42,15.23
Metropolitana,2022,43,16.1
Metropolitana,2022,44,17.14
Metropolitana,2022,45,15.24
Metropolitana,2022,46,20.93
Metropolitana,2022,47,22.44
Metropolitana,2022,48,19.96
Metropolitana,2022,49,23.83
Metropolitana,2022,50,22.84
Metropolitana,2022,51,21.19
Metropolitana,2022,52,20.86
Metropolitana,2023,1,22.07
Metropolitana,2023,2,21.34
Metropolitana,2023,3,20.43
Metropolitana,2023,4,22.51
Metropolitana,2023,5,23.21
Metropolitana,2023,6,24.64
Metropolitana,2023,7,22.79
Metropolitana,2023,8,22.7
Metropolitana,2023,9,23.21
Metropolitana,2023,10,20.66
Metropolitana,2023,11,21.01
Metropolitana,2023,12,22.67
Metropolitana,2023,13,21.07
Metropolitana,2023,14,21.1
Metropolitana,2023,15,16.59
Metropolitana,2023,16,16.39
Metropolitana,2023,17,15.3
Metropolitana,2023,18,12.34
Metropolitana,2023,19,19.07
Metropolitana,2023,20,13.36
Metropolitana,2023,21,12.24
Metropolitana,2023,22,14.39
Metropolitana,2023,23,12.64
Metropolitana,2023,24,12.14
Metropolitana,2023,25,12.81
Metropolitana,2023,26,12.89
Metropolitana,2023,27,10.74
Metropolitana,2023,28,11.13
Metropolitana,2023,29,12.31
Metropolitana,2023,30,14.07
Metropolitana,2023,31,14.99
Metropolitana,2023,32,13.49
Metropolitana,2023,33,12.61
Metropolitana,2023,34,10.84
Metropolitana,2023,35,12.01
Metropolitana,2023,36,11.74
Metropolitana,2023,37,12.37
Metropolitana,2023,38,12.47
Metropolitana,2023,39,13.06
Metropolitana,2023,40,12.69
Metropolitana,2023,41,15.27
Metropolitana,2023,42,15.49
Metropolitana,2023,43,14.0
Metropolitana,2023,44,14.26
Metropolitana,2023,45,15.46
Metropolitana,2023,46,14.86
Metropolitana,2023,47,18.77
Metropolitana,2023,48,17.91
Metropolitana,2023,49,20.53
Metropolitana,2023,50,19.46
Metropolitana,2023,51,20.46
Metropolitana,2023,52,19.97
Metropolitana,2024,1,20.87
Metropolitana,2024,2,21.27
Metropolitana,2024,3,23.14
Metropolitana,2024,4,23.3
Metropolitana,2024,5,25.64
Metropolitana,2024,6,23.54
Metropolitana,2024,7,23.19
Metropolitana,2024,8,20.5
Metropolitana,2024,9,22.94
Metropolitana,2024,10,20.97
Metropolitana,2024,11,19.9
Metropolitana,2024,12,21.47
Metropolitana,2024,13,21.54
Metropolitana,2024,14,18.71
Metropolitana,2024,15,16.07
Metropolitana,2024,16,17.17
Metropolitana,2024,17,14.37
Metropolitana,2024,18,10.99
Metropolitana,2024,19,9.36
Metropolitana,2024,20,8.76
Metropolitana,2024,21,9.71
Metropolitana,2024,22,13.74
Metropolitana,2024,23,14.1
Metropolitana,2024,24,10.86
Metropolitana,2024,25,8.69
Metropolitana,2024,26,10.54
Metropolitana,2024,27,11.66
Metropolitana,2024,28,8.0
Metropolitana,2024,29,11.16
Metropolitana,2024,30,11.01
Metropolitana,2024,31,11.49
Metropolitana,2024,32,9.93
Metropolitana,2024,33,12.19
Metropolitana,2024,34,8.06
Metropolitana,2024,35,11.51
Metropolitana,2024,36,12.33
Metropolitana,2024,37,13.5
Metropolitana,2024,38,12.97
Metropolitana,2024,39,13.97
Metropolitana,2024,40,15.63
Metropolitana,2024,41,14.21
Metropolitana,2024,42,16.46
Metropolitana,2024,43,16.69
Metropolitana,2024,44,17.43
Metropolitana,2024,45,18.84
Metropolitana,2024,46,19.34
Metropolitana,2024,47,19.49
Metropolitana,2024,48,18.94
Metropolitana,2024,49,18.04
Metropolitana,2024,50,21.06
Metropolitana,2024,51,22.19
Metropolitana,2024,52,21.64
Metropolitana,2025,1,23.06
Metropolitana,2025,2,22.9
Metropolitana,2025,3,23.24
Metropolitana,2025,4,22.71
Metropolitana,2025,5,23.1
Metropolitana,2025,6,24.74
Metropolitana,2025,7,21.96
Metropolitana,2025,8,22.57
Metropolitana,2025,9,22.46
Metropolitana,2025,10,21.4
Metropolitana,2025,11,21.27
Metropolitana,2025,12,21.17
Metropolitana,2025,13,17.21
Metropolitana,2025,14,16.27
Metropolitana,2025,15,16.51
Metropolitana,2025,16,17.01
Metropolitana,2025,17,15.74
Metropolitana,2025,18,14.76
Metropolitana,2025,19,13.54
Metropolitana,2025,20,11.9
Metropolitana,2025,21,14.7
Metropolitana,2025,22,11.57
Metropolitana,2025,23,11.14
Metropolitana,2025,24,10.1
Metropolitana,2025,25,8.13
Metropolitana,2025,26,7.83
Metropolitana,2025,27,11.64
Metropolitana,2025,28,9.03
Metropolitana,2025,29,10.36
Metropolitana,2025,30,10.69
Metropolitana,2025,31,10.77
Metropolitana,2025,32,11.96
Metropolitana,2025,33,13.2
Metropolitana,2025,34,7.73
Metropolitana,2025,35,10.64
Metropolitana,2025,36,10.61
Metropolitana,2025,37,14.46
Metropolitana,2025,38,13.86
Metropolitana,2025,39,13.93
Metropolitana,2025,40,15.8
Metropolitana,2025,41,16.2
Metropolitana,2025,42,18.29
Metropolitana,2025,43,16.7
Metropolitana,2025,44,18.3
Metropolitana,2025,45,15.57
Metropolitana,2025,46,18.63
Metropolitana,2025,47,21.27
Metropolitana,2025,48,17.93
Metropolitana,2025,49,21.29
Metropolitana,2025,50,18.97
Metropolitana,2025,51,20.74
Metropolitana,2025,52,22.61
Metropolitana,2026,1,22.57
Metropolitana,2026,2,21.67
Metropolitana,2026,3,23.69
Metropolitana,2026,4,22.14
Metropolitana,2026,5,22.04
Metropolitana,2026,6,22.6
Metropolitana,2026,7,22.47
Metropolitana,2026,8,23.04
Metropolitana,2026,9,22.99
Metropolitana,2026,10,21.54
Metropolitana,2026,11,21.6
Metropolitana,2026,12,17.4
Metropolitana,2026,13,17.99
Metropolitana,2026,14,20.13
Metropolitana,2026,15,17.06
Metropolitana,2026,16,17.53
Metropolitana,2026,17,14.17
Metropolitana,2026,18,16.2
Metropolitana,2026,19,13.39
Metropolitana,2026,20,13.09
Metropolitana,2026,21,9.6
Metropolitana,2026,22,13.07
Metropolitana,2026,23,12.3
Metropolitana,2026,24,11.36
Metropolitana,2026,25,12.33
O'Higgins,2014,1,22.34
O'Higgins,2014,2,23.57
O'Higgins,2014,3,23.19
O'Higgins,2014,4,20.89
O'Higgins,2014,5,22.14
O'Higgins,2014,6,20.81
O'Higgins,2014,7,21.73
O'Higgins,2014,8,21.84
O'Higgins,2014,9,19.76
O'Higgins,2014,10,21.03
O'Higgins,2014,11,20.04
O'Higgins,2014,12,21.29
O'Higgins,2014,13,18.76
O'Higgins,2014,14,16.21
O'Higgins,2014,15,13.91
O'Higgins,2014,16,15.8
O'Higgins,2014,17,15.53
O'Higgins,2014,18,13.77
O'Higgins,2014,19,14.27
O'Higgins,2014,20,13.81
O'Higgins,2014,21,8.07
O'Higgins,2014,22,8.36
O'Higgins,2014,23,5.46
O'Higgins,2014,24,4.63
O'Higgins,2014,25,8.3
O'Higgins,2014,26,6.47
O'Higgins,2014,27,5.77
O'Higgins,2014,28,8.26
O'Higgins,2014,29,9.8
O'Higgins,2014,30,6.83
O'Higgins,2014,31,12.74
O'Higgins,2014,32,9.61
O'Higgins,2014,33,10.26
O'Higgins,2014,34,11.74
O'Higgins,2014,35,10.83
O'Higgins,2014,36,11.11
O'Higgins,2014,37,9.77
O'Higgins,2014,38,12.86
O'Higgins,2014,39,11.51
O'Higgins,2014,40,14.39
O'Higgins,2014,41,13.66
O'Higgins,2014,42,15.99
O'Higgins,2014,43,19.26
O'Higgins,2014,44,15.47
O'Higgins,2014,45,17.06
O'Higgins,2014,46,20.11
O'Higgins,2014,47,17.96
O'Higgins,2014,48,16.64
O'Higgins,2014,49,18.47
O'Higgins,2014,50,19.97
O'Higgins,2014,51,17.97
O'Higgins,2014,52,21.11
O'Higgins,2015,1,22.1
O'Higgins,2015,2,24.17
O'Higgins,2015,3,24.23
O'Higgins,2015,4,22.66
O'Higgins,2015,5,24.11
O'Higgins,2015,6,24.1
O'Higgins,2015,7,24.34
O'Higgins,2015,8,22.11
O'Higgins,2015,9,20.2
O'Higgins,2015,10,21.46
O'Higgins,2015,11,23.41
O'Higgins,2015,12,23.14
O'Higgins,2015,13,19.76
O'Higgins,2015,14,19.0
O'Higgins,2015,15,18.84
O'Higgins,2015,16,16.39
O'Higgins,2015,17,16.63
O'Higgins,2015,18,16.33
O'Higgins,2015,19,12.9
O'Higgins,2015,20,14.03
O'Higgins,2015,21,13.24
O'Higgins,2015,22,11.31
O'Higgins,2015,23,13.89
O'Higgins,2015,24,8.2
O'Higgins,2015,25,8.89
O'Higgins,2015,26,10.14
O'Higgins,2015,27,9.16
O'Higgins,2015,28,9.49
O'Higgins,2015,29,7.1
O'Higgins,2015,30,8.09
O'Higgins,2015,31,11.24
O'Higgins,2015,32,10.83
O'Higgins,2015,33,7.16
O'Higgins,2015,34,11.11
O'Higgins,2015,35,13.81
O'Higgins,2015,36,13.91
O'Higgins,2015,37,9.91
O'Higgins,2015,38,12.16
O'Higgins,2015,39,10.29
O'Higgins,2015,40,13.93
O'Higgins,2015,41,10.73
O'Higgins,2015,42,11.99
O'Higgins,2015,43,13.64
O'Higgins,2015,44,15.71
O'Higgins,2015,45,15.54
O'Higgins,2015,46,15.8
O'Higgins,2015,47,15.16
O'Higgins,2015,48,17.07
O'Higgins,2015,49,19.8
O'Higgins,2015,50,20.61
O'Higgins,2015,51,19.86
O'Higgins,2015,52,21.29
O'Higgins,2015,53,22.26
O'Higgins,2016,1,22.2
O'Higgins,2016,2,22.44
O'Higgins,2016,3,22.69
O'Higgins,2016,4,21.89
O'Higgins,2016,5,23.14
O'Higgins,2016,6,22.74
O'Higgins,2016,7,23.0
O'Higgins,2016,8,23.64
O'Higgins,2016,9,23.49
O'Higgins,2016,10,21.83
O'Higgins,2016,11,21.49
O'Higgins,2016,12,20.44
O'Higgins,2016,13,18.93
O'Higgins,2016,14,16.71
O'Higgins,2016,15,15.59
O'Higgins,2016,16,13.03
O'Higgins,2016,17,12.99
O'Higgins,2016,18,14.4
O'Higgins,2016,19,13.24
O'Higgins,2016,20,12.34
O'Higgins,2016,21,13.16
O'Higgins,2016,22,8.99
O'Higgins,2016,23,5.97
O'Higgins,2016,24,9.3
O'Higgins,2016,25,8.01
O'Higgins,2016,26,11.31
O'Higgins,2016,27,7.5
O'Higgins,2016,28,7.57
O'Higgins,2016,29,10.16
O'Higgins,2016,30,9.63
O'Higgins,2016,31,10.09
O'Higgins,2016,32,12.2
O'Higgins,2016,33,10.47
O'Higgins,2016,34,11.81
O'Higgins,2016,35,9.7
O'Higgins,2016,36,13.3
O'Higgins,2016,37,12.81
O'Higgins,2016,38,16.57
O'Higgins,2016,39,15.81
O'Higgins,2016,40,16.29
O'Higgins,2016,41,16.0
O'Higgins,2016,42,11.9
O'Higgins,2016,43,16.17
O'Higgins,2016,44,16.86
O'Higgins,2016,45,20.8
O'Higgins,2016,46,19.4
O'Higgins,2016,47,17.7
O'Higgins,2016,48,20.64
O'Higgins,2016,49,18.8
O'Higgins,2016,50,22.76
O'Higgins,2016,51,20.9
O'Higgins,2016,52,20.53
O'Higgins,2017,1,20.69
O'Higgins,2017,2,22.57
O'Higgins,2017,3,24.5
O'Higgins,2017,4,24.61
O'Higgins,2017,5,20.96
O'Higgins,2017,6,20.77
O'Higgins,2017,7,20.43
O'Higgins,2017,8,23.67
O'Higgins,2017,9,19.97
O'Higgins,2017,10,18.51
O'Higgins,2017,11,19.66
O'Higgins,2017,12,18.19
O'Higgins,2017,13,16.34
O'Higgins,2017,14,14.74
O'Higgins,2017,15,15.96
O'Higgins,2017,16,14.24
O'Higgins,2017,17,13.07
O'Higgins,2017,18,12.87
O'Higgins,2017,19,12.53
O'Higgins,2017,20,9.51
O'Higgins,2017,21,9.06
O'Higgins,2017,22,8.2
O'Higgins,2017,23,6.8
O'Higgins,2017,24,8.8
O'Higgins,2017,25,9.69
O'Higgins,2017,26,10.96
O'Higgins,2017,27,8.26
O'Higgins,2017,28,7.31
O'Higgins,2017,29,9.51
O'Higgins,2017,30,8.81
O'Higgins,2017,31,9.13
O'Higgins,2017,32,8.0
O'Higgins,2017,33,8.97
O'Higgins,2017,34,9.87
O'Higgins,2017,35,9.54
O'Higgins,2017,36,8.63
O'Higgins,2017,37,11.19
O'Higgins,2017,38,12.44
O'Higgins,2017,39,12.03
O'Higgins,2017,40,11.83
O'Higgins,2017,41,11.94
O'Higgins,2017,42,13.0
O'Higgins,2017,43,13.94
O'Higgins,2017,44,12.71
O'Higgins,2017,45,17.21
O'Higgins,2017,46,15.74
O'Higgins,2017,47,18.44
O'Higgins,2017,48,17.67
O'Higgins,2017,49,19.63
O'Higgins,2017,50,19.21
O'Higgins,2017,51,20.9
O'Higgins,2017,52,21.34
O'Higgins,2018,1,20.11
O'Higgins,2018,2,21.06
O'Higgins,2018,3,20.26
O'Higgins,2018,4,20.37
O'Higgins,2018,5,21.96
O'Higgins,2018,6,20.44
O'Higgins,2018,7,21.77
O'Higgins,2018,8,20.19
O'Higgins,2018,9,20.06
O'Higgins,2018,10,18.96
O'Higgins,2018,11,16.51
O'Higgins,2018,12,16.5
O'Higgins,2018,13,18.36
O'Higgins,2018,14,16.1
O'Higgins,2018,15,14.61
O'Higgins,2018,16,14.4
O'Higgins,2018,17,13.33
O'Higgins,2018,18,13.3
O'Higgins,2018,19,13.1
O'Higgins,2018,20,11.59
O'Higgins,2018,21,12.39
O'Higgins,2018,22,7.89
O'Higgins,2018,23,7.87
O'Higgins,2018,24,6.91
O'Higgins,2018,25,8.8
O'Higgins,2018,26,8.43
O'Higgins,2018,27,9.54
O'Higgins,2018,28,9.87
O'Higgins,2018,29,5.56
O'Higgins,2018,30,7.36
O'Higgins,2018,31,7.59
O'Higgins,2018,32,10.87
O'Higgins,2018,33,9.96
O'Higgins,2018,34,9.24
O'Higgins,2018,35,10.03
O'Higgins,2018,36,12.36
O'Higgins,2018,37,11.76
O'Higgins,2018,38,11.67
O'Higgins,2018,39,10.94
O'Higgins,2018,40,12.41
O'Higgins,2018,41,11.27
O'Higgins,2018,42,12.59
O'Higgins,2018,43,15.06
O'Higgins,2018,44,14.26
O'Higgins,2018,45,17.36
O'Higgins,2018,46,14.94
O'Higgins,2018,47,19.07
O'Higgins,2018,48,18.86
O'Higgins,2018,49,17.87
O'Higgins,2018,50,18.1
O'Higgins,2018,51,20.49
O'Higgins,2018,52,20.43
O'Higgins,2019,1,20.59
O'Higgins,2019,2,17.93
O'Higgins,2019,3,21.1
O'Higgins,2019,4,23.24
O'Higgins,2019,5,23.34
O'Higgins,2019,6,22.79
O'Higgins,2019,7,20.1
O'Higgins,2019,8,20.3
O'Higgins,2019,9,20.24
O'Higgins,2019,10,18.16
O'Higgins,2019,11,19.19
O'Higgins,2019,12,17.63
O'Higgins,2019,13,16.84
O'Higgins,2019,14,18.06
O'Higgins,2019,15,13.6
O'Higgins,2019,16,14.83
O'Higgins,2019,17,12.23
O'Higgins,2019,18,12.31
O'Higgins,2019,19,10.56
O'Higgins,2019,20,11.67
O'Higgins,2019,21,8.94
O'Higgins,2019,22,10.0
O'Higgins,2019,23,10.27
O'Higgins,2019,24,8.3
O'Higgins,2019,25,9.26
O'Higgins,2019,26,6.37
O'Higgins,2019,27,7.57
O'Higgins,2019,28,8.53
O'Higgins,2019,29,8.86
O'Higgins,2019,30,7.36
O'Higgins,2019,31,10.69
O'Higgins,2019,32,7.51
O'Higgins,2019,33,10.24
O'Higgins,2019,34,12.9
O'Higgins,2019,35,12.09
O'Higgins,2019,36,10.76
O'Higgins,2019,37,10.67
O'Higgins,2019,38,10.14
O'Higgins,2019,39,12.93
O'Higgins,2019,40,9.93
O'Higgins,2019,41,16.01
O'Higgins,2019,42,12.74
O'Higgins,2019,43,15.46
O'Higgins,2019,44,14.96
O'Higgins,2019,45,19.34
O'Higgins,2019,46,20.39
O'Higgins,2019,47,20.66
O'Higgins,2019,48,17.74
O'Higgins,2019,49,20.57
O'Higgins,2019,50,20.0
O'Higgins,2019,51,21.63
O'Higgins,2019,52,22.7
O'Higgins,2020,1,22.77
O'Higgins,2020,2,20.34
O'Higgins,2020,3,22.27
O'Higgins,2020,4,23.44
O'Higgins,2020,5,23.7
O'Higgins,2020,6,21.33
O'Higgins,2020,7,22.03
O'Higgins,2020,8,21.03
O'Higgins,2020,9,21.91
O'Higgins,2020,10,22.73
O'Higgins,2020,11,22.09
O'Higgins,2020,12,18.56
O'Higgins,2020,13,18.33
O'Higgins,2020,14,18.79
O'Higgins,2020,15,16.4
O'Higgins,2020,16,16.27
O'Higgins,2020,17,15.87
O'Higgins,2020,18,12.8
O'Higgins,2020,19,14.24
O'Higgins,2020,20,11.66
O'Higgins,2020,21,11.61
O'Higgins,2020,22,13.04
O'Higgins,2020,23,8.86
O'Higgins,2020,24,8.31
O'Higgins,2020,25,9.3
O'Higgins,2020,26,8.06
O'Higgins,2020,27,8.6
O'Higgins,2020,28,8.17
O'Higgins,2020,29,11.54
O'Higgins,2020,30,7.16
O'Higgins,2020,31,9.4
O'Higgins,2020,32,9.97
O'Higgins,2020,33,5.7
O'Higgins,2020,34,9.34
O'Higgins,2020,35,9.06
O'Higgins,2020,36,9.63
O'Higgins,2020,37,10.21
O'Higgins,2020,38,13.34
O'Higgins,2020,39,13.36
O'Higgins,2020,40,10.56
O'Higgins,2020,41,13.14
O'Higgins,2020,42,16.99
O'Higgins,2020,43,15.44
O'Higgins,2020,44,15.6
O'Higgins,2020,45,17.86
O'Higgins,2020,46,16.8
O'Higgins,2020,47,16.54
O'Higgins,2020,48,18.41
O'Higgins,2020,49,19.84
O'Higgins,2020,50,19.2
O'Higgins,2020,51,18.83
O'Higgins,2020,52,22.44
O'Higgins,2020,53,21.64
O'Higgins,2021,1,20.61
O'Higgins,2021,2,20.8
O'Higgins,2021,3,22.79
O'Higgins,2021,4,19.66
O'Higgins,2021,5,18.5
O'Higgins,2021,6,19.56
O'Higgins,2021,7,18.13
O'Higgins,2021,8,20.73
O'Higgins,2021,9,21.81
O'Higgins,2021,10,20.43
O'Higgins,2021,11,15.47
O'Higgins,2021,12,17.16
O'Higgins,2021,13,15.36
O'Higgins,2021,14,14.41
O'Higgins,2021,15,15.96
O'Higgins,2021,16,13.34
O'Higgins,2021,17,12.81
O'Higgins,2021,18,12.46
O'Higgins,2021,19,12.67
O'Higgins,2021,20,10.4
O'Higgins,2021,21,10.57
O'Higgins,2021,22,11.21
O'Higgins,2021,23,11.21
O'Higgins,2021,24,9.4
O'Higgins,2021,25,7.53
O'Higgins,2021,26,9.13
O'Higgins,2021,27,8.21
O'Higgins,2021,28,5.96
O'Higgins,2021,29,10.17
O'Higgins,2021,30,9.49
O'Higgins,2021,31,9.96
O'Higgins,2021,32,7.73
O'Higgins,2021,33,9.29
O'Higgins,2021,34,9.31
O'Higgins,2021,35,11.09
O'Higgins,2021,36,10.01
O'Higgins,2021,37,10.2
O'Higgins,2021,38,12.23
O'Higgins,2021,39,11.99
O'Higgins,2021,40,13.03
O'Higgins,2021,41,12.2
O'Higgins,2021,42,14.46
O'Higgins,2021,43,18.31
O'Higgins,2021,44,15.24
O'Higgins,2021,45,16.37
O'Higgins,2021,46,18.31
O'Higgins,2021,47,18.51
O'Higgins,2021,48,18.9
O'Higgins,2021,49,17.57
O'Higgins,2021,50,19.33
O'Higgins,2021,51,22.79
O'Higgins,2021,52,20.33
O'Higgins,2022,1,21.49
O'Higgins,2022,2,21.24
O'Higgins,2022,3,18.14
O'Higgins,2022,4,20.24
O'Higgins,2022,5,21.17
O'Higgins,2022,6,21.57
O'Higgins,2022,7,20.7
O'Higgins,2022,8,17.83
O'Higgins,2022,9,19.39
O'Higgins,2022,10,19.39
O'Higgins,2022,11,19.59
O'Higgins,2022,12,16.41
O'Higgins,2022,13,16.29
O'Higgins,2022,14,16.89
O'Higgins,2022,15,14.23
O'Higgins,2022,16,13.01
O'Higgins,2022,17,11.6
O'Higgins,2022,18,12.67
O'Higgins,2022,19,11.97
O'Higgins,2022,20,10.49
O'Higgins,2022,21,8.84
O'Higgins,2022,22,7.31
O'Higgins,2022,23,9.63
O'Higgins,2022,24,7.99
O'Higgins,2022,25,8.7
O'Higgins,2022,26,8.17
O'Higgins,2022,27,6.66
O'Higgins,2022,28,5.54
O'Higgins,2022,29,8.83
O'Higgins,2022,30,10.01
O'Higgins,2022,31,7.43
O'Higgins,2022,32,9.39
O'Higgins,2022,33,10.07
O'Higgins,2022,34,11.03
O'Higgins,2022,35,12.04
O'Higgins,2022,36,11.13
O'Higgins,2022,37,10.59
O'Higgins,2022,38,8.89
O'Higgins,2022,39,13.54
O'Higgins,2022,40,11.94
O'Higgins,2022,41,13.47
O'Higgins,2022,42,14.37
O'Higgins,2022,43,14.56
O'Higgins,2022,44,16.73
O'Higgins,2022,45,14.73
O'Higgins,2022,46,19.43
O'Higgins,2022,47,22.31
O'Higgins,2022,48,19.89
O'Higgins,2022,49,22.61
O'Higgins,2022,50,22.21
O'Higgins,2022,51,21.1
O'Higgins,2022,52,20.7
O'Higgins,2023,1,21.6
O'Higgins,2023,2,20.73
O'Higgins,2023,3,20.63
O'Higgins,2023,4,22.3
O'Higgins,2023,5,23.33
O'Higgins,2023,6,24.37
O'Higgins,2023,7,21.96
O'Higgins,2023,8,22.54
O'Higgins,2023,9,23.07
O'Higgins,2023,10,20.31
O'Higgins,2023,11,20.69
O'Higgins,2023,12,22.3
O'Higgins,2023,13,19.5
O'Higgins,2023,14,19.91
O'Higgins,2023,15,16.03
O'Higgins,2023,16,14.59
O'Higgins,2023,17,14.23
O'Higgins,2023,18,10.26
O'Higgins,2023,19,15.87
O'Higgins,2023,20,11.7
O'Higgins,2023,21,10.81
O'Higgins,2023,22,12.27
O'Higgins,2023,23,10.29
O'Higgins,2023,24,9.6
O'Higgins,2023,25,11.79
O'Higgins,2023,26,11.27
O'Higgins,2023,27,9.84
O'Higgins,2023,28,8.96
O'Higgins,2023,29,10.93
O'Higgins,2023,30,10.83
O'Higgins,2023,31,12.29
O'Higgins,2023,32,11.26
O'Higgins,2023,33,11.39
O'Higgins,2023,34,9.53
O'Higgins,2023,35,10.34
O'Higgins,2023,36,10.59
O'Higgins,2023,37,10.74
O'Higgins,2023,38,11.31
O'Higgins,2023,39,11.69
O'Higgins,2023,40,11.51
O'Higgins,2023,41,14.21
O'Higgins,2023,42,14.59
O'Higgins,2023,43,13.21
O'Higgins,2023,44,12.89
O'Higgins,2023,45,13.56
O'Higgins,2023,46,12.81
O'Higgins,2023,47,16.97
O'Higgins,2023,48,16.17
O'Higgins,2023,49,18.99
O'Higgins,2023,50,18.1
O'Higgins,2023,51,19.64
O'Higgins,2023,52,19.46
O'Higgins,2024,1,20.7
O'Higgins,2024,2,20.61
O'Higgins,2024,3,22.74
O'Higgins,2024,4,23.59
O'Higgins,2024,5,24.73
O'Higgins,2024,6,23.21
O'Higgins,2024,7,23.13
O'Higgins,2024,8,20.16
O'Higgins,2024,9,21.61
O'Higgins,2024,10,19.5
O'Higgins,2024,11,17.24
O'Higgins,2024,12,18.97
O'Higgins,2024,13,19.49
O'Higgins,2024,14,15.77
O'Higgins,2024,15,14.61
O'Higgins,2024,16,15.33
O'Higgins,2024,17,12.29
O'Higgins,2024,18,9.63
O'Higgins,2024,19,8.29
O'Higgins,2024,20,7.86
O'Higgins,2024,21,8.74
O'Higgins,2024,22,11.2
O'Higgins,2024,23,12.31
O'Higgins,2024,24,10.41
O'Higgins,2024,25,7.99
O'Higgins,2024,26,8.49
O'Higgins,2024,27,8.54
O'Higgins,2024,28,5.8
O'Higgins,2024,29,7.47
O'Higgins,2024,30,7.14
O'Higgins,2024,31,9.76
O'Higgins,2024,32,7.73
O'Higgins,2024,33,10.44
O'Higgins,2024,34,7.11
O'Higgins,2024,35,10.46
O'Higgins,2024,36,9.79
O'Higgins,2024,37,11.6
O'Higgins,2024,38,11.99
O'Higgins,2024,39,12.49
O'Higgins,2024,40,13.99
O'Higgins,2024,41,13.67
O'Higgins,2024,42,15.71
O'Higgins,2024,43,15.64
O'Higgins,2024,44,16.99
O'Higgins,2024,45,16.93
O'Higgins,2024,46,16.63
O'Higgins,2024,47,17.94
O'Higgins,2024,48,17.31
O'Higgins,2024,49,16.79
O'Higgins,2024,50,19.94
O'Higgins,2024,51,20.33
O'Higgins,2024,52,21.47
O'Higgins,2025,1,22.41
O'Higgins,2025,2,22.73
O'Higgins,2025,3,22.29
O'Higgins,2025,4,22.01
O'Higgins,2025,5,22.74
O'Higgins,2025,6,23.69
O'Higgins,2025,7,21.01
O'Higgins,2025,8,21.5
O'Higgins,2025,9,21.61
O'Higgins,2025,10,19.73
O'Higgins,2025,11,20.09
O'Higgins,2025,12,20.04
O'Higgins,2025,13,16.06
O'Higgins,2025,14,14.43
O'Higgins,2025,15,14.26
O'Higgins,2025,16,13.74
O'Higgins,2025,17,13.37
O'Higgins,2025,18,12.39
O'Higgins,2025,19,12.43
O'Higgins,2025,20,10.77
O'Higgins,2025,21,13.27
O'Higgins,2025,22,9.79
O'Higgins,2025,23,9.91
O'Higgins,2025,24,9.04
O'Higgins,2025,25,6.97
O'Higgins,2025,26,5.36
O'Higgins,2025,27,9.66
O'Higgins,2025,28,7.4
O'Higgins,2025,29,7.59
O'Higgins,2025,30,7.53
O'Higgins,2025,31,9.43
O'Higgins,2025,32,10.2
O'Higgins,2025,33,12.1
O'Higgins,2025,34,7.46
O'Higgins,2025,35,10.46
O'Higgins,2025,36,9.44
O'Higgins,2025,37,12.37
O'Higgins,2025,38,11.4
O'Higgins,2025,39,12.27
O'Higgins,2025,40,13.84
O'Higgins,2025,41,13.49
O'Higgins,2025,42,15.39
O'Higgins,2025,43,14.11
O'Higgins,2025,44,16.23
O'Higgins,2025,45,14.86
O'Higgins,2025,46,17.16
O'Higgins,2025,47,20.14
O'Higgins,2025,48,17.5
O'Higgins,2025,49,20.39
O'Higgins,2025,50,18.41
O'Higgins,2025,51,18.76
O'Higgins,2025,52,20.47
O'Higgins,2026,1,21.97
O'Higgins,2026,2,21.13
O'Higgins,2026,3,21.91
O'Higgins,2026,4,21.27
O'Higgins,2026,5,21.84
O'Higgins,2026,6,20.39
O'Higgins,2026,7,19.76
O'Higgins,2026,8,21.39
O'Higgins,2026,9,21.7
O'Higgins,2026,10,19.57
O'Higgins,2026,11,19.91
O'Higgins,2026,12,15.54
O'Higgins,2026,13,14.87
O'Higgins,2026,14,17.03
O'Higgins,2026,15,15.11
O'Higgins,2026,16,15.4
O'Higgins,2026,17,11.11
O'Higgins,2026,18,13.4
O'Higgins,2026,19,12.06
O'Higgins,2026,20,11.26
O'Higgins,2026,21,8.29
O'Higgins,2026,22,10.61
O'Higgins,2026,23,10.04
O'Higgins,2026,24,9.73
O'Higgins,2026,25,11.27
Tarapacá,2014,1,23.84
Tarapacá,2014,2,23.9
Tarapacá,2014,3,24.54
Tarapacá,2014,4,24.19
Tarapacá,2014,5,23.26
Tarapacá,2014,6,23.21
Tarapacá,2014,7,22.86
Tarapacá,2014,8,22.53
Tarapacá,2014,9,22.5
Tarapacá,2014,10,22.8
Tarapacá,2014,11,22.6
Tarapacá,2014,12,22.31
Tarapacá,2014,13,21.84
Tarapacá,2014,14,21.99
Tarapacá,2014,15,20.64
Tarapacá,2014,16,21.06
Tarapacá,2014,17,20.54
Tarapacá,2014,18,19.93
Tarapacá,2014,19,19.81
Tarapacá,2014,20,19.51
Tarapacá,2014,21,18.8
Tarapacá,2014,22,19.03
Tarapacá,2014,23,17.27
Tarapacá,2014,24,17.66
Tarapacá,2014,25,18.66
Tarapacá,2014,26,17.2
Tarapacá,2014,27,16.67
Tarapacá,2014,28,17.27
Tarapacá,2014,29,18.09
Tarapacá,2014,30,17.23
Tarapacá,2014,31,18.59
Tarapacá,2014,32,17.69
Tarapacá,2014,33,18.91
Tarapacá,2014,34,18.14
Tarapacá,2014,35,19.33
Tarapacá,2014,36,19.07
Tarapacá,2014,37,18.36
Tarapacá,2014,38,18.77
Tarapacá,2014,39,18.36
Tarapacá,2014,40,19.03
Tarapacá,2014,41,18.79
Tarapacá,2014,42,20.26
Tarapacá,2014,43,20.76
Tarapacá,2014,44,19.77
Tarapacá,2014,45,19.84
Tarapacá,2014,46,20.87
Tarapacá,2014,47,20.61
Tarapacá,2014,48,20.6
Tarapacá,2014,49,21.0
Tarapacá,2014,50,21.29
Tarapacá,2014,51,20.97
Tarapacá,2014,52,21.56
Tarapacá,2015,1,22.21
Tarapacá,2015,2,22.97
Tarapacá,2015,3,22.3
Tarapacá,2015,4,22.63
Tarapacá,2015,5,23.89
Tarapacá,2015,6,24.27
Tarapacá,2015,7,25.19
Tarapacá,2015,8,24.9
Tarapacá,2015,9,23.64
Tarapacá,2015,10,23.21
Tarapacá,2015,11,24.57
Tarapacá,2015,12,24.6
Tarapacá,2015,13,24.44
Tarapacá,2015,14,22.47
Tarapacá,2015,15,22.6
Tarapacá,2015,16,22.29
Tarapacá,2015,17,21.17
Tarapacá,2015,18,21.09
Tarapacá,2015,19,21.11
Tarapacá,2015,20,20.49
Tarapacá,2015,21,20.46
Tarapacá,2015,22,19.36
Tarapacá,2015,23,18.96
Tarapacá,2015,24,18.79
Tarapacá,2015,25,18.8
Tarapacá,2015,26,18.67
Tarapacá,2015,27,18.73
Tarapacá,2015,28,17.79
Tarapacá,2015,29,17.63
Tarapacá,2015,30,17.76
Tarapacá,2015,31,17.67
Tarapacá,2015,32,19.14
Tarapacá,2015,33,17.24
Tarapacá,2015,34,19.07
Tarapacá,2015,35,19.14
Tarapacá,2015,36,19.99
Tarapacá,2015,37,19.66
Tarapacá,2015,38,20.1
Tarapacá,2015,39,19.19
Tarapacá,2015,40,20.39
Tarapacá,2015,41,19.54
Tarapacá,2015,42,19.71
Tarapacá,2015,43,21.23
Tarapacá,2015,44,20.53
Tarapacá,2015,45,19.94
Tarapacá,2015,46,20.59
Tarapacá,2015,47,20.86
Tarapacá,2015,48,21.29
Tarapacá,2015,49,21.93
Tarapacá,2015,50,22.51
Tarapacá,2015,51,22.04
Tarapacá,2015,52,23.17
Tarapacá,2015,53,23.37
Tarapacá,2016,1,23.86
Tarapacá,2016,2,23.31
Tarapacá,2016,3,23.81
Tarapacá,2016,4,24.44
Tarapacá,2016,5,24.89
Tarapacá,2016,6,24.37
Tarapacá,2016,7,24.21
Tarapacá,2016,8,25.93
Tarapacá,2016,9,24.86
Tarapacá,2016,10,24.73
Tarapacá,2016,11,23.79
Tarapacá,2016,12,23.51
Tarapacá,2016,13,23.73
Tarapacá,2016,14,22.8
Tarapacá,2016,15,22.04
Tarapacá,2016,16,21.06
Tarapacá,2016,17,20.71
Tarapacá,2016,18,21.2
Tarapacá,2016,19,21.43
Tarapacá,2016,20,19.94
Tarapacá,2016,21,19.93
Tarapacá,2016,22,19.97
Tarapacá,2016,23,18.94
Tarapacá,2016,24,19.26
Tarapacá,2016,25,17.46
Tarapacá,2016,26,18.81
Tarapacá,2016,27,19.5
Tarapacá,2016,28,17.21
Tarapacá,2016,29,18.36
Tarapacá,2016,30,18.01
Tarapacá,2016,31,18.06
Tarapacá,2016,32,18.83
Tarapacá,2016,33,18.64
Tarapacá,2016,34,19.1
Tarapacá,2016,35,18.39
Tarapacá,2016,36,19.87
Tarapacá,2016,37,18.41
Tarapacá,2016,38,19.61
Tarapacá,2016,39,19.13
Tarapacá,2016,40,19.7
Tarapacá,2016,41,20.93
Tarapacá,2016,42,19.36
Tarapacá,2016,43,19.91
Tarapacá,2016,44,20.89
Tarapacá,2016,45,21.51
Tarapacá,2016,46,21.99
Tarapacá,2016,47,20.87
Tarapacá,2016,48,21.94
Tarapacá,2016,49,21.53
Tarapacá,2016,50,22.61
Tarapacá,2016,51,22.77
Tarapacá,2016,52,22.43
Tarapacá,2017,1,22.97
Tarapacá,2017,2,23.86
Tarapacá,2017,3,24.76
Tarapacá,2017,4,25.29
Tarapacá,2017,5,25.06
Tarapacá,2017,6,23.8
Tarapacá,2017,7,23.99
Tarapacá,2017,8,24.36
Tarapacá,2017,9,24.67
Tarapacá,2017,10,23.23
Tarapacá,2017,11,23.04
Tarapacá,2017,12,21.96
Tarapacá,2017,13,21.04
Tarapacá,2017,14,20.0
Tarapacá,2017,15,19.7
Tarapacá,2017,16,20.39
Tarapacá,2017,17,18.76
Tarapacá,2017,18,18.51
Tarapacá,2017,19,20.77
Tarapacá,2017,20,17.8
Tarapacá,2017,21,18.14
Tarapacá,2017,22,16.33
Tarapacá,2017,23,17.29
Tarapacá,2017,24,16.67
Tarapacá,2017,25,16.63
Tarapacá,2017,26,16.36
Tarapacá,2017,27,15.43
Tarapacá,2017,28,15.8
Tarapacá,2017,29,15.49
Tarapacá,2017,30,15.67
Tarapacá,2017,31,15.01
Tarapacá,2017,32,15.33
Tarapacá,2017,33,15.07
Tarapacá,2017,34,15.54
Tarapacá,2017,35,15.57
Tarapacá,2017,36,15.79
Tarapacá,2017,37,15.36
Tarapacá,2017,38,15.8
Tarapacá,2017,39,15.97
Tarapacá,2017,40,16.03
Tarapacá,2017,41,16.0
Tarapacá,2017,42,16.6
Tarapacá,2017,43,16.76
Tarapacá,2017,44,16.36
Tarapacá,2017,45,17.76
Tarapacá,2017,46,18.61
Tarapacá,2017,47,17.96
Tarapacá,2017,48,18.63
Tarapacá,2017,49,18.67
Tarapacá,2017,50,19.41
Tarapacá,2017,51,20.54
Tarapacá,2017,52,21.14
Tarapacá,2018,1,22.0
Tarapacá,2018,2,21.49
Tarapacá,2018,3,21.11
Tarapacá,2018,4,21.51
Tarapacá,2018,5,21.97
Tarapacá,2018,6,23.36
Tarapacá,2018,7,22.96
Tarapacá,2018,8,23.37
Tarapacá,2018,9,22.57
Tarapacá,2018,10,21.77
Tarapacá,2018,11,21.96
Tarapacá,2018,12,21.24
Tarapacá,2018,13,20.11
Tarapacá,2018,14,20.53
Tarapacá,2018,15,20.24
Tarapacá,2018,16,19.99
Tarapacá,2018,17,19.51
Tarapacá,2018,18,18.76
Tarapacá,2018,19,18.31
Tarapacá,2018,20,16.91
Tarapacá,2018,21,16.63
Tarapacá,2018,22,16.53
Tarapacá,2018,23,17.03
Tarapacá,2018,24,16.4
Tarapacá,2018,25,16.1
Tarapacá,2018,26,15.87
Tarapacá,2018,27,15.83
Tarapacá,2018,28,16.54
Tarapacá,2018,29,16.04
Tarapacá,2018,30,15.7
Tarapacá,2018,31,14.79
Tarapacá,2018,32,14.81
Tarapacá,2018,33,14.71
Tarapacá,2018,34,15.13
Tarapacá,2018,35,14.96
Tarapacá,2018,36,15.31
Tarapacá,2018,37,15.81
Tarapacá,2018,38,15.51
Tarapacá,2018,39,16.37
Tarapacá,2018,40,18.01
Tarapacá,2018,41,17.73
Tarapacá,2018,42,16.8
Tarapacá,2018,43,17.47
Tarapacá,2018,44,18.51
Tarapacá,2018,45,18.69
Tarapacá,2018,46,18.77
Tarapacá,2018,47,19.53
Tarapacá,2018,48,20.11
Tarapacá,2018,49,19.61
Tarapacá,2018,50,20.66
Tarapacá,2018,51,20.61
Tarapacá,2018,52,20.5
Tarapacá,2019,1,21.7
Tarapacá,2019,2,22.63
Tarapacá,2019,3,21.86
Tarapacá,2019,4,22.66
Tarapacá,2019,5,24.19
Tarapacá,2019,6,24.2
Tarapacá,2019,7,22.79
Tarapacá,2019,8,22.73
Tarapacá,2019,9,22.33
Tarapacá,2019,10,22.09
Tarapacá,2019,11,21.53
Tarapacá,2019,12,20.9
Tarapacá,2019,13,21.01
Tarapacá,2019,14,21.93
Tarapacá,2019,15,19.71
Tarapacá,2019,16,18.93
Tarapacá,2019,17,19.7
Tarapacá,2019,18,18.57
Tarapacá,2019,19,18.2
Tarapacá,2019,20,17.37
Tarapacá,2019,21,16.4
Tarapacá,2019,22,16.74
Tarapacá,2019,23,16.49
Tarapacá,2019,24,16.37
Tarapacá,2019,25,15.96
Tarapacá,2019,26,16.37
Tarapacá,2019,27,15.61
Tarapacá,2019,28,15.51
Tarapacá,2019,29,15.21
Tarapacá,2019,30,14.81
Tarapacá,2019,31,14.61
Tarapacá,2019,32,14.83
Tarapacá,2019,33,15.23
Tarapacá,2019,34,15.29
Tarapacá,2019,35,15.69
Tarapacá,2019,36,15.96
Tarapacá,2019,37,15.5
Tarapacá,2019,38,15.4
Tarapacá,2019,39,15.96
Tarapacá,2019,40,16.03
Tarapacá,2019,41,16.31
Tarapacá,2019,42,17.27
Tarapacá,2019,43,16.59
Tarapacá,2019,44,17.44
Tarapacá,2019,45,17.89
Tarapacá,2019,46,18.94
Tarapacá,2019,47,19.76
Tarapacá,2019,48,19.67
Tarapacá,2019,49,19.94
Tarapacá,2019,50,19.71
Tarapacá,2019,51,20.54
Tarapacá,2019,52,20.94
Tarapacá,2020,1,21.99
Tarapacá,2020,2,22.17
Tarapacá,2020,3,22.4
Tarapacá,2020,4,24.19
Tarapacá,2020,5,23.43
Tarapacá,2020,6,22.01
Tarapacá,2020,7,22.8
Tarapacá,2020,8,23.07
Tarapacá,2020,9,23.34
Tarapacá,2020,10,22.07
Tarapacá,2020,11,22.66
Tarapacá,2020,12,22.8
Tarapacá,2020,13,21.33
Tarapacá,2020,14,21.4
Tarapacá,2020,15,21.67
Tarapacá,2020,16,20.27
Tarapacá,2020,17,19.11
Tarapacá,2020,18,18.69
Tarapacá,2020,19,18.4
Tarapacá,2020,20,17.73
Tarapacá,2020,21,16.96
Tarapacá,2020,22,18.81
Tarapacá,2020,23,17.47
Tarapacá,2020,24,17.06
Tarapacá,2020,25,16.56
Tarapacá,2020,26,16.29
Tarapacá,2020,27,15.83
Tarapacá,2020,28,15.13
Tarapacá,2020,29,15.41
Tarapacá,2020,30,15.13
Tarapacá,2020,31,14.93
Tarapacá,2020,32,15.51
Tarapacá,2020,33,15.34
Tarapacá,2020,34,15.06
Tarapacá,2020,35,15.4
Tarapacá,2020,36,14.93
Tarapacá,2020,37,15.1
Tarapacá,2020,38,15.63
Tarapacá,2020,39,15.84
Tarapacá,2020,40,16.0
Tarapacá,2020,41,16.5
Tarapacá,2020,42,17.14
Tarapacá,2020,43,17.16
Tarapacá,2020,44,17.03
Tarapacá,2020,45,17.11
Tarapacá,2020,46,17.66
Tarapacá,2020,47,17.3
Tarapacá,2020,48,18.43
Tarapacá,2020,49,19.37
Tarapacá,2020,50,19.31
Tarapacá,2020,51,19.93
Tarapacá,2020,52,20.71
Tarapacá,2020,53,22.09
Tarapacá,2021,1,21.76
Tarapacá,2021,2,21.07
Tarapacá,2021,3,20.99
Tarapacá,2021,4,20.8
Tarapacá,2021,5,21.57
Tarapacá,2021,6,22.71
Tarapacá,2021,7,21.37
Tarapacá,2021,8,21.53
Tarapacá,2021,9,22.73
Tarapacá,2021,10,22.16
Tarapacá,2021,11,21.33
Tarapacá,2021,12,20.2
Tarapacá,2021,13,19.61
Tarapacá,2021,14,19.41
Tarapacá,2021,15,18.93
Tarapacá,2021,16,19.19
Tarapacá,2021,17,18.24
Tarapacá,2021,18,18.01
Tarapacá,2021,19,17.84
Tarapacá,2021,20,17.07
Tarapacá,2021,21,17.79
Tarapacá,2021,22,16.73
Tarapacá,2021,23,15.79
Tarapacá,2021,24,16.61
Tarapacá,2021,25,15.97
Tarapacá,2021,26,15.17
Tarapacá,2021,27,15.7
Tarapacá,2021,28,15.36
Tarapacá,2021,29,15.44
Tarapacá,2021,30,15.11
Tarapacá,2021,31,15.3
Tarapacá,2021,32,14.93
Tarapacá,2021,33,15.19
Tarapacá,2021,34,15.04
Tarapacá,2021,35,15.29
Tarapacá,2021,36,15.06
Tarapacá,2021,37,15.04
Tarapacá,2021,38,15.43
Tarapacá,2021,39,15.83
Tarapacá,2021,40,15.91
Tarapacá,2021,41,15.67
Tarapacá,2021,42,15.49
Tarapacá,2021,43,16.57
Tarapacá,2021,44,16.96
Tarapacá,2021,45,17.03
Tarapacá,2021,46,17.39
Tarapacá,2021,47,17.89
Tarapacá,2021,48,18.44
Tarapacá,2021,49,19.04
Tarapacá,2021,50,19.19
Tarapacá,2021,51,20.99
Tarapacá,2021,52,20.57
Tarapacá,2022,1,21.19
Tarapacá,2022,2,21.57
Tarapacá,2022,3,20.87
Tarapacá,2022,4,20.27
Tarapacá,2022,5,20.13
Tarapacá,2022,6,20.17
Tarapacá,2022,7,21.41
Tarapacá,2022,8,21.7
Tarapacá,2022,9,22.31
Tarapacá,2022,10,21.73
Tarapacá,2022,11,20.43
Tarapacá,2022,12,18.73
Tarapacá,2022,13,18.36
Tarapacá,2022,14,17.99
Tarapacá,2022,15,17.34
Tarapacá,2022,16,18.16
Tarapacá,2022,17,17.39
Tarapacá,2022,18,17.01
Tarapacá,2022,19,16.29
Tarapacá,2022,20,16.43
Tarapacá,2022,21,15.69
Tarapacá,2022,22,16.36
Tarapacá,2022,23,15.57
Tarapacá,2022,24,14.86
Tarapacá,2022,25,14.99
Tarapacá,2022,26,15.16
Tarapacá,2022,27,15.14
Tarapacá,2022,28,14.64
Tarapacá,2022,29,14.64
Tarapacá,2022,30,14.66
Tarapacá,2022,31,14.74
Tarapacá,2022,32,14.36
Tarapacá,2022,33,14.21
Tarapacá,2022,34,14.33
Tarapacá,2022,35,14.51
Tarapacá,2022,36,14.44
Tarapacá,2022,37,14.34
Tarapacá,2022,38,14.31
Tarapacá,2022,39,14.47
Tarapacá,2022,40,14.83
Tarapacá,2022,41,15.24
Tarapacá,2022,42,15.5
Tarapacá,2022,43,15.74
Tarapacá,2022,44,16.2
Tarapacá,2022,45,17.3
Tarapacá,2022,46,18.26
Tarapacá,2022,47,19.2
Tarapacá,2022,48,19.0
Tarapacá,2022,49,19.71
Tarapacá,2022,50,21.6
Tarapacá,2022,51,20.63
Tarapacá,2022,52,20.66
Tarapacá,2023,1,20.8
Tarapacá,2023,2,20.67
Tarapacá,2023,3,21.43
Tarapacá,2023,4,22.54
Tarapacá,2023,5,23.46
Tarapacá,2023,6,23.14
Tarapacá,2023,7,24.33
Tarapacá,2023,8,22.67
Tarapacá,2023,9,22.13
Tarapacá,2023,10,24.3
Tarapacá,2023,11,22.8
Tarapacá,2023,12,23.53
Tarapacá,2023,13,23.74
Tarapacá,2023,14,23.11
Tarapacá,2023,15,20.83
Tarapacá,2023,16,20.09
Tarapacá,2023,17,19.69
Tarapacá,2023,18,18.67
Tarapacá,2023,19,18.59
Tarapacá,2023,20,18.76
Tarapacá,2023,21,18.06
Tarapacá,2023,22,17.54
Tarapacá,2023,23,17.17
Tarapacá,2023,24,16.46
Tarapacá,2023,25,17.37
Tarapacá,2023,26,17.44
Tarapacá,2023,27,16.41
Tarapacá,2023,28,17.01
Tarapacá,2023,29,16.69
Tarapacá,2023,30,17.41
Tarapacá,2023,31,17.5
Tarapacá,2023,32,17.36
Tarapacá,2023,33,17.33
Tarapacá,2023,34,17.24
Tarapacá,2023,35,17.54
Tarapacá,2023,36,17.6
Tarapacá,2023,37,17.64
Tarapacá,2023,38,17.96
Tarapacá,2023,39,18.01
Tarapacá,2023,40,17.84
Tarapacá,2023,41,17.4
Tarapacá,2023,42,18.81
Tarapacá,2023,43,18.43
Tarapacá,2023,44,18.1
Tarapacá,2023,45,18.86
Tarapacá,2023,46,18.16
Tarapacá,2023,47,18.94
Tarapacá,2023,48,19.26
Tarapacá,2023,49,19.2
Tarapacá,2023,50,20.91
Tarapacá,2023,51,20.76
Tarapacá,2023,52,21.71
Tarapacá,2024,1,21.14
Tarapacá,2024,2,21.96
Tarapacá,2024,3,22.99
Tarapacá,2024,4,23.16
Tarapacá,2024,5,22.63
Tarapacá,2024,6,24.76
Tarapacá,2024,7,23.14
Tarapacá,2024,8,24.57
Tarapacá,2024,9,22.67
Tarapacá,2024,10,22.03
Tarapacá,2024,11,21.66
Tarapacá,2024,12,21.87
Tarapacá,2024,13,21.91
Tarapacá,2024,14,20.84
Tarapacá,2024,15,20.73
Tarapacá,2024,16,20.49
Tarapacá,2024,17,19.43
Tarapacá,2024,18,19.13
Tarapacá,2024,19,17.67
Tarapacá,2024,20,17.49
Tarapacá,2024,21,16.74
Tarapacá,2024,22,16.16
Tarapacá,2024,23,16.67
Tarapacá,2024,24,16.66
Tarapacá,2024,25,15.97
Tarapacá,2024,26,15.83
Tarapacá,2024,27,15.63
Tarapacá,2024,28,14.59
Tarapacá,2024,29,15.24
Tarapacá,2024,30,15.29
Tarapacá,2024,31,15.76
Tarapacá,2024,32,14.74
Tarapacá,2024,33,15.14
Tarapacá,2024,34,15.33
Tarapacá,2024,35,14.89
Tarapacá,2024,36,15.4
Tarapacá,2024,37,15.6
Tarapacá,2024,38,16.04
Tarapacá,2024,39,16.03
Tarapacá,2024,40,17.01
Tarapacá,2024,41,17.83
Tarapacá,2024,42,17.11
Tarapacá,2024,43,16.94
Tarapacá,2024,44,17.67
Tarapacá,2024,45,18.13
Tarapacá,2024,46,18.94
Tarapacá,2024,47,18.97
Tarapacá,2024,48,20.11
Tarapacá,2024,49,18.83
Tarapacá,2024,50,18.67
Tarapacá,2024,51,19.33
Tarapacá,2024,52,20.14
Tarapacá,2025,1,21.21
Tarapacá,2025,2,21.2
Tarapacá,2025,3,21.93
Tarapacá,2025,4,22.1
Tarapacá,2025,5,22.47
Tarapacá,2025,6,23.61
Tarapacá,2025,7,24.73
Tarapacá,2025,8,23.34
Tarapacá,2025,9,23.71
Tarapacá,2025,10,22.4
Tarapacá,2025,11,22.04
Tarapacá,2025,12,20.94
Tarapacá,2025,13,21.63
Tarapacá,2025,14,20.46
Tarapacá,2025,15,19.86
Tarapacá,2025,16,18.63
Tarapacá,2025,17,19.11
Tarapacá,2025,18,18.06
Tarapacá,2025,19,17.74
Tarapacá,2025,20,17.64
Tarapacá,2025,21,17.5
Tarapacá,2025,22,16.31
Tarapacá,2025,23,16.59
Tarapacá,2025,24,17.01
Tarapacá,2025,25,15.66
Tarapacá,2025,26,16.14
Tarapacá,2025,27,15.51
Tarapacá,2025,28,15.19
Tarapacá,2025,29,14.73
Tarapacá,2025,30,14.84
Tarapacá,2025,31,16.13
Tarapacá,2025,32,15.23
Tarapacá,2025,33,15.3
Tarapacá,2025,34,15.57
Tarapacá,2025,35,14.87
Tarapacá,2025,36,15.31
Tarapacá,2025,37,15.91
Tarapacá,2025,38,15.8
Tarapacá,2025,39,16.31
Tarapacá,2025,40,16.33
Tarapacá,2025,41,16.87
Tarapacá,2025,42,16.71
Tarapacá,2025,43,17.37
Tarapacá,2025,44,17.67
Tarapacá,2025,45,17.6
Tarapacá,2025,46,17.4
Tarapacá,2025,47,18.83
Tarapacá,2025,48,18.76
Tarapacá,2025,49,19.56
Tarapacá,2025,50,19.41
Tarapacá,2025,51,20.64
Tarapacá,2025,52,21.09
Tarapacá,2026,1,20.51
Tarapacá,2026,2,22.0
Tarapacá,2026,3,22.69
Tarapacá,2026,4,23.9
Tarapacá,2026,5,23.33
Tarapacá,2026,6,24.24
Tarapacá,2026,7,24.23
Tarapacá,2026,8,24.96
Tarapacá,2026,9,24.56
Tarapacá,2026,10,23.26
Tarapacá,2026,11,23.04
Tarapacá,2026,12,22.51
Tarapacá,2026,13,21.3
Tarapacá,2026,14,22.13
Tarapacá,2026,15,21.51
Tarapacá,2026,16,20.81
Tarapacá,2026,17,19.81
Tarapacá,2026,18,17.9
Tarapacá,2026,19,19.27
Tarapacá,2026,20,18.29
Tarapacá,2026,21,17.34
Tarapacá,2026,22,17.59
Tarapacá,2026,23,17.73
Tarapacá,2026,24,17.44
Tarapacá,2026,25,17.0
Valparaíso,2014,1,18.64
Valparaíso,2014,2,18.44
Valparaíso,2014,3,19.16
Valparaíso,2014,4,18.96
Valparaíso,2014,5,18.93
Valparaíso,2014,6,17.8
Valparaíso,2014,7,17.84
Valparaíso,2014,8,18.0
Valparaíso,2014,9,17.49
Valparaíso,2014,10,17.5
Valparaíso,2014,11,16.29
Valparaíso,2014,12,16.81
Valparaíso,2014,13,15.9
Valparaíso,2014,14,15.01
Valparaíso,2014,15,15.69
Valparaíso,2014,16,15.76
Valparaíso,2014,17,14.56
Valparaíso,2014,18,14.27
Valparaíso,2014,19,14.97
Valparaíso,2014,20,14.6
Valparaíso,2014,21,12.39
Valparaíso,2014,22,12.96
Valparaíso,2014,23,11.37
Valparaíso,2014,24,12.27
Valparaíso,2014,25,13.64
Valparaíso,2014,26,11.49
Valparaíso,2014,27,10.91
Valparaíso,2014,28,12.26
Valparaíso,2014,29,13.16
Valparaíso,2014,30,11.37
Valparaíso,2014,31,13.59
Valparaíso,2014,32,12.19
Valparaíso,2014,33,13.27
Valparaíso,2014,34,12.59
Valparaíso,2014,35,12.67
Valparaíso,2014,36,12.9
Valparaíso,2014,37,12.43
Valparaíso,2014,38,13.77
Valparaíso,2014,39,12.74
Valparaíso,2014,40,14.13
Valparaíso,2014,41,14.44
Valparaíso,2014,42,14.86
Valparaíso,2014,43,17.07
Valparaíso,2014,44,15.03
Valparaíso,2014,45,15.04
Valparaíso,2014,46,15.96
Valparaíso,2014,47,15.57
Valparaíso,2014,48,15.19
Valparaíso,2014,49,16.39
Valparaíso,2014,50,16.56
Valparaíso,2014,51,16.3
Valparaíso,2014,52,17.2
Valparaíso,2015,1,17.56
Valparaíso,2015,2,18.64
Valparaíso,2015,3,18.69
Valparaíso,2015,4,18.97
Valparaíso,2015,5,18.79
Valparaíso,2015,6,18.39
Valparaíso,2015,7,19.14
Valparaíso,2015,8,17.9
Valparaíso,2015,9,18.34
Valparaíso,2015,10,18.81
Valparaíso,2015,11,19.34
Valparaíso,2015,12,19.13
Valparaíso,2015,13,19.19
Valparaíso,2015,14,18.06
Valparaíso,2015,15,18.19
Valparaíso,2015,16,16.41
Valparaíso,2015,17,15.94
Valparaíso,2015,18,16.03
Valparaíso,2015,19,15.2
Valparaíso,2015,20,15.11
Valparaíso,2015,21,14.29
Valparaíso,2015,22,13.64
Valparaíso,2015,23,14.77
Valparaíso,2015,24,12.27
Valparaíso,2015,25,13.19
Valparaíso,2015,26,13.31
Valparaíso,2015,27,12.49
Valparaíso,2015,28,12.73
Valparaíso,2015,29,11.16
Valparaíso,2015,30,12.1
Valparaíso,2015,31,12.67
Valparaíso,2015,32,13.27
Valparaíso,2015,33,11.5
Valparaíso,2015,34,13.21
Valparaíso,2015,35,14.16
Valparaíso,2015,36,15.39
Valparaíso,2015,37,13.07
Valparaíso,2015,38,13.11
Valparaíso,2015,39,12.97
Valparaíso,2015,40,14.39
Valparaíso,2015,41,12.87
Valparaíso,2015,42,13.29
Valparaíso,2015,43,14.23
Valparaíso,2015,44,15.43
Valparaíso,2015,45,15.07
Valparaíso,2015,46,15.83
Valparaíso,2015,47,14.94
Valparaíso,2015,48,16.23
Valparaíso,2015,49,17.04
Valparaíso,2015,50,17.24
Valparaíso,2015,51,17.44
Valparaíso,2015,52,17.97
Valparaíso,2015,53,18.67
Valparaíso,2016,1,19.56
Valparaíso,2016,2,19.99
Valparaíso,2016,3,19.96
Valparaíso,2016,4,20.06
Valparaíso,2016,5,19.74
Valparaíso,2016,6,19.67
Valparaíso,2016,7,18.83
Valparaíso,2016,8,19.04
Valparaíso,2016,9,18.71
Valparaíso,2016,10,18.86
Valparaíso,2016,11,18.5
Valparaíso,2016,12,18.13
Valparaíso,2016,13,17.4
Valparaíso,2016,14,16.44
Valparaíso,2016,15,16.2
Valparaíso,2016,16,15.27
Valparaíso,2016,17,15.16
Valparaíso,2016,18,15.34
Valparaíso,2016,19,14.81
Valparaíso,2016,20,14.54
Valparaíso,2016,21,14.3
Valparaíso,2016,22,12.56
Valparaíso,2016,23,12.61
Valparaíso,2016,24,13.04
Valparaíso,2016,25,12.14
Valparaíso,2016,26,12.0
Valparaíso,2016,27,11.96
Valparaíso,2016,28,11.97
Valparaíso,2016,29,13.0
Valparaíso,2016,30,12.51
Valparaíso,2016,31,12.77
Valparaíso,2016,32,13.63
Valparaíso,2016,33,13.3
Valparaíso,2016,34,12.99
Valparaíso,2016,35,12.04
Valparaíso,2016,36,14.29
Valparaíso,2016,37,13.94
Valparaíso,2016,38,14.91
Valparaíso,2016,39,14.43
Valparaíso,2016,40,15.24
Valparaíso,2016,41,14.29
Valparaíso,2016,42,13.8
Valparaíso,2016,43,16.44
Valparaíso,2016,44,17.1
Valparaíso,2016,45,16.64
Valparaíso,2016,46,16.87
Valparaíso,2016,47,16.67
Valparaíso,2016,48,18.04
Valparaíso,2016,49,17.76
Valparaíso,2016,50,18.46
Valparaíso,2016,51,17.9
Valparaíso,2016,52,17.87
Valparaíso,2017,1,17.76
Valparaíso,2017,2,18.39
Valparaíso,2017,3,19.43
Valparaíso,2017,4,19.93
Valparaíso,2017,5,18.3
Valparaíso,2017,6,17.43
Valparaíso,2017,7,17.86
Valparaíso,2017,8,19.36
Valparaíso,2017,9,19.4
Valparaíso,2017,10,18.2
Valparaíso,2017,11,16.34
Valparaíso,2017,12,16.29
Valparaíso,2017,13,16.47
Valparaíso,2017,14,16.01
Valparaíso,2017,15,15.93
Valparaíso,2017,16,16.3
Valparaíso,2017,17,15.73
Valparaíso,2017,18,14.2
Valparaíso,2017,19,15.26
Valparaíso,2017,20,12.96
Valparaíso,2017,21,12.7
Valparaíso,2017,22,12.79
Valparaíso,2017,23,12.1
Valparaíso,2017,24,11.77
Valparaíso,2017,25,13.86
Valparaíso,2017,26,13.61
Valparaíso,2017,27,12.43
Valparaíso,2017,28,11.23
Valparaíso,2017,29,12.73
Valparaíso,2017,30,11.03
Valparaíso,2017,31,10.97
Valparaíso,2017,32,11.46
Valparaíso,2017,33,12.09
Valparaíso,2017,34,11.7
Valparaíso,2017,35,11.49
Valparaíso,2017,36,11.26
Valparaíso,2017,37,12.27
Valparaíso,2017,38,13.14
Valparaíso,2017,39,12.74
Valparaíso,2017,40,12.89
Valparaíso,2017,41,12.67
Valparaíso,2017,42,13.79
Valparaíso,2017,43,13.17
Valparaíso,2017,44,13.37
Valparaíso,2017,45,15.91
Valparaíso,2017,46,14.77
Valparaíso,2017,47,15.1
Valparaíso,2017,48,14.66
Valparaíso,2017,49,15.51
Valparaíso,2017,50,17.26
Valparaíso,2017,51,16.67
Valparaíso,2017,52,16.87
Valparaíso,2018,1,17.46
Valparaíso,2018,2,16.84
Valparaíso,2018,3,17.41
Valparaíso,2018,4,17.6
Valparaíso,2018,5,17.19
Valparaíso,2018,6,18.01
Valparaíso,2018,7,17.54
Valparaíso,2018,8,17.81
Valparaíso,2018,9,17.19
Valparaíso,2018,10,17.26
Valparaíso,2018,11,16.3
Valparaíso,2018,12,16.4
Valparaíso,2018,13,16.0
Valparaíso,2018,14,14.9
Valparaíso,2018,15,14.9
Valparaíso,2018,16,15.17
Valparaíso,2018,17,14.3
Valparaíso,2018,18,14.14
Valparaíso,2018,19,14.24
Valparaíso,2018,20,14.76
Valparaíso,2018,21,13.06
Valparaíso,2018,22,11.4
Valparaíso,2018,23,13.0
Valparaíso,2018,24,11.41
Valparaíso,2018,25,11.24
Valparaíso,2018,26,12.26
Valparaíso,2018,27,12.9
Valparaíso,2018,28,12.14
Valparaíso,2018,29,9.74
Valparaíso,2018,30,9.64
Valparaíso,2018,31,10.06
Valparaíso,2018,32,12.59
Valparaíso,2018,33,12.31
Valparaíso,2018,34,10.89
Valparaíso,2018,35,11.9
Valparaíso,2018,36,13.8
Valparaíso,2018,37,12.21
Valparaíso,2018,38,13.59
Valparaíso,2018,39,13.16
Valparaíso,2018,40,12.86
Valparaíso,2018,41,12.2
Valparaíso,2018,42,13.03
Valparaíso,2018,43,14.76
Valparaíso,2018,44,14.54
Valparaíso,2018,45,16.47
Valparaíso,2018,46,16.44
Valparaíso,2018,47,16.7
Valparaíso,2018,48,15.56
Valparaíso,2018,49,16.57
Valparaíso,2018,50,16.71
Valparaíso,2018,51,16.44
Valparaíso,2018,52,16.29
Valparaíso,2019,1,16.87
Valparaíso,2019,2,16.3
Valparaíso,2019,3,17.07
Valparaíso,2019,4,17.57
Valparaíso,2019,5,17.49
Valparaíso,2019,6,17.56
Valparaíso,2019,7,17.94
Valparaíso,2019,8,18.33
Valparaíso,2019,9,16.7
Valparaíso,2019,10,16.83
Valparaíso,2019,11,16.59
Valparaíso,2019,12,16.07
Valparaíso,2019,13,14.29
Valparaíso,2019,14,16.26
Valparaíso,2019,15,14.54
Valparaíso,2019,16,14.8
Valparaíso,2019,17,14.09
Valparaíso,2019,18,15.37
Valparaíso,2019,19,13.2
Valparaíso,2019,20,13.19
Valparaíso,2019,21,12.06
Valparaíso,2019,22,13.81
Valparaíso,2019,23,13.2
Valparaíso,2019,24,11.57
Valparaíso,2019,25,13.03
Valparaíso,2019,26,11.01
Valparaíso,2019,27,11.69
Valparaíso,2019,28,11.29
Valparaíso,2019,29,11.86
Valparaíso,2019,30,10.29
Valparaíso,2019,31,13.36
Valparaíso,2019,32,10.13
Valparaíso,2019,33,12.83
Valparaíso,2019,34,13.67
Valparaíso,2019,35,14.17
Valparaíso,2019,36,11.8
Valparaíso,2019,37,12.11
Valparaíso,2019,38,12.07
Valparaíso,2019,39,11.8
Valparaíso,2019,40,11.73
Valparaíso,2019,41,16.09
Valparaíso,2019,42,13.06
Valparaíso,2019,43,14.23
Valparaíso,2019,44,13.77
Valparaíso,2019,45,15.21
Valparaíso,2019,46,16.03
Valparaíso,2019,47,16.73
Valparaíso,2019,48,15.69
Valparaíso,2019,49,15.63
Valparaíso,2019,50,16.29
Valparaíso,2019,51,17.13
Valparaíso,2019,52,16.93
Valparaíso,2020,1,16.13
Valparaíso,2020,2,17.07
Valparaíso,2020,3,17.14
Valparaíso,2020,4,18.07
Valparaíso,2020,5,18.09
Valparaíso,2020,6,17.36
Valparaíso,2020,7,17.27
Valparaíso,2020,8,17.0
Valparaíso,2020,9,17.01
Valparaíso,2020,10,17.66
Valparaíso,2020,11,17.87
Valparaíso,2020,12,16.01
Valparaíso,2020,13,17.09
Valparaíso,2020,14,16.7
Valparaíso,2020,15,14.86
Valparaíso,2020,16,15.73
Valparaíso,2020,17,16.09
Valparaíso,2020,18,15.3
Valparaíso,2020,19,15.83
Valparaíso,2020,20,15.17
Valparaíso,2020,21,14.93
Valparaíso,2020,22,14.74
Valparaíso,2020,23,11.74
Valparaíso,2020,24,12.53
Valparaíso,2020,25,13.24
Valparaíso,2020,26,11.99
Valparaíso,2020,27,12.51
Valparaíso,2020,28,12.21
Valparaíso,2020,29,13.9
Valparaíso,2020,30,11.6
Valparaíso,2020,31,12.27
Valparaíso,2020,32,12.87
Valparaíso,2020,33,10.33
Valparaíso,2020,34,11.04
Valparaíso,2020,35,11.3
Valparaíso,2020,36,11.37
Valparaíso,2020,37,12.4
Valparaíso,2020,38,13.14
Valparaíso,2020,39,12.86
Valparaíso,2020,40,11.41
Valparaíso,2020,41,13.51
Valparaíso,2020,42,13.07
Valparaíso,2020,43,13.04
Valparaíso,2020,44,13.07
Valparaíso,2020,45,13.79
Valparaíso,2020,46,13.93
Valparaíso,2020,47,14.04
Valparaíso,2020,48,15.8
Valparaíso,2020,49,14.69
Valparaíso,2020,50,15.49
Valparaíso,2020,51,15.37
Valparaíso,2020,52,15.76
Valparaíso,2020,53,16.74
Valparaíso,2021,1,16.09
Valparaíso,2021,2,16.4
Valparaíso,2021,3,16.27
Valparaíso,2021,4,17.41
Valparaíso,2021,5,16.84
Valparaíso,2021,6,17.41
Valparaíso,2021,7,16.73
Valparaíso,2021,8,16.71
Valparaíso,2021,9,16.96
Valparaíso,2021,10,17.04
Valparaíso,2021,11,16.07
Valparaíso,2021,12,15.99
Valparaíso,2021,13,15.09
Valparaíso,2021,14,16.04
Valparaíso,2021,15,15.19
Valparaíso,2021,16,14.5
Valparaíso,2021,17,14.11
Valparaíso,2021,18,15.33
Valparaíso,2021,19,13.94
Valparaíso,2021,20,13.74
Valparaíso,2021,21,14.44
Valparaíso,2021,22,14.87
Valparaíso,2021,23,14.21
Valparaíso,2021,24,12.4
Valparaíso,2021,25,11.8
Valparaíso,2021,26,11.87
Valparaíso,2021,27,11.31
Valparaíso,2021,28,11.69
Valparaíso,2021,29,11.74
Valparaíso,2021,30,11.47
Valparaíso,2021,31,11.36
Valparaíso,2021,32,10.19
Valparaíso,2021,33,12.63
Valparaíso,2021,34,11.47
Valparaíso,2021,35,12.13
Valparaíso,2021,36,11.97
Valparaíso,2021,37,12.19
Valparaíso,2021,38,13.07
Valparaíso,2021,39,13.11
Valparaíso,2021,40,12.51
Valparaíso,2021,41,13.04
Valparaíso,2021,42,13.81
Valparaíso,2021,43,14.64
Valparaíso,2021,44,13.53
Valparaíso,2021,45,14.1
Valparaíso,2021,46,14.2
Valparaíso,2021,47,15.01
Valparaíso,2021,48,15.16
Valparaíso,2021,49,15.51
Valparaíso,2021,50,15.86
Valparaíso,2021,51,16.47
Valparaíso,2021,52,17.01
Valparaíso,2022,1,17.13
Valparaíso,2022,2,17.54
Valparaíso,2022,3,16.33
Valparaíso,2022,4,16.54
Valparaíso,2022,5,17.23
Valparaíso,2022,6,17.31
Valparaíso,2022,7,17.47
Valparaíso,2022,8,17.63
Valparaíso,2022,9,16.7
Valparaíso,2022,10,16.27
Valparaíso,2022,11,16.14
Valparaíso,2022,12,15.69
Valparaíso,2022,13,14.94
Valparaíso,2022,14,14.31
Valparaíso,2022,15,13.64
Valparaíso,2022,16,14.26
Valparaíso,2022,17,13.84
Valparaíso,2022,18,13.59
Valparaíso,2022,19,13.3
Valparaíso,2022,20,12.9
Valparaíso,2022,21,12.23
Valparaíso,2022,22,11.23
Valparaíso,2022,23,12.16
Valparaíso,2022,24,11.66
Valparaíso,2022,25,12.64
Valparaíso,2022,26,12.07
Valparaíso,2022,27,11.1
Valparaíso,2022,28,10.29
Valparaíso,2022,29,11.87
Valparaíso,2022,30,11.97
Valparaíso,2022,31,11.04
Valparaíso,2022,32,11.34
Valparaíso,2022,33,11.84
Valparaíso,2022,34,12.69
Valparaíso,2022,35,11.91
Valparaíso,2022,36,11.24
Valparaíso,2022,37,11.86
Valparaíso,2022,38,11.86
Valparaíso,2022,39,12.31
Valparaíso,2022,40,13.21
Valparaíso,2022,41,12.84
Valparaíso,2022,42,13.07
Valparaíso,2022,43,13.94
Valparaíso,2022,44,13.94
Valparaíso,2022,45,14.27
Valparaíso,2022,46,16.39
Valparaíso,2022,47,15.26
Valparaíso,2022,48,15.14
Valparaíso,2022,49,18.01
Valparaíso,2022,50,16.9
Valparaíso,2022,51,17.04
Valparaíso,2022,52,17.19
Valparaíso,2023,1,17.19
Valparaíso,2023,2,16.93
Valparaíso,2023,3,16.47
Valparaíso,2023,4,17.24
Valparaíso,2023,5,17.56
Valparaíso,2023,6,18.69
Valparaíso,2023,7,18.11
Valparaíso,2023,8,17.47
Valparaíso,2023,9,17.46
Valparaíso,2023,10,17.09
Valparaíso,2023,11,18.81
Valparaíso,2023,12,18.49
Valparaíso,2023,13,17.8
Valparaíso,2023,14,16.79
Valparaíso,2023,15,15.69
Valparaíso,2023,16,15.17
Valparaíso,2023,17,14.33
Valparaíso,2023,18,12.26
Valparaíso,2023,19,16.26
Valparaíso,2023,20,14.49
Valparaíso,2023,21,13.81
Valparaíso,2023,22,14.29
Valparaíso,2023,23,13.2
Valparaíso,2023,24,12.29
Valparaíso,2023,25,14.56
Valparaíso,2023,26,14.04
Valparaíso,2023,27,12.54
Valparaíso,2023,28,12.21
Valparaíso,2023,29,13.16
Valparaíso,2023,30,13.7
Valparaíso,2023,31,14.27
Valparaíso,2023,32,14.14
Valparaíso,2023,33,13.69
Valparaíso,2023,34,12.83
Valparaíso,2023,35,13.04
Valparaíso,2023,36,13.23
Valparaíso,2023,37,13.36
Valparaíso,2023,38,13.01
Valparaíso,2023,39,12.34
Valparaíso,2023,40,12.83
Valparaíso,2023,41,13.56
Valparaíso,2023,42,14.11
Valparaíso,2023,43,13.5
Valparaíso,2023,44,13.59
Valparaíso,2023,45,14.43
Valparaíso,2023,46,13.54
Valparaíso,2023,47,15.17
Valparaíso,2023,48,15.24
Valparaíso,2023,49,16.43
Valparaíso,2023,50,15.5
Valparaíso,2023,51,16.01
Valparaíso,2023,52,16.87
Valparaíso,2024,1,17.69
Valparaíso,2024,2,17.5
Valparaíso,2024,3,17.49
Valparaíso,2024,4,17.34
Valparaíso,2024,5,19.9
Valparaíso,2024,6,18.63
Valparaíso,2024,7,18.16
Valparaíso,2024,8,18.56
Valparaíso,2024,9,18.66
Valparaíso,2024,10,17.19
Valparaíso,2024,11,16.7
Valparaíso,2024,12,17.96
Valparaíso,2024,13,17.84
Valparaíso,2024,14,16.41
Valparaíso,2024,15,14.36
Valparaíso,2024,16,16.47
Valparaíso,2024,17,14.07
Valparaíso,2024,18,12.31
Valparaíso,2024,19,10.96
Valparaíso,2024,20,10.66
Valparaíso,2024,21,12.01
Valparaíso,2024,22,13.51
Valparaíso,2024,23,13.83
Valparaíso,2024,24,13.21
Valparaíso,2024,25,12.34
Valparaíso,2024,26,11.96
Valparaíso,2024,27,11.27
Valparaíso,2024,28,8.27
Valparaíso,2024,29,10.64
Valparaíso,2024,30,11.46
Valparaíso,2024,31,12.07
Valparaíso,2024,32,11.34
Valparaíso,2024,33,11.9
Valparaíso,2024,34,9.77
Valparaíso,2024,35,11.74
Valparaíso,2024,36,11.74
Valparaíso,2024,37,12.84
Valparaíso,2024,38,12.67
Valparaíso,2024,39,12.84
Valparaíso,2024,40,13.9
Valparaíso,2024,41,14.2
Valparaíso,2024,42,14.31
Valparaíso,2024,43,14.56
Valparaíso,2024,44,14.56
Valparaíso,2024,45,16.14
Valparaíso,2024,46,15.44
Valparaíso,2024,47,15.33
Valparaíso,2024,48,15.49
Valparaíso,2024,49,15.07
Valparaíso,2024,50,15.73
Valparaíso,2024,51,17.16
Valparaíso,2024,52,16.5
Valparaíso,2025,1,17.56
Valparaíso,2025,2,18.4
Valparaíso,2025,3,18.34
Valparaíso,2025,4,17.63
Valparaíso,2025,5,17.29
Valparaíso,2025,6,18.41
Valparaíso,2025,7,17.0
Valparaíso,2025,8,17.0
Valparaíso,2025,9,17.83
Valparaíso,2025,10,18.17
Valparaíso,2025,11,16.89
Valparaíso,2025,12,17.1
Valparaíso,2025,13,15.83
Valparaíso,2025,14,15.37
Valparaíso,2025,15,14.9
Valparaíso,2025,16,14.46
Valparaíso,2025,17,15.37
Valparaíso,2025,18,13.96
Valparaíso,2025,19,14.3
Valparaíso,2025,20,13.13
Valparaíso,2025,21,14.81
Valparaíso,2025,22,13.06
Valparaíso,2025,23,11.94
Valparaíso,2025,24,12.17
Valparaíso,2025,25,11.76
Valparaíso,2025,26,10.04
Valparaíso,2025,27,13.09
Valparaíso,2025,28,10.93
Valparaíso,2025,29,12.43
Valparaíso,2025,30,12.51
Valparaíso,2025,31,13.03
Valparaíso,2025,32,13.59
Valparaíso,2025,33,14.47
Valparaíso,2025,34,11.93
Valparaíso,2025,35,13.24
Valparaíso,2025,36,11.73
Valparaíso,2025,37,13.61
Valparaíso,2025,38,13.4
Valparaíso,2025,39,13.91
Valparaíso,2025,40,14.04
Valparaíso,2025,41,14.04
Valparaíso,2025,42,14.61
Valparaíso,2025,43,14.34
Valparaíso,2025,44,14.36
Valparaíso,2025,45,14.47
Valparaíso,2025,46,15.26
Valparaíso,2025,47,16.76
Valparaíso,2025,48,16.13
Valparaíso,2025,49,17.51
Valparaíso,2025,50,17.46
Valparaíso,2025,51,17.14
Valparaíso,2025,52,17.59
Valparaíso,2026,1,17.26
Valparaíso,2026,2,18.27
Valparaíso,2026,3,18.33
Valparaíso,2026,4,17.2
Valparaíso,2026,5,18.69
Valparaíso,2026,6,19.8
Valparaíso,2026,7,18.73
Valparaíso,2026,8,18.36
Valparaíso,2026,9,17.97
Valparaíso,2026,10,17.83
Valparaíso,2026,11,18.2
Valparaíso,2026,12,16.76
Valparaíso,2026,13,14.94
Valparaíso,2026,14,16.5
Valparaíso,2026,15,14.86
Valparaíso,2026,16,15.83
Valparaíso,2026,17,14.0
Valparaíso,2026,18,14.61
Valparaíso,2026,19,13.71
Valparaíso,2026,20,11.53
Valparaíso,2026,21,10.0
Valparaíso,2026,22,13.07
Valparaíso,2026,23,13.71
Valparaíso,2026,24,12.36
Valparaíso,2026,25,11.47
Ñuble,2014,1,18.86
Ñuble,2014,2,20.97
Ñuble,2014,3,23.01
Ñuble,2014,4,18.44
Ñuble,2014,5,19.96
Ñuble,2014,6,17.59
Ñuble,2014,7,20.41
Ñuble,2014,8,20.31
Ñuble,2014,9,19.67
Ñuble,2014,10,17.74
Ñuble,2014,11,17.39
Ñuble,2014,12,17.07
Ñuble,2014,13,15.8
Ñuble,2014,14,12.71
Ñuble,2014,15,11.76
Ñuble,2014,16,12.96
Ñuble,2014,17,13.73
Ñuble,2014,18,11.94
Ñuble,2014,19,13.11
Ñuble,2014,20,11.81
Ñuble,2014,21,9.16
Ñuble,2014,22,9.39
Ñuble,2014,23,7.67
Ñuble,2014,24,8.94
Ñuble,2014,25,9.86
Ñuble,2014,26,6.79
Ñuble,2014,27,5.73
Ñuble,2014,28,8.33
Ñuble,2014,29,9.99
Ñuble,2014,30,7.19
Ñuble,2014,31,11.64
Ñuble,2014,32,8.39
Ñuble,2014,33,9.54
Ñuble,2014,34,10.46
Ñuble,2014,35,9.71
Ñuble,2014,36,11.09
Ñuble,2014,37,9.59
Ñuble,2014,38,12.17
Ñuble,2014,39,10.1
Ñuble,2014,40,12.31
Ñuble,2014,41,11.36
Ñuble,2014,42,13.16
Ñuble,2014,43,17.73
Ñuble,2014,44,12.59
Ñuble,2014,45,14.1
Ñuble,2014,46,16.96
Ñuble,2014,47,16.14
Ñuble,2014,48,15.94
Ñuble,2014,49,18.94
Ñuble,2014,50,19.46
Ñuble,2014,51,17.06
Ñuble,2014,52,19.14
Ñuble,2015,1,18.4
Ñuble,2015,2,21.34
Ñuble,2015,3,21.8
Ñuble,2015,4,21.64
Ñuble,2015,5,21.39
Ñuble,2015,6,22.07
Ñuble,2015,7,20.47
Ñuble,2015,8,18.9
Ñuble,2015,9,20.67
Ñuble,2015,10,19.46
Ñuble,2015,11,20.31
Ñuble,2015,12,20.17
Ñuble,2015,13,18.5
Ñuble,2015,14,16.61
Ñuble,2015,15,17.37
Ñuble,2015,16,14.2
Ñuble,2015,17,13.33
Ñuble,2015,18,12.49
Ñuble,2015,19,11.87
Ñuble,2015,20,12.63
Ñuble,2015,21,10.69
Ñuble,2015,22,8.74
Ñuble,2015,23,12.49
Ñuble,2015,24,7.5
Ñuble,2015,25,7.67
Ñuble,2015,26,9.16
Ñuble,2015,27,7.36
Ñuble,2015,28,8.89
Ñuble,2015,29,6.94
Ñuble,2015,30,8.21
Ñuble,2015,31,9.84
Ñuble,2015,32,10.27
Ñuble,2015,33,6.93
Ñuble,2015,34,9.9
Ñuble,2015,35,11.14
Ñuble,2015,36,11.87
Ñuble,2015,37,8.37
Ñuble,2015,38,9.26
Ñuble,2015,39,10.57
Ñuble,2015,40,12.46
Ñuble,2015,41,10.01
Ñuble,2015,42,11.17
Ñuble,2015,43,12.81
Ñuble,2015,44,13.1
Ñuble,2015,45,16.04
Ñuble,2015,46,15.59
Ñuble,2015,47,13.39
Ñuble,2015,48,15.34
Ñuble,2015,49,19.49
Ñuble,2015,50,17.76
Ñuble,2015,51,17.3
Ñuble,2015,52,17.99
Ñuble,2015,53,22.54
Ñuble,2016,1,21.84
Ñuble,2016,2,20.2
Ñuble,2016,3,22.66
Ñuble,2016,4,21.0
Ñuble,2016,5,22.66
Ñuble,2016,6,20.23
Ñuble,2016,7,20.3
Ñuble,2016,8,20.09
Ñuble,2016,9,21.07
Ñuble,2016,10,20.37
Ñuble,2016,11,18.24
Ñuble,2016,12,18.16
Ñuble,2016,13,16.06
Ñuble,2016,14,13.67
Ñuble,2016,15,13.57
Ñuble,2016,16,11.86
Ñuble,2016,17,11.9
Ñuble,2016,18,13.14
Ñuble,2016,19,13.23
Ñuble,2016,20,11.29
Ñuble,2016,21,11.36
Ñuble,2016,22,8.63
Ñuble,2016,23,8.16
Ñuble,2016,24,8.43
Ñuble,2016,25,7.2
Ñuble,2016,26,7.11
Ñuble,2016,27,7.61
Ñuble,2016,28,7.79
Ñuble,2016,29,10.49
Ñuble,2016,30,9.34
Ñuble,2016,31,8.94
Ñuble,2016,32,10.59
Ñuble,2016,33,9.83
Ñuble,2016,34,10.39
Ñuble,2016,35,9.17
Ñuble,2016,36,12.01
Ñuble,2016,37,11.44
Ñuble,2016,38,14.69
Ñuble,2016,39,14.29
Ñuble,2016,40,12.74
Ñuble,2016,41,12.46
Ñuble,2016,42,12.06
Ñuble,2016,43,16.43
Ñuble,2016,44,15.23
Ñuble,2016,45,16.13
Ñuble,2016,46,17.66
Ñuble,2016,47,17.64
Ñuble,2016,48,20.27
Ñuble,2016,49,18.1
Ñuble,2016,50,19.66
Ñuble,2016,51,17.43
Ñuble,2016,52,19.17
Ñuble,2017,1,19.94
Ñuble,2017,2,21.41
Ñuble,2017,3,24.1
Ñuble,2017,4,25.67
Ñuble,2017,5,20.33
Ñuble,2017,6,21.21
Ñuble,2017,7,19.57
Ñuble,2017,8,24.29
Ñuble,2017,9,18.87
Ñuble,2017,10,16.36
Ñuble,2017,11,18.5
Ñuble,2017,12,18.59
Ñuble,2017,13,16.19
Ñuble,2017,14,14.87
Ñuble,2017,15,15.8
Ñuble,2017,16,14.49
Ñuble,2017,17,13.04
Ñuble,2017,18,12.87
Ñuble,2017,19,13.51
Ñuble,2017,20,8.64
Ñuble,2017,21,6.57
Ñuble,2017,22,7.23
Ñuble,2017,23,7.74
Ñuble,2017,24,7.36
Ñuble,2017,25,8.99
Ñuble,2017,26,11.3
Ñuble,2017,27,8.97
Ñuble,2017,28,5.77
Ñuble,2017,29,8.31
Ñuble,2017,30,6.64
Ñuble,2017,31,6.94
Ñuble,2017,32,8.87
Ñuble,2017,33,8.4
Ñuble,2017,34,8.34
Ñuble,2017,35,7.53
Ñuble,2017,36,7.96
Ñuble,2017,37,10.06
Ñuble,2017,38,11.49
Ñuble,2017,39,11.03
Ñuble,2017,40,10.97
Ñuble,2017,41,12.0
Ñuble,2017,42,12.56
Ñuble,2017,43,12.79
Ñuble,2017,44,11.79
Ñuble,2017,45,16.04
Ñuble,2017,46,15.03
Ñuble,2017,47,16.41
Ñuble,2017,48,18.03
Ñuble,2017,49,20.19
Ñuble,2017,50,18.8
Ñuble,2017,51,19.1
Ñuble,2017,52,20.61
Ñuble,2018,1,19.61
Ñuble,2018,2,21.74
Ñuble,2018,3,21.37
Ñuble,2018,4,20.36
Ñuble,2018,5,22.33
Ñuble,2018,6,20.06
Ñuble,2018,7,22.01
Ñuble,2018,8,20.36
Ñuble,2018,9,20.63
Ñuble,2018,10,18.39
Ñuble,2018,11,15.01
Ñuble,2018,12,15.23
Ñuble,2018,13,16.93
Ñuble,2018,14,13.69
Ñuble,2018,15,12.69
Ñuble,2018,16,13.71
Ñuble,2018,17,10.39
Ñuble,2018,18,12.81
Ñuble,2018,19,11.31
Ñuble,2018,20,9.99
Ñuble,2018,21,8.44
Ñuble,2018,22,7.51
Ñuble,2018,23,6.59
Ñuble,2018,24,6.61
Ñuble,2018,25,7.87
Ñuble,2018,26,9.46
Ñuble,2018,27,10.56
Ñuble,2018,28,8.17
Ñuble,2018,29,4.46
Ñuble,2018,30,4.99
Ñuble,2018,31,6.57
Ñuble,2018,32,8.41
Ñuble,2018,33,8.36
Ñuble,2018,34,8.27
Ñuble,2018,35,9.5
Ñuble,2018,36,10.66
Ñuble,2018,37,11.24
Ñuble,2018,38,11.44
Ñuble,2018,39,11.06
Ñuble,2018,40,10.76
Ñuble,2018,41,10.21
Ñuble,2018,42,11.67
Ñuble,2018,43,13.77
Ñuble,2018,44,13.07
Ñuble,2018,45,15.09
Ñuble,2018,46,14.13
Ñuble,2018,47,15.87
Ñuble,2018,48,17.61
Ñuble,2018,49,18.7
Ñuble,2018,50,16.69
Ñuble,2018,51,20.64
Ñuble,2018,52,19.66
Ñuble,2019,1,19.54
Ñuble,2019,2,16.54
Ñuble,2019,3,21.01
Ñuble,2019,4,21.26
Ñuble,2019,5,22.44
Ñuble,2019,6,21.5
Ñuble,2019,7,21.31
Ñuble,2019,8,20.01
Ñuble,2019,9,18.66
Ñuble,2019,10,18.16
Ñuble,2019,11,18.31
Ñuble,2019,12,16.49
Ñuble,2019,13,16.31
Ñuble,2019,14,16.19
Ñuble,2019,15,14.2
Ñuble,2019,16,13.84
Ñuble,2019,17,12.63
Ñuble,2019,18,13.43
Ñuble,2019,19,10.67
Ñuble,2019,20,10.91
Ñuble,2019,21,8.17
Ñuble,2019,22,11.71
Ñuble,2019,23,9.74
Ñuble,2019,24,8.19
Ñuble,2019,25,8.2
Ñuble,2019,26,7.77
Ñuble,2019,27,7.67
Ñuble,2019,28,9.8
Ñuble,2019,29,7.63
Ñuble,2019,30,7.09
Ñuble,2019,31,9.61
Ñuble,2019,32,6.83
Ñuble,2019,33,9.03
Ñuble,2019,34,10.44
Ñuble,2019,35,10.0
Ñuble,2019,36,9.06
Ñuble,2019,37,10.01
Ñuble,2019,38,9.6
Ñuble,2019,39,13.56
Ñuble,2019,40,9.11
Ñuble,2019,41,14.27
Ñuble,2019,42,13.31
Ñuble,2019,43,13.83
Ñuble,2019,44,12.76
Ñuble,2019,45,17.56
Ñuble,2019,46,19.3
Ñuble,2019,47,19.49
Ñuble,2019,48,16.4
Ñuble,2019,49,19.83
Ñuble,2019,50,19.13
Ñuble,2019,51,20.36
Ñuble,2019,52,20.91
Ñuble,2020,1,22.19
Ñuble,2020,2,19.24
Ñuble,2020,3,22.14
Ñuble,2020,4,24.24
Ñuble,2020,5,22.67
Ñuble,2020,6,20.59
Ñuble,2020,7,21.79
Ñuble,2020,8,20.57
Ñuble,2020,9,20.8
Ñuble,2020,10,22.17
Ñuble,2020,11,20.34
Ñuble,2020,12,18.26
Ñuble,2020,13,17.77
Ñuble,2020,14,16.61
Ñuble,2020,15,14.31
Ñuble,2020,16,15.23
Ñuble,2020,17,15.09
Ñuble,2020,18,12.37
Ñuble,2020,19,12.76
Ñuble,2020,20,12.77
Ñuble,2020,21,10.17
Ñuble,2020,22,9.71
Ñuble,2020,23,7.96
Ñuble,2020,24,7.54
Ñuble,2020,25,10.19
Ñuble,2020,26,8.09
Ñuble,2020,27,9.03
Ñuble,2020,28,7.59
Ñuble,2020,29,9.79
Ñuble,2020,30,7.99
Ñuble,2020,31,7.19
Ñuble,2020,32,9.5
Ñuble,2020,33,7.11
Ñuble,2020,34,8.97
Ñuble,2020,35,8.93
Ñuble,2020,36,9.01
Ñuble,2020,37,9.6
Ñuble,2020,38,11.5
Ñuble,2020,39,11.71
Ñuble,2020,40,9.59
Ñuble,2020,41,12.93
Ñuble,2020,42,15.74
Ñuble,2020,43,14.16
Ñuble,2020,44,14.76
Ñuble,2020,45,16.81
Ñuble,2020,46,17.76
Ñuble,2020,47,17.04
Ñuble,2020,48,17.66
Ñuble,2020,49,19.51
Ñuble,2020,50,17.46
Ñuble,2020,51,17.81
Ñuble,2020,52,22.0
Ñuble,2020,53,21.17
Ñuble,2021,1,20.53
Ñuble,2021,2,19.63
Ñuble,2021,3,24.69
Ñuble,2021,4,19.41
Ñuble,2021,5,19.41
Ñuble,2021,6,20.74
Ñuble,2021,7,17.66
Ñuble,2021,8,20.67
Ñuble,2021,9,22.31
Ñuble,2021,10,19.29
Ñuble,2021,11,16.57
Ñuble,2021,12,17.2
Ñuble,2021,13,16.34
Ñuble,2021,14,14.99
Ñuble,2021,15,16.59
Ñuble,2021,16,13.79
Ñuble,2021,17,12.79
Ñuble,2021,18,11.44
Ñuble,2021,19,9.76
Ñuble,2021,20,10.01
Ñuble,2021,21,10.3
Ñuble,2021,22,11.79
Ñuble,2021,23,11.0
Ñuble,2021,24,7.97
Ñuble,2021,25,8.16
Ñuble,2021,26,5.83
Ñuble,2021,27,7.99
Ñuble,2021,28,5.53
Ñuble,2021,29,9.54
Ñuble,2021,30,7.7
Ñuble,2021,31,9.37
Ñuble,2021,32,7.27
Ñuble,2021,33,10.21
Ñuble,2021,34,8.21
Ñuble,2021,35,10.74
Ñuble,2021,36,10.13
Ñuble,2021,37,9.64
Ñuble,2021,38,11.96
Ñuble,2021,39,10.16
Ñuble,2021,40,12.21
Ñuble,2021,41,12.13
Ñuble,2021,42,14.26
Ñuble,2021,43,17.3
Ñuble,2021,44,15.17
Ñuble,2021,45,15.96
Ñuble,2021,46,18.43
Ñuble,2021,47,18.7
Ñuble,2021,48,19.27
Ñuble,2021,49,19.56
Ñuble,2021,50,19.51
Ñuble,2021,51,22.93
Ñuble,2021,52,20.29
Ñuble,2022,1,21.77
Ñuble,2022,2,21.17
Ñuble,2022,3,17.74
Ñuble,2022,4,20.46
Ñuble,2022,5,21.73
Ñuble,2022,6,22.87
Ñuble,2022,7,20.4
Ñuble,2022,8,18.17
Ñuble,2022,9,19.16
Ñuble,2022,10,19.3
Ñuble,2022,11,18.4
Ñuble,2022,12,15.01
Ñuble,2022,13,14.37
Ñuble,2022,14,15.23
Ñuble,2022,15,12.6
Ñuble,2022,16,12.01
Ñuble,2022,17,9.81
Ñuble,2022,18,11.53
Ñuble,2022,19,10.64
Ñuble,2022,20,9.44
Ñuble,2022,21,6.27
Ñuble,2022,22,6.4
Ñuble,2022,23,8.76
Ñuble,2022,24,7.94
Ñuble,2022,25,8.5
Ñuble,2022,26,8.19
Ñuble,2022,27,7.53
Ñuble,2022,28,5.74
Ñuble,2022,29,8.3
Ñuble,2022,30,9.36
Ñuble,2022,31,7.86
Ñuble,2022,32,8.51
Ñuble,2022,33,8.76
Ñuble,2022,34,9.27
Ñuble,2022,35,11.14
Ñuble,2022,36,9.56
Ñuble,2022,37,9.84
Ñuble,2022,38,9.89
Ñuble,2022,39,13.16
Ñuble,2022,40,10.6
Ñuble,2022,41,12.51
Ñuble,2022,42,13.6
Ñuble,2022,43,13.44
Ñuble,2022,44,16.17
Ñuble,2022,45,15.6
Ñuble,2022,46,18.04
Ñuble,2022,47,21.97
Ñuble,2022,48,20.14
Ñuble,2022,49,21.3
Ñuble,2022,50,21.49
Ñuble,2022,51,19.77
Ñuble,2022,52,21.13
Ñuble,2023,1,21.21
Ñuble,2023,2,20.71
Ñuble,2023,3,21.26
Ñuble,2023,4,21.53
Ñuble,2023,5,23.43
Ñuble,2023,6,23.59
Ñuble,2023,7,20.64
Ñuble,2023,8,22.03
Ñuble,2023,9,22.26
Ñuble,2023,10,19.1
Ñuble,2023,11,19.93
Ñuble,2023,12,19.4
Ñuble,2023,13,16.37
Ñuble,2023,14,16.67
Ñuble,2023,15,15.6
Ñuble,2023,16,14.0
Ñuble,2023,17,13.49
Ñuble,2023,18,10.51
Ñuble,2023,19,12.99
Ñuble,2023,20,11.37
Ñuble,2023,21,9.76
Ñuble,2023,22,10.59
Ñuble,2023,23,9.46
Ñuble,2023,24,7.41
Ñuble,2023,25,12.37
Ñuble,2023,26,9.43
Ñuble,2023,27,9.24
Ñuble,2023,28,6.93
Ñuble,2023,29,9.24
Ñuble,2023,30,9.69
Ñuble,2023,31,9.7
Ñuble,2023,32,9.34
Ñuble,2023,33,11.14
Ñuble,2023,34,8.53
Ñuble,2023,35,9.3
Ñuble,2023,36,10.5
Ñuble,2023,37,10.0
Ñuble,2023,38,10.63
Ñuble,2023,39,10.74
Ñuble,2023,40,10.81
Ñuble,2023,41,12.5
Ñuble,2023,42,15.21
Ñuble,2023,43,13.13
Ñuble,2023,44,12.03
Ñuble,2023,45,13.01
Ñuble,2023,46,11.91
Ñuble,2023,47,16.3
Ñuble,2023,48,16.29
Ñuble,2023,49,19.29
Ñuble,2023,50,16.66
Ñuble,2023,51,19.56
Ñuble,2023,52,20.97
Ñuble,2024,1,21.83
Ñuble,2024,2,20.84
Ñuble,2024,3,22.21
Ñuble,2024,4,23.9
Ñuble,2024,5,24.9
Ñuble,2024,6,22.4
Ñuble,2024,7,22.57
Ñuble,2024,8,21.21
Ñuble,2024,9,21.44
Ñuble,2024,10,18.93
Ñuble,2024,11,17.33
Ñuble,2024,12,17.09
Ñuble,2024,13,18.14
Ñuble,2024,14,14.29
Ñuble,2024,15,14.2
Ñuble,2024,16,14.51
Ñuble,2024,17,10.71
Ñuble,2024,18,8.53
Ñuble,2024,19,7.73
Ñuble,2024,20,5.7
Ñuble,2024,21,7.2
Ñuble,2024,22,9.53
Ñuble,2024,23,11.11
Ñuble,2024,24,11.19
Ñuble,2024,25,8.36
Ñuble,2024,26,5.83
Ñuble,2024,27,6.46
Ñuble,2024,28,3.06
Ñuble,2024,29,6.71
Ñuble,2024,30,7.46
Ñuble,2024,31,8.99
Ñuble,2024,32,7.04
Ñuble,2024,33,8.71
Ñuble,2024,34,5.79
Ñuble,2024,35,9.09
Ñuble,2024,36,9.03
Ñuble,2024,37,9.89
Ñuble,2024,38,11.01
Ñuble,2024,39,10.49
Ñuble,2024,40,11.53
Ñuble,2024,41,13.56
Ñuble,2024,42,13.97
Ñuble,2024,43,14.39
Ñuble,2024,44,15.44
Ñuble,2024,45,15.31
Ñuble,2024,46,15.97
Ñuble,2024,47,17.5
Ñuble,2024,48,16.57
Ñuble,2024,49,16.7
Ñuble,2024,50,19.96
Ñuble,2024,51,20.57
Ñuble,2024,52,21.97
Ñuble,2025,1,22.3
Ñuble,2025,2,23.49
Ñuble,2025,3,21.86
Ñuble,2025,4,21.17
Ñuble,2025,5,21.76
Ñuble,2025,6,23.3
Ñuble,2025,7,20.21
Ñuble,2025,8,21.14
Ñuble,2025,9,21.11
Ñuble,2025,10,18.7
Ñuble,2025,11,19.31
Ñuble,2025,12,19.54
Ñuble,2025,13,16.36
Ñuble,2025,14,14.51
Ñuble,2025,15,13.83
Ñuble,2025,16,12.0
Ñuble,2025,17,13.59
Ñuble,2025,18,11.27
Ñuble,2025,19,11.54
Ñuble,2025,20,10.49
Ñuble,2025,21,8.9
Ñuble,2025,22,9.04
Ñuble,2025,23,9.34
Ñuble,2025,24,8.04
Ñuble,2025,25,8.11
Ñuble,2025,26,5.06
Ñuble,2025,27,6.23
Ñuble,2025,28,8.64
Ñuble,2025,29,8.77
Ñuble,2025,30,9.39
Ñuble,2025,31,10.71
Ñuble,2025,32,9.66
Ñuble,2025,33,11.64
Ñuble,2025,34,8.86
Ñuble,2025,35,11.24
Ñuble,2025,36,9.54
Ñuble,2025,37,11.57
Ñuble,2025,38,12.21
Ñuble,2025,39,11.73
Ñuble,2025,40,11.73
Ñuble,2025,41,13.04
Ñuble,2025,42,14.43
Ñuble,2025,43,14.14
Ñuble,2025,44,16.67
Ñuble,2025,45,15.77
Ñuble,2025,46,17.03
Ñuble,2025,47,20.46
Ñuble,2025,48,17.89
Ñuble,2025,49,20.69
Ñuble,2025,50,19.46
Ñuble,2025,51,19.67
Ñuble,2025,52,20.03
Ñuble,2026,1,23.19
Ñuble,2026,2,22.66
Ñuble,2026,3,22.29
Ñuble,2026,4,21.49
Ñuble,2026,5,23.29
Ñuble,2026,6,19.2
Ñuble,2026,7,19.29
Ñuble,2026,8,20.4
Ñuble,2026,9,20.06
Ñuble,2026,10,17.86
Ñuble,2026,11,18.77
Ñuble,2026,12,14.27
Ñuble,2026,13,13.21
Ñuble,2026,14,15.79
Ñuble,2026,15,14.91
Ñuble,2026,16,13.83
Ñuble,2026,17,10.87
Ñuble,2026,18,10.93
Ñuble,2026,19,11.46
Ñuble,2026,20,9.8
Ñuble,2026,21,7.13
Ñuble,2026,22,9.64
Ñuble,2026,23,10.9
Ñuble,2026,24,9.29
Ñuble,2026,25,7.37
